run_id,company,listed_entity,consolidation_scope,period,frequency,metric_id,metric_name,metric_group,business_module,value,unit,currency,scale,value_type,scenario,source_id,confidence,estimate_method,low_value,base_value,high_value,note
CT_20260803_P1,中国电信,中国电信股份有限公司,中国电信股份有限公司及其子公司,2020,Annual,ENT_TOTAL_SHARES,期末总股本,Entity & Equity,Entity,80932368321,shares,,1,Actual,Actual,SRC_CT_2021_RESULTS,High,,,,,2021年A股发行后股本增加
CT_20260803_P1,中国电信,中国电信股份有限公司,中国电信股份有限公司及其子公司,2020,Annual,FIN_REV_TOTAL,营业收入,Income Statement,Group,393561,RMB mn,RMB,1,Actual,Actual,SRC_CT_2021_RESULTS,High,,,,,IFRS
CT_20260803_P1,中国电信,中国电信股份有限公司,中国电信股份有限公司及其子公司,2020,Annual,FIN_REV_SERVICE,服务收入,Income Statement,Group,373798,RMB mn,RMB,1,Actual,Actual,SRC_CT_2021_RESULTS,High,,,,,IFRS
CT_20260803_P1,中国电信,中国电信股份有限公司,中国电信股份有限公司及其子公司,2020,Annual,FIN_EBITDA,EBITDA,Income Statement,Group,118880,RMB mn,RMB,1,Actual,Actual,SRC_CT_2021_RESULTS,High,,,,,公司口径
CT_20260803_P1,中国电信,中国电信股份有限公司,中国电信股份有限公司及其子公司,2020,Annual,FIN_DA,折旧及摊销,Income Statement,Group,90240,RMB mn,RMB,1,Actual,Actual,SRC_CT_2021_RESULTS,High,,,,,IFRS
CT_20260803_P1,中国电信,中国电信股份有限公司,中国电信股份有限公司及其子公司,2020,Annual,FIN_NETWORK_OPEX,网络运营及支撑成本,Income Statement,Group,119517,RMB mn,RMB,1,Actual,Actual,SRC_CT_2021_RESULTS,High,,,,,IFRS
CT_20260803_P1,中国电信,中国电信股份有限公司,中国电信股份有限公司及其子公司,2020,Annual,FIN_SGA,销售、一般及管理费用,Income Statement,Group,55059,RMB mn,RMB,1,Actual,Actual,SRC_CT_2021_RESULTS,High,,,,,IFRS
CT_20260803_P1,中国电信,中国电信股份有限公司,中国电信股份有限公司及其子公司,2020,Annual,COST_SELLING,销售费用,Costs & Efficiency,Group,45447,RMB mn,RMB,1,Actual,Actual,SRC_CT_2021_RESULTS,High,,,,,官方可得的渠道成本代理；不等同于纯渠道费
CT_20260803_P1,中国电信,中国电信股份有限公司,中国电信股份有限公司及其子公司,2020,Annual,FIN_PERSONNEL,人工成本,Income Statement,Group,65989,RMB mn,RMB,1,Actual,Actual,SRC_CT_2021_RESULTS,High,,,,,IFRS
CT_20260803_P1,中国电信,中国电信股份有限公司,中国电信股份有限公司及其子公司,2020,Annual,FIN_OTHER_OPEX,其他经营费用,Income Statement,Group,29074,RMB mn,RMB,1,Actual,Actual,SRC_CT_2021_RESULTS,High,,,,,IFRS
CT_20260803_P1,中国电信,中国电信股份有限公司,中国电信股份有限公司及其子公司,2020,Annual,FIN_OPEX_TOTAL,经营费用合计,Income Statement,Group,364921,RMB mn,RMB,1,Actual,Actual,SRC_CT_2021_RESULTS,High,,,,,IFRS
CT_20260803_P1,中国电信,中国电信股份有限公司,中国电信股份有限公司及其子公司,2020,Annual,FIN_EBIT,经营利润,Income Statement,Group,28640,RMB mn,RMB,1,Actual,Actual,SRC_CT_2021_RESULTS,High,,,,,营业收入-经营费用
CT_20260803_P1,中国电信,中国电信股份有限公司,中国电信股份有限公司及其子公司,2020,Annual,FIN_NET_FINANCE,财务费用净额,Income Statement,Group,3014,RMB mn,RMB,1,Actual,Actual,SRC_CT_2021_RESULTS,High,,,,,正数表示净费用
CT_20260803_P1,中国电信,中国电信股份有限公司,中国电信股份有限公司及其子公司,2020,Annual,FIN_PBT,税前利润,Income Statement,Group,27387,RMB mn,RMB,1,Actual,Actual,SRC_CT_2021_RESULTS,High,,,,,IFRS
CT_20260803_P1,中国电信,中国电信股份有限公司,中国电信股份有限公司及其子公司,2020,Annual,FIN_TAX,所得税,Income Statement,Group,6307,RMB mn,RMB,1,Actual,Actual,SRC_CT_2021_RESULTS,High,,,,,IFRS
CT_20260803_P1,中国电信,中国电信股份有限公司,中国电信股份有限公司及其子公司,2020,Annual,FIN_PROFIT_YEAR,本年利润,Income Statement,Group,21080,RMB mn,RMB,1,Actual,Actual,SRC_CT_2021_RESULTS,High,,,,,IFRS
CT_20260803_P1,中国电信,中国电信股份有限公司,中国电信股份有限公司及其子公司,2020,Annual,FIN_NP_ATTR,归母净利润,Income Statement,Group,20850,RMB mn,RMB,1,Actual,Actual,SRC_CT_2021_RESULTS,High,,,,,IFRS
CT_20260803_P1,中国电信,中国电信股份有限公司,中国电信股份有限公司及其子公司,2020,Annual,FIN_REV_NONSERVICE,非服务收入,Income Statement,Group,19763,RMB mn,RMB,1,Derived,Actual,SRC_CT_2021_RESULTS,High,营业收入-服务收入,,,,营业收入-服务收入
CT_20260803_P1,中国电信,中国电信股份有限公司,中国电信股份有限公司及其子公司,2020,Annual,FIN_EBITDA_MARGIN,EBITDA率,Income Statement,Group,0.3180327342575402,%,,1,Derived,Actual,SRC_CT_2021_RESULTS,High,EBITDA/服务收入,,,,EBITDA/服务收入
CT_20260803_P1,中国电信,中国电信股份有限公司,中国电信股份有限公司及其子公司,2020,Annual,FIN_INVESTMENT_INCOME,投资收益及联营合营贡献,Income Statement,Group,1761,RMB mn,RMB,1,Derived,Actual,SRC_CT_2021_RESULTS,High,税前利润-经营利润+净财务费用,,,,由税前利润与经营利润桥接
CT_20260803_P1,中国电信,中国电信股份有限公司,中国电信股份有限公司及其子公司,2020,Annual,FIN_TAX_RATE,实际税率,Income Statement,Group,0.2302917442582247,%,,1,Derived,Actual,SRC_CT_2021_RESULTS,High,所得税/税前利润,,,,所得税/税前利润
CT_20260803_P1,中国电信,中国电信股份有限公司,中国电信股份有限公司及其子公司,2020,Annual,FIN_NP_NCI,少数股东损益,Income Statement,Group,230,RMB mn,RMB,1,Derived,Actual,SRC_CT_2021_RESULTS,High,本年利润-归母净利润,,,,本年利润-归母净利润
CT_20260803_P1,中国电信,中国电信股份有限公司,中国电信股份有限公司及其子公司,2020,Annual,FIN_EPS_BASIC,基本每股收益,Income Statement,Group,0.2576225116421056,RMB/share,RMB,1,Derived,Actual,SRC_CT_2021_RESULTS,High,归母净利润/期末股本（简化）,,,,归母净利润/加权股本，模型使用简化期末股本
CT_20260803_P1,中国电信,中国电信股份有限公司,中国电信股份有限公司及其子公司,2020,Annual,FIN_ROE,ROE,Income Statement,Group,0.05736595351294242,%,,1,Derived,Actual,SRC_CT_2021_RESULTS,High,归母净利润/平均归母权益,,,,归母净利润/平均归母权益
CT_20260803_P1,中国电信,中国电信股份有限公司,中国电信股份有限公司及其子公司,2020,Annual,FIN_ROA,ROA,Income Statement,Group,0.029156924384977682,%,,1,Derived,Actual,SRC_CT_2021_RESULTS,High,归母净利润/平均总资产,,,,归母净利润/平均总资产
CT_20260803_P1,中国电信,中国电信股份有限公司,中国电信股份有限公司及其子公司,2020,Annual,FIN_NET_MARGIN,归母净利率,Income Statement,Group,0.05297781030132559,%,,1,Derived,Actual,SRC_CT_2021_RESULTS,High,归母净利润/营业收入,,,,归母净利润/营业收入
CT_20260803_P1,中国电信,中国电信股份有限公司,中国电信股份有限公司及其子公司,2020,Annual,BS_CURRENT_ASSETS,流动资产,Balance Sheet,Group,84016,RMB mn,RMB,1,Actual,Actual,SRC_CT_2021_RESULTS,High,,,,,
CT_20260803_P1,中国电信,中国电信股份有限公司,中国电信股份有限公司及其子公司,2020,Annual,BS_NONCURRENT_ASSETS,非流动资产,Balance Sheet,Group,631080,RMB mn,RMB,1,Actual,Actual,SRC_CT_2021_RESULTS,High,,,,,
CT_20260803_P1,中国电信,中国电信股份有限公司,中国电信股份有限公司及其子公司,2020,Annual,BS_TOTAL_ASSETS,总资产,Balance Sheet,Group,715096,RMB mn,RMB,1,Actual,Actual,SRC_CT_2021_RESULTS,High,,,,,
CT_20260803_P1,中国电信,中国电信股份有限公司,中国电信股份有限公司及其子公司,2020,Annual,BS_CURRENT_LIAB,流动负债,Balance Sheet,Group,271142,RMB mn,RMB,1,Actual,Actual,SRC_CT_2021_RESULTS,High,,,,,
CT_20260803_P1,中国电信,中国电信股份有限公司,中国电信股份有限公司及其子公司,2020,Annual,BS_NONCURRENT_LIAB,非流动负债,Balance Sheet,Group,77779,RMB mn,RMB,1,Actual,Actual,SRC_CT_2021_RESULTS,High,,,,,
CT_20260803_P1,中国电信,中国电信股份有限公司,中国电信股份有限公司及其子公司,2020,Annual,BS_TOTAL_LIAB,总负债,Balance Sheet,Group,348921,RMB mn,RMB,1,Actual,Actual,SRC_CT_2021_RESULTS,High,,,,,
CT_20260803_P1,中国电信,中国电信股份有限公司,中国电信股份有限公司及其子公司,2020,Annual,BS_EQUITY_ATTR,归母权益,Balance Sheet,Group,363456,RMB mn,RMB,1,Actual,Actual,SRC_CT_2021_RESULTS,High,,,,,
CT_20260803_P1,中国电信,中国电信股份有限公司,中国电信股份有限公司及其子公司,2020,Annual,ENT_NCI,少数股东权益,Balance Sheet,Group,2719,RMB mn,RMB,1,Actual,Actual,SRC_CT_2021_RESULTS,High,,,,,
CT_20260803_P1,中国电信,中国电信股份有限公司,中国电信股份有限公司及其子公司,2020,Annual,BS_EQUITY_TOTAL,权益合计,Balance Sheet,Group,366175,RMB mn,RMB,1,Actual,Actual,SRC_CT_2021_RESULTS,High,,,,,
CT_20260803_P1,中国电信,中国电信股份有限公司,中国电信股份有限公司及其子公司,2020,Annual,BS_CASH,现金及现金等价物,Balance Sheet,Group,23684,RMB mn,RMB,1,Actual,Actual,SRC_CT_2021_RESULTS,High,,,,,
CT_20260803_P1,中国电信,中国电信股份有限公司,中国电信股份有限公司及其子公司,2020,Annual,BS_SHORT_DEPOSITS_RESTRICTED,短期存款及受限资金,Balance Sheet,Group,9408,RMB mn,RMB,1,Actual,Actual,SRC_CT_2021_RESULTS,High,,,,,
CT_20260803_P1,中国电信,中国电信股份有限公司,中国电信股份有限公司及其子公司,2020,Annual,BS_SHORT_DEBT,短期债务,Balance Sheet,Group,27994,RMB mn,RMB,1,Actual,Actual,SRC_CT_2021_RESULTS,High,,,,,
CT_20260803_P1,中国电信,中国电信股份有限公司,中国电信股份有限公司及其子公司,2020,Annual,BS_CURRENT_LONG_DEBT,一年内到期长期债务,Balance Sheet,Group,1126,RMB mn,RMB,1,Actual,Actual,SRC_CT_2021_RESULTS,High,,,,,
CT_20260803_P1,中国电信,中国电信股份有限公司,中国电信股份有限公司及其子公司,2020,Annual,BS_LONG_DEBT,长期债务,Balance Sheet,Group,24222,RMB mn,RMB,1,Actual,Actual,SRC_CT_2021_RESULTS,High,,,,,
CT_20260803_P1,中国电信,中国电信股份有限公司,中国电信股份有限公司及其子公司,2020,Annual,BS_LEASE_LIAB_CURRENT,流动租赁负债,Balance Sheet,Group,13192,RMB mn,RMB,1,Actual,Actual,SRC_CT_2021_RESULTS,High,,,,,
CT_20260803_P1,中国电信,中国电信股份有限公司,中国电信股份有限公司及其子公司,2020,Annual,BS_LEASE_LIAB_NONCURRENT,非流动租赁负债,Balance Sheet,Group,27455,RMB mn,RMB,1,Actual,Actual,SRC_CT_2021_RESULTS,High,,,,,
CT_20260803_P1,中国电信,中国电信股份有限公司,中国电信股份有限公司及其子公司,2020,Annual,BS_AR_GROSS,应收账款原值,Balance Sheet,Group,25936,RMB mn,RMB,1,Actual,Actual,SRC_CT_2021_RESULTS,High,,,,,含非客户应收
CT_20260803_P1,中国电信,中国电信股份有限公司,中国电信股份有限公司及其子公司,2020,Annual,BS_AR_ALLOWANCE,应收账款信用损失准备,Balance Sheet,Group,4434,RMB mn,RMB,1,Actual,Actual,SRC_CT_2021_RESULTS,High,,,,,
CT_20260803_P1,中国电信,中国电信股份有限公司,中国电信股份有限公司及其子公司,2020,Annual,BS_AR_NET,应收账款净额,Balance Sheet,Group,21502,RMB mn,RMB,1,Actual,Actual,SRC_CT_2021_RESULTS,High,,,,,
CT_20260803_P1,中国电信,中国电信股份有限公司,中国电信股份有限公司及其子公司,2020,Annual,BS_CONTRACT_ASSET_GROSS,合同资产原值,Balance Sheet,Group,613,RMB mn,RMB,1,Actual,Actual,SRC_CT_2021_RESULTS,High,,,,,
CT_20260803_P1,中国电信,中国电信股份有限公司,中国电信股份有限公司及其子公司,2020,Annual,BS_CONTRACT_ASSET_ALLOWANCE,合同资产减值准备,Balance Sheet,Group,9,RMB mn,RMB,1,Actual,Actual,SRC_CT_2021_RESULTS,High,,,,,
CT_20260803_P1,中国电信,中国电信股份有限公司,中国电信股份有限公司及其子公司,2020,Annual,BS_CONTRACT_ASSET_NET,合同资产净额,Balance Sheet,Group,604,RMB mn,RMB,1,Actual,Actual,SRC_CT_2021_RESULTS,High,,,,,
CT_20260803_P1,中国电信,中国电信股份有限公司,中国电信股份有限公司及其子公司,2020,Annual,BS_GROSS_DEBT,有息债务合计,Balance Sheet,Group,53342,RMB mn,RMB,1,Derived,Actual,SRC_CT_2021_RESULTS,High,短期债务+一年内到期长期债务+长期债务,,,,短债+一年内到期+长期债务
CT_20260803_P1,中国电信,中国电信股份有限公司,中国电信股份有限公司及其子公司,2020,Annual,BS_LEASE_LIAB_TOTAL,租赁负债合计,Balance Sheet,Group,40647,RMB mn,RMB,1,Derived,Actual,SRC_CT_2021_RESULTS,High,流动+非流动租赁负债,,,,流动+非流动
CT_20260803_P1,中国电信,中国电信股份有限公司,中国电信股份有限公司及其子公司,2020,Annual,BS_NET_CASH_CORE,核心净现金,Balance Sheet,Group,-60897,RMB mn,RMB,1,Derived,Actual,SRC_CT_2021_RESULTS,High,现金+短存及受限资金-有息债务-租赁负债,,,,现金+短存-有息债务-租赁负债
CT_20260803_P1,中国电信,中国电信股份有限公司,中国电信股份有限公司及其子公司,2020,Annual,COST_AR_IMPAIR_RATE,应收账款准备率,Costs & Efficiency,Group,0.1709592843923504,%,,1,Derived,Actual,SRC_CT_2021_RESULTS,High,应收准备/应收原值,,,,准备/原值
CT_20260803_P1,中国电信,中国电信股份有限公司,中国电信股份有限公司及其子公司,2020,Annual,COST_CONTRACT_IMPAIR_RATE,合同资产减值率,Costs & Efficiency,Group,0.01468189233278956,%,,1,Derived,Actual,SRC_CT_2021_RESULTS,High,合同资产准备/合同资产原值,,,,准备/原值
CT_20260803_P1,中国电信,中国电信股份有限公司,中国电信股份有限公司及其子公司,2020,Annual,CF_CFO,经营活动现金流净额,Cash Flow & Capex,Group,132260,RMB mn,RMB,1,Actual,Actual,SRC_CT_2021_RESULTS,High,,,,,
CT_20260803_P1,中国电信,中国电信股份有限公司,中国电信股份有限公司及其子公司,2020,Annual,CF_CAPEX,资本开支,Cash Flow & Capex,Group,84800,RMB mn,RMB,1,Actual,Actual,SRC_CT_2021_RESULTS,High,,,,,公司披露口径，与现金流量表购建支付存在时点差
CT_20260803_P1,中国电信,中国电信股份有限公司,中国电信股份有限公司及其子公司,2020,Annual,CF_LEASE_CASH_OUTFLOW,租赁现金流出,Cash Flow & Capex,Group,20798,RMB mn,RMB,1,Actual,Actual,SRC_CT_2021_RESULTS,High,,,,,含租赁相关现金流，非租赁本金
CT_20260803_P1,中国电信,中国电信股份有限公司,中国电信股份有限公司及其子公司,2020,Annual,CF_FCF_COMPANY,公司披露自由现金流,Cash Flow & Capex,Group,14276,RMB mn,RMB,1,Actual,Actual,SRC_CT_2021_RESULTS,High,,,,,按公司非GAAP定义
CT_20260803_P1,中国电信,中国电信股份有限公司,中国电信股份有限公司及其子公司,2020,Annual,CF_CAPEX_RATE,资本开支率,Cash Flow & Capex,Group,0.21546850424711797,%,,1,Derived,Actual,SRC_CT_2021_RESULTS,High,资本开支/营业收入,,,,资本开支/营业收入
CT_20260803_P1,中国电信,中国电信股份有限公司,中国电信股份有限公司及其子公司,2020,Annual,CF_CFO_NP_RATIO,经营现金流/归母净利润,Cash Flow & Capex,Group,6.343405275779377,x,,1,Derived,Actual,SRC_CT_2021_RESULTS,High,经营现金流/归母净利润,,,,
CT_20260803_P1,中国电信,中国电信股份有限公司,中国电信股份有限公司及其子公司,2020,Annual,CF_FCF_MARGIN,公司自由现金流率,Cash Flow & Capex,Group,0.036273919417828496,%,,1,Derived,Actual,SRC_CT_2021_RESULTS,High,公司披露FCF/营业收入,,,,公司FCF/营业收入
CT_20260803_P1,中国电信,中国电信股份有限公司,中国电信股份有限公司及其子公司,2020,Annual,DISC_MOBILE_SERVICE_REV,移动通信服务收入,Business Revenue,Company Reported Layer,175564,RMB mn,RMB,1,Actual,Actual,SRC_CT_2021_RESULTS,High,,,,,
CT_20260803_P1,中国电信,中国电信股份有限公司,中国电信股份有限公司及其子公司,2020,Annual,DISC_WIRELINE_SMART_HOME_REV,固网及智慧家庭收入,Business Revenue,Company Reported Layer,109018,RMB mn,RMB,1,Actual,Actual,SRC_CT_2021_RESULTS,High,,,,,
CT_20260803_P1,中国电信,中国电信股份有限公司,中国电信股份有限公司及其子公司,2020,Annual,DISC_INDUSTRIAL_DIGITAL_REV,产业数字化收入,Business Revenue,Company Reported Layer,83968,RMB mn,RMB,1,Actual,Actual,SRC_CT_2021_RESULTS,High,,,,,
CT_20260803_P1,中国电信,中国电信股份有限公司,中国电信股份有限公司及其子公司,2020,Annual,DISC_OTHER_SERVICE_REV,其他服务收入,Business Revenue,Company Reported Layer,5248,RMB mn,RMB,1,Actual,Actual,SRC_CT_2021_RESULTS,High,,,,,
CT_20260803_P1,中国电信,中国电信股份有限公司,中国电信股份有限公司及其子公司,2020,Annual,DISC_GOODS_OTHER_REV,商品销售及其他收入,Business Revenue,Company Reported Layer,19763,RMB mn,RMB,1,Actual,Actual,SRC_CT_2021_RESULTS,High,,,,,
CT_20260803_P1,中国电信,中国电信股份有限公司,中国电信股份有限公司及其子公司,2020,Annual,DISC_TELECOM_CLOUD_REV,天翼云/行业云收入,Business Revenue,Company Reported Layer,11175,RMB mn,RMB,1,Actual,Actual,SRC_CT_2021_RESULTS,High,,,,,定义随年份演变，不能机械视为完全可比
CT_20260803_P1,中国电信,中国电信股份有限公司,中国电信股份有限公司及其子公司,2020,Annual,DISC_IDC_REV,IDC收入,Business Revenue,Company Reported Layer,27975,RMB mn,RMB,1,Actual,Actual,SRC_CT_2021_RESULTS,High,,,,,传统IDC口径，仅披露年份录入
CT_20260803_P1,中国电信,中国电信股份有限公司,中国电信股份有限公司及其子公司,2020,Annual,DISC_REVENUE_BRIDGE_DIFF,公司披露收入桥接差异,Business Revenue,Company Reported Layer,0,RMB mn,RMB,1,Derived,Actual,SRC_CT_2021_RESULTS,High,营业收入-披露五类收入之和,,,,营业收入-五类披露收入之和；允许极小舍入差
CT_20260803_P1,中国电信,中国电信股份有限公司,中国电信股份有限公司及其子公司,2020,Annual,DISC_CROSSOVER_FLAG,披露口径交叉标记,Business Revenue,Company Reported Layer,云/AIDC/安全/智能等均属于或穿透产业数字化，禁止相加,text,,1,Actual,Actual,SRC_CT_2021_RESULTS,High,,,,,披露层说明
CT_20260803_P1,中国电信,中国电信股份有限公司,中国电信股份有限公司及其子公司,2020,Annual,OP_MOBILE_SUBS,移动用户,Operating KPIs,ToC,351.02,mn users,,1,Actual,Actual,SRC_CT_2021_RESULTS,High,,,,,年末用户
CT_20260803_P1,中国电信,中国电信股份有限公司,中国电信股份有限公司及其子公司,2020,Annual,OP_5G_PACKAGE_SUBS,5G套餐用户,Operating KPIs,ToC,86.5,mn users,,1,Actual,Actual,SRC_CT_2021_RESULTS,High,,,,,2020-2024主要披露口径
CT_20260803_P1,中国电信,中国电信股份有限公司,中国电信股份有限公司及其子公司,2020,Annual,OP_MOBILE_ARPU,移动ARPU,Operating KPIs,ToC,44.1,RMB/month,RMB,1,Actual,Actual,SRC_CT_2021_RESULTS,High,,,,,
CT_20260803_P1,中国电信,中国电信股份有限公司,中国电信股份有限公司及其子公司,2020,Annual,OP_DATA_TRAFFIC,手机上网流量,Operating KPIs,ToC,34690,kTB,,1,Actual,Actual,SRC_CT_2021_RESULTS,High,,,,,
CT_20260803_P1,中国电信,中国电信股份有限公司,中国电信股份有限公司及其子公司,2020,Annual,OP_BB_SUBS,有线宽带用户,Operating KPIs,Home,158.53,mn users,,1,Actual,Actual,SRC_CT_2021_RESULTS,High,,,,,
CT_20260803_P1,中国电信,中国电信股份有限公司,中国电信股份有限公司及其子公司,2020,Annual,OP_BB_ARPU,宽带综合ARPU,Operating KPIs,Home,44.4,RMB/month,RMB,1,Actual,Actual,SRC_CT_2021_RESULTS,High,,,,,采用宽带综合/融合ARPU
CT_20260803_P1,中国电信,中国电信股份有限公司,中国电信股份有限公司及其子公司,2020,Annual,OP_TV_SUBS,IPTV/天翼高清用户,Operating KPIs,Home,115.92,mn users,,1,Actual,Actual,SRC_CT_2021_RESULTS,High,,,,,
CT_20260803_P1,中国电信,中国电信股份有限公司,中国电信股份有限公司及其子公司,2020,Annual,OP_IOT_CONNECTIONS,物联网连接数,Operating KPIs,IoT,237.6,mn connections,,1,Actual,Actual,SRC_CT_2021_RESULTS,High,,,,,连接数不等于收入/利润
CT_20260803_P1,中国电信,中国电信股份有限公司,中国电信股份有限公司及其子公司,2020,Annual,OP_EMPLOYEES,员工总数,Operating KPIs,Employees,281192,persons,,1,Actual,Actual,SRC_CT_ESG_2021,High,,,,,ESG口径含合同制、非全日制、派遣及其他从业人员
CT_20260803_P1,中国电信,中国电信股份有限公司,中国电信股份有限公司及其子公司,2020,Annual,COST_PERSONNEL_RATE,人工成本率,Costs & Efficiency,Employees,0.16767159347597957,%,,1,Derived,Actual,SRC_CT_2021_RESULTS,High,人工成本/营业收入,,,,人工成本/营业收入
CT_20260803_P1,中国电信,中国电信股份有限公司,中国电信股份有限公司及其子公司,2020,Annual,COST_AVG_COMP,人均人工成本,Costs & Efficiency,Employees,234675.95095166293,RMB/person,RMB,1,Derived,Actual,SRC_CT_2021_RESULTS,High,人工成本/员工总数,,,,人工成本百万元转换为元/员工
CT_20260803_P1,中国电信,中国电信股份有限公司,中国电信股份有限公司及其子公司,2020,Annual,COST_SELLING_RATE,销售费用率,Costs & Efficiency,Group,0.11547638104385342,%,,1,Derived,Actual,SRC_CT_2021_RESULTS,High,销售费用/营业收入,,,,销售费用/营业收入
CT_20260803_P1,中国电信,中国电信股份有限公司,中国电信股份有限公司及其子公司,2020,Annual,DIV_DPS_TOTAL,全年DPS,Dividend & Market,Equity,0.104,RMB/share,RMB,1,Actual,Actual,SRC_CT_2021_RESULTS,High,,,,,税前人民币
CT_20260803_P1,中国电信,中国电信股份有限公司,中国电信股份有限公司及其子公司,2020,Annual,DIV_PAYOUT,派息率,Dividend & Market,Equity,0.4036914295148201,%,,1,Derived,Actual,SRC_CT_2021_RESULTS,High,DPS×期末股本/归母净利润,,,,DPS×期末股本/归母净利润，近似公司口径
CT_20260803_P1,中国电信,中国电信股份有限公司,中国电信股份有限公司及其子公司,2021,Annual,ENT_TOTAL_SHARES,期末总股本,Entity & Equity,Entity,91507138699,shares,,1,Actual,Actual,SRC_CT_2021_RESULTS,High,,,,,2021年A股发行后股本增加
CT_20260803_P1,中国电信,中国电信股份有限公司,中国电信股份有限公司及其子公司,2021,Annual,FIN_REV_TOTAL,营业收入,Income Statement,Group,439553,RMB mn,RMB,1,Actual,Actual,SRC_CT_2021_RESULTS,High,,,,,IFRS
CT_20260803_P1,中国电信,中国电信股份有限公司,中国电信股份有限公司及其子公司,2021,Annual,FIN_REV_SERVICE,服务收入,Income Statement,Group,402828,RMB mn,RMB,1,Actual,Actual,SRC_CT_2021_RESULTS,High,,,,,IFRS
CT_20260803_P1,中国电信,中国电信股份有限公司,中国电信股份有限公司及其子公司,2021,Annual,FIN_EBITDA,EBITDA,Income Statement,Group,123914,RMB mn,RMB,1,Actual,Actual,SRC_CT_2021_RESULTS,High,,,,,公司口径
CT_20260803_P1,中国电信,中国电信股份有限公司,中国电信股份有限公司及其子公司,2021,Annual,FIN_DA,折旧及摊销,Income Statement,Group,92966,RMB mn,RMB,1,Actual,Actual,SRC_CT_2021_RESULTS,High,,,,,IFRS
CT_20260803_P1,中国电信,中国电信股份有限公司,中国电信股份有限公司及其子公司,2021,Annual,FIN_NETWORK_OPEX,网络运营及支撑成本,Income Statement,Group,133340,RMB mn,RMB,1,Actual,Actual,SRC_CT_2021_RESULTS,High,,,,,IFRS
CT_20260803_P1,中国电信,中国电信股份有限公司,中国电信股份有限公司及其子公司,2021,Annual,FIN_SGA,销售、一般及管理费用,Income Statement,Group,61154,RMB mn,RMB,1,Actual,Actual,SRC_CT_2021_RESULTS,High,,,,,IFRS
CT_20260803_P1,中国电信,中国电信股份有限公司,中国电信股份有限公司及其子公司,2021,Annual,COST_SELLING,销售费用,Costs & Efficiency,Group,48597,RMB mn,RMB,1,Actual,Actual,SRC_CT_2021_RESULTS,High,,,,,官方可得的渠道成本代理；不等同于纯渠道费
CT_20260803_P1,中国电信,中国电信股份有限公司,中国电信股份有限公司及其子公司,2021,Annual,FIN_PERSONNEL,人工成本,Income Statement,Group,76057,RMB mn,RMB,1,Actual,Actual,SRC_CT_2021_RESULTS,High,,,,,IFRS
CT_20260803_P1,中国电信,中国电信股份有限公司,中国电信股份有限公司及其子公司,2021,Annual,FIN_OTHER_OPEX,其他经营费用,Income Statement,Group,45088,RMB mn,RMB,1,Actual,Actual,SRC_CT_2021_RESULTS,High,,,,,IFRS
CT_20260803_P1,中国电信,中国电信股份有限公司,中国电信股份有限公司及其子公司,2021,Annual,FIN_OPEX_TOTAL,经营费用合计,Income Statement,Group,408605,RMB mn,RMB,1,Actual,Actual,SRC_CT_2021_RESULTS,High,,,,,IFRS
CT_20260803_P1,中国电信,中国电信股份有限公司,中国电信股份有限公司及其子公司,2021,Annual,FIN_EBIT,经营利润,Income Statement,Group,30948,RMB mn,RMB,1,Actual,Actual,SRC_CT_2021_RESULTS,High,,,,,营业收入-经营费用
CT_20260803_P1,中国电信,中国电信股份有限公司,中国电信股份有限公司及其子公司,2021,Annual,FIN_NET_FINANCE,财务费用净额,Income Statement,Group,1293,RMB mn,RMB,1,Actual,Actual,SRC_CT_2021_RESULTS,High,,,,,正数表示净费用
CT_20260803_P1,中国电信,中国电信股份有限公司,中国电信股份有限公司及其子公司,2021,Annual,FIN_PBT,税前利润,Income Statement,Group,33865,RMB mn,RMB,1,Actual,Actual,SRC_CT_2021_RESULTS,High,,,,,IFRS
CT_20260803_P1,中国电信,中国电信股份有限公司,中国电信股份有限公司及其子公司,2021,Annual,FIN_TAX,所得税,Income Statement,Group,7716,RMB mn,RMB,1,Actual,Actual,SRC_CT_2021_RESULTS,High,,,,,IFRS
CT_20260803_P1,中国电信,中国电信股份有限公司,中国电信股份有限公司及其子公司,2021,Annual,FIN_PROFIT_YEAR,本年利润,Income Statement,Group,26149,RMB mn,RMB,1,Actual,Actual,SRC_CT_2021_RESULTS,High,,,,,IFRS
CT_20260803_P1,中国电信,中国电信股份有限公司,中国电信股份有限公司及其子公司,2021,Annual,FIN_NP_ATTR,归母净利润,Income Statement,Group,25949,RMB mn,RMB,1,Actual,Actual,SRC_CT_2021_RESULTS,High,,,,,IFRS
CT_20260803_P1,中国电信,中国电信股份有限公司,中国电信股份有限公司及其子公司,2021,Annual,FIN_REV_NONSERVICE,非服务收入,Income Statement,Group,36725,RMB mn,RMB,1,Derived,Actual,SRC_CT_2021_RESULTS,High,营业收入-服务收入,,,,营业收入-服务收入
CT_20260803_P1,中国电信,中国电信股份有限公司,中国电信股份有限公司及其子公司,2021,Annual,FIN_EBITDA_MARGIN,EBITDA率,Income Statement,Group,0.3076101959148818,%,,1,Derived,Actual,SRC_CT_2021_RESULTS,High,EBITDA/服务收入,,,,EBITDA/服务收入
CT_20260803_P1,中国电信,中国电信股份有限公司,中国电信股份有限公司及其子公司,2021,Annual,FIN_INVESTMENT_INCOME,投资收益及联营合营贡献,Income Statement,Group,4210,RMB mn,RMB,1,Derived,Actual,SRC_CT_2021_RESULTS,High,税前利润-经营利润+净财务费用,,,,由税前利润与经营利润桥接
CT_20260803_P1,中国电信,中国电信股份有限公司,中国电信股份有限公司及其子公司,2021,Annual,FIN_TAX_RATE,实际税率,Income Statement,Group,0.2278458585560313,%,,1,Derived,Actual,SRC_CT_2021_RESULTS,High,所得税/税前利润,,,,所得税/税前利润
CT_20260803_P1,中国电信,中国电信股份有限公司,中国电信股份有限公司及其子公司,2021,Annual,FIN_NP_NCI,少数股东损益,Income Statement,Group,200,RMB mn,RMB,1,Derived,Actual,SRC_CT_2021_RESULTS,High,本年利润-归母净利润,,,,本年利润-归母净利润
CT_20260803_P1,中国电信,中国电信股份有限公司,中国电信股份有限公司及其子公司,2021,Annual,FIN_EPS_BASIC,基本每股收益,Income Statement,Group,0.28357350441647644,RMB/share,RMB,1,Derived,Actual,SRC_CT_2021_RESULTS,High,归母净利润/期末股本（简化）,,,,归母净利润/加权股本，模型使用简化期末股本
CT_20260803_P1,中国电信,中国电信股份有限公司,中国电信股份有限公司及其子公司,2021,Annual,FIN_ROE,ROE,Income Statement,Group,0.0655170237208539,%,,1,Derived,Actual,SRC_CT_2021_RESULTS,High,归母净利润/平均归母权益,,,,归母净利润/平均归母权益
CT_20260803_P1,中国电信,中国电信股份有限公司,中国电信股份有限公司及其子公司,2021,Annual,FIN_ROA,ROA,Income Statement,Group,0.035129591898898686,%,,1,Derived,Actual,SRC_CT_2021_RESULTS,High,归母净利润/平均总资产,,,,归母净利润/平均总资产
CT_20260803_P1,中国电信,中国电信股份有限公司,中国电信股份有限公司及其子公司,2021,Annual,FIN_NET_MARGIN,归母净利率,Income Statement,Group,0.05903497416693777,%,,1,Derived,Actual,SRC_CT_2021_RESULTS,High,归母净利润/营业收入,,,,归母净利润/营业收入
CT_20260803_P1,中国电信,中国电信股份有限公司,中国电信股份有限公司及其子公司,2021,Annual,BS_CURRENT_ASSETS,流动资产,Balance Sheet,Group,127360,RMB mn,RMB,1,Actual,Actual,SRC_CT_2021_RESULTS,High,,,,,
CT_20260803_P1,中国电信,中国电信股份有限公司,中国电信股份有限公司及其子公司,2021,Annual,BS_NONCURRENT_ASSETS,非流动资产,Balance Sheet,Group,634874,RMB mn,RMB,1,Actual,Actual,SRC_CT_2021_RESULTS,High,,,,,
CT_20260803_P1,中国电信,中国电信股份有限公司,中国电信股份有限公司及其子公司,2021,Annual,BS_TOTAL_ASSETS,总资产,Balance Sheet,Group,762234,RMB mn,RMB,1,Actual,Actual,SRC_CT_2021_RESULTS,High,,,,,
CT_20260803_P1,中国电信,中国电信股份有限公司,中国电信股份有限公司及其子公司,2021,Annual,BS_CURRENT_LIAB,流动负债,Balance Sheet,Group,265072,RMB mn,RMB,1,Actual,Actual,SRC_CT_2021_RESULTS,High,,,,,
CT_20260803_P1,中国电信,中国电信股份有限公司,中国电信股份有限公司及其子公司,2021,Annual,BS_NONCURRENT_LIAB,非流动负债,Balance Sheet,Group,65994,RMB mn,RMB,1,Actual,Actual,SRC_CT_2021_RESULTS,High,,,,,
CT_20260803_P1,中国电信,中国电信股份有限公司,中国电信股份有限公司及其子公司,2021,Annual,BS_TOTAL_LIAB,总负债,Balance Sheet,Group,331066,RMB mn,RMB,1,Actual,Actual,SRC_CT_2021_RESULTS,High,,,,,
CT_20260803_P1,中国电信,中国电信股份有限公司,中国电信股份有限公司及其子公司,2021,Annual,BS_EQUITY_ATTR,归母权益,Balance Sheet,Group,428674,RMB mn,RMB,1,Actual,Actual,SRC_CT_2021_RESULTS,High,,,,,
CT_20260803_P1,中国电信,中国电信股份有限公司,中国电信股份有限公司及其子公司,2021,Annual,ENT_NCI,少数股东权益,Balance Sheet,Group,2494,RMB mn,RMB,1,Actual,Actual,SRC_CT_2021_RESULTS,High,,,,,
CT_20260803_P1,中国电信,中国电信股份有限公司,中国电信股份有限公司及其子公司,2021,Annual,BS_EQUITY_TOTAL,权益合计,Balance Sheet,Group,431168,RMB mn,RMB,1,Actual,Actual,SRC_CT_2021_RESULTS,High,,,,,
CT_20260803_P1,中国电信,中国电信股份有限公司,中国电信股份有限公司及其子公司,2021,Annual,BS_CASH,现金及现金等价物,Balance Sheet,Group,73281,RMB mn,RMB,1,Actual,Actual,SRC_CT_2021_RESULTS,High,,,,,
CT_20260803_P1,中国电信,中国电信股份有限公司,中国电信股份有限公司及其子公司,2021,Annual,BS_SHORT_DEPOSITS_RESTRICTED,短期存款及受限资金,Balance Sheet,Group,1929,RMB mn,RMB,1,Actual,Actual,SRC_CT_2021_RESULTS,High,,,,,
CT_20260803_P1,中国电信,中国电信股份有限公司,中国电信股份有限公司及其子公司,2021,Annual,BS_SHORT_DEBT,短期债务,Balance Sheet,Group,2821,RMB mn,RMB,1,Actual,Actual,SRC_CT_2021_RESULTS,High,,,,,
CT_20260803_P1,中国电信,中国电信股份有限公司,中国电信股份有限公司及其子公司,2021,Annual,BS_CURRENT_LONG_DEBT,一年内到期长期债务,Balance Sheet,Group,6280,RMB mn,RMB,1,Actual,Actual,SRC_CT_2021_RESULTS,High,,,,,
CT_20260803_P1,中国电信,中国电信股份有限公司,中国电信股份有限公司及其子公司,2021,Annual,BS_LONG_DEBT,长期债务,Balance Sheet,Group,7395,RMB mn,RMB,1,Actual,Actual,SRC_CT_2021_RESULTS,High,,,,,
CT_20260803_P1,中国电信,中国电信股份有限公司,中国电信股份有限公司及其子公司,2021,Annual,BS_LEASE_LIAB_CURRENT,流动租赁负债,Balance Sheet,Group,13809,RMB mn,RMB,1,Actual,Actual,SRC_CT_2021_RESULTS,High,,,,,
CT_20260803_P1,中国电信,中国电信股份有限公司,中国电信股份有限公司及其子公司,2021,Annual,BS_LEASE_LIAB_NONCURRENT,非流动租赁负债,Balance Sheet,Group,28593,RMB mn,RMB,1,Actual,Actual,SRC_CT_2021_RESULTS,High,,,,,
CT_20260803_P1,中国电信,中国电信股份有限公司,中国电信股份有限公司及其子公司,2021,Annual,BS_AR_GROSS,应收账款原值,Balance Sheet,Group,27440,RMB mn,RMB,1,Actual,Actual,SRC_CT_2021_RESULTS,High,,,,,含非客户应收
CT_20260803_P1,中国电信,中国电信股份有限公司,中国电信股份有限公司及其子公司,2021,Annual,BS_AR_ALLOWANCE,应收账款信用损失准备,Balance Sheet,Group,5051,RMB mn,RMB,1,Actual,Actual,SRC_CT_2021_RESULTS,High,,,,,
CT_20260803_P1,中国电信,中国电信股份有限公司,中国电信股份有限公司及其子公司,2021,Annual,BS_AR_NET,应收账款净额,Balance Sheet,Group,22389,RMB mn,RMB,1,Actual,Actual,SRC_CT_2021_RESULTS,High,,,,,
CT_20260803_P1,中国电信,中国电信股份有限公司,中国电信股份有限公司及其子公司,2021,Annual,BS_CONTRACT_ASSET_GROSS,合同资产原值,Balance Sheet,Group,931,RMB mn,RMB,1,Actual,Actual,SRC_CT_2021_RESULTS,High,,,,,
CT_20260803_P1,中国电信,中国电信股份有限公司,中国电信股份有限公司及其子公司,2021,Annual,BS_CONTRACT_ASSET_ALLOWANCE,合同资产减值准备,Balance Sheet,Group,19,RMB mn,RMB,1,Actual,Actual,SRC_CT_2021_RESULTS,High,,,,,
CT_20260803_P1,中国电信,中国电信股份有限公司,中国电信股份有限公司及其子公司,2021,Annual,BS_CONTRACT_ASSET_NET,合同资产净额,Balance Sheet,Group,912,RMB mn,RMB,1,Actual,Actual,SRC_CT_2021_RESULTS,High,,,,,
CT_20260803_P1,中国电信,中国电信股份有限公司,中国电信股份有限公司及其子公司,2021,Annual,BS_GROSS_DEBT,有息债务合计,Balance Sheet,Group,16496,RMB mn,RMB,1,Derived,Actual,SRC_CT_2021_RESULTS,High,短期债务+一年内到期长期债务+长期债务,,,,短债+一年内到期+长期债务
CT_20260803_P1,中国电信,中国电信股份有限公司,中国电信股份有限公司及其子公司,2021,Annual,BS_LEASE_LIAB_TOTAL,租赁负债合计,Balance Sheet,Group,42402,RMB mn,RMB,1,Derived,Actual,SRC_CT_2021_RESULTS,High,流动+非流动租赁负债,,,,流动+非流动
CT_20260803_P1,中国电信,中国电信股份有限公司,中国电信股份有限公司及其子公司,2021,Annual,BS_NET_CASH_CORE,核心净现金,Balance Sheet,Group,16312,RMB mn,RMB,1,Derived,Actual,SRC_CT_2021_RESULTS,High,现金+短存及受限资金-有息债务-租赁负债,,,,现金+短存-有息债务-租赁负债
CT_20260803_P1,中国电信,中国电信股份有限公司,中国电信股份有限公司及其子公司,2021,Annual,COST_AR_IMPAIR_RATE,应收账款准备率,Costs & Efficiency,Group,0.18407434402332362,%,,1,Derived,Actual,SRC_CT_2021_RESULTS,High,应收准备/应收原值,,,,准备/原值
CT_20260803_P1,中国电信,中国电信股份有限公司,中国电信股份有限公司及其子公司,2021,Annual,COST_CONTRACT_IMPAIR_RATE,合同资产减值率,Costs & Efficiency,Group,0.02040816326530612,%,,1,Derived,Actual,SRC_CT_2021_RESULTS,High,合同资产准备/合同资产原值,,,,准备/原值
CT_20260803_P1,中国电信,中国电信股份有限公司,中国电信股份有限公司及其子公司,2021,Annual,CF_CFO,经营活动现金流净额,Cash Flow & Capex,Group,137533,RMB mn,RMB,1,Actual,Actual,SRC_CT_2021_RESULTS,High,,,,,
CT_20260803_P1,中国电信,中国电信股份有限公司,中国电信股份有限公司及其子公司,2021,Annual,CF_CAPEX,资本开支,Cash Flow & Capex,Group,86723,RMB mn,RMB,1,Actual,Actual,SRC_CT_2021_RESULTS,High,,,,,公司披露口径，与现金流量表购建支付存在时点差
CT_20260803_P1,中国电信,中国电信股份有限公司,中国电信股份有限公司及其子公司,2021,Annual,CF_INVESTING,投资活动现金流净额,Cash Flow & Capex,Group,-80288,RMB mn,RMB,1,Actual,Actual,SRC_CT_2021_RESULTS,High,,,,,
CT_20260803_P1,中国电信,中国电信股份有限公司,中国电信股份有限公司及其子公司,2021,Annual,CF_FINANCING,筹资活动现金流净额,Cash Flow & Capex,Group,-7518,RMB mn,RMB,1,Actual,Actual,SRC_CT_2021_RESULTS,High,,,,,
CT_20260803_P1,中国电信,中国电信股份有限公司,中国电信股份有限公司及其子公司,2021,Annual,CF_LEASE_CASH_OUTFLOW,租赁现金流出,Cash Flow & Capex,Group,21952,RMB mn,RMB,1,Actual,Actual,SRC_CT_2021_RESULTS,High,,,,,含租赁相关现金流，非租赁本金
CT_20260803_P1,中国电信,中国电信股份有限公司,中国电信股份有限公司及其子公司,2021,Annual,CF_FCF_COMPANY,公司披露自由现金流,Cash Flow & Capex,Group,15139,RMB mn,RMB,1,Actual,Actual,SRC_CT_2021_RESULTS,High,,,,,按公司非GAAP定义
CT_20260803_P1,中国电信,中国电信股份有限公司,中国电信股份有限公司及其子公司,2021,Annual,CF_CAPEX_RATE,资本开支率,Cash Flow & Capex,Group,0.1972981642714303,%,,1,Derived,Actual,SRC_CT_2021_RESULTS,High,资本开支/营业收入,,,,资本开支/营业收入
CT_20260803_P1,中国电信,中国电信股份有限公司,中国电信股份有限公司及其子公司,2021,Annual,CF_CFO_NP_RATIO,经营现金流/归母净利润,Cash Flow & Capex,Group,5.3001271725307335,x,,1,Derived,Actual,SRC_CT_2021_RESULTS,High,经营现金流/归母净利润,,,,
CT_20260803_P1,中国电信,中国电信股份有限公司,中国电信股份有限公司及其子公司,2021,Annual,CF_FCF_MARGIN,公司自由现金流率,Cash Flow & Capex,Group,0.034441807927599176,%,,1,Derived,Actual,SRC_CT_2021_RESULTS,High,公司披露FCF/营业收入,,,,公司FCF/营业收入
CT_20260803_P1,中国电信,中国电信股份有限公司,中国电信股份有限公司及其子公司,2021,Annual,DISC_MOBILE_SERVICE_REV,移动通信服务收入,Business Revenue,Company Reported Layer,184157,RMB mn,RMB,1,Actual,Actual,SRC_CT_2021_RESULTS,High,,,,,
CT_20260803_P1,中国电信,中国电信股份有限公司,中国电信股份有限公司及其子公司,2021,Annual,DISC_WIRELINE_SMART_HOME_REV,固网及智慧家庭收入,Business Revenue,Company Reported Layer,113522,RMB mn,RMB,1,Actual,Actual,SRC_CT_2021_RESULTS,High,,,,,
CT_20260803_P1,中国电信,中国电信股份有限公司,中国电信股份有限公司及其子公司,2021,Annual,DISC_INDUSTRIAL_DIGITAL_REV,产业数字化收入,Business Revenue,Company Reported Layer,98945,RMB mn,RMB,1,Actual,Actual,SRC_CT_2021_RESULTS,High,,,,,
CT_20260803_P1,中国电信,中国电信股份有限公司,中国电信股份有限公司及其子公司,2021,Annual,DISC_OTHER_SERVICE_REV,其他服务收入,Business Revenue,Company Reported Layer,6203,RMB mn,RMB,1,Actual,Actual,SRC_CT_2021_RESULTS,High,,,,,
CT_20260803_P1,中国电信,中国电信股份有限公司,中国电信股份有限公司及其子公司,2021,Annual,DISC_GOODS_OTHER_REV,商品销售及其他收入,Business Revenue,Company Reported Layer,36725,RMB mn,RMB,1,Actual,Actual,SRC_CT_2021_RESULTS,High,,,,,
CT_20260803_P1,中国电信,中国电信股份有限公司,中国电信股份有限公司及其子公司,2021,Annual,DISC_TELECOM_CLOUD_REV,天翼云/行业云收入,Business Revenue,Company Reported Layer,21328,RMB mn,RMB,1,Actual,Actual,SRC_CT_2021_RESULTS,High,,,,,定义随年份演变，不能机械视为完全可比
CT_20260803_P1,中国电信,中国电信股份有限公司,中国电信股份有限公司及其子公司,2021,Annual,DISC_IDC_REV,IDC收入,Business Revenue,Company Reported Layer,31600,RMB mn,RMB,1,Actual,Actual,SRC_CT_2021_RESULTS,High,,,,,传统IDC口径，仅披露年份录入
CT_20260803_P1,中国电信,中国电信股份有限公司,中国电信股份有限公司及其子公司,2021,Annual,DISC_REVENUE_BRIDGE_DIFF,公司披露收入桥接差异,Business Revenue,Company Reported Layer,1,RMB mn,RMB,1,Derived,Actual,SRC_CT_2021_RESULTS,High,营业收入-披露五类收入之和,,,,营业收入-五类披露收入之和；允许极小舍入差
CT_20260803_P1,中国电信,中国电信股份有限公司,中国电信股份有限公司及其子公司,2021,Annual,DISC_CROSSOVER_FLAG,披露口径交叉标记,Business Revenue,Company Reported Layer,云/AIDC/安全/智能等均属于或穿透产业数字化，禁止相加,text,,1,Actual,Actual,SRC_CT_2021_RESULTS,High,,,,,披露层说明
CT_20260803_P1,中国电信,中国电信股份有限公司,中国电信股份有限公司及其子公司,2021,Annual,OP_MOBILE_SUBS,移动用户,Operating KPIs,ToC,372.43,mn users,,1,Actual,Actual,SRC_CT_2021_RESULTS,High,,,,,年末用户
CT_20260803_P1,中国电信,中国电信股份有限公司,中国电信股份有限公司及其子公司,2021,Annual,OP_5G_PACKAGE_SUBS,5G套餐用户,Operating KPIs,ToC,187.8,mn users,,1,Actual,Actual,SRC_CT_2021_RESULTS,High,,,,,2020-2024主要披露口径
CT_20260803_P1,中国电信,中国电信股份有限公司,中国电信股份有限公司及其子公司,2021,Annual,OP_MOBILE_ARPU,移动ARPU,Operating KPIs,ToC,45.0,RMB/month,RMB,1,Actual,Actual,SRC_CT_2021_RESULTS,High,,,,,
CT_20260803_P1,中国电信,中国电信股份有限公司,中国电信股份有限公司及其子公司,2021,Annual,OP_DATA_TRAFFIC,手机上网流量,Operating KPIs,ToC,46966,kTB,,1,Actual,Actual,SRC_CT_2021_RESULTS,High,,,,,
CT_20260803_P1,中国电信,中国电信股份有限公司,中国电信股份有限公司及其子公司,2021,Annual,OP_BB_SUBS,有线宽带用户,Operating KPIs,Home,169.71,mn users,,1,Actual,Actual,SRC_CT_2021_RESULTS,High,,,,,
CT_20260803_P1,中国电信,中国电信股份有限公司,中国电信股份有限公司及其子公司,2021,Annual,OP_BB_ARPU,宽带综合ARPU,Operating KPIs,Home,45.9,RMB/month,RMB,1,Actual,Actual,SRC_CT_2021_RESULTS,High,,,,,采用宽带综合/融合ARPU
CT_20260803_P1,中国电信,中国电信股份有限公司,中国电信股份有限公司及其子公司,2021,Annual,OP_TV_SUBS,IPTV/天翼高清用户,Operating KPIs,Home,121.37,mn users,,1,Actual,Actual,SRC_CT_2021_RESULTS,High,,,,,
CT_20260803_P1,中国电信,中国电信股份有限公司,中国电信股份有限公司及其子公司,2021,Annual,OP_IOT_CONNECTIONS,物联网连接数,Operating KPIs,IoT,297.77,mn connections,,1,Actual,Actual,SRC_CT_2021_RESULTS,High,,,,,连接数不等于收入/利润
CT_20260803_P1,中国电信,中国电信股份有限公司,中国电信股份有限公司及其子公司,2021,Annual,OP_EMPLOYEES,员工总数,Operating KPIs,Employees,278922,persons,,1,Actual,Actual,SRC_CT_ESG_2021,High,,,,,ESG口径含合同制、非全日制、派遣及其他从业人员
CT_20260803_P1,中国电信,中国电信股份有限公司,中国电信股份有限公司及其子公司,2021,Annual,OP_MOBILE_NET_ADD,移动用户净增,Operating KPIs,ToC,21.410000000000025,mn users,,1,Derived,Actual,SRC_CT_2021_RESULTS,High,年末用户差,,,,本年末-上年末
CT_20260803_P1,中国电信,中国电信股份有限公司,中国电信股份有限公司及其子公司,2021,Annual,OP_BB_NET_ADD,有线宽带用户净增,Operating KPIs,Home,11.180000000000007,mn users,,1,Derived,Actual,SRC_CT_2021_RESULTS,High,年末用户差,,,,
CT_20260803_P1,中国电信,中国电信股份有限公司,中国电信股份有限公司及其子公司,2021,Annual,COST_PERSONNEL_RATE,人工成本率,Costs & Efficiency,Employees,0.17303260357681555,%,,1,Derived,Actual,SRC_CT_2021_RESULTS,High,人工成本/营业收入,,,,人工成本/营业收入
CT_20260803_P1,中国电信,中国电信股份有限公司,中国电信股份有限公司及其子公司,2021,Annual,COST_AVG_COMP,人均人工成本,Costs & Efficiency,Employees,272681.96843562,RMB/person,RMB,1,Derived,Actual,SRC_CT_2021_RESULTS,High,人工成本/员工总数,,,,人工成本百万元转换为元/员工
CT_20260803_P1,中国电信,中国电信股份有限公司,中国电信股份有限公司及其子公司,2021,Annual,COST_SELLING_RATE,销售费用率,Costs & Efficiency,Group,0.11056004622878242,%,,1,Derived,Actual,SRC_CT_2021_RESULTS,High,销售费用/营业收入,,,,销售费用/营业收入
CT_20260803_P1,中国电信,中国电信股份有限公司,中国电信股份有限公司及其子公司,2021,Annual,DIV_DPS_TOTAL,全年DPS,Dividend & Market,Equity,0.17,RMB/share,RMB,1,Actual,Actual,SRC_CT_2021_RESULTS,High,,,,,税前人民币
CT_20260803_P1,中国电信,中国电信股份有限公司,中国电信股份有限公司及其子公司,2021,Annual,DIV_PAYOUT,派息率,Dividend & Market,Equity,0.5994918331662107,%,,1,Derived,Actual,SRC_CT_2021_RESULTS,High,DPS×期末股本/归母净利润,,,,DPS×期末股本/归母净利润，近似公司口径
CT_20260803_P1,中国电信,中国电信股份有限公司,中国电信股份有限公司及其子公司,2022,Annual,ENT_TOTAL_SHARES,期末总股本,Entity & Equity,Entity,91507138699,shares,,1,Actual,Actual,SRC_CT_2022_RESULTS,High,,,,,2021年A股发行后股本增加
CT_20260803_P1,中国电信,中国电信股份有限公司,中国电信股份有限公司及其子公司,2022,Annual,FIN_REV_TOTAL,营业收入,Income Statement,Group,481448,RMB mn,RMB,1,Actual,Actual,SRC_CT_2022_RESULTS,High,,,,,IFRS
CT_20260803_P1,中国电信,中国电信股份有限公司,中国电信股份有限公司及其子公司,2022,Annual,FIN_REV_SERVICE,服务收入,Income Statement,Group,434928,RMB mn,RMB,1,Actual,Actual,SRC_CT_2022_RESULTS,High,,,,,IFRS
CT_20260803_P1,中国电信,中国电信股份有限公司,中国电信股份有限公司及其子公司,2022,Annual,FIN_EBITDA,EBITDA,Income Statement,Group,130359,RMB mn,RMB,1,Actual,Actual,SRC_CT_2022_RESULTS,High,,,,,公司口径
CT_20260803_P1,中国电信,中国电信股份有限公司,中国电信股份有限公司及其子公司,2022,Annual,FIN_DA,折旧及摊销,Income Statement,Group,96932,RMB mn,RMB,1,Actual,Actual,SRC_CT_2022_RESULTS,High,,,,,IFRS
CT_20260803_P1,中国电信,中国电信股份有限公司,中国电信股份有限公司及其子公司,2022,Annual,FIN_NETWORK_OPEX,网络运营及支撑成本,Income Statement,Group,147589,RMB mn,RMB,1,Actual,Actual,SRC_CT_2022_RESULTS,High,,,,,IFRS
CT_20260803_P1,中国电信,中国电信股份有限公司,中国电信股份有限公司及其子公司,2022,Annual,FIN_SGA,销售、一般及管理费用,Income Statement,Group,64277,RMB mn,RMB,1,Actual,Actual,SRC_CT_2022_RESULTS,High,,,,,IFRS
CT_20260803_P1,中国电信,中国电信股份有限公司,中国电信股份有限公司及其子公司,2022,Annual,COST_SELLING,销售费用,Costs & Efficiency,Group,50486,RMB mn,RMB,1,Actual,Actual,SRC_CT_2022_RESULTS,High,,,,,官方可得的渠道成本代理；不等同于纯渠道费
CT_20260803_P1,中国电信,中国电信股份有限公司,中国电信股份有限公司及其子公司,2022,Annual,FIN_PERSONNEL,人工成本,Income Statement,Group,84772,RMB mn,RMB,1,Actual,Actual,SRC_CT_2022_RESULTS,High,,,,,IFRS
CT_20260803_P1,中国电信,中国电信股份有限公司,中国电信股份有限公司及其子公司,2022,Annual,FIN_OTHER_OPEX,其他经营费用,Income Statement,Group,54451,RMB mn,RMB,1,Actual,Actual,SRC_CT_2022_RESULTS,High,,,,,IFRS
CT_20260803_P1,中国电信,中国电信股份有限公司,中国电信股份有限公司及其子公司,2022,Annual,FIN_OPEX_TOTAL,经营费用合计,Income Statement,Group,448021,RMB mn,RMB,1,Actual,Actual,SRC_CT_2022_RESULTS,High,,,,,IFRS
CT_20260803_P1,中国电信,中国电信股份有限公司,中国电信股份有限公司及其子公司,2022,Annual,FIN_EBIT,经营利润,Income Statement,Group,33427,RMB mn,RMB,1,Actual,Actual,SRC_CT_2022_RESULTS,High,,,,,营业收入-经营费用
CT_20260803_P1,中国电信,中国电信股份有限公司,中国电信股份有限公司及其子公司,2022,Annual,FIN_NET_FINANCE,财务费用净额,Income Statement,Group,7,RMB mn,RMB,1,Actual,Actual,SRC_CT_2022_RESULTS,High,,,,,正数表示净费用
CT_20260803_P1,中国电信,中国电信股份有限公司,中国电信股份有限公司及其子公司,2022,Annual,FIN_PBT,税前利润,Income Statement,Group,35714,RMB mn,RMB,1,Actual,Actual,SRC_CT_2022_RESULTS,High,,,,,IFRS
CT_20260803_P1,中国电信,中国电信股份有限公司,中国电信股份有限公司及其子公司,2022,Annual,FIN_TAX,所得税,Income Statement,Group,8038,RMB mn,RMB,1,Actual,Actual,SRC_CT_2022_RESULTS,High,,,,,IFRS
CT_20260803_P1,中国电信,中国电信股份有限公司,中国电信股份有限公司及其子公司,2022,Annual,FIN_PROFIT_YEAR,本年利润,Income Statement,Group,27676,RMB mn,RMB,1,Actual,Actual,SRC_CT_2022_RESULTS,High,,,,,IFRS
CT_20260803_P1,中国电信,中国电信股份有限公司,中国电信股份有限公司及其子公司,2022,Annual,FIN_NP_ATTR,归母净利润,Income Statement,Group,27593,RMB mn,RMB,1,Actual,Actual,SRC_CT_2022_RESULTS,High,,,,,IFRS
CT_20260803_P1,中国电信,中国电信股份有限公司,中国电信股份有限公司及其子公司,2022,Annual,FIN_REV_NONSERVICE,非服务收入,Income Statement,Group,46520,RMB mn,RMB,1,Derived,Actual,SRC_CT_2022_RESULTS,High,营业收入-服务收入,,,,营业收入-服务收入
CT_20260803_P1,中国电信,中国电信股份有限公司,中国电信股份有限公司及其子公司,2022,Annual,FIN_EBITDA_MARGIN,EBITDA率,Income Statement,Group,0.29972547180222936,%,,1,Derived,Actual,SRC_CT_2022_RESULTS,High,EBITDA/服务收入,,,,EBITDA/服务收入
CT_20260803_P1,中国电信,中国电信股份有限公司,中国电信股份有限公司及其子公司,2022,Annual,FIN_INVESTMENT_INCOME,投资收益及联营合营贡献,Income Statement,Group,2294,RMB mn,RMB,1,Derived,Actual,SRC_CT_2022_RESULTS,High,税前利润-经营利润+净财务费用,,,,由税前利润与经营利润桥接
CT_20260803_P1,中国电信,中国电信股份有限公司,中国电信股份有限公司及其子公司,2022,Annual,FIN_TAX_RATE,实际税率,Income Statement,Group,0.2250658005264042,%,,1,Derived,Actual,SRC_CT_2022_RESULTS,High,所得税/税前利润,,,,所得税/税前利润
CT_20260803_P1,中国电信,中国电信股份有限公司,中国电信股份有限公司及其子公司,2022,Annual,FIN_NP_NCI,少数股东损益,Income Statement,Group,83,RMB mn,RMB,1,Derived,Actual,SRC_CT_2022_RESULTS,High,本年利润-归母净利润,,,,本年利润-归母净利润
CT_20260803_P1,中国电信,中国电信股份有限公司,中国电信股份有限公司及其子公司,2022,Annual,FIN_EPS_BASIC,基本每股收益,Income Statement,Group,0.30153931586434296,RMB/share,RMB,1,Derived,Actual,SRC_CT_2022_RESULTS,High,归母净利润/期末股本（简化）,,,,归母净利润/加权股本，模型使用简化期末股本
CT_20260803_P1,中国电信,中国电信股份有限公司,中国电信股份有限公司及其子公司,2022,Annual,FIN_ROE,ROE,Income Statement,Group,0.06411288589309717,%,,1,Derived,Actual,SRC_CT_2022_RESULTS,High,归母净利润/平均归母权益,,,,归母净利润/平均归母权益
CT_20260803_P1,中国电信,中国电信股份有限公司,中国电信股份有限公司及其子公司,2022,Annual,FIN_ROA,ROA,Income Statement,Group,0.035151840971456086,%,,1,Derived,Actual,SRC_CT_2022_RESULTS,High,归母净利润/平均总资产,,,,归母净利润/平均总资产
CT_20260803_P1,中国电信,中国电信股份有限公司,中国电信股份有限公司及其子公司,2022,Annual,FIN_NET_MARGIN,归母净利率,Income Statement,Group,0.0573125238862764,%,,1,Derived,Actual,SRC_CT_2022_RESULTS,High,归母净利润/营业收入,,,,归母净利润/营业收入
CT_20260803_P1,中国电信,中国电信股份有限公司,中国电信股份有限公司及其子公司,2022,Annual,BS_CURRENT_ASSETS,流动资产,Balance Sheet,Group,141072,RMB mn,RMB,1,Actual,Actual,SRC_CT_2022_RESULTS,High,,,,,
CT_20260803_P1,中国电信,中国电信股份有限公司,中国电信股份有限公司及其子公司,2022,Annual,BS_NONCURRENT_ASSETS,非流动资产,Balance Sheet,Group,666626,RMB mn,RMB,1,Actual,Actual,SRC_CT_2022_RESULTS,High,,,,,
CT_20260803_P1,中国电信,中国电信股份有限公司,中国电信股份有限公司及其子公司,2022,Annual,BS_TOTAL_ASSETS,总资产,Balance Sheet,Group,807698,RMB mn,RMB,1,Actual,Actual,SRC_CT_2022_RESULTS,High,,,,,
CT_20260803_P1,中国电信,中国电信股份有限公司,中国电信股份有限公司及其子公司,2022,Annual,BS_CURRENT_LIAB,流动负债,Balance Sheet,Group,281737,RMB mn,RMB,1,Actual,Actual,SRC_CT_2022_RESULTS,High,,,,,
CT_20260803_P1,中国电信,中国电信股份有限公司,中国电信股份有限公司及其子公司,2022,Annual,BS_NONCURRENT_LIAB,非流动负债,Balance Sheet,Group,89534,RMB mn,RMB,1,Actual,Actual,SRC_CT_2022_RESULTS,High,,,,,
CT_20260803_P1,中国电信,中国电信股份有限公司,中国电信股份有限公司及其子公司,2022,Annual,BS_TOTAL_LIAB,总负债,Balance Sheet,Group,371271,RMB mn,RMB,1,Actual,Actual,SRC_CT_2022_RESULTS,High,,,,,
CT_20260803_P1,中国电信,中国电信股份有限公司,中国电信股份有限公司及其子公司,2022,Annual,BS_EQUITY_ATTR,归母权益,Balance Sheet,Group,432089,RMB mn,RMB,1,Actual,Actual,SRC_CT_2022_RESULTS,High,,,,,
CT_20260803_P1,中国电信,中国电信股份有限公司,中国电信股份有限公司及其子公司,2022,Annual,ENT_NCI,少数股东权益,Balance Sheet,Group,4338,RMB mn,RMB,1,Actual,Actual,SRC_CT_2022_RESULTS,High,,,,,
CT_20260803_P1,中国电信,中国电信股份有限公司,中国电信股份有限公司及其子公司,2022,Annual,BS_EQUITY_TOTAL,权益合计,Balance Sheet,Group,436427,RMB mn,RMB,1,Actual,Actual,SRC_CT_2022_RESULTS,High,,,,,
CT_20260803_P1,中国电信,中国电信股份有限公司,中国电信股份有限公司及其子公司,2022,Annual,BS_CASH,现金及现金等价物,Balance Sheet,Group,72465,RMB mn,RMB,1,Actual,Actual,SRC_CT_2022_RESULTS,High,,,,,
CT_20260803_P1,中国电信,中国电信股份有限公司,中国电信股份有限公司及其子公司,2022,Annual,BS_SHORT_DEPOSITS_RESTRICTED,短期存款及受限资金,Balance Sheet,Group,3835,RMB mn,RMB,1,Actual,Actual,SRC_CT_2022_RESULTS,High,,,,,
CT_20260803_P1,中国电信,中国电信股份有限公司,中国电信股份有限公司及其子公司,2022,Annual,BS_SHORT_DEBT,短期债务,Balance Sheet,Group,2840,RMB mn,RMB,1,Actual,Actual,SRC_CT_2022_RESULTS,High,,,,,
CT_20260803_P1,中国电信,中国电信股份有限公司,中国电信股份有限公司及其子公司,2022,Annual,BS_CURRENT_LONG_DEBT,一年内到期长期债务,Balance Sheet,Group,3160,RMB mn,RMB,1,Actual,Actual,SRC_CT_2022_RESULTS,High,,,,,
CT_20260803_P1,中国电信,中国电信股份有限公司,中国电信股份有限公司及其子公司,2022,Annual,BS_LONG_DEBT,长期债务,Balance Sheet,Group,4484,RMB mn,RMB,1,Actual,Actual,SRC_CT_2022_RESULTS,High,,,,,
CT_20260803_P1,中国电信,中国电信股份有限公司,中国电信股份有限公司及其子公司,2022,Annual,BS_LEASE_LIAB_CURRENT,流动租赁负债,Balance Sheet,Group,14488,RMB mn,RMB,1,Actual,Actual,SRC_CT_2022_RESULTS,High,,,,,
CT_20260803_P1,中国电信,中国电信股份有限公司,中国电信股份有限公司及其子公司,2022,Annual,BS_LEASE_LIAB_NONCURRENT,非流动租赁负债,Balance Sheet,Group,52408,RMB mn,RMB,1,Actual,Actual,SRC_CT_2022_RESULTS,High,,,,,
CT_20260803_P1,中国电信,中国电信股份有限公司,中国电信股份有限公司及其子公司,2022,Annual,BS_AR_GROSS,应收账款原值,Balance Sheet,Group,30429,RMB mn,RMB,1,Actual,Actual,SRC_CT_2022_RESULTS,High,,,,,含非客户应收
CT_20260803_P1,中国电信,中国电信股份有限公司,中国电信股份有限公司及其子公司,2022,Annual,BS_AR_ALLOWANCE,应收账款信用损失准备,Balance Sheet,Group,6117,RMB mn,RMB,1,Actual,Actual,SRC_CT_2022_RESULTS,High,,,,,
CT_20260803_P1,中国电信,中国电信股份有限公司,中国电信股份有限公司及其子公司,2022,Annual,BS_AR_NET,应收账款净额,Balance Sheet,Group,24312,RMB mn,RMB,1,Actual,Actual,SRC_CT_2022_RESULTS,High,,,,,
CT_20260803_P1,中国电信,中国电信股份有限公司,中国电信股份有限公司及其子公司,2022,Annual,BS_CONTRACT_ASSET_GROSS,合同资产原值,Balance Sheet,Group,3117,RMB mn,RMB,1,Actual,Actual,SRC_CT_2022_RESULTS,High,,,,,
CT_20260803_P1,中国电信,中国电信股份有限公司,中国电信股份有限公司及其子公司,2022,Annual,BS_CONTRACT_ASSET_ALLOWANCE,合同资产减值准备,Balance Sheet,Group,75,RMB mn,RMB,1,Actual,Actual,SRC_CT_2022_RESULTS,High,,,,,
CT_20260803_P1,中国电信,中国电信股份有限公司,中国电信股份有限公司及其子公司,2022,Annual,BS_CONTRACT_ASSET_NET,合同资产净额,Balance Sheet,Group,3042,RMB mn,RMB,1,Actual,Actual,SRC_CT_2022_RESULTS,High,,,,,
CT_20260803_P1,中国电信,中国电信股份有限公司,中国电信股份有限公司及其子公司,2022,Annual,BS_GROSS_DEBT,有息债务合计,Balance Sheet,Group,10484,RMB mn,RMB,1,Derived,Actual,SRC_CT_2022_RESULTS,High,短期债务+一年内到期长期债务+长期债务,,,,短债+一年内到期+长期债务
CT_20260803_P1,中国电信,中国电信股份有限公司,中国电信股份有限公司及其子公司,2022,Annual,BS_LEASE_LIAB_TOTAL,租赁负债合计,Balance Sheet,Group,66896,RMB mn,RMB,1,Derived,Actual,SRC_CT_2022_RESULTS,High,流动+非流动租赁负债,,,,流动+非流动
CT_20260803_P1,中国电信,中国电信股份有限公司,中国电信股份有限公司及其子公司,2022,Annual,BS_NET_CASH_CORE,核心净现金,Balance Sheet,Group,-1080,RMB mn,RMB,1,Derived,Actual,SRC_CT_2022_RESULTS,High,现金+短存及受限资金-有息债务-租赁负债,,,,现金+短存-有息债务-租赁负债
CT_20260803_P1,中国电信,中国电信股份有限公司,中国电信股份有限公司及其子公司,2022,Annual,COST_AR_IMPAIR_RATE,应收账款准备率,Costs & Efficiency,Group,0.2010253376713004,%,,1,Derived,Actual,SRC_CT_2022_RESULTS,High,应收准备/应收原值,,,,准备/原值
CT_20260803_P1,中国电信,中国电信股份有限公司,中国电信股份有限公司及其子公司,2022,Annual,COST_CONTRACT_IMPAIR_RATE,合同资产减值率,Costs & Efficiency,Group,0.02406159769008662,%,,1,Derived,Actual,SRC_CT_2022_RESULTS,High,合同资产准备/合同资产原值,,,,准备/原值
CT_20260803_P1,中国电信,中国电信股份有限公司,中国电信股份有限公司及其子公司,2022,Annual,CF_CFO,经营活动现金流净额,Cash Flow & Capex,Group,136432,RMB mn,RMB,1,Actual,Actual,SRC_CT_2022_RESULTS,High,,,,,
CT_20260803_P1,中国电信,中国电信股份有限公司,中国电信股份有限公司及其子公司,2022,Annual,CF_CAPEX,资本开支,Cash Flow & Capex,Group,92528,RMB mn,RMB,1,Actual,Actual,SRC_CT_2022_RESULTS,High,,,,,公司披露口径，与现金流量表购建支付存在时点差
CT_20260803_P1,中国电信,中国电信股份有限公司,中国电信股份有限公司及其子公司,2022,Annual,CF_INVESTING,投资活动现金流净额,Cash Flow & Capex,Group,-96796,RMB mn,RMB,1,Actual,Actual,SRC_CT_2022_RESULTS,High,,,,,
CT_20260803_P1,中国电信,中国电信股份有限公司,中国电信股份有限公司及其子公司,2022,Annual,CF_FINANCING,筹资活动现金流净额,Cash Flow & Capex,Group,-40906,RMB mn,RMB,1,Actual,Actual,SRC_CT_2022_RESULTS,High,,,,,
CT_20260803_P1,中国电信,中国电信股份有限公司,中国电信股份有限公司及其子公司,2022,Annual,CF_LEASE_CASH_OUTFLOW,租赁现金流出,Cash Flow & Capex,Group,24748,RMB mn,RMB,1,Actual,Actual,SRC_CT_2022_RESULTS,High,,,,,含租赁相关现金流，非租赁本金
CT_20260803_P1,中国电信,中国电信股份有限公司,中国电信股份有限公司及其子公司,2022,Annual,CF_FCF_COMPANY,公司披露自由现金流,Cash Flow & Capex,Group,13249,RMB mn,RMB,1,Actual,Actual,SRC_CT_2022_RESULTS,High,,,,,按公司非GAAP定义
CT_20260803_P1,中国电信,中国电信股份有限公司,中国电信股份有限公司及其子公司,2022,Annual,COST_IMPAIR_FIN,减值损失,Costs & Efficiency,Group,2441,RMB mn,RMB,1,Actual,Actual,SRC_CT_2022_RESULTS,High,,,,,CAS口径；年份间科目定义需复核
CT_20260803_P1,中国电信,中国电信股份有限公司,中国电信股份有限公司及其子公司,2022,Annual,CF_CAPEX_RATE,资本开支率,Cash Flow & Capex,Group,0.19218690284309,%,,1,Derived,Actual,SRC_CT_2022_RESULTS,High,资本开支/营业收入,,,,资本开支/营业收入
CT_20260803_P1,中国电信,中国电信股份有限公司,中国电信股份有限公司及其子公司,2022,Annual,CF_CFO_NP_RATIO,经营现金流/归母净利润,Cash Flow & Capex,Group,4.944442431051353,x,,1,Derived,Actual,SRC_CT_2022_RESULTS,High,经营现金流/归母净利润,,,,
CT_20260803_P1,中国电信,中国电信股份有限公司,中国电信股份有限公司及其子公司,2022,Annual,CF_FCF_MARGIN,公司自由现金流率,Cash Flow & Capex,Group,0.02751906747976936,%,,1,Derived,Actual,SRC_CT_2022_RESULTS,High,公司披露FCF/营业收入,,,,公司FCF/营业收入
CT_20260803_P1,中国电信,中国电信股份有限公司,中国电信股份有限公司及其子公司,2022,Annual,DISC_MOBILE_SERVICE_REV,移动通信服务收入,Business Revenue,Company Reported Layer,191026,RMB mn,RMB,1,Actual,Actual,SRC_CT_2022_RESULTS,High,,,,,
CT_20260803_P1,中国电信,中国电信股份有限公司,中国电信股份有限公司及其子公司,2022,Annual,DISC_WIRELINE_SMART_HOME_REV,固网及智慧家庭收入,Business Revenue,Company Reported Layer,118534,RMB mn,RMB,1,Actual,Actual,SRC_CT_2022_RESULTS,High,,,,,
CT_20260803_P1,中国电信,中国电信股份有限公司,中国电信股份有限公司及其子公司,2022,Annual,DISC_INDUSTRIAL_DIGITAL_REV,产业数字化收入,Business Revenue,Company Reported Layer,117756,RMB mn,RMB,1,Actual,Actual,SRC_CT_2022_RESULTS,High,,,,,
CT_20260803_P1,中国电信,中国电信股份有限公司,中国电信股份有限公司及其子公司,2022,Annual,DISC_OTHER_SERVICE_REV,其他服务收入,Business Revenue,Company Reported Layer,7612,RMB mn,RMB,1,Actual,Actual,SRC_CT_2022_RESULTS,High,,,,,
CT_20260803_P1,中国电信,中国电信股份有限公司,中国电信股份有限公司及其子公司,2022,Annual,DISC_GOODS_OTHER_REV,商品销售及其他收入,Business Revenue,Company Reported Layer,46520,RMB mn,RMB,1,Actual,Actual,SRC_CT_2022_RESULTS,High,,,,,
CT_20260803_P1,中国电信,中国电信股份有限公司,中国电信股份有限公司及其子公司,2022,Annual,DISC_TELECOM_CLOUD_REV,天翼云/行业云收入,Business Revenue,Company Reported Layer,57900,RMB mn,RMB,1,Actual,Actual,SRC_CT_2022_RESULTS,High,,,,,定义随年份演变，不能机械视为完全可比
CT_20260803_P1,中国电信,中国电信股份有限公司,中国电信股份有限公司及其子公司,2022,Annual,DISC_IDC_REV,IDC收入,Business Revenue,Company Reported Layer,33319,RMB mn,RMB,1,Actual,Actual,SRC_CT_2022_RESULTS,High,,,,,传统IDC口径，仅披露年份录入
CT_20260803_P1,中国电信,中国电信股份有限公司,中国电信股份有限公司及其子公司,2022,Annual,DISC_SECURITY_REV,安全收入,Business Revenue,Company Reported Layer,4700,RMB mn,RMB,1,Actual,Actual,SRC_CT_2022_RESULTS,High,,,,,
CT_20260803_P1,中国电信,中国电信股份有限公司,中国电信股份有限公司及其子公司,2022,Annual,DISC_REVENUE_BRIDGE_DIFF,公司披露收入桥接差异,Business Revenue,Company Reported Layer,0,RMB mn,RMB,1,Derived,Actual,SRC_CT_2022_RESULTS,High,营业收入-披露五类收入之和,,,,营业收入-五类披露收入之和；允许极小舍入差
CT_20260803_P1,中国电信,中国电信股份有限公司,中国电信股份有限公司及其子公司,2022,Annual,DISC_CROSSOVER_FLAG,披露口径交叉标记,Business Revenue,Company Reported Layer,云/AIDC/安全/智能等均属于或穿透产业数字化，禁止相加,text,,1,Actual,Actual,SRC_CT_2022_RESULTS,High,,,,,披露层说明
CT_20260803_P1,中国电信,中国电信股份有限公司,中国电信股份有限公司及其子公司,2022,Annual,OP_MOBILE_SUBS,移动用户,Operating KPIs,ToC,391.18,mn users,,1,Actual,Actual,SRC_CT_2022_RESULTS,High,,,,,年末用户
CT_20260803_P1,中国电信,中国电信股份有限公司,中国电信股份有限公司及其子公司,2022,Annual,OP_5G_PACKAGE_SUBS,5G套餐用户,Operating KPIs,ToC,267.96,mn users,,1,Actual,Actual,SRC_CT_2022_RESULTS,High,,,,,2020-2024主要披露口径
CT_20260803_P1,中国电信,中国电信股份有限公司,中国电信股份有限公司及其子公司,2022,Annual,OP_MOBILE_ARPU,移动ARPU,Operating KPIs,ToC,45.2,RMB/month,RMB,1,Actual,Actual,SRC_CT_2022_RESULTS,High,,,,,
CT_20260803_P1,中国电信,中国电信股份有限公司,中国电信股份有限公司及其子公司,2022,Annual,OP_DATA_TRAFFIC,手机上网流量,Operating KPIs,ToC,60193,kTB,,1,Actual,Actual,SRC_CT_2022_RESULTS,High,,,,,
CT_20260803_P1,中国电信,中国电信股份有限公司,中国电信股份有限公司及其子公司,2022,Annual,OP_BB_SUBS,有线宽带用户,Operating KPIs,Home,180.9,mn users,,1,Actual,Actual,SRC_CT_2022_RESULTS,High,,,,,
CT_20260803_P1,中国电信,中国电信股份有限公司,中国电信股份有限公司及其子公司,2022,Annual,OP_BB_ARPU,宽带综合ARPU,Operating KPIs,Home,46.3,RMB/month,RMB,1,Actual,Actual,SRC_CT_2022_RESULTS,High,,,,,采用宽带综合/融合ARPU
CT_20260803_P1,中国电信,中国电信股份有限公司,中国电信股份有限公司及其子公司,2022,Annual,OP_TV_SUBS,IPTV/天翼高清用户,Operating KPIs,Home,125.71,mn users,,1,Actual,Actual,SRC_CT_2022_RESULTS,High,,,,,
CT_20260803_P1,中国电信,中国电信股份有限公司,中国电信股份有限公司及其子公司,2022,Annual,OP_IOT_CONNECTIONS,物联网连接数,Operating KPIs,IoT,406.64,mn connections,,1,Actual,Actual,SRC_CT_2022_RESULTS,High,,,,,连接数不等于收入/利润
CT_20260803_P1,中国电信,中国电信股份有限公司,中国电信股份有限公司及其子公司,2022,Annual,OP_EMPLOYEES,员工总数,Operating KPIs,Employees,280683,persons,,1,Actual,Actual,SRC_CT_ESG_2023,High,,,,,ESG口径含合同制、非全日制、派遣及其他从业人员
CT_20260803_P1,中国电信,中国电信股份有限公司,中国电信股份有限公司及其子公司,2022,Annual,OP_MOBILE_NET_ADD,移动用户净增,Operating KPIs,ToC,18.75,mn users,,1,Derived,Actual,SRC_CT_2022_RESULTS,High,年末用户差,,,,本年末-上年末
CT_20260803_P1,中国电信,中国电信股份有限公司,中国电信股份有限公司及其子公司,2022,Annual,OP_BB_NET_ADD,有线宽带用户净增,Operating KPIs,Home,11.189999999999998,mn users,,1,Derived,Actual,SRC_CT_2022_RESULTS,High,年末用户差,,,,
CT_20260803_P1,中国电信,中国电信股份有限公司,中国电信股份有限公司及其子公司,2022,Annual,COST_PERSONNEL_RATE,人工成本率,Costs & Efficiency,Employees,0.17607716721224306,%,,1,Derived,Actual,SRC_CT_2022_RESULTS,High,人工成本/营业收入,,,,人工成本/营业收入
CT_20260803_P1,中国电信,中国电信股份有限公司,中国电信股份有限公司及其子公司,2022,Annual,COST_AVG_COMP,人均人工成本,Costs & Efficiency,Employees,302020.4287398952,RMB/person,RMB,1,Derived,Actual,SRC_CT_2022_RESULTS,High,人工成本/员工总数,,,,人工成本百万元转换为元/员工
CT_20260803_P1,中国电信,中国电信股份有限公司,中国电信股份有限公司及其子公司,2022,Annual,COST_SELLING_RATE,销售费用率,Costs & Efficiency,Group,0.10486283046144132,%,,1,Derived,Actual,SRC_CT_2022_RESULTS,High,销售费用/营业收入,,,,销售费用/营业收入
CT_20260803_P1,中国电信,中国电信股份有限公司,中国电信股份有限公司及其子公司,2022,Annual,DIV_DPS_TOTAL,全年DPS,Dividend & Market,Equity,0.196,RMB/share,RMB,1,Actual,Actual,SRC_CT_2022_RESULTS,High,,,,,税前人民币
CT_20260803_P1,中国电信,中国电信股份有限公司,中国电信股份有限公司及其子公司,2022,Annual,DIV_PAYOUT,派息率,Dividend & Market,Equity,0.6499981584098866,%,,1,Derived,Actual,SRC_CT_2022_RESULTS,High,DPS×期末股本/归母净利润,,,,DPS×期末股本/归母净利润，近似公司口径
CT_20260803_P1,中国电信,中国电信股份有限公司,中国电信股份有限公司及其子公司,2023,Annual,ENT_TOTAL_SHARES,期末总股本,Entity & Equity,Entity,91507138699,shares,,1,Actual,Actual,SRC_CT_2023_RESULTS,High,,,,,2021年A股发行后股本增加
CT_20260803_P1,中国电信,中国电信股份有限公司,中国电信股份有限公司及其子公司,2023,Annual,FIN_REV_TOTAL,营业收入,Income Statement,Group,513551,RMB mn,RMB,1,Actual,Actual,SRC_CT_2023_RESULTS,High,,,,,IFRS
CT_20260803_P1,中国电信,中国电信股份有限公司,中国电信股份有限公司及其子公司,2023,Annual,FIN_REV_SERVICE,服务收入,Income Statement,Group,464965,RMB mn,RMB,1,Actual,Actual,SRC_CT_2023_RESULTS,High,,,,,IFRS
CT_20260803_P1,中国电信,中国电信股份有限公司,中国电信股份有限公司及其子公司,2023,Annual,FIN_EBITDA,EBITDA,Income Statement,Group,136830,RMB mn,RMB,1,Actual,Actual,SRC_CT_2023_RESULTS,High,,,,,公司口径
CT_20260803_P1,中国电信,中国电信股份有限公司,中国电信股份有限公司及其子公司,2023,Annual,FIN_DA,折旧及摊销,Income Statement,Group,99702,RMB mn,RMB,1,Actual,Actual,SRC_CT_2023_RESULTS,High,,,,,IFRS
CT_20260803_P1,中国电信,中国电信股份有限公司,中国电信股份有限公司及其子公司,2023,Annual,FIN_NETWORK_OPEX,网络运营及支撑成本,Income Statement,Group,160411,RMB mn,RMB,1,Actual,Actual,SRC_CT_2023_RESULTS,High,,,,,IFRS
CT_20260803_P1,中国电信,中国电信股份有限公司,中国电信股份有限公司及其子公司,2023,Annual,FIN_SGA,销售、一般及管理费用,Income Statement,Group,66804,RMB mn,RMB,1,Actual,Actual,SRC_CT_2023_RESULTS,High,,,,,IFRS
CT_20260803_P1,中国电信,中国电信股份有限公司,中国电信股份有限公司及其子公司,2023,Annual,COST_SELLING,销售费用,Costs & Efficiency,Group,51195,RMB mn,RMB,1,Actual,Actual,SRC_CT_2023_RESULTS,High,,,,,官方可得的渠道成本代理；不等同于纯渠道费
CT_20260803_P1,中国电信,中国电信股份有限公司,中国电信股份有限公司及其子公司,2023,Annual,FIN_PERSONNEL,人工成本,Income Statement,Group,92805,RMB mn,RMB,1,Actual,Actual,SRC_CT_2023_RESULTS,High,,,,,IFRS
CT_20260803_P1,中国电信,中国电信股份有限公司,中国电信股份有限公司及其子公司,2023,Annual,FIN_OTHER_OPEX,其他经营费用,Income Statement,Group,56701,RMB mn,RMB,1,Actual,Actual,SRC_CT_2023_RESULTS,High,,,,,IFRS
CT_20260803_P1,中国电信,中国电信股份有限公司,中国电信股份有限公司及其子公司,2023,Annual,FIN_OPEX_TOTAL,经营费用合计,Income Statement,Group,476423,RMB mn,RMB,1,Actual,Actual,SRC_CT_2023_RESULTS,High,,,,,IFRS
CT_20260803_P1,中国电信,中国电信股份有限公司,中国电信股份有限公司及其子公司,2023,Annual,FIN_EBIT,经营利润,Income Statement,Group,37128,RMB mn,RMB,1,Actual,Actual,SRC_CT_2023_RESULTS,High,,,,,营业收入-经营费用
CT_20260803_P1,中国电信,中国电信股份有限公司,中国电信股份有限公司及其子公司,2023,Annual,FIN_NET_FINANCE,财务费用净额,Income Statement,Group,332,RMB mn,RMB,1,Actual,Actual,SRC_CT_2023_RESULTS,High,,,,,正数表示净费用
CT_20260803_P1,中国电信,中国电信股份有限公司,中国电信股份有限公司及其子公司,2023,Annual,FIN_PBT,税前利润,Income Statement,Group,39204,RMB mn,RMB,1,Actual,Actual,SRC_CT_2023_RESULTS,High,,,,,IFRS
CT_20260803_P1,中国电信,中国电信股份有限公司,中国电信股份有限公司及其子公司,2023,Annual,FIN_TAX,所得税,Income Statement,Group,8776,RMB mn,RMB,1,Actual,Actual,SRC_CT_2023_RESULTS,High,,,,,IFRS
CT_20260803_P1,中国电信,中国电信股份有限公司,中国电信股份有限公司及其子公司,2023,Annual,FIN_PROFIT_YEAR,本年利润,Income Statement,Group,30428,RMB mn,RMB,1,Actual,Actual,SRC_CT_2023_RESULTS,High,,,,,IFRS
CT_20260803_P1,中国电信,中国电信股份有限公司,中国电信股份有限公司及其子公司,2023,Annual,FIN_NP_ATTR,归母净利润,Income Statement,Group,30446,RMB mn,RMB,1,Actual,Actual,SRC_CT_2023_RESULTS,High,,,,,IFRS
CT_20260803_P1,中国电信,中国电信股份有限公司,中国电信股份有限公司及其子公司,2023,Annual,FIN_REV_NONSERVICE,非服务收入,Income Statement,Group,48586,RMB mn,RMB,1,Derived,Actual,SRC_CT_2023_RESULTS,High,营业收入-服务收入,,,,营业收入-服务收入
CT_20260803_P1,中国电信,中国电信股份有限公司,中国电信股份有限公司及其子公司,2023,Annual,FIN_EBITDA_MARGIN,EBITDA率,Income Statement,Group,0.2942802146398116,%,,1,Derived,Actual,SRC_CT_2023_RESULTS,High,EBITDA/服务收入,,,,EBITDA/服务收入
CT_20260803_P1,中国电信,中国电信股份有限公司,中国电信股份有限公司及其子公司,2023,Annual,FIN_INVESTMENT_INCOME,投资收益及联营合营贡献,Income Statement,Group,2408,RMB mn,RMB,1,Derived,Actual,SRC_CT_2023_RESULTS,High,税前利润-经营利润+净财务费用,,,,由税前利润与经营利润桥接
CT_20260803_P1,中国电信,中国电信股份有限公司,中国电信股份有限公司及其子公司,2023,Annual,FIN_TAX_RATE,实际税率,Income Statement,Group,0.22385470870319354,%,,1,Derived,Actual,SRC_CT_2023_RESULTS,High,所得税/税前利润,,,,所得税/税前利润
CT_20260803_P1,中国电信,中国电信股份有限公司,中国电信股份有限公司及其子公司,2023,Annual,FIN_NP_NCI,少数股东损益,Income Statement,Group,-18,RMB mn,RMB,1,Derived,Actual,SRC_CT_2023_RESULTS,High,本年利润-归母净利润,,,,本年利润-归母净利润
CT_20260803_P1,中国电信,中国电信股份有限公司,中国电信股份有限公司及其子公司,2023,Annual,FIN_EPS_BASIC,基本每股收益,Income Statement,Group,0.3327172112784324,RMB/share,RMB,1,Derived,Actual,SRC_CT_2023_RESULTS,High,归母净利润/期末股本（简化）,,,,归母净利润/加权股本，模型使用简化期末股本
CT_20260803_P1,中国电信,中国电信股份有限公司,中国电信股份有限公司及其子公司,2023,Annual,FIN_ROE,ROE,Income Statement,Group,0.06958966417718554,%,,1,Derived,Actual,SRC_CT_2023_RESULTS,High,归母净利润/平均归母权益,,,,归母净利润/平均归母权益
CT_20260803_P1,中国电信,中国电信股份有限公司,中国电信股份有限公司及其子公司,2023,Annual,FIN_ROA,ROA,Income Statement,Group,0.03704992722900715,%,,1,Derived,Actual,SRC_CT_2023_RESULTS,High,归母净利润/平均总资产,,,,归母净利润/平均总资产
CT_20260803_P1,中国电信,中国电信股份有限公司,中国电信股份有限公司及其子公司,2023,Annual,FIN_NET_MARGIN,归母净利率,Income Statement,Group,0.05928525112403637,%,,1,Derived,Actual,SRC_CT_2023_RESULTS,High,归母净利润/营业收入,,,,归母净利润/营业收入
CT_20260803_P1,中国电信,中国电信股份有限公司,中国电信股份有限公司及其子公司,2023,Annual,BS_CURRENT_ASSETS,流动资产,Balance Sheet,Group,167863,RMB mn,RMB,1,Actual,Actual,SRC_CT_2023_RESULTS,High,,,,,
CT_20260803_P1,中国电信,中国电信股份有限公司,中国电信股份有限公司及其子公司,2023,Annual,BS_NONCURRENT_ASSETS,非流动资产,Balance Sheet,Group,667951,RMB mn,RMB,1,Actual,Actual,SRC_CT_2023_RESULTS,High,,,,,
CT_20260803_P1,中国电信,中国电信股份有限公司,中国电信股份有限公司及其子公司,2023,Annual,BS_TOTAL_ASSETS,总资产,Balance Sheet,Group,835814,RMB mn,RMB,1,Actual,Actual,SRC_CT_2023_RESULTS,High,,,,,
CT_20260803_P1,中国电信,中国电信股份有限公司,中国电信股份有限公司及其子公司,2023,Annual,BS_CURRENT_LIAB,流动负债,Balance Sheet,Group,303436,RMB mn,RMB,1,Actual,Actual,SRC_CT_2023_RESULTS,High,,,,,
CT_20260803_P1,中国电信,中国电信股份有限公司,中国电信股份有限公司及其子公司,2023,Annual,BS_NONCURRENT_LIAB,非流动负债,Balance Sheet,Group,85211,RMB mn,RMB,1,Actual,Actual,SRC_CT_2023_RESULTS,High,,,,,
CT_20260803_P1,中国电信,中国电信股份有限公司,中国电信股份有限公司及其子公司,2023,Annual,BS_TOTAL_LIAB,总负债,Balance Sheet,Group,388647,RMB mn,RMB,1,Actual,Actual,SRC_CT_2023_RESULTS,High,,,,,
CT_20260803_P1,中国电信,中国电信股份有限公司,中国电信股份有限公司及其子公司,2023,Annual,BS_EQUITY_ATTR,归母权益,Balance Sheet,Group,442926,RMB mn,RMB,1,Actual,Actual,SRC_CT_2023_RESULTS,High,,,,,
CT_20260803_P1,中国电信,中国电信股份有限公司,中国电信股份有限公司及其子公司,2023,Annual,ENT_NCI,少数股东权益,Balance Sheet,Group,4241,RMB mn,RMB,1,Actual,Actual,SRC_CT_2023_RESULTS,High,,,,,
CT_20260803_P1,中国电信,中国电信股份有限公司,中国电信股份有限公司及其子公司,2023,Annual,BS_EQUITY_TOTAL,权益合计,Balance Sheet,Group,447167,RMB mn,RMB,1,Actual,Actual,SRC_CT_2023_RESULTS,High,,,,,
CT_20260803_P1,中国电信,中国电信股份有限公司,中国电信股份有限公司及其子公司,2023,Annual,BS_CASH,现金及现金等价物,Balance Sheet,Group,81046,RMB mn,RMB,1,Actual,Actual,SRC_CT_2023_RESULTS,High,,,,,
CT_20260803_P1,中国电信,中国电信股份有限公司,中国电信股份有限公司及其子公司,2023,Annual,BS_SHORT_DEPOSITS_RESTRICTED,短期存款及受限资金,Balance Sheet,Group,10805,RMB mn,RMB,1,Actual,Actual,SRC_CT_2023_RESULTS,High,,,,,
CT_20260803_P1,中国电信,中国电信股份有限公司,中国电信股份有限公司及其子公司,2023,Annual,BS_SHORT_DEBT,短期债务,Balance Sheet,Group,2867,RMB mn,RMB,1,Actual,Actual,SRC_CT_2023_RESULTS,High,,,,,
CT_20260803_P1,中国电信,中国电信股份有限公司,中国电信股份有限公司及其子公司,2023,Annual,BS_CURRENT_LONG_DEBT,一年内到期长期债务,Balance Sheet,Group,1133,RMB mn,RMB,1,Actual,Actual,SRC_CT_2023_RESULTS,High,,,,,
CT_20260803_P1,中国电信,中国电信股份有限公司,中国电信股份有限公司及其子公司,2023,Annual,BS_LONG_DEBT,长期债务,Balance Sheet,Group,5142,RMB mn,RMB,1,Actual,Actual,SRC_CT_2023_RESULTS,High,,,,,
CT_20260803_P1,中国电信,中国电信股份有限公司,中国电信股份有限公司及其子公司,2023,Annual,BS_LEASE_LIAB_CURRENT,流动租赁负债,Balance Sheet,Group,13399,RMB mn,RMB,1,Actual,Actual,SRC_CT_2023_RESULTS,High,,,,,
CT_20260803_P1,中国电信,中国电信股份有限公司,中国电信股份有限公司及其子公司,2023,Annual,BS_LEASE_LIAB_NONCURRENT,非流动租赁负债,Balance Sheet,Group,42650,RMB mn,RMB,1,Actual,Actual,SRC_CT_2023_RESULTS,High,,,,,
CT_20260803_P1,中国电信,中国电信股份有限公司,中国电信股份有限公司及其子公司,2023,Annual,BS_AR_GROSS,应收账款原值,Balance Sheet,Group,40448,RMB mn,RMB,1,Actual,Actual,SRC_CT_2023_RESULTS,High,,,,,含非客户应收
CT_20260803_P1,中国电信,中国电信股份有限公司,中国电信股份有限公司及其子公司,2023,Annual,BS_AR_ALLOWANCE,应收账款信用损失准备,Balance Sheet,Group,8238,RMB mn,RMB,1,Actual,Actual,SRC_CT_2023_RESULTS,High,,,,,
CT_20260803_P1,中国电信,中国电信股份有限公司,中国电信股份有限公司及其子公司,2023,Annual,BS_AR_NET,应收账款净额,Balance Sheet,Group,32210,RMB mn,RMB,1,Actual,Actual,SRC_CT_2023_RESULTS,High,,,,,
CT_20260803_P1,中国电信,中国电信股份有限公司,中国电信股份有限公司及其子公司,2023,Annual,BS_CONTRACT_ASSET_GROSS,合同资产原值,Balance Sheet,Group,4930,RMB mn,RMB,1,Actual,Actual,SRC_CT_2023_RESULTS,High,,,,,
CT_20260803_P1,中国电信,中国电信股份有限公司,中国电信股份有限公司及其子公司,2023,Annual,BS_CONTRACT_ASSET_ALLOWANCE,合同资产减值准备,Balance Sheet,Group,265,RMB mn,RMB,1,Actual,Actual,SRC_CT_2023_RESULTS,High,,,,,
CT_20260803_P1,中国电信,中国电信股份有限公司,中国电信股份有限公司及其子公司,2023,Annual,BS_CONTRACT_ASSET_NET,合同资产净额,Balance Sheet,Group,4665,RMB mn,RMB,1,Actual,Actual,SRC_CT_2023_RESULTS,High,,,,,
CT_20260803_P1,中国电信,中国电信股份有限公司,中国电信股份有限公司及其子公司,2023,Annual,BS_GROSS_DEBT,有息债务合计,Balance Sheet,Group,9142,RMB mn,RMB,1,Derived,Actual,SRC_CT_2023_RESULTS,High,短期债务+一年内到期长期债务+长期债务,,,,短债+一年内到期+长期债务
CT_20260803_P1,中国电信,中国电信股份有限公司,中国电信股份有限公司及其子公司,2023,Annual,BS_LEASE_LIAB_TOTAL,租赁负债合计,Balance Sheet,Group,56049,RMB mn,RMB,1,Derived,Actual,SRC_CT_2023_RESULTS,High,流动+非流动租赁负债,,,,流动+非流动
CT_20260803_P1,中国电信,中国电信股份有限公司,中国电信股份有限公司及其子公司,2023,Annual,BS_NET_CASH_CORE,核心净现金,Balance Sheet,Group,26660,RMB mn,RMB,1,Derived,Actual,SRC_CT_2023_RESULTS,High,现金+短存及受限资金-有息债务-租赁负债,,,,现金+短存-有息债务-租赁负债
CT_20260803_P1,中国电信,中国电信股份有限公司,中国电信股份有限公司及其子公司,2023,Annual,COST_AR_IMPAIR_RATE,应收账款准备率,Costs & Efficiency,Group,0.2036689082278481,%,,1,Derived,Actual,SRC_CT_2023_RESULTS,High,应收准备/应收原值,,,,准备/原值
CT_20260803_P1,中国电信,中国电信股份有限公司,中国电信股份有限公司及其子公司,2023,Annual,COST_CONTRACT_IMPAIR_RATE,合同资产减值率,Costs & Efficiency,Group,0.0537525354969574,%,,1,Derived,Actual,SRC_CT_2023_RESULTS,High,合同资产准备/合同资产原值,,,,准备/原值
CT_20260803_P1,中国电信,中国电信股份有限公司,中国电信股份有限公司及其子公司,2023,Annual,CF_CFO,经营活动现金流净额,Cash Flow & Capex,Group,137508,RMB mn,RMB,1,Actual,Actual,SRC_CT_2023_RESULTS,High,,,,,
CT_20260803_P1,中国电信,中国电信股份有限公司,中国电信股份有限公司及其子公司,2023,Annual,CF_CAPEX,资本开支,Cash Flow & Capex,Group,98838,RMB mn,RMB,1,Actual,Actual,SRC_CT_2023_RESULTS,High,,,,,公司披露口径，与现金流量表购建支付存在时点差
CT_20260803_P1,中国电信,中国电信股份有限公司,中国电信股份有限公司及其子公司,2023,Annual,CF_INVESTING,投资活动现金流净额,Cash Flow & Capex,Group,-95492,RMB mn,RMB,1,Actual,Actual,SRC_CT_2023_RESULTS,High,,,,,
CT_20260803_P1,中国电信,中国电信股份有限公司,中国电信股份有限公司及其子公司,2023,Annual,CF_FINANCING,筹资活动现金流净额,Cash Flow & Capex,Group,-33477,RMB mn,RMB,1,Actual,Actual,SRC_CT_2023_RESULTS,High,,,,,
CT_20260803_P1,中国电信,中国电信股份有限公司,中国电信股份有限公司及其子公司,2023,Annual,CF_LEASE_CASH_OUTFLOW,租赁现金流出,Cash Flow & Capex,Group,23068,RMB mn,RMB,1,Actual,Actual,SRC_CT_2023_RESULTS,High,,,,,含租赁相关现金流，非租赁本金
CT_20260803_P1,中国电信,中国电信股份有限公司,中国电信股份有限公司及其子公司,2023,Annual,CF_FCF_COMPANY,公司披露自由现金流,Cash Flow & Capex,Group,13000,RMB mn,RMB,1,Actual,Actual,SRC_CT_2023_RESULTS,High,,,,,按公司非GAAP定义
CT_20260803_P1,中国电信,中国电信股份有限公司,中国电信股份有限公司及其子公司,2023,Annual,COST_IMPAIR_FIN,减值损失,Costs & Efficiency,Group,3507,RMB mn,RMB,1,Actual,Actual,SRC_CT_2023_RESULTS,High,,,,,CAS口径；年份间科目定义需复核
CT_20260803_P1,中国电信,中国电信股份有限公司,中国电信股份有限公司及其子公司,2023,Annual,CF_CAPEX_RATE,资本开支率,Cash Flow & Capex,Group,0.19245995042361908,%,,1,Derived,Actual,SRC_CT_2023_RESULTS,High,资本开支/营业收入,,,,资本开支/营业收入
CT_20260803_P1,中国电信,中国电信股份有限公司,中国电信股份有限公司及其子公司,2023,Annual,CF_CFO_NP_RATIO,经营现金流/归母净利润,Cash Flow & Capex,Group,4.516455363594561,x,,1,Derived,Actual,SRC_CT_2023_RESULTS,High,经营现金流/归母净利润,,,,
CT_20260803_P1,中国电信,中国电信股份有限公司,中国电信股份有限公司及其子公司,2023,Annual,CF_FCF_MARGIN,公司自由现金流率,Cash Flow & Capex,Group,0.025313941555950625,%,,1,Derived,Actual,SRC_CT_2023_RESULTS,High,公司披露FCF/营业收入,,,,公司FCF/营业收入
CT_20260803_P1,中国电信,中国电信股份有限公司,中国电信股份有限公司及其子公司,2023,Annual,DISC_MOBILE_SERVICE_REV,移动通信服务收入,Business Revenue,Company Reported Layer,195660,RMB mn,RMB,1,Actual,Actual,SRC_CT_2023_RESULTS,High,,,,,
CT_20260803_P1,中国电信,中国电信股份有限公司,中国电信股份有限公司及其子公司,2023,Annual,DISC_WIRELINE_SMART_HOME_REV,固网及智慧家庭收入,Business Revenue,Company Reported Layer,123063,RMB mn,RMB,1,Actual,Actual,SRC_CT_2023_RESULTS,High,,,,,
CT_20260803_P1,中国电信,中国电信股份有限公司,中国电信股份有限公司及其子公司,2023,Annual,DISC_INDUSTRIAL_DIGITAL_REV,产业数字化收入,Business Revenue,Company Reported Layer,138890,RMB mn,RMB,1,Actual,Actual,SRC_CT_2023_RESULTS,High,,,,,
CT_20260803_P1,中国电信,中国电信股份有限公司,中国电信股份有限公司及其子公司,2023,Annual,DISC_OTHER_SERVICE_REV,其他服务收入,Business Revenue,Company Reported Layer,7352,RMB mn,RMB,1,Actual,Actual,SRC_CT_2023_RESULTS,High,,,,,
CT_20260803_P1,中国电信,中国电信股份有限公司,中国电信股份有限公司及其子公司,2023,Annual,DISC_GOODS_OTHER_REV,商品销售及其他收入,Business Revenue,Company Reported Layer,48586,RMB mn,RMB,1,Actual,Actual,SRC_CT_2023_RESULTS,High,,,,,
CT_20260803_P1,中国电信,中国电信股份有限公司,中国电信股份有限公司及其子公司,2023,Annual,DISC_TELECOM_CLOUD_REV,天翼云/行业云收入,Business Revenue,Company Reported Layer,97200,RMB mn,RMB,1,Actual,Actual,SRC_CT_2023_RESULTS,High,,,,,定义随年份演变，不能机械视为完全可比
CT_20260803_P1,中国电信,中国电信股份有限公司,中国电信股份有限公司及其子公司,2023,Annual,DISC_INTERNATIONAL_REV,国际业务收入,Business Revenue,Company Reported Layer,13700,RMB mn,RMB,1,Actual,Actual,SRC_CT_2023_RESULTS,High,,,,,
CT_20260803_P1,中国电信,中国电信股份有限公司,中国电信股份有限公司及其子公司,2023,Annual,DISC_REVENUE_BRIDGE_DIFF,公司披露收入桥接差异,Business Revenue,Company Reported Layer,0,RMB mn,RMB,1,Derived,Actual,SRC_CT_2023_RESULTS,High,营业收入-披露五类收入之和,,,,营业收入-五类披露收入之和；允许极小舍入差
CT_20260803_P1,中国电信,中国电信股份有限公司,中国电信股份有限公司及其子公司,2023,Annual,DISC_CROSSOVER_FLAG,披露口径交叉标记,Business Revenue,Company Reported Layer,云/AIDC/安全/智能等均属于或穿透产业数字化，禁止相加,text,,1,Actual,Actual,SRC_CT_2023_RESULTS,High,,,,,披露层说明
CT_20260803_P1,中国电信,中国电信股份有限公司,中国电信股份有限公司及其子公司,2023,Annual,OP_MOBILE_SUBS,移动用户,Operating KPIs,ToC,407.77,mn users,,1,Actual,Actual,SRC_CT_2023_RESULTS,High,,,,,年末用户
CT_20260803_P1,中国电信,中国电信股份有限公司,中国电信股份有限公司及其子公司,2023,Annual,OP_5G_PACKAGE_SUBS,5G套餐用户,Operating KPIs,ToC,318.66,mn users,,1,Actual,Actual,SRC_CT_2023_RESULTS,High,,,,,2020-2024主要披露口径
CT_20260803_P1,中国电信,中国电信股份有限公司,中国电信股份有限公司及其子公司,2023,Annual,OP_MOBILE_ARPU,移动ARPU,Operating KPIs,ToC,45.4,RMB/month,RMB,1,Actual,Actual,SRC_CT_2023_RESULTS,High,,,,,
CT_20260803_P1,中国电信,中国电信股份有限公司,中国电信股份有限公司及其子公司,2023,Annual,OP_DATA_TRAFFIC,手机上网流量,Operating KPIs,ToC,72772,kTB,,1,Actual,Actual,SRC_CT_2023_RESULTS,High,,,,,
CT_20260803_P1,中国电信,中国电信股份有限公司,中国电信股份有限公司及其子公司,2023,Annual,OP_BB_SUBS,有线宽带用户,Operating KPIs,Home,190.16,mn users,,1,Actual,Actual,SRC_CT_2023_RESULTS,High,,,,,
CT_20260803_P1,中国电信,中国电信股份有限公司,中国电信股份有限公司及其子公司,2023,Annual,OP_BB_ARPU,宽带综合ARPU,Operating KPIs,Home,47.6,RMB/month,RMB,1,Actual,Actual,SRC_CT_2023_RESULTS,High,,,,,采用宽带综合/融合ARPU
CT_20260803_P1,中国电信,中国电信股份有限公司,中国电信股份有限公司及其子公司,2023,Annual,OP_TV_SUBS,IPTV/天翼高清用户,Operating KPIs,Home,127.81,mn users,,1,Actual,Actual,SRC_CT_2023_RESULTS,High,,,,,
CT_20260803_P1,中国电信,中国电信股份有限公司,中国电信股份有限公司及其子公司,2023,Annual,OP_IOT_CONNECTIONS,物联网连接数,Operating KPIs,IoT,526.74,mn connections,,1,Actual,Actual,SRC_CT_2023_RESULTS,High,,,,,连接数不等于收入/利润
CT_20260803_P1,中国电信,中国电信股份有限公司,中国电信股份有限公司及其子公司,2023,Annual,OP_EMPLOYEES,员工总数,Operating KPIs,Employees,278539,persons,,1,Actual,Actual,SRC_CT_ESG_2023,High,,,,,ESG口径含合同制、非全日制、派遣及其他从业人员
CT_20260803_P1,中国电信,中国电信股份有限公司,中国电信股份有限公司及其子公司,2023,Annual,OP_MOBILE_NET_ADD,移动用户净增,Operating KPIs,ToC,16.589999999999975,mn users,,1,Derived,Actual,SRC_CT_2023_RESULTS,High,年末用户差,,,,本年末-上年末
CT_20260803_P1,中国电信,中国电信股份有限公司,中国电信股份有限公司及其子公司,2023,Annual,OP_BB_NET_ADD,有线宽带用户净增,Operating KPIs,Home,9.259999999999991,mn users,,1,Derived,Actual,SRC_CT_2023_RESULTS,High,年末用户差,,,,
CT_20260803_P1,中国电信,中国电信股份有限公司,中国电信股份有限公司及其子公司,2023,Annual,COST_PERSONNEL_RATE,人工成本率,Costs & Efficiency,Employees,0.18071233431538444,%,,1,Derived,Actual,SRC_CT_2023_RESULTS,High,人工成本/营业收入,,,,人工成本/营业收入
CT_20260803_P1,中国电信,中国电信股份有限公司,中国电信股份有限公司及其子公司,2023,Annual,COST_AVG_COMP,人均人工成本,Costs & Efficiency,Employees,333184.93999045016,RMB/person,RMB,1,Derived,Actual,SRC_CT_2023_RESULTS,High,人工成本/员工总数,,,,人工成本百万元转换为元/员工
CT_20260803_P1,中国电信,中国电信股份有限公司,中国电信股份有限公司及其子公司,2023,Annual,COST_SELLING_RATE,销售费用率,Costs & Efficiency,Group,0.0996882490736071,%,,1,Derived,Actual,SRC_CT_2023_RESULTS,High,销售费用/营业收入,,,,销售费用/营业收入
CT_20260803_P1,中国电信,中国电信股份有限公司,中国电信股份有限公司及其子公司,2023,Annual,DIV_DPS_TOTAL,全年DPS,Dividend & Market,Equity,0.2332,RMB/share,RMB,1,Actual,Actual,SRC_CT_2023_RESULTS,High,,,,,税前人民币
CT_20260803_P1,中国电信,中国电信股份有限公司,中国电信股份有限公司及其子公司,2023,Annual,DIV_PAYOUT,派息率,Dividend & Market,Equity,0.7008955115485385,%,,1,Derived,Actual,SRC_CT_2023_RESULTS,High,DPS×期末股本/归母净利润,,,,DPS×期末股本/归母净利润，近似公司口径
CT_20260803_P1,中国电信,中国电信股份有限公司,中国电信股份有限公司及其子公司,2024,Annual,ENT_TOTAL_SHARES,期末总股本,Entity & Equity,Entity,91507138699,shares,,1,Actual,Actual,SRC_CT_2024_RESULTS,High,,,,,2021年A股发行后股本增加
CT_20260803_P1,中国电信,中国电信股份有限公司,中国电信股份有限公司及其子公司,2024,Annual,FIN_REV_TOTAL,营业收入,Income Statement,Group,529417,RMB mn,RMB,1,Actual,Actual,SRC_CT_2024_RESULTS,High,,,,,IFRS
CT_20260803_P1,中国电信,中国电信股份有限公司,中国电信股份有限公司及其子公司,2024,Annual,FIN_REV_SERVICE,服务收入,Income Statement,Group,482033,RMB mn,RMB,1,Actual,Actual,SRC_CT_2024_RESULTS,High,,,,,IFRS
CT_20260803_P1,中国电信,中国电信股份有限公司,中国电信股份有限公司及其子公司,2024,Annual,FIN_EBITDA,EBITDA,Income Statement,Group,140847,RMB mn,RMB,1,Actual,Actual,SRC_CT_2024_RESULTS,High,,,,,公司口径
CT_20260803_P1,中国电信,中国电信股份有限公司,中国电信股份有限公司及其子公司,2024,Annual,FIN_DA,折旧及摊销,Income Statement,Group,101044,RMB mn,RMB,1,Actual,Actual,SRC_CT_2024_RESULTS,High,,,,,IFRS
CT_20260803_P1,中国电信,中国电信股份有限公司,中国电信股份有限公司及其子公司,2024,Annual,FIN_NETWORK_OPEX,网络运营及支撑成本,Income Statement,Group,165598,RMB mn,RMB,1,Actual,Actual,SRC_CT_2024_RESULTS,High,,,,,IFRS
CT_20260803_P1,中国电信,中国电信股份有限公司,中国电信股份有限公司及其子公司,2024,Annual,FIN_SGA,销售、一般及管理费用,Income Statement,Group,66663,RMB mn,RMB,1,Actual,Actual,SRC_CT_2024_RESULTS,High,,,,,IFRS
CT_20260803_P1,中国电信,中国电信股份有限公司,中国电信股份有限公司及其子公司,2024,Annual,COST_SELLING,销售费用,Costs & Efficiency,Group,50161,RMB mn,RMB,1,Actual,Actual,SRC_CT_2024_RESULTS,High,,,,,官方可得的渠道成本代理；不等同于纯渠道费
CT_20260803_P1,中国电信,中国电信股份有限公司,中国电信股份有限公司及其子公司,2024,Annual,FIN_PERSONNEL,人工成本,Income Statement,Group,98279,RMB mn,RMB,1,Actual,Actual,SRC_CT_2024_RESULTS,High,,,,,IFRS
CT_20260803_P1,中国电信,中国电信股份有限公司,中国电信股份有限公司及其子公司,2024,Annual,FIN_OTHER_OPEX,其他经营费用,Income Statement,Group,58030,RMB mn,RMB,1,Actual,Actual,SRC_CT_2024_RESULTS,High,,,,,IFRS
CT_20260803_P1,中国电信,中国电信股份有限公司,中国电信股份有限公司及其子公司,2024,Annual,FIN_OPEX_TOTAL,经营费用合计,Income Statement,Group,489614,RMB mn,RMB,1,Actual,Actual,SRC_CT_2024_RESULTS,High,,,,,IFRS
CT_20260803_P1,中国电信,中国电信股份有限公司,中国电信股份有限公司及其子公司,2024,Annual,FIN_EBIT,经营利润,Income Statement,Group,39803,RMB mn,RMB,1,Actual,Actual,SRC_CT_2024_RESULTS,High,,,,,营业收入-经营费用
CT_20260803_P1,中国电信,中国电信股份有限公司,中国电信股份有限公司及其子公司,2024,Annual,FIN_NET_FINANCE,财务费用净额,Income Statement,Group,228,RMB mn,RMB,1,Actual,Actual,SRC_CT_2024_RESULTS,High,,,,,正数表示净费用
CT_20260803_P1,中国电信,中国电信股份有限公司,中国电信股份有限公司及其子公司,2024,Annual,FIN_PBT,税前利润,Income Statement,Group,42172,RMB mn,RMB,1,Actual,Actual,SRC_CT_2024_RESULTS,High,,,,,IFRS
CT_20260803_P1,中国电信,中国电信股份有限公司,中国电信股份有限公司及其子公司,2024,Annual,FIN_TAX,所得税,Income Statement,Group,9197,RMB mn,RMB,1,Actual,Actual,SRC_CT_2024_RESULTS,High,,,,,IFRS
CT_20260803_P1,中国电信,中国电信股份有限公司,中国电信股份有限公司及其子公司,2024,Annual,FIN_PROFIT_YEAR,本年利润,Income Statement,Group,32975,RMB mn,RMB,1,Actual,Actual,SRC_CT_2024_RESULTS,High,,,,,IFRS
CT_20260803_P1,中国电信,中国电信股份有限公司,中国电信股份有限公司及其子公司,2024,Annual,FIN_NP_ATTR,归母净利润,Income Statement,Group,33012,RMB mn,RMB,1,Actual,Actual,SRC_CT_2024_RESULTS,High,,,,,IFRS
CT_20260803_P1,中国电信,中国电信股份有限公司,中国电信股份有限公司及其子公司,2024,Annual,FIN_REV_NONSERVICE,非服务收入,Income Statement,Group,47384,RMB mn,RMB,1,Derived,Actual,SRC_CT_2024_RESULTS,High,营业收入-服务收入,,,,营业收入-服务收入
CT_20260803_P1,中国电信,中国电信股份有限公司,中国电信股份有限公司及其子公司,2024,Annual,FIN_EBITDA_MARGIN,EBITDA率,Income Statement,Group,0.2921936879840177,%,,1,Derived,Actual,SRC_CT_2024_RESULTS,High,EBITDA/服务收入,,,,EBITDA/服务收入
CT_20260803_P1,中国电信,中国电信股份有限公司,中国电信股份有限公司及其子公司,2024,Annual,FIN_INVESTMENT_INCOME,投资收益及联营合营贡献,Income Statement,Group,2597,RMB mn,RMB,1,Derived,Actual,SRC_CT_2024_RESULTS,High,税前利润-经营利润+净财务费用,,,,由税前利润与经营利润桥接
CT_20260803_P1,中国电信,中国电信股份有限公司,中国电信股份有限公司及其子公司,2024,Annual,FIN_TAX_RATE,实际税率,Income Statement,Group,0.2180830883050365,%,,1,Derived,Actual,SRC_CT_2024_RESULTS,High,所得税/税前利润,,,,所得税/税前利润
CT_20260803_P1,中国电信,中国电信股份有限公司,中国电信股份有限公司及其子公司,2024,Annual,FIN_NP_NCI,少数股东损益,Income Statement,Group,-37,RMB mn,RMB,1,Derived,Actual,SRC_CT_2024_RESULTS,High,本年利润-归母净利润,,,,本年利润-归母净利润
CT_20260803_P1,中国电信,中国电信股份有限公司,中国电信股份有限公司及其子公司,2024,Annual,FIN_EPS_BASIC,基本每股收益,Income Statement,Group,0.36075873936555247,RMB/share,RMB,1,Derived,Actual,SRC_CT_2024_RESULTS,High,归母净利润/期末股本（简化）,,,,归母净利润/加权股本，模型使用简化期末股本
CT_20260803_P1,中国电信,中国电信股份有限公司,中国电信股份有限公司及其子公司,2024,Annual,FIN_ROE,ROE,Income Statement,Group,0.07374379548673318,%,,1,Derived,Actual,SRC_CT_2024_RESULTS,High,归母净利润/平均归母权益,,,,归母净利润/平均归母权益
CT_20260803_P1,中国电信,中国电信股份有限公司,中国电信股份有限公司及其子公司,2024,Annual,FIN_ROA,ROA,Income Statement,Group,0.038782006286275164,%,,1,Derived,Actual,SRC_CT_2024_RESULTS,High,归母净利润/平均总资产,,,,归母净利润/平均总资产
CT_20260803_P1,中国电信,中国电信股份有限公司,中国电信股份有限公司及其子公司,2024,Annual,FIN_NET_MARGIN,归母净利率,Income Statement,Group,0.06235538337454218,%,,1,Derived,Actual,SRC_CT_2024_RESULTS,High,归母净利润/营业收入,,,,归母净利润/营业收入
CT_20260803_P1,中国电信,中国电信股份有限公司,中国电信股份有限公司及其子公司,2024,Annual,BS_CURRENT_ASSETS,流动资产,Balance Sheet,Group,188125,RMB mn,RMB,1,Actual,Actual,SRC_CT_2024_RESULTS,High,,,,,
CT_20260803_P1,中国电信,中国电信股份有限公司,中国电信股份有限公司及其子公司,2024,Annual,BS_NONCURRENT_ASSETS,非流动资产,Balance Sheet,Group,678500,RMB mn,RMB,1,Actual,Actual,SRC_CT_2024_RESULTS,High,,,,,
CT_20260803_P1,中国电信,中国电信股份有限公司,中国电信股份有限公司及其子公司,2024,Annual,BS_TOTAL_ASSETS,总资产,Balance Sheet,Group,866625,RMB mn,RMB,1,Actual,Actual,SRC_CT_2024_RESULTS,High,,,,,
CT_20260803_P1,中国电信,中国电信股份有限公司,中国电信股份有限公司及其子公司,2024,Annual,BS_CURRENT_LIAB,流动负债,Balance Sheet,Group,325377,RMB mn,RMB,1,Actual,Actual,SRC_CT_2024_RESULTS,High,,,,,
CT_20260803_P1,中国电信,中国电信股份有限公司,中国电信股份有限公司及其子公司,2024,Annual,BS_NONCURRENT_LIAB,非流动负债,Balance Sheet,Group,84696,RMB mn,RMB,1,Actual,Actual,SRC_CT_2024_RESULTS,High,,,,,
CT_20260803_P1,中国电信,中国电信股份有限公司,中国电信股份有限公司及其子公司,2024,Annual,BS_TOTAL_LIAB,总负债,Balance Sheet,Group,410073,RMB mn,RMB,1,Actual,Actual,SRC_CT_2024_RESULTS,High,,,,,
CT_20260803_P1,中国电信,中国电信股份有限公司,中国电信股份有限公司及其子公司,2024,Annual,BS_EQUITY_ATTR,归母权益,Balance Sheet,Group,452390,RMB mn,RMB,1,Actual,Actual,SRC_CT_2024_RESULTS,High,,,,,
CT_20260803_P1,中国电信,中国电信股份有限公司,中国电信股份有限公司及其子公司,2024,Annual,ENT_NCI,少数股东权益,Balance Sheet,Group,4162,RMB mn,RMB,1,Actual,Actual,SRC_CT_2024_RESULTS,High,,,,,
CT_20260803_P1,中国电信,中国电信股份有限公司,中国电信股份有限公司及其子公司,2024,Annual,BS_EQUITY_TOTAL,权益合计,Balance Sheet,Group,456552,RMB mn,RMB,1,Actual,Actual,SRC_CT_2024_RESULTS,High,,,,,
CT_20260803_P1,中国电信,中国电信股份有限公司,中国电信股份有限公司及其子公司,2024,Annual,BS_CASH,现金及现金等价物,Balance Sheet,Group,82207,RMB mn,RMB,1,Actual,Actual,SRC_CT_2024_RESULTS,High,,,,,
CT_20260803_P1,中国电信,中国电信股份有限公司,中国电信股份有限公司及其子公司,2024,Annual,BS_SHORT_DEPOSITS_RESTRICTED,短期存款及受限资金,Balance Sheet,Group,19802,RMB mn,RMB,1,Actual,Actual,SRC_CT_2024_RESULTS,High,,,,,
CT_20260803_P1,中国电信,中国电信股份有限公司,中国电信股份有限公司及其子公司,2024,Annual,BS_SHORT_DEBT,短期债务,Balance Sheet,Group,2835,RMB mn,RMB,1,Actual,Actual,SRC_CT_2024_RESULTS,High,,,,,
CT_20260803_P1,中国电信,中国电信股份有限公司,中国电信股份有限公司及其子公司,2024,Annual,BS_CURRENT_LONG_DEBT,一年内到期长期债务,Balance Sheet,Group,1238,RMB mn,RMB,1,Actual,Actual,SRC_CT_2024_RESULTS,High,,,,,
CT_20260803_P1,中国电信,中国电信股份有限公司,中国电信股份有限公司及其子公司,2024,Annual,BS_LONG_DEBT,长期债务,Balance Sheet,Group,7459,RMB mn,RMB,1,Actual,Actual,SRC_CT_2024_RESULTS,High,,,,,
CT_20260803_P1,中国电信,中国电信股份有限公司,中国电信股份有限公司及其子公司,2024,Annual,BS_LEASE_LIAB_CURRENT,流动租赁负债,Balance Sheet,Group,14369,RMB mn,RMB,1,Actual,Actual,SRC_CT_2024_RESULTS,High,,,,,
CT_20260803_P1,中国电信,中国电信股份有限公司,中国电信股份有限公司及其子公司,2024,Annual,BS_LEASE_LIAB_NONCURRENT,非流动租赁负债,Balance Sheet,Group,34842,RMB mn,RMB,1,Actual,Actual,SRC_CT_2024_RESULTS,High,,,,,
CT_20260803_P1,中国电信,中国电信股份有限公司,中国电信股份有限公司及其子公司,2024,Annual,BS_AR_GROSS,应收账款原值,Balance Sheet,Group,53587,RMB mn,RMB,1,Actual,Actual,SRC_CT_2024_RESULTS,High,,,,,含非客户应收
CT_20260803_P1,中国电信,中国电信股份有限公司,中国电信股份有限公司及其子公司,2024,Annual,BS_AR_ALLOWANCE,应收账款信用损失准备,Balance Sheet,Group,10720,RMB mn,RMB,1,Actual,Actual,SRC_CT_2024_RESULTS,High,,,,,
CT_20260803_P1,中国电信,中国电信股份有限公司,中国电信股份有限公司及其子公司,2024,Annual,BS_AR_NET,应收账款净额,Balance Sheet,Group,42867,RMB mn,RMB,1,Actual,Actual,SRC_CT_2024_RESULTS,High,,,,,
CT_20260803_P1,中国电信,中国电信股份有限公司,中国电信股份有限公司及其子公司,2024,Annual,BS_CONTRACT_ASSET_GROSS,合同资产原值,Balance Sheet,Group,5098,RMB mn,RMB,1,Actual,Actual,SRC_CT_2024_RESULTS,High,,,,,
CT_20260803_P1,中国电信,中国电信股份有限公司,中国电信股份有限公司及其子公司,2024,Annual,BS_CONTRACT_ASSET_ALLOWANCE,合同资产减值准备,Balance Sheet,Group,367,RMB mn,RMB,1,Actual,Actual,SRC_CT_2024_RESULTS,High,,,,,
CT_20260803_P1,中国电信,中国电信股份有限公司,中国电信股份有限公司及其子公司,2024,Annual,BS_CONTRACT_ASSET_NET,合同资产净额,Balance Sheet,Group,4731,RMB mn,RMB,1,Actual,Actual,SRC_CT_2024_RESULTS,High,,,,,
CT_20260803_P1,中国电信,中国电信股份有限公司,中国电信股份有限公司及其子公司,2024,Annual,BS_GROSS_DEBT,有息债务合计,Balance Sheet,Group,11532,RMB mn,RMB,1,Derived,Actual,SRC_CT_2024_RESULTS,High,短期债务+一年内到期长期债务+长期债务,,,,短债+一年内到期+长期债务
CT_20260803_P1,中国电信,中国电信股份有限公司,中国电信股份有限公司及其子公司,2024,Annual,BS_LEASE_LIAB_TOTAL,租赁负债合计,Balance Sheet,Group,49211,RMB mn,RMB,1,Derived,Actual,SRC_CT_2024_RESULTS,High,流动+非流动租赁负债,,,,流动+非流动
CT_20260803_P1,中国电信,中国电信股份有限公司,中国电信股份有限公司及其子公司,2024,Annual,BS_NET_CASH_CORE,核心净现金,Balance Sheet,Group,41266,RMB mn,RMB,1,Derived,Actual,SRC_CT_2024_RESULTS,High,现金+短存及受限资金-有息债务-租赁负债,,,,现金+短存-有息债务-租赁负债
CT_20260803_P1,中国电信,中国电信股份有限公司,中国电信股份有限公司及其子公司,2024,Annual,COST_AR_IMPAIR_RATE,应收账款准备率,Costs & Efficiency,Group,0.20004851923041037,%,,1,Derived,Actual,SRC_CT_2024_RESULTS,High,应收准备/应收原值,,,,准备/原值
CT_20260803_P1,中国电信,中国电信股份有限公司,中国电信股份有限公司及其子公司,2024,Annual,COST_CONTRACT_IMPAIR_RATE,合同资产减值率,Costs & Efficiency,Group,0.0719890153001177,%,,1,Derived,Actual,SRC_CT_2024_RESULTS,High,合同资产准备/合同资产原值,,,,准备/原值
CT_20260803_P1,中国电信,中国电信股份有限公司,中国电信股份有限公司及其子公司,2024,Annual,CF_CFO,经营活动现金流净额,Cash Flow & Capex,Group,145049,RMB mn,RMB,1,Actual,Actual,SRC_CT_2024_RESULTS,High,,,,,
CT_20260803_P1,中国电信,中国电信股份有限公司,中国电信股份有限公司及其子公司,2024,Annual,CF_CAPEX,资本开支,Cash Flow & Capex,Group,93500,RMB mn,RMB,1,Actual,Actual,SRC_CT_2024_RESULTS,High,,,,,公司披露口径，与现金流量表购建支付存在时点差
CT_20260803_P1,中国电信,中国电信股份有限公司,中国电信股份有限公司及其子公司,2024,Annual,CF_INVESTING,投资活动现金流净额,Cash Flow & Capex,Group,-103432,RMB mn,RMB,1,Actual,Actual,SRC_CT_2024_RESULTS,High,,,,,
CT_20260803_P1,中国电信,中国电信股份有限公司,中国电信股份有限公司及其子公司,2024,Annual,CF_FINANCING,筹资活动现金流净额,Cash Flow & Capex,Group,-40545,RMB mn,RMB,1,Actual,Actual,SRC_CT_2024_RESULTS,High,,,,,
CT_20260803_P1,中国电信,中国电信股份有限公司,中国电信股份有限公司及其子公司,2024,Annual,CF_LEASE_CASH_OUTFLOW,租赁现金流出,Cash Flow & Capex,Group,24709,RMB mn,RMB,1,Actual,Actual,SRC_CT_2024_RESULTS,High,,,,,含租赁相关现金流，非租赁本金
CT_20260803_P1,中国电信,中国电信股份有限公司,中国电信股份有限公司及其子公司,2024,Annual,CF_FCF_COMPANY,公司披露自由现金流,Cash Flow & Capex,Group,22200,RMB mn,RMB,1,Actual,Actual,SRC_CT_2024_RESULTS,High,,,,,按公司非GAAP定义
CT_20260803_P1,中国电信,中国电信股份有限公司,中国电信股份有限公司及其子公司,2024,Annual,COST_IMPAIR_FIN,减值损失,Costs & Efficiency,Group,3878,RMB mn,RMB,1,Actual,Actual,SRC_CT_2024_RESULTS,High,,,,,CAS口径；年份间科目定义需复核
CT_20260803_P1,中国电信,中国电信股份有限公司,中国电信股份有限公司及其子公司,2024,Annual,CF_CAPEX_RATE,资本开支率,Cash Flow & Capex,Group,0.17660936464072743,%,,1,Derived,Actual,SRC_CT_2024_RESULTS,High,资本开支/营业收入,,,,资本开支/营业收入
CT_20260803_P1,中国电信,中国电信股份有限公司,中国电信股份有限公司及其子公司,2024,Annual,CF_CFO_NP_RATIO,经营现金流/归母净利润,Cash Flow & Capex,Group,4.393826487337938,x,,1,Derived,Actual,SRC_CT_2024_RESULTS,High,经营现金流/归母净利润,,,,
CT_20260803_P1,中国电信,中国电信股份有限公司,中国电信股份有限公司及其子公司,2024,Annual,CF_FCF_MARGIN,公司自由现金流率,Cash Flow & Capex,Group,0.04193291866335989,%,,1,Derived,Actual,SRC_CT_2024_RESULTS,High,公司披露FCF/营业收入,,,,公司FCF/营业收入
CT_20260803_P1,中国电信,中国电信股份有限公司,中国电信股份有限公司及其子公司,2024,Annual,DISC_MOBILE_SERVICE_REV,移动通信服务收入,Business Revenue,Company Reported Layer,202524,RMB mn,RMB,1,Actual,Actual,SRC_CT_2024_RESULTS,High,,,,,
CT_20260803_P1,中国电信,中国电信股份有限公司,中国电信股份有限公司及其子公司,2024,Annual,DISC_WIRELINE_SMART_HOME_REV,固网及智慧家庭收入,Business Revenue,Company Reported Layer,125680,RMB mn,RMB,1,Actual,Actual,SRC_CT_2024_RESULTS,High,,,,,
CT_20260803_P1,中国电信,中国电信股份有限公司,中国电信股份有限公司及其子公司,2024,Annual,DISC_INDUSTRIAL_DIGITAL_REV,产业数字化收入,Business Revenue,Company Reported Layer,146588,RMB mn,RMB,1,Actual,Actual,SRC_CT_2024_RESULTS,High,,,,,
CT_20260803_P1,中国电信,中国电信股份有限公司,中国电信股份有限公司及其子公司,2024,Annual,DISC_OTHER_SERVICE_REV,其他服务收入,Business Revenue,Company Reported Layer,7241,RMB mn,RMB,1,Actual,Actual,SRC_CT_2024_RESULTS,High,,,,,
CT_20260803_P1,中国电信,中国电信股份有限公司,中国电信股份有限公司及其子公司,2024,Annual,DISC_GOODS_OTHER_REV,商品销售及其他收入,Business Revenue,Company Reported Layer,47384,RMB mn,RMB,1,Actual,Actual,SRC_CT_2024_RESULTS,High,,,,,
CT_20260803_P1,中国电信,中国电信股份有限公司,中国电信股份有限公司及其子公司,2024,Annual,DISC_TELECOM_CLOUD_REV,天翼云/行业云收入,Business Revenue,Company Reported Layer,113900,RMB mn,RMB,1,Actual,Actual,SRC_CT_2024_RESULTS,High,,,,,定义随年份演变，不能机械视为完全可比
CT_20260803_P1,中国电信,中国电信股份有限公司,中国电信股份有限公司及其子公司,2024,Annual,DISC_IDC_REV,IDC收入,Business Revenue,Company Reported Layer,33000,RMB mn,RMB,1,Actual,Actual,SRC_CT_2024_RESULTS,High,,,,,传统IDC口径，仅披露年份录入
CT_20260803_P1,中国电信,中国电信股份有限公司,中国电信股份有限公司及其子公司,2024,Annual,DISC_SECURITY_REV,安全收入,Business Revenue,Company Reported Layer,16200,RMB mn,RMB,1,Actual,Actual,SRC_CT_2024_RESULTS,High,,,,,
CT_20260803_P1,中国电信,中国电信股份有限公司,中国电信股份有限公司及其子公司,2024,Annual,DISC_INTELLIGENT_REV,智能收入,Business Revenue,Company Reported Layer,8900,RMB mn,RMB,1,Actual,Actual,SRC_CT_2024_RESULTS,High,,,,,与云、AI/AIDC可能交叉
CT_20260803_P1,中国电信,中国电信股份有限公司,中国电信股份有限公司及其子公司,2024,Annual,DISC_INTERNATIONAL_REV,国际业务收入,Business Revenue,Company Reported Layer,16900,RMB mn,RMB,1,Actual,Actual,SRC_CT_2024_RESULTS,High,,,,,
CT_20260803_P1,中国电信,中国电信股份有限公司,中国电信股份有限公司及其子公司,2024,Annual,DISC_IND_DIG_PROJECT_REV,产业数字化项目型收入,Business Revenue,Company Reported Layer,84300,RMB mn,RMB,1,Actual,Actual,SRC_CT_2024_RESULTS,High,,,,,
CT_20260803_P1,中国电信,中国电信股份有限公司,中国电信股份有限公司及其子公司,2024,Annual,DISC_IND_DIG_RESOURCE_REV,产业数字化资源型收入,Business Revenue,Company Reported Layer,62300,RMB mn,RMB,1,Actual,Actual,SRC_CT_2024_RESULTS,High,,,,,含AIDC、专线、IoT、5G定制网等
CT_20260803_P1,中国电信,中国电信股份有限公司,中国电信股份有限公司及其子公司,2024,Annual,DISC_REVENUE_BRIDGE_DIFF,公司披露收入桥接差异,Business Revenue,Company Reported Layer,0,RMB mn,RMB,1,Derived,Actual,SRC_CT_2024_RESULTS,High,营业收入-披露五类收入之和,,,,营业收入-五类披露收入之和；允许极小舍入差
CT_20260803_P1,中国电信,中国电信股份有限公司,中国电信股份有限公司及其子公司,2024,Annual,DISC_CROSSOVER_FLAG,披露口径交叉标记,Business Revenue,Company Reported Layer,云/AIDC/安全/智能等均属于或穿透产业数字化，禁止相加,text,,1,Actual,Actual,SRC_CT_2024_RESULTS,High,,,,,披露层说明
CT_20260803_P1,中国电信,中国电信股份有限公司,中国电信股份有限公司及其子公司,2024,Annual,OP_MOBILE_SUBS,移动用户,Operating KPIs,ToC,424.52,mn users,,1,Actual,Actual,SRC_CT_2024_RESULTS,High,,,,,年末用户
CT_20260803_P1,中国电信,中国电信股份有限公司,中国电信股份有限公司及其子公司,2024,Annual,OP_5G_PACKAGE_SUBS,5G套餐用户,Operating KPIs,ToC,351.48,mn users,,1,Actual,Actual,SRC_CT_2024_RESULTS,High,,,,,2020-2024主要披露口径
CT_20260803_P1,中国电信,中国电信股份有限公司,中国电信股份有限公司及其子公司,2024,Annual,OP_5G_SUBS,5G网络用户,Operating KPIs,ToC,250.73,mn users,,1,Actual,Actual,SRC_CT_2024_RESULTS,High,,,,,2024-2025新披露口径，不与套餐用户拼接
CT_20260803_P1,中国电信,中国电信股份有限公司,中国电信股份有限公司及其子公司,2024,Annual,OP_MOBILE_ARPU,移动ARPU,Operating KPIs,ToC,45.6,RMB/month,RMB,1,Actual,Actual,SRC_CT_2024_RESULTS,High,,,,,
CT_20260803_P1,中国电信,中国电信股份有限公司,中国电信股份有限公司及其子公司,2024,Annual,OP_DATA_TRAFFIC,手机上网流量,Operating KPIs,ToC,89979,kTB,,1,Actual,Actual,SRC_CT_2024_RESULTS,High,,,,,
CT_20260803_P1,中国电信,中国电信股份有限公司,中国电信股份有限公司及其子公司,2024,Annual,OP_BB_SUBS,有线宽带用户,Operating KPIs,Home,197.44,mn users,,1,Actual,Actual,SRC_CT_2024_RESULTS,High,,,,,
CT_20260803_P1,中国电信,中国电信股份有限公司,中国电信股份有限公司及其子公司,2024,Annual,OP_BB_ARPU,宽带综合ARPU,Operating KPIs,Home,47.6,RMB/month,RMB,1,Actual,Actual,SRC_CT_2024_RESULTS,High,,,,,采用宽带综合/融合ARPU
CT_20260803_P1,中国电信,中国电信股份有限公司,中国电信股份有限公司及其子公司,2024,Annual,OP_TV_SUBS,IPTV/天翼高清用户,Operating KPIs,Home,128.35,mn users,,1,Actual,Actual,SRC_CT_2024_RESULTS,High,,,,,
CT_20260803_P1,中国电信,中国电信股份有限公司,中国电信股份有限公司及其子公司,2024,Annual,OP_IOT_CONNECTIONS,物联网连接数,Operating KPIs,IoT,627.7,mn connections,,1,Actual,Actual,SRC_CT_2024_RESULTS,High,,,,,连接数不等于收入/利润
CT_20260803_P1,中国电信,中国电信股份有限公司,中国电信股份有限公司及其子公司,2024,Annual,OP_EMPLOYEES,员工总数,Operating KPIs,Employees,277674,persons,,1,Actual,Actual,SRC_CT_ESG_2025,High,,,,,ESG口径含合同制、非全日制、派遣及其他从业人员
CT_20260803_P1,中国电信,中国电信股份有限公司,中国电信股份有限公司及其子公司,2024,Annual,OP_MOBILE_NET_ADD,移动用户净增,Operating KPIs,ToC,16.75,mn users,,1,Derived,Actual,SRC_CT_2024_RESULTS,High,年末用户差,,,,本年末-上年末
CT_20260803_P1,中国电信,中国电信股份有限公司,中国电信股份有限公司及其子公司,2024,Annual,OP_BB_NET_ADD,有线宽带用户净增,Operating KPIs,Home,7.280000000000001,mn users,,1,Derived,Actual,SRC_CT_2024_RESULTS,High,年末用户差,,,,
CT_20260803_P1,中国电信,中国电信股份有限公司,中国电信股份有限公司及其子公司,2024,Annual,OP_5G_PENETRATION,5G网络用户渗透率,Operating KPIs,ToC,0.5906199943465561,%,,1,Derived,Actual,SRC_CT_2024_RESULTS,High,5G网络用户/移动用户,,,,仅对5G网络用户口径计算
CT_20260803_P1,中国电信,中国电信股份有限公司,中国电信股份有限公司及其子公司,2024,Annual,COST_PERSONNEL_RATE,人工成本率,Costs & Efficiency,Employees,0.1856362753746102,%,,1,Derived,Actual,SRC_CT_2024_RESULTS,High,人工成本/营业收入,,,,人工成本/营业收入
CT_20260803_P1,中国电信,中国电信股份有限公司,中国电信股份有限公司及其子公司,2024,Annual,COST_AVG_COMP,人均人工成本,Costs & Efficiency,Employees,353936.63072523894,RMB/person,RMB,1,Derived,Actual,SRC_CT_2024_RESULTS,High,人工成本/员工总数,,,,人工成本百万元转换为元/员工
CT_20260803_P1,中国电信,中国电信股份有限公司,中国电信股份有限公司及其子公司,2024,Annual,COST_SELLING_RATE,销售费用率,Costs & Efficiency,Group,0.09474761860688266,%,,1,Derived,Actual,SRC_CT_2024_RESULTS,High,销售费用/营业收入,,,,销售费用/营业收入
CT_20260803_P1,中国电信,中国电信股份有限公司,中国电信股份有限公司及其子公司,2024,Annual,DIV_DPS_TOTAL,全年DPS,Dividend & Market,Equity,0.2598,RMB/share,RMB,1,Actual,Actual,SRC_CT_2024_RESULTS,High,,,,,税前人民币
CT_20260803_P1,中国电信,中国电信股份有限公司,中国电信股份有限公司及其子公司,2024,Annual,DIV_PAYOUT,派息率,Dividend & Market,Equity,0.7201488741669757,%,,1,Derived,Actual,SRC_CT_2024_RESULTS,High,DPS×期末股本/归母净利润,,,,DPS×期末股本/归母净利润，近似公司口径
CT_20260803_P1,中国电信,中国电信股份有限公司,中国电信股份有限公司及其子公司,2025,Annual,ENT_TOTAL_SHARES,期末总股本,Entity & Equity,Entity,91507138699,shares,,1,Actual,Actual,SRC_CT_2025_RESULTS,High,,,,,2021年A股发行后股本增加
CT_20260803_P1,中国电信,中国电信股份有限公司,中国电信股份有限公司及其子公司,2025,Annual,FIN_REV_TOTAL,营业收入,Income Statement,Group,529559,RMB mn,RMB,1,Actual,Actual,SRC_CT_2025_RESULTS,High,,,,,IFRS
CT_20260803_P1,中国电信,中国电信股份有限公司,中国电信股份有限公司及其子公司,2025,Annual,FIN_REV_SERVICE,服务收入,Income Statement,Group,485424,RMB mn,RMB,1,Actual,Actual,SRC_CT_2025_RESULTS,High,,,,,IFRS
CT_20260803_P1,中国电信,中国电信股份有限公司,中国电信股份有限公司及其子公司,2025,Annual,FIN_EBITDA,EBITDA,Income Statement,Group,143872,RMB mn,RMB,1,Actual,Actual,SRC_CT_2025_RESULTS,High,,,,,公司口径
CT_20260803_P1,中国电信,中国电信股份有限公司,中国电信股份有限公司及其子公司,2025,Annual,FIN_DA,折旧及摊销,Income Statement,Group,104198,RMB mn,RMB,1,Actual,Actual,SRC_CT_2025_RESULTS,High,,,,,IFRS
CT_20260803_P1,中国电信,中国电信股份有限公司,中国电信股份有限公司及其子公司,2025,Annual,FIN_NETWORK_OPEX,网络运营及支撑成本,Income Statement,Group,162054,RMB mn,RMB,1,Actual,Actual,SRC_CT_2025_RESULTS,High,,,,,IFRS
CT_20260803_P1,中国电信,中国电信股份有限公司,中国电信股份有限公司及其子公司,2025,Annual,FIN_SGA,销售、一般及管理费用,Income Statement,Group,66182,RMB mn,RMB,1,Actual,Actual,SRC_CT_2025_RESULTS,High,,,,,IFRS
CT_20260803_P1,中国电信,中国电信股份有限公司,中国电信股份有限公司及其子公司,2025,Annual,COST_SELLING,销售费用,Costs & Efficiency,Group,48352,RMB mn,RMB,1,Actual,Actual,SRC_CT_2025_RESULTS,High,,,,,官方可得的渠道成本代理；不等同于纯渠道费
CT_20260803_P1,中国电信,中国电信股份有限公司,中国电信股份有限公司及其子公司,2025,Annual,FIN_PERSONNEL,人工成本,Income Statement,Group,97826,RMB mn,RMB,1,Actual,Actual,SRC_CT_2025_RESULTS,High,,,,,IFRS
CT_20260803_P1,中国电信,中国电信股份有限公司,中国电信股份有限公司及其子公司,2025,Annual,FIN_OTHER_OPEX,其他经营费用,Income Statement,Group,59625,RMB mn,RMB,1,Actual,Actual,SRC_CT_2025_RESULTS,High,,,,,IFRS
CT_20260803_P1,中国电信,中国电信股份有限公司,中国电信股份有限公司及其子公司,2025,Annual,FIN_OPEX_TOTAL,经营费用合计,Income Statement,Group,489885,RMB mn,RMB,1,Actual,Actual,SRC_CT_2025_RESULTS,High,,,,,IFRS
CT_20260803_P1,中国电信,中国电信股份有限公司,中国电信股份有限公司及其子公司,2025,Annual,FIN_EBIT,经营利润,Income Statement,Group,39674,RMB mn,RMB,1,Actual,Actual,SRC_CT_2025_RESULTS,High,,,,,营业收入-经营费用
CT_20260803_P1,中国电信,中国电信股份有限公司,中国电信股份有限公司及其子公司,2025,Annual,FIN_NET_FINANCE,财务费用净额,Income Statement,Group,388,RMB mn,RMB,1,Actual,Actual,SRC_CT_2025_RESULTS,High,,,,,正数表示净费用
CT_20260803_P1,中国电信,中国电信股份有限公司,中国电信股份有限公司及其子公司,2025,Annual,FIN_PBT,税前利润,Income Statement,Group,42680,RMB mn,RMB,1,Actual,Actual,SRC_CT_2025_RESULTS,High,,,,,IFRS
CT_20260803_P1,中国电信,中国电信股份有限公司,中国电信股份有限公司及其子公司,2025,Annual,FIN_TAX,所得税,Income Statement,Group,9457,RMB mn,RMB,1,Actual,Actual,SRC_CT_2025_RESULTS,High,,,,,IFRS
CT_20260803_P1,中国电信,中国电信股份有限公司,中国电信股份有限公司及其子公司,2025,Annual,FIN_PROFIT_YEAR,本年利润,Income Statement,Group,33223,RMB mn,RMB,1,Actual,Actual,SRC_CT_2025_RESULTS,High,,,,,IFRS
CT_20260803_P1,中国电信,中国电信股份有限公司,中国电信股份有限公司及其子公司,2025,Annual,FIN_NP_ATTR,归母净利润,Income Statement,Group,33185,RMB mn,RMB,1,Actual,Actual,SRC_CT_2025_RESULTS,High,,,,,IFRS
CT_20260803_P1,中国电信,中国电信股份有限公司,中国电信股份有限公司及其子公司,2025,Annual,FIN_REV_NONSERVICE,非服务收入,Income Statement,Group,44135,RMB mn,RMB,1,Derived,Actual,SRC_CT_2025_RESULTS,High,营业收入-服务收入,,,,营业收入-服务收入
CT_20260803_P1,中国电信,中国电信股份有限公司,中国电信股份有限公司及其子公司,2025,Annual,FIN_EBITDA_MARGIN,EBITDA率,Income Statement,Group,0.29638419196413857,%,,1,Derived,Actual,SRC_CT_2025_RESULTS,High,EBITDA/服务收入,,,,EBITDA/服务收入
CT_20260803_P1,中国电信,中国电信股份有限公司,中国电信股份有限公司及其子公司,2025,Annual,FIN_INVESTMENT_INCOME,投资收益及联营合营贡献,Income Statement,Group,3394,RMB mn,RMB,1,Derived,Actual,SRC_CT_2025_RESULTS,High,税前利润-经营利润+净财务费用,,,,由税前利润与经营利润桥接
CT_20260803_P1,中国电信,中国电信股份有限公司,中国电信股份有限公司及其子公司,2025,Annual,FIN_TAX_RATE,实际税率,Income Statement,Group,0.22157919400187442,%,,1,Derived,Actual,SRC_CT_2025_RESULTS,High,所得税/税前利润,,,,所得税/税前利润
CT_20260803_P1,中国电信,中国电信股份有限公司,中国电信股份有限公司及其子公司,2025,Annual,FIN_NP_NCI,少数股东损益,Income Statement,Group,38,RMB mn,RMB,1,Derived,Actual,SRC_CT_2025_RESULTS,High,本年利润-归母净利润,,,,本年利润-归母净利润
CT_20260803_P1,中国电信,中国电信股份有限公司,中国电信股份有限公司及其子公司,2025,Annual,FIN_EPS_BASIC,基本每股收益,Income Statement,Group,0.36264930224905667,RMB/share,RMB,1,Derived,Actual,SRC_CT_2025_RESULTS,High,归母净利润/期末股本（简化）,,,,归母净利润/加权股本，模型使用简化期末股本
CT_20260803_P1,中国电信,中国电信股份有限公司,中国电信股份有限公司及其子公司,2025,Annual,FIN_ROE,ROE,Income Statement,Group,0.07267706067992527,%,,1,Derived,Actual,SRC_CT_2025_RESULTS,High,归母净利润/平均归母权益,,,,归母净利润/平均归母权益
CT_20260803_P1,中国电信,中国电信股份有限公司,中国电信股份有限公司及其子公司,2025,Annual,FIN_ROA,ROA,Income Statement,Group,0.03820364031131621,%,,1,Derived,Actual,SRC_CT_2025_RESULTS,High,归母净利润/平均总资产,,,,归母净利润/平均总资产
CT_20260803_P1,中国电信,中国电信股份有限公司,中国电信股份有限公司及其子公司,2025,Annual,FIN_NET_MARGIN,归母净利率,Income Statement,Group,0.06266534984770347,%,,1,Derived,Actual,SRC_CT_2025_RESULTS,High,归母净利润/营业收入,,,,归母净利润/营业收入
CT_20260803_P1,中国电信,中国电信股份有限公司,中国电信股份有限公司及其子公司,2025,Annual,BS_CURRENT_ASSETS,流动资产,Balance Sheet,Group,206135,RMB mn,RMB,1,Actual,Actual,SRC_CT_2025_RESULTS,High,,,,,
CT_20260803_P1,中国电信,中国电信股份有限公司,中国电信股份有限公司及其子公司,2025,Annual,BS_NONCURRENT_ASSETS,非流动资产,Balance Sheet,Group,664509,RMB mn,RMB,1,Actual,Actual,SRC_CT_2025_RESULTS,High,,,,,
CT_20260803_P1,中国电信,中国电信股份有限公司,中国电信股份有限公司及其子公司,2025,Annual,BS_TOTAL_ASSETS,总资产,Balance Sheet,Group,870644,RMB mn,RMB,1,Actual,Actual,SRC_CT_2025_RESULTS,High,,,,,
CT_20260803_P1,中国电信,中国电信股份有限公司,中国电信股份有限公司及其子公司,2025,Annual,BS_CURRENT_LIAB,流动负债,Balance Sheet,Group,323713,RMB mn,RMB,1,Actual,Actual,SRC_CT_2025_RESULTS,High,,,,,
CT_20260803_P1,中国电信,中国电信股份有限公司,中国电信股份有限公司及其子公司,2025,Annual,BS_NONCURRENT_LIAB,非流动负债,Balance Sheet,Group,78671,RMB mn,RMB,1,Actual,Actual,SRC_CT_2025_RESULTS,High,,,,,
CT_20260803_P1,中国电信,中国电信股份有限公司,中国电信股份有限公司及其子公司,2025,Annual,BS_TOTAL_LIAB,总负债,Balance Sheet,Group,402384,RMB mn,RMB,1,Actual,Actual,SRC_CT_2025_RESULTS,High,,,,,
CT_20260803_P1,中国电信,中国电信股份有限公司,中国电信股份有限公司及其子公司,2025,Annual,BS_EQUITY_ATTR,归母权益,Balance Sheet,Group,460828,RMB mn,RMB,1,Actual,Actual,SRC_CT_2025_RESULTS,High,,,,,
CT_20260803_P1,中国电信,中国电信股份有限公司,中国电信股份有限公司及其子公司,2025,Annual,ENT_NCI,少数股东权益,Balance Sheet,Group,7432,RMB mn,RMB,1,Actual,Actual,SRC_CT_2025_RESULTS,High,,,,,
CT_20260803_P1,中国电信,中国电信股份有限公司,中国电信股份有限公司及其子公司,2025,Annual,BS_EQUITY_TOTAL,权益合计,Balance Sheet,Group,468260,RMB mn,RMB,1,Actual,Actual,SRC_CT_2025_RESULTS,High,,,,,
CT_20260803_P1,中国电信,中国电信股份有限公司,中国电信股份有限公司及其子公司,2025,Annual,BS_CASH,现金及现金等价物,Balance Sheet,Group,61394,RMB mn,RMB,1,Actual,Actual,SRC_CT_2025_RESULTS,High,,,,,
CT_20260803_P1,中国电信,中国电信股份有限公司,中国电信股份有限公司及其子公司,2025,Annual,BS_SHORT_DEPOSITS_RESTRICTED,短期存款及受限资金,Balance Sheet,Group,38413,RMB mn,RMB,1,Actual,Actual,SRC_CT_2025_RESULTS,High,,,,,
CT_20260803_P1,中国电信,中国电信股份有限公司,中国电信股份有限公司及其子公司,2025,Annual,BS_SHORT_DEBT,短期债务,Balance Sheet,Group,2448,RMB mn,RMB,1,Actual,Actual,SRC_CT_2025_RESULTS,High,,,,,
CT_20260803_P1,中国电信,中国电信股份有限公司,中国电信股份有限公司及其子公司,2025,Annual,BS_CURRENT_LONG_DEBT,一年内到期长期债务,Balance Sheet,Group,1466,RMB mn,RMB,1,Actual,Actual,SRC_CT_2025_RESULTS,High,,,,,
CT_20260803_P1,中国电信,中国电信股份有限公司,中国电信股份有限公司及其子公司,2025,Annual,BS_LONG_DEBT,长期债务,Balance Sheet,Group,6109,RMB mn,RMB,1,Actual,Actual,SRC_CT_2025_RESULTS,High,,,,,
CT_20260803_P1,中国电信,中国电信股份有限公司,中国电信股份有限公司及其子公司,2025,Annual,BS_LEASE_LIAB_CURRENT,流动租赁负债,Balance Sheet,Group,14239,RMB mn,RMB,1,Actual,Actual,SRC_CT_2025_RESULTS,High,,,,,
CT_20260803_P1,中国电信,中国电信股份有限公司,中国电信股份有限公司及其子公司,2025,Annual,BS_LEASE_LIAB_NONCURRENT,非流动租赁负债,Balance Sheet,Group,25051,RMB mn,RMB,1,Actual,Actual,SRC_CT_2025_RESULTS,High,,,,,
CT_20260803_P1,中国电信,中国电信股份有限公司,中国电信股份有限公司及其子公司,2025,Annual,BS_AR_GROSS,应收账款原值,Balance Sheet,Group,67878,RMB mn,RMB,1,Actual,Actual,SRC_CT_2025_RESULTS,High,,,,,含非客户应收
CT_20260803_P1,中国电信,中国电信股份有限公司,中国电信股份有限公司及其子公司,2025,Annual,BS_AR_ALLOWANCE,应收账款信用损失准备,Balance Sheet,Group,14732,RMB mn,RMB,1,Actual,Actual,SRC_CT_2025_RESULTS,High,,,,,
CT_20260803_P1,中国电信,中国电信股份有限公司,中国电信股份有限公司及其子公司,2025,Annual,BS_AR_NET,应收账款净额,Balance Sheet,Group,53146,RMB mn,RMB,1,Actual,Actual,SRC_CT_2025_RESULTS,High,,,,,
CT_20260803_P1,中国电信,中国电信股份有限公司,中国电信股份有限公司及其子公司,2025,Annual,BS_CONTRACT_ASSET_GROSS,合同资产原值,Balance Sheet,Group,4530,RMB mn,RMB,1,Actual,Actual,SRC_CT_2025_RESULTS,High,,,,,
CT_20260803_P1,中国电信,中国电信股份有限公司,中国电信股份有限公司及其子公司,2025,Annual,BS_CONTRACT_ASSET_ALLOWANCE,合同资产减值准备,Balance Sheet,Group,407,RMB mn,RMB,1,Actual,Actual,SRC_CT_2025_RESULTS,High,,,,,
CT_20260803_P1,中国电信,中国电信股份有限公司,中国电信股份有限公司及其子公司,2025,Annual,BS_CONTRACT_ASSET_NET,合同资产净额,Balance Sheet,Group,4123,RMB mn,RMB,1,Actual,Actual,SRC_CT_2025_RESULTS,High,,,,,
CT_20260803_P1,中国电信,中国电信股份有限公司,中国电信股份有限公司及其子公司,2025,Annual,BS_GROSS_DEBT,有息债务合计,Balance Sheet,Group,10023,RMB mn,RMB,1,Derived,Actual,SRC_CT_2025_RESULTS,High,短期债务+一年内到期长期债务+长期债务,,,,短债+一年内到期+长期债务
CT_20260803_P1,中国电信,中国电信股份有限公司,中国电信股份有限公司及其子公司,2025,Annual,BS_LEASE_LIAB_TOTAL,租赁负债合计,Balance Sheet,Group,39290,RMB mn,RMB,1,Derived,Actual,SRC_CT_2025_RESULTS,High,流动+非流动租赁负债,,,,流动+非流动
CT_20260803_P1,中国电信,中国电信股份有限公司,中国电信股份有限公司及其子公司,2025,Annual,BS_NET_CASH_CORE,核心净现金,Balance Sheet,Group,50494,RMB mn,RMB,1,Derived,Actual,SRC_CT_2025_RESULTS,High,现金+短存及受限资金-有息债务-租赁负债,,,,现金+短存-有息债务-租赁负债
CT_20260803_P1,中国电信,中国电信股份有限公司,中国电信股份有限公司及其子公司,2025,Annual,COST_AR_IMPAIR_RATE,应收账款准备率,Costs & Efficiency,Group,0.21703644774448275,%,,1,Derived,Actual,SRC_CT_2025_RESULTS,High,应收准备/应收原值,,,,准备/原值
CT_20260803_P1,中国电信,中国电信股份有限公司,中国电信股份有限公司及其子公司,2025,Annual,COST_CONTRACT_IMPAIR_RATE,合同资产减值率,Costs & Efficiency,Group,0.08984547461368654,%,,1,Derived,Actual,SRC_CT_2025_RESULTS,High,合同资产准备/合同资产原值,,,,准备/原值
CT_20260803_P1,中国电信,中国电信股份有限公司,中国电信股份有限公司及其子公司,2025,Annual,CF_CFO,经营活动现金流净额,Cash Flow & Capex,Group,125069,RMB mn,RMB,1,Actual,Actual,SRC_CT_2025_RESULTS,High,,,,,
CT_20260803_P1,中国电信,中国电信股份有限公司,中国电信股份有限公司及其子公司,2025,Annual,CF_CAPEX,资本开支,Cash Flow & Capex,Group,80364,RMB mn,RMB,1,Actual,Actual,SRC_CT_2025_RESULTS,High,,,,,公司披露口径，与现金流量表购建支付存在时点差
CT_20260803_P1,中国电信,中国电信股份有限公司,中国电信股份有限公司及其子公司,2025,Annual,CF_INVESTING,投资活动现金流净额,Cash Flow & Capex,Group,-100288,RMB mn,RMB,1,Actual,Actual,SRC_CT_2025_RESULTS,High,,,,,
CT_20260803_P1,中国电信,中国电信股份有限公司,中国电信股份有限公司及其子公司,2025,Annual,CF_FINANCING,筹资活动现金流净额,Cash Flow & Capex,Group,-45489,RMB mn,RMB,1,Actual,Actual,SRC_CT_2025_RESULTS,High,,,,,
CT_20260803_P1,中国电信,中国电信股份有限公司,中国电信股份有限公司及其子公司,2025,Annual,CF_LEASE_CASH_OUTFLOW,租赁现金流出,Cash Flow & Capex,Group,25682,RMB mn,RMB,1,Actual,Actual,SRC_CT_2025_RESULTS,High,,,,,含租赁相关现金流，非租赁本金
CT_20260803_P1,中国电信,中国电信股份有限公司,中国电信股份有限公司及其子公司,2025,Annual,CF_FCF_COMPANY,公司披露自由现金流,Cash Flow & Capex,Group,44705,RMB mn,RMB,1,Actual,Actual,SRC_CT_2025_RESULTS,High,,,,,按公司非GAAP定义
CT_20260803_P1,中国电信,中国电信股份有限公司,中国电信股份有限公司及其子公司,2025,Annual,COST_IMPAIR_FIN,减值损失,Costs & Efficiency,Group,6234,RMB mn,RMB,1,Actual,Actual,SRC_CT_2025_RESULTS,High,,,,,CAS口径；年份间科目定义需复核
CT_20260803_P1,中国电信,中国电信股份有限公司,中国电信股份有限公司及其子公司,2025,Annual,CF_CAPEX_RATE,资本开支率,Cash Flow & Capex,Group,0.15175646150853825,%,,1,Derived,Actual,SRC_CT_2025_RESULTS,High,资本开支/营业收入,,,,资本开支/营业收入
CT_20260803_P1,中国电信,中国电信股份有限公司,中国电信股份有限公司及其子公司,2025,Annual,CF_CFO_NP_RATIO,经营现金流/归母净利润,Cash Flow & Capex,Group,3.7688413439807142,x,,1,Derived,Actual,SRC_CT_2025_RESULTS,High,经营现金流/归母净利润,,,,
CT_20260803_P1,中国电信,中国电信股份有限公司,中国电信股份有限公司及其子公司,2025,Annual,CF_FCF_MARGIN,公司自由现金流率,Cash Flow & Capex,Group,0.08441929983250214,%,,1,Derived,Actual,SRC_CT_2025_RESULTS,High,公司披露FCF/营业收入,,,,公司FCF/营业收入
CT_20260803_P1,中国电信,中国电信股份有限公司,中国电信股份有限公司及其子公司,2025,Annual,DISC_MOBILE_SERVICE_REV,移动通信服务收入,Business Revenue,Company Reported Layer,204528,RMB mn,RMB,1,Actual,Actual,SRC_CT_2025_RESULTS,High,,,,,
CT_20260803_P1,中国电信,中国电信股份有限公司,中国电信股份有限公司及其子公司,2025,Annual,DISC_WIRELINE_SMART_HOME_REV,固网及智慧家庭收入,Business Revenue,Company Reported Layer,125979,RMB mn,RMB,1,Actual,Actual,SRC_CT_2025_RESULTS,High,,,,,
CT_20260803_P1,中国电信,中国电信股份有限公司,中国电信股份有限公司及其子公司,2025,Annual,DISC_INDUSTRIAL_DIGITAL_REV,产业数字化收入,Business Revenue,Company Reported Layer,147307,RMB mn,RMB,1,Actual,Actual,SRC_CT_2025_RESULTS,High,,,,,
CT_20260803_P1,中国电信,中国电信股份有限公司,中国电信股份有限公司及其子公司,2025,Annual,DISC_OTHER_SERVICE_REV,其他服务收入,Business Revenue,Company Reported Layer,7610,RMB mn,RMB,1,Actual,Actual,SRC_CT_2025_RESULTS,High,,,,,
CT_20260803_P1,中国电信,中国电信股份有限公司,中国电信股份有限公司及其子公司,2025,Annual,DISC_GOODS_OTHER_REV,商品销售及其他收入,Business Revenue,Company Reported Layer,44135,RMB mn,RMB,1,Actual,Actual,SRC_CT_2025_RESULTS,High,,,,,
CT_20260803_P1,中国电信,中国电信股份有限公司,中国电信股份有限公司及其子公司,2025,Annual,DISC_TELECOM_CLOUD_REV,天翼云/行业云收入,Business Revenue,Company Reported Layer,120700,RMB mn,RMB,1,Actual,Actual,SRC_CT_2025_RESULTS,High,,,,,定义随年份演变，不能机械视为完全可比
CT_20260803_P1,中国电信,中国电信股份有限公司,中国电信股份有限公司及其子公司,2025,Annual,DISC_AIDC_REV,AIDC收入,Business Revenue,Company Reported Layer,34500,RMB mn,RMB,1,Actual,Actual,SRC_CT_2025_RESULTS,High,,,,,2025公司披露，不与传统IDC强行续接
CT_20260803_P1,中国电信,中国电信股份有限公司,中国电信股份有限公司及其子公司,2025,Annual,DISC_SECURITY_REV,安全收入,Business Revenue,Company Reported Layer,16600,RMB mn,RMB,1,Actual,Actual,SRC_CT_2025_RESULTS,High,,,,,
CT_20260803_P1,中国电信,中国电信股份有限公司,中国电信股份有限公司及其子公司,2025,Annual,DISC_INTELLIGENT_REV,智能收入,Business Revenue,Company Reported Layer,12300,RMB mn,RMB,1,Actual,Actual,SRC_CT_2025_RESULTS,High,,,,,与云、AI/AIDC可能交叉
CT_20260803_P1,中国电信,中国电信股份有限公司,中国电信股份有限公司及其子公司,2025,Annual,DISC_INTERNATIONAL_REV,国际业务收入,Business Revenue,Company Reported Layer,19260,RMB mn,RMB,1,Actual,Actual,SRC_CT_2025_RESULTS,High,,,,,
CT_20260803_P1,中国电信,中国电信股份有限公司,中国电信股份有限公司及其子公司,2025,Annual,DISC_IND_DIG_PROJECT_REV,产业数字化项目型收入,Business Revenue,Company Reported Layer,84300,RMB mn,RMB,1,Actual,Actual,SRC_CT_2025_RESULTS,High,,,,,
CT_20260803_P1,中国电信,中国电信股份有限公司,中国电信股份有限公司及其子公司,2025,Annual,DISC_IND_DIG_RESOURCE_REV,产业数字化资源型收入,Business Revenue,Company Reported Layer,63000,RMB mn,RMB,1,Actual,Actual,SRC_CT_2025_RESULTS,High,,,,,含AIDC、专线、IoT、5G定制网等
CT_20260803_P1,中国电信,中国电信股份有限公司,中国电信股份有限公司及其子公司,2025,Annual,DISC_REVENUE_BRIDGE_DIFF,公司披露收入桥接差异,Business Revenue,Company Reported Layer,0,RMB mn,RMB,1,Derived,Actual,SRC_CT_2025_RESULTS,High,营业收入-披露五类收入之和,,,,营业收入-五类披露收入之和；允许极小舍入差
CT_20260803_P1,中国电信,中国电信股份有限公司,中国电信股份有限公司及其子公司,2025,Annual,DISC_CROSSOVER_FLAG,披露口径交叉标记,Business Revenue,Company Reported Layer,云/AIDC/安全/智能等均属于或穿透产业数字化，禁止相加,text,,1,Actual,Actual,SRC_CT_2025_RESULTS,High,,,,,披露层说明
CT_20260803_P1,中国电信,中国电信股份有限公司,中国电信股份有限公司及其子公司,2025,Annual,OP_MOBILE_SUBS,移动用户,Operating KPIs,ToC,438.65,mn users,,1,Actual,Actual,SRC_CT_2025_RESULTS,High,,,,,年末用户
CT_20260803_P1,中国电信,中国电信股份有限公司,中国电信股份有限公司及其子公司,2025,Annual,OP_5G_SUBS,5G网络用户,Operating KPIs,ToC,301.81,mn users,,1,Actual,Actual,SRC_CT_2025_RESULTS,High,,,,,2024-2025新披露口径，不与套餐用户拼接
CT_20260803_P1,中国电信,中国电信股份有限公司,中国电信股份有限公司及其子公司,2025,Annual,OP_MOBILE_ARPU,移动ARPU,Operating KPIs,ToC,45.1,RMB/month,RMB,1,Actual,Actual,SRC_CT_2025_RESULTS,High,,,,,
CT_20260803_P1,中国电信,中国电信股份有限公司,中国电信股份有限公司及其子公司,2025,Annual,OP_DATA_TRAFFIC,手机上网流量,Operating KPIs,ToC,106050,kTB,,1,Actual,Actual,SRC_CT_2025_RESULTS,High,,,,,
CT_20260803_P1,中国电信,中国电信股份有限公司,中国电信股份有限公司及其子公司,2025,Annual,OP_BB_SUBS,有线宽带用户,Operating KPIs,Home,201.12,mn users,,1,Actual,Actual,SRC_CT_2025_RESULTS,High,,,,,
CT_20260803_P1,中国电信,中国电信股份有限公司,中国电信股份有限公司及其子公司,2025,Annual,OP_BB_ARPU,宽带综合ARPU,Operating KPIs,Home,47.1,RMB/month,RMB,1,Actual,Actual,SRC_CT_2025_RESULTS,High,,,,,采用宽带综合/融合ARPU
CT_20260803_P1,中国电信,中国电信股份有限公司,中国电信股份有限公司及其子公司,2025,Annual,OP_TV_SUBS,IPTV/天翼高清用户,Operating KPIs,Home,128.0,mn users,,1,Actual,Actual,SRC_CT_2025_RESULTS,High,,,,,
CT_20260803_P1,中国电信,中国电信股份有限公司,中国电信股份有限公司及其子公司,2025,Annual,OP_IOT_CONNECTIONS,物联网连接数,Operating KPIs,IoT,746.0,mn connections,,1,Actual,Actual,SRC_CT_2025_RESULTS,High,,,,,连接数不等于收入/利润
CT_20260803_P1,中国电信,中国电信股份有限公司,中国电信股份有限公司及其子公司,2025,Annual,OP_EMPLOYEES,员工总数,Operating KPIs,Employees,277911,persons,,1,Actual,Actual,SRC_CT_ESG_2025,High,,,,,ESG口径含合同制、非全日制、派遣及其他从业人员
CT_20260803_P1,中国电信,中国电信股份有限公司,中国电信股份有限公司及其子公司,2025,Annual,OP_MOBILE_NET_ADD,移动用户净增,Operating KPIs,ToC,14.129999999999995,mn users,,1,Derived,Actual,SRC_CT_2025_RESULTS,High,年末用户差,,,,本年末-上年末
CT_20260803_P1,中国电信,中国电信股份有限公司,中国电信股份有限公司及其子公司,2025,Annual,OP_BB_NET_ADD,有线宽带用户净增,Operating KPIs,Home,3.680000000000007,mn users,,1,Derived,Actual,SRC_CT_2025_RESULTS,High,年末用户差,,,,
CT_20260803_P1,中国电信,中国电信股份有限公司,中国电信股份有限公司及其子公司,2025,Annual,OP_5G_PENETRATION,5G网络用户渗透率,Operating KPIs,ToC,0.68804285877123,%,,1,Derived,Actual,SRC_CT_2025_RESULTS,High,5G网络用户/移动用户,,,,仅对5G网络用户口径计算
CT_20260803_P1,中国电信,中国电信股份有限公司,中国电信股份有限公司及其子公司,2025,Annual,COST_PERSONNEL_RATE,人工成本率,Costs & Efficiency,Employees,0.18473106868167663,%,,1,Derived,Actual,SRC_CT_2025_RESULTS,High,人工成本/营业收入,,,,人工成本/营业收入
CT_20260803_P1,中国电信,中国电信股份有限公司,中国电信股份有限公司及其子公司,2025,Annual,COST_AVG_COMP,人均人工成本,Costs & Efficiency,Employees,352004.77850822743,RMB/person,RMB,1,Derived,Actual,SRC_CT_2025_RESULTS,High,人工成本/员工总数,,,,人工成本百万元转换为元/员工
CT_20260803_P1,中国电信,中国电信股份有限公司,中国电信股份有限公司及其子公司,2025,Annual,COST_SELLING_RATE,销售费用率,Costs & Efficiency,Group,0.09130616229730776,%,,1,Derived,Actual,SRC_CT_2025_RESULTS,High,销售费用/营业收入,,,,销售费用/营业收入
CT_20260803_P1,中国电信,中国电信股份有限公司,中国电信股份有限公司及其子公司,2025,Annual,DIV_DPS_TOTAL,全年DPS,Dividend & Market,Equity,0.272,RMB/share,RMB,1,Actual,Actual,SRC_CT_2025_RESULTS,High,,,,,税前人民币
CT_20260803_P1,中国电信,中国电信股份有限公司,中国电信股份有限公司及其子公司,2025,Annual,DIV_PAYOUT,派息率,Dividend & Market,Equity,0.7500359115904175,%,,1,Derived,Actual,SRC_CT_2025_RESULTS,High,DPS×期末股本/归母净利润,,,,DPS×期末股本/归母净利润，近似公司口径
CT_20260803_P1,中国电信,中国电信股份有限公司,中国电信股份有限公司及其子公司,2026Q1,Quarterly,FIN_REV_TOTAL,营业收入,Income Statement,Group,131967,RMB mn,RMB,1,Actual,Actual,SRC_CT_2026Q1,High,,,,,IFRS
CT_20260803_P1,中国电信,中国电信股份有限公司,中国电信股份有限公司及其子公司,2026Q1,Quarterly,FIN_REV_SERVICE,服务收入,Income Statement,Group,122694,RMB mn,RMB,1,Actual,Actual,SRC_CT_2026Q1,High,,,,,IFRS
CT_20260803_P1,中国电信,中国电信股份有限公司,中国电信股份有限公司及其子公司,2026Q1,Quarterly,FIN_EBITDA,EBITDA,Income Statement,Group,33875,RMB mn,RMB,1,Actual,Actual,SRC_CT_2026Q1,High,,,,,公司口径
CT_20260803_P1,中国电信,中国电信股份有限公司,中国电信股份有限公司及其子公司,2026Q1,Quarterly,FIN_NP_ATTR,归母净利润,Income Statement,Group,7350,RMB mn,RMB,1,Actual,Actual,SRC_CT_2026Q1,High,,,,,IFRS
CT_20260803_P1,中国电信,中国电信股份有限公司,中国电信股份有限公司及其子公司,2026Q1,Quarterly,OP_MOBILE_SUBS,移动用户,Operating KPIs,ToC,440.55,mn users,,1,Actual,Actual,SRC_CT_2026Q1,High,,,,,年末用户
CT_20260803_P1,中国电信,中国电信股份有限公司,中国电信股份有限公司及其子公司,2026Q1,Quarterly,OP_5G_SUBS,5G网络用户,Operating KPIs,ToC,314.13,mn users,,1,Actual,Actual,SRC_CT_2026Q1,High,,,,,2024-2025新披露口径，不与套餐用户拼接
CT_20260803_P1,中国电信,中国电信股份有限公司,中国电信股份有限公司及其子公司,2026Q1,Quarterly,OP_BB_SUBS,有线宽带用户,Operating KPIs,Home,201.56,mn users,,1,Actual,Actual,SRC_CT_2026Q1,High,,,,,
CT_20260803_P1,中国电信,中国电信股份有限公司,中国电信股份有限公司及其子公司,2026Q1,Quarterly,CF_CFO,经营活动现金流净额,Cash Flow & Capex,Group,23057,RMB mn,RMB,1,Actual,Actual,SRC_CT_2026Q1,High,,,,,
CT_20260803_P1,中国电信,中国电信股份有限公司,中国电信股份有限公司及其子公司,2026Q1,Quarterly,CF_CAPEX,资本开支,Cash Flow & Capex,Group,14690,RMB mn,RMB,1,Actual,Actual,SRC_CT_2026Q1,High,,,,,公司披露口径，与现金流量表购建支付存在时点差
CT_20260803_P1,中国电信,中国电信股份有限公司,中国电信股份有限公司及其子公司,2026Q1,Quarterly,BS_TOTAL_ASSETS,总资产,Balance Sheet,Group,879079,RMB mn,RMB,1,Actual,Actual,SRC_CT_2026Q1,High,,,,,
CT_20260803_P1,中国电信,中国电信股份有限公司,中国电信股份有限公司及其子公司,2026Q1,Quarterly,BS_EQUITY_ATTR,归母权益,Balance Sheet,Group,468328,RMB mn,RMB,1,Actual,Actual,SRC_CT_2026Q1,High,,,,,
CT_20260803_P1,中国电信,中国电信股份有限公司,中国电信股份有限公司及其子公司,2026Q1,Quarterly,ENT_NCI,少数股东权益,Balance Sheet,Group,7548,RMB mn,RMB,1,Actual,Actual,SRC_CT_2026Q1,High,,,,,
CT_20260803_P1,中国电信,中国电信股份有限公司,中国电信股份有限公司及其子公司,2026Q1,Quarterly,BS_CASH,现金及现金等价物,Balance Sheet,Group,45663,RMB mn,RMB,1,Actual,Actual,SRC_CT_2026Q1,High,,,,,
CT_20260803_P1,中国电信,中国电信股份有限公司,中国电信股份有限公司及其子公司,2026Q1,Quarterly,BS_SHORT_DEPOSITS_RESTRICTED,短期存款及受限资金,Balance Sheet,Group,39616,RMB mn,RMB,1,Actual,Actual,SRC_CT_2026Q1,High,,,,,
CT_20260803_P1,中国电信,中国电信股份有限公司,中国电信股份有限公司及其子公司,2026Q1,Quarterly,BS_AR_NET,应收账款净额,Balance Sheet,Group,69708,RMB mn,RMB,1,Actual,Actual,SRC_CT_2026Q1,High,,,,,
CT_20260803_P1,中国电信,中国电信股份有限公司,中国电信股份有限公司及其子公司,2026Q1,Quarterly,BS_CONTRACT_ASSET_NET,合同资产净额,Balance Sheet,Group,4411,RMB mn,RMB,1,Actual,Actual,SRC_CT_2026Q1,High,,,,,
CT_20260803_P1,中国电信,中国电信股份有限公司,中国电信股份有限公司及其子公司,2026Q1,Quarterly,COST_IMPAIR_FIN,减值损失,Costs & Efficiency,Group,3795,RMB mn,RMB,1,Actual,Actual,SRC_CT_2026Q1,High,,,,,CAS口径；年份间科目定义需复核
CT_20260803_P1,中国通信业,行业,中国通信业,2025,Annual,IND_TELECOM_REV,中国通信业收入,Industry,China Telecom Market,1750000,RMB mn,RMB,1,Actual,Actual,SRC_MIIT_2025,High,,,,,
CT_20260803_P1,中国通信业,行业,中国通信业,2025,Annual,IND_EMERGING_REV,云计算/大数据/数据中心等新兴业务收入,Industry,China Telecom Market,450800,RMB mn,RMB,1,Actual,Actual,SRC_MIIT_2025,High,,,,,
CT_20260803_P1,中国通信业,行业,中国通信业,2025,Annual,IND_MOBILE_SUBS,中国移动电话用户,Industry,China Telecom Market,1827,mn users,,1,Actual,Actual,SRC_MIIT_2025,High,,,,,
CT_20260803_P1,中国通信业,行业,中国通信业,2025,Annual,IND_5G_SUBS,中国5G移动电话用户,Industry,China Telecom Market,1204,mn users,,1,Actual,Actual,SRC_MIIT_2025,High,,,,,
CT_20260803_P1,中国通信业,行业,中国通信业,2025,Annual,IND_FIXED_BB_SUBS,中国固定宽带用户,Industry,China Telecom Market,691,mn users,,1,Actual,Actual,SRC_MIIT_2025,High,,,,,
CT_20260803_P1,中国通信业,行业,中国通信业,2025,Annual,IND_GIGABIT_SUBS,中国千兆宽带用户,Industry,China Telecom Market,238,mn users,,1,Actual,Actual,SRC_MIIT_2025,High,,,,,
CT_20260803_P1,中国通信业,行业,中国通信业,2025,Annual,IND_FTTR_SUBS,中国FTTR用户,Industry,China Telecom Market,59.39,mn users,,1,Actual,Actual,SRC_MIIT_2025,High,,,,,
CT_20260803_P1,中国通信业,行业,中国通信业,2025,Annual,IND_IOT_TERMINALS,中国蜂窝物联网终端,Industry,China Telecom Market,2888,mn connections,,1,Actual,Actual,SRC_MIIT_2025,High,,,,,
CT_20260803_P1,中国通信业,行业,中国通信业,2025,Annual,IND_5G_BASE_STATIONS,中国5G基站,Industry,China Telecom Market,4.838,mn stations,,1,Actual,Actual,SRC_MIIT_2025,High,,,,,
CT_20260803_P1,中国云计算市场,行业,中国云计算市场,2023,Annual,IND_CLOUD_MARKET,中国云计算市场规模,Industry,Cloud,616500,RMB mn,RMB,1,Actual,Actual,SRC_CAict_CLOUD_2024,High,,,,,2023年
CT_20260803_P1,中国云计算市场,行业,中国云计算市场,2023,Annual,IND_PUBLIC_CLOUD_MARKET,中国公有云市场规模,Industry,Cloud,456200,RMB mn,RMB,1,Actual,Actual,SRC_CAict_CLOUD_2024,High,,,,,2023年
CT_20260803_P1,中国云计算市场,行业,中国云计算市场,2023,Annual,IND_PRIVATE_CLOUD_MARKET,中国私有云市场规模,Industry,Cloud,156300,RMB mn,RMB,1,Actual,Actual,SRC_CAict_CLOUD_2024,High,,,,,2023年
CT_20260803_P1,中国移动,中国移动,中国移动,2025,Annual,PEER_SERVICE_REV,同业服务收入,Peer Benchmark,Peer,714900,RMB mn,RMB,1,Actual,Actual,SRC_CM_2025,High,,,,,
CT_20260803_P1,中国移动,中国移动,中国移动,2025,Annual,PEER_NP_ATTR,同业归母净利润,Peer Benchmark,Peer,137100,RMB mn,RMB,1,Actual,Actual,SRC_CM_2025,High,,,,,
CT_20260803_P1,中国移动,中国移动,中国移动,2025,Annual,PEER_CAPEX,同业资本开支,Peer Benchmark,Peer,150900,RMB mn,RMB,1,Actual,Actual,SRC_CM_2025,High,,,,,
CT_20260803_P1,中国移动,中国移动,中国移动,2025,Annual,PEER_FCF,同业自由现金流,Peer Benchmark,Peer,82000,RMB mn,RMB,1,Actual,Actual,SRC_CM_2025,High,,,,,公司口径
CT_20260803_P1,中国移动,中国移动,中国移动,2025,Annual,PEER_PAYOUT,同业派息率,Peer Benchmark,Peer,0.75,%,,1,Actual,Actual,SRC_CM_2025,High,,,,,
CT_20260803_P1,中国联通,中国联通,中国联通,2025,Annual,PEER_SERVICE_REV,同业服务收入,Peer Benchmark,Peer,347738,RMB mn,RMB,1,Actual,Actual,SRC_CU_2025,High,,,,,
CT_20260803_P1,中国联通,中国联通,中国联通,2025,Annual,PEER_NP_ATTR,同业归母净利润,Peer Benchmark,Peer,20816,RMB mn,RMB,1,Actual,Actual,SRC_CU_2025,High,,,,,
CT_20260803_P1,中国联通,中国联通,中国联通,2025,Annual,PEER_CAPEX,同业资本开支,Peer Benchmark,Peer,54200,RMB mn,RMB,1,Actual,Actual,SRC_CU_2025,High,,,,,
CT_20260803_P1,中国联通,中国联通,中国联通,2025,Annual,PEER_FCF,同业自由现金流,Peer Benchmark,Peer,36022,RMB mn,RMB,1,Actual,Actual,SRC_CU_2025,High,,,,,公司口径
CT_20260803_P1,中国联通,中国联通,中国联通,2025,Annual,PEER_PAYOUT,同业派息率,Peer Benchmark,Peer,0.613,%,,1,Actual,Actual,SRC_CU_2025,High,,,,,
CT_20260803_P2,中国电信,中国电信股份有限公司,中国电信股份有限公司及其子公司,2020-2025,Multi-year,DIAG_REV_CAGR_20_25,营业收入2020-2025 CAGR,Historical Diagnosis,Group,0.06115899462290364,%,,1,Derived,Actual,SRC_CT_2025_RESULTS,High,CAGR,,,,2020和2025营业收入计算
CT_20260803_P2,中国电信,中国电信股份有限公司,中国电信股份有限公司及其子公司,2020-2025,Multi-year,DIAG_SERVICE_CAGR_20_25,服务收入2020-2025 CAGR,Historical Diagnosis,Group,0.05365117123169871,%,,1,Derived,Actual,SRC_CT_2025_RESULTS,High,CAGR,,,,
CT_20260803_P2,中国电信,中国电信股份有限公司,中国电信股份有限公司及其子公司,2020-2025,Multi-year,DIAG_NP_CAGR_20_25,归母净利润2020-2025 CAGR,Historical Diagnosis,Group,0.09740555069383072,%,,1,Derived,Actual,SRC_CT_2025_RESULTS,High,CAGR,,,,
CT_20260803_P2,中国电信,中国电信股份有限公司,中国电信股份有限公司及其子公司,2020-2025,Multi-year,DIAG_IND_DIG_CAGR_20_25,产业数字化收入2020-2025 CAGR,Historical Diagnosis,Group,0.11897894596079084,%,,1,Derived,Actual,SRC_CT_2025_PRESENTATION_P2,High,CAGR,,,,
CT_20260803_P2,中国电信,中国电信股份有限公司,中国电信股份有限公司及其子公司,2020-2025,Multi-year,DIAG_CLOUD_CAGR_20_25,天翼云披露收入2020-2025 CAGR,Historical Diagnosis,Group,0.6095035823712169,%,,1,Derived,Actual,SRC_CT_2025_PRESENTATION_P2,Medium,CAGR,,,,定义随年份演变，不可机械外推
CT_20260803_P2,中国电信,中国电信股份有限公司,中国电信股份有限公司及其子公司,2020-2025,Multi-year,DIAG_MOBILE_SUB_CAGR_20_25,移动用户2020-2025 CAGR,Historical Diagnosis,Group,0.04557996859449953,%,,1,Derived,Actual,SRC_CT_2025_RESULTS,High,CAGR,,,,
CT_20260803_P2,中国电信,中国电信股份有限公司,中国电信股份有限公司及其子公司,2020-2025,Multi-year,DIAG_BB_SUB_CAGR_20_25,宽带用户2020-2025 CAGR,Historical Diagnosis,Group,0.048742239486450956,%,,1,Derived,Actual,SRC_CT_2025_RESULTS,High,CAGR,,,,
CT_20260803_P2,中国电信,中国电信股份有限公司,中国电信股份有限公司及其子公司,2020-2025,Multi-year,DIAG_IOT_CONN_CAGR_20_25,物联网连接2020-2025 CAGR,Historical Diagnosis,Group,0.2571250436983532,%,,1,Derived,Actual,SRC_CT_2025_RESULTS,High,CAGR,,,,连接数增速不等于收入/利润增速
CT_20260803_P2,中国电信,中国电信股份有限公司,中国电信股份有限公司及其子公司,2020-2025,Multi-year,DIAG_DPS_CAGR_20_25,DPS 2020-2025 CAGR,Historical Diagnosis,Group,0.21201253915483198,%,,1,Derived,Actual,SRC_CT_2025_RESULTS,High,CAGR,,,,
CT_20260803_P2,中国电信,中国电信股份有限公司,中国电信股份有限公司及其子公司,2020,Annual,DIAG_AR_DSO,净应收账款周转天数,Historical Diagnosis,Group,20.99591223067004,days,,1,Derived,Actual,SRC_CT_2020_RESULTS,High,平均净应收/服务收入×365,,,,
CT_20260803_P2,中国电信,中国电信股份有限公司,中国电信股份有限公司及其子公司,2020,Annual,DIAG_CFO_MINUS_CAPEX,经营现金流减资本开支,Historical Diagnosis,Group,47460.0,RMB mn,RMB,1,Derived,Actual,SRC_CT_2020_RESULTS,High,经营现金流-资本开支,,,,
CT_20260803_P2,中国电信,中国电信股份有限公司,中国电信股份有限公司及其子公司,2020,Annual,DIAG_DA_CAPEX_RATIO,折旧摊销/资本开支,Historical Diagnosis,Group,1.0641509433962264,x,,1,Derived,Actual,SRC_CT_2020_RESULTS,High,折旧摊销/资本开支,,,,
CT_20260803_P2,中国电信,中国电信股份有限公司,中国电信股份有限公司及其子公司,2021,Annual,DIAG_AR_DSO,净应收账款周转天数,Historical Diagnosis,Group,19.884684033880465,days,,1,Derived,Actual,SRC_CT_2021_RESULTS,High,平均净应收/服务收入×365,,,,
CT_20260803_P2,中国电信,中国电信股份有限公司,中国电信股份有限公司及其子公司,2021,Annual,DIAG_CFO_MINUS_CAPEX,经营现金流减资本开支,Historical Diagnosis,Group,50810.0,RMB mn,RMB,1,Derived,Actual,SRC_CT_2021_RESULTS,High,经营现金流-资本开支,,,,
CT_20260803_P2,中国电信,中国电信股份有限公司,中国电信股份有限公司及其子公司,2021,Annual,DIAG_DA_CAPEX_RATIO,折旧摊销/资本开支,Historical Diagnosis,Group,1.0719878232994706,x,,1,Derived,Actual,SRC_CT_2021_RESULTS,High,折旧摊销/资本开支,,,,
CT_20260803_P2,中国电信,中国电信股份有限公司,中国电信股份有限公司及其子公司,2022,Annual,DIAG_AR_DSO,净应收账款周转天数,Historical Diagnosis,Group,19.59619178346761,days,,1,Derived,Actual,SRC_CT_2022_RESULTS,High,平均净应收/服务收入×365,,,,
CT_20260803_P2,中国电信,中国电信股份有限公司,中国电信股份有限公司及其子公司,2022,Annual,DIAG_CFO_MINUS_CAPEX,经营现金流减资本开支,Historical Diagnosis,Group,43904.0,RMB mn,RMB,1,Derived,Actual,SRC_CT_2022_RESULTS,High,经营现金流-资本开支,,,,
CT_20260803_P2,中国电信,中国电信股份有限公司,中国电信股份有限公司及其子公司,2022,Annual,DIAG_DA_CAPEX_RATIO,折旧摊销/资本开支,Historical Diagnosis,Group,1.0475964032509077,x,,1,Derived,Actual,SRC_CT_2022_RESULTS,High,折旧摊销/资本开支,,,,
CT_20260803_P2,中国电信,中国电信股份有限公司,中国电信股份有限公司及其子公司,2023,Annual,DIAG_AR_DSO,净应收账款周转天数,Historical Diagnosis,Group,22.185035432774512,days,,1,Derived,Actual,SRC_CT_2023_RESULTS,High,平均净应收/服务收入×365,,,,
CT_20260803_P2,中国电信,中国电信股份有限公司,中国电信股份有限公司及其子公司,2023,Annual,DIAG_CFO_MINUS_CAPEX,经营现金流减资本开支,Historical Diagnosis,Group,38670.0,RMB mn,RMB,1,Derived,Actual,SRC_CT_2023_RESULTS,High,经营现金流-资本开支,,,,
CT_20260803_P2,中国电信,中国电信股份有限公司,中国电信股份有限公司及其子公司,2023,Annual,DIAG_DA_CAPEX_RATIO,折旧摊销/资本开支,Historical Diagnosis,Group,1.0087415771262065,x,,1,Derived,Actual,SRC_CT_2023_RESULTS,High,折旧摊销/资本开支,,,,
CT_20260803_P2,中国电信,中国电信股份有限公司,中国电信股份有限公司及其子公司,2024,Annual,DIAG_AR_DSO,净应收账款周转天数,Historical Diagnosis,Group,28.42451139237355,days,,1,Derived,Actual,SRC_CT_2024_RESULTS,High,平均净应收/服务收入×365,,,,
CT_20260803_P2,中国电信,中国电信股份有限公司,中国电信股份有限公司及其子公司,2024,Annual,DIAG_CFO_MINUS_CAPEX,经营现金流减资本开支,Historical Diagnosis,Group,51549.0,RMB mn,RMB,1,Derived,Actual,SRC_CT_2024_RESULTS,High,经营现金流-资本开支,,,,
CT_20260803_P2,中国电信,中国电信股份有限公司,中国电信股份有限公司及其子公司,2024,Annual,DIAG_DA_CAPEX_RATIO,折旧摊销/资本开支,Historical Diagnosis,Group,1.0806844919786096,x,,1,Derived,Actual,SRC_CT_2024_RESULTS,High,折旧摊销/资本开支,,,,
CT_20260803_P2,中国电信,中国电信股份有限公司,中国电信股份有限公司及其子公司,2025,Annual,DIAG_AR_DSO,净应收账款周转天数,Historical Diagnosis,Group,36.097046087544086,days,,1,Derived,Actual,SRC_CT_2025_RESULTS,High,平均净应收/服务收入×365,,,,
CT_20260803_P2,中国电信,中国电信股份有限公司,中国电信股份有限公司及其子公司,2025,Annual,DIAG_CFO_MINUS_CAPEX,经营现金流减资本开支,Historical Diagnosis,Group,44705.0,RMB mn,RMB,1,Derived,Actual,SRC_CT_2025_RESULTS,High,经营现金流-资本开支,,,,
CT_20260803_P2,中国电信,中国电信股份有限公司,中国电信股份有限公司及其子公司,2025,Annual,DIAG_DA_CAPEX_RATIO,折旧摊销/资本开支,Historical Diagnosis,Group,1.2965755811059678,x,,1,Derived,Actual,SRC_CT_2025_RESULTS,High,折旧摊销/资本开支,,,,
CT_20260803_P2,中国电信,中国电信股份有限公司,中国电信股份有限公司及其子公司,2025,Annual,DIAG_ENTERPRISE_AR_GROSS,企业客户应收账款原值,Historical Diagnosis,Industrial Digitalisation,31070,RMB mn,RMB,1,Actual,Actual,SRC_CT_2025_NOTES_P2,High,,,,,
CT_20260803_P2,中国电信,中国电信股份有限公司,中国电信股份有限公司及其子公司,2025,Annual,DIAG_ENTERPRISE_AR_GROWTH,企业客户应收账款原值同比,Historical Diagnosis,Industrial Digitalisation,0.3578358535093087,%,,1,Derived,Actual,SRC_CT_2025_NOTES_P2,High,2025/2024-1,,,,
CT_20260803_P2,中国电信,中国电信股份有限公司,中国电信股份有限公司及其子公司,2025,Annual,DIAG_ENTERPRISE_AR_ALLOW,企业客户应收损失准备,Historical Diagnosis,Industrial Digitalisation,9189,RMB mn,RMB,1,Actual,Actual,SRC_CT_2025_NOTES_P2,High,,,,,
CT_20260803_P2,中国电信,中国电信股份有限公司,中国电信股份有限公司及其子公司,2025,Annual,DIAG_ENTERPRISE_AR_ALLOW_RATE,企业客户应收准备率,Historical Diagnosis,Industrial Digitalisation,0.2957515288059221,%,,1,Derived,Actual,SRC_CT_2025_NOTES_P2,High,准备/原值,,,,
CT_20260803_P2,中国电信,中国电信股份有限公司,中国电信股份有限公司及其子公司,2025,Annual,DIAG_ENTERPRISE_AR_OVER1Y,企业客户逾1年应收原值,Historical Diagnosis,Industrial Digitalisation,9185,RMB mn,RMB,1,Derived,Actual,SRC_CT_2025_NOTES_P2,High,1-2年+2-3年+3年以上,,,,
CT_20260803_P2,中国电信,中国电信股份有限公司,中国电信股份有限公司及其子公司,2025,Annual,DIAG_ENTERPRISE_AR_OVER1Y_GROWTH,企业客户逾1年应收同比,Historical Diagnosis,Industrial Digitalisation,0.7028179458657768,%,,1,Derived,Actual,SRC_CT_2025_NOTES_P2,High,2025/2024-1,,,,
CT_20260803_P2,中国电信,中国电信股份有限公司,中国电信股份有限公司及其子公司,2025,Annual,DIAG_ENTERPRISE_AR_OVER1Y_SHARE,企业客户逾1年应收占比,Historical Diagnosis,Industrial Digitalisation,0.2956227872545864,%,,1,Derived,Actual,SRC_CT_2025_NOTES_P2,High,逾1年/企业客户应收原值,,,,
CT_20260803_P2,中国电信,中国电信股份有限公司,中国电信股份有限公司及其子公司,2025,Annual,DIAG_CONTRACT_AMOUNT_GROWTH,产业数字化项目合同额同比,Historical Diagnosis,Industrial Digitalisation,0.119,%,,1,Actual,Actual,SRC_CT_2025_PRESENTATION_P2,High,,,,,收入确认与订单增长分离
CT_20260803_P2,中国电信,中国电信股份有限公司,中国电信股份有限公司及其子公司,2025,Annual,DIAG_PROJECT_REV_GROWTH,项目型产业数字化收入同比,Historical Diagnosis,Industrial Digitalisation,0.0,%,,1,Derived,Actual,SRC_CT_2025_PRESENTATION_P2,High,843/843-1,,,,
CT_20260803_P2,中国电信,中国电信股份有限公司,中国电信股份有限公司及其子公司,2025,Annual,DIAG_RESOURCE_REV_GROWTH,资源型产业数字化收入同比,Historical Diagnosis,Industrial Digitalisation,0.011235955056179803,%,,1,Derived,Actual,SRC_CT_2025_PRESENTATION_P2,High,630/623-1,,,,
CT_20260803_P2,中国电信,中国电信股份有限公司,中国电信股份有限公司及其子公司,2025,Annual,DIAG_FCF_DEFINITION_BREAK,公司FCF定义可比性中断,Historical Diagnosis,Industrial Digitalisation,2025定义改为CFO-Capex,text,,1,Derived,Actual,SRC_CT_2025_MDA_P2,High,比较2024与2025演示材料脚注,,,,2025的447亿元不能与2024的222亿元直接作增速比较
CT_20260803_P2,中国电信,中国电信股份有限公司,中国电信股份有限公司及其子公司,2025,Annual,DIAG_AIDC_REV,AIDC收入,Company-Specific Diagnosis,AI/AIDC & Associates,34500,RMB mn,RMB,1,Actual,Actual,SRC_CT_2025_PRESENTATION_P2,High,,,,,
CT_20260803_P2,中国电信,中国电信股份有限公司,中国电信股份有限公司及其子公司,2025,Annual,DIAG_AIDC_CAPACITY,AIDC能力,Company-Specific Diagnosis,AI/AIDC & Associates,3.2,GW+,,1,Actual,Actual,SRC_CT_2025_PRESENTATION_P2,Medium,,,,,公司表述为超过3.2GW
CT_20260803_P2,中国电信,中国电信股份有限公司,中国电信股份有限公司及其子公司,2025,Annual,DIAG_TOTAL_RESOURCE_CAPACITY,总资源能力,Company-Specific Diagnosis,AI/AIDC & Associates,7.0,GW,,1,Actual,Actual,SRC_CT_2025_PRESENTATION_P2,Medium,,,,,容量口径与AIDC收入不完全一致
CT_20260803_P2,中国电信,中国电信股份有限公司,中国电信股份有限公司及其子公司,2025,Annual,DIAG_INTELLIGENT_COMPUTE,自有及接入智能算力,Company-Specific Diagnosis,AI/AIDC & Associates,91,EFlops,,1,Actual,Actual,SRC_CT_2025_PRESENTATION_P2,Medium,,,,,
CT_20260803_P2,中国电信,中国电信股份有限公司,中国电信股份有限公司及其子公司,2025,Annual,DIAG_SHARED_5G_STATIONS,共建共享5G基站,Company-Specific Diagnosis,AI/AIDC & Associates,1.54,mn stations,,1,Actual,Actual,SRC_CT_2025_PRESENTATION_P2,High,,,,,公司表述为超过154万站
CT_20260803_P2,中国电信,中国电信股份有限公司,中国电信股份有限公司及其子公司,2026E,Annual,DIAG_2026_CAPEX_GUIDANCE,2026资本开支指引,Company-Specific Diagnosis,AI/AIDC & Associates,73000,RMB mn,RMB,1,Actual,Actual,SRC_CT_2025_PRESENTATION_P2,High,,,,,同比下降约9.2%
CT_20260803_P2,中国电信,中国电信股份有限公司,中国电信股份有限公司及其子公司,2026E,Annual,DIAG_2026_COMPUTE_SHARE,2026算力基础设施资本开支占比,Company-Specific Diagnosis,AI/AIDC & Associates,0.35,%,,1,Actual,Actual,SRC_CT_2025_PRESENTATION_P2,Medium,,,,,公司表述约35%
CT_20260803_P2,中国电信,中国电信股份有限公司,中国电信股份有限公司及其子公司,2026E,Annual,DIAG_2026_COMPUTE_CAPEX_EST,2026算力基础设施资本开支估算,Company-Specific Diagnosis,AI/AIDC & Associates,25550,RMB mn,RMB,1,Derived,Actual,SRC_CT_2025_PRESENTATION_P2,Medium,73000×35%,,,,
CT_20260803_P2,中国电信,中国电信股份有限公司,中国电信股份有限公司及其子公司,2025,Annual,DIAG_INTERNAL_AI_SAVINGS,内部AI降本增效,Company-Specific Diagnosis,AI/AIDC & Associates,2000,RMB mn+,RMB,1,Actual,Actual,SRC_CT_2025_PRESENTATION_P2,Medium,,,,,公司表述超过20亿元
CT_20260803_P2,中国电信,中国电信股份有限公司,中国电信股份有限公司及其子公司,2025,Annual,DIAG_TOWER_STAKE,中国铁塔权益比例,Company-Specific Diagnosis,AI/AIDC & Associates,0.205,%,,1,Actual,Actual,SRC_CT_2025_NOTES_P2,High,,,,,
CT_20260803_P2,中国电信,中国电信股份有限公司,中国电信股份有限公司及其子公司,2025,Annual,DIAG_TOWER_CARRY,中国铁塔投资账面价值,Company-Specific Diagnosis,AI/AIDC & Associates,41744,RMB mn,RMB,1,Actual,Actual,SRC_CT_2025_NOTES_P2,High,,,,,
CT_20260803_P2,中国电信,中国电信股份有限公司,中国电信股份有限公司及其子公司,2025,Annual,DIAG_TOWER_FAIR,中国铁塔投资市场公允价值,Company-Specific Diagnosis,AI/AIDC & Associates,37679,RMB mn,RMB,1,Actual,Actual,SRC_CT_2025_NOTES_P2,High,,,,,2025年末
CT_20260803_P2,中国电信,中国电信股份有限公司,中国电信股份有限公司及其子公司,2025,Annual,DIAG_TOWER_DIVIDEND,收到中国铁塔股息,Company-Specific Diagnosis,AI/AIDC & Associates,1589,RMB mn,RMB,1,Actual,Actual,SRC_CT_2025_NOTES_P2,High,,,,,
CT_20260803_P2,中国电信,中国电信股份有限公司,中国电信股份有限公司及其子公司,2025,Annual,DIAG_TOWER_SHARE_PROFIT_EST,中国铁塔利润份额估算,Company-Specific Diagnosis,AI/AIDC & Associates,2384.355,RMB mn,RMB,1,Derived,Actual,SRC_CT_2025_NOTES_P2,High,铁塔净利润×20.5%,,,,DCF使用EBIT时应单列铁塔价值，PE使用净利润时不能再加全额价值
CT_20260803_P2,行业,行业,中国市场,2024,Annual,IND_CLOUD_MARKET_2024,中国云计算市场规模,Industry Demand,Cloud & AI,828800,RMB mn,RMB,1,Actual,Actual,SRC_CAict_CLOUD_2025,Medium,,,,,2024市场同比增长34.4%
CT_20260803_P2,行业,行业,中国市场,2024,Annual,IND_PUBLIC_CLOUD_2024,中国公有云市场规模,Industry Demand,Cloud & AI,621600,RMB mn,RMB,1,Actual,Actual,SRC_CAict_CLOUD_2025,Medium,,,,,同比增长36.6%
CT_20260803_P2,行业,行业,中国市场,2024,Annual,IND_PRIVATE_CLOUD_2024,中国私有云市场规模,Industry Demand,Cloud & AI,207200,RMB mn,RMB,1,Actual,Actual,SRC_CAict_CLOUD_2025,Medium,,,,,同比增长29.3%
CT_20260803_P2,行业,行业,中国市场,2024,Annual,IND_PUBLIC_IAAS_2024,中国公有云IaaS市场,Industry Demand,Cloud & AI,420100,RMB mn,RMB,1,Actual,Actual,SRC_CAict_CLOUD_2025,Medium,,,,,同比增加超过800亿元，智能算力是主要增量
CT_20260803_P2,行业,行业,中国市场,2025H1,Annual,IND_AI_COMPUTE_2025H1,全国智能算力规模,Industry Demand,Cloud & AI,788,EFlops,,1,Actual,Actual,SRC_CAict_AI_INFRA_2025,Medium,,,,,FP16；截至2025年6月底
CT_20260803_P2,行业,行业,中国市场,2025H1,Annual,IND_COMPUTE_RACKS_2025H1,全国在用算力中心标准机架,Industry Demand,Cloud & AI,10.85,mn racks,,1,Actual,Actual,SRC_CAict_AI_INFRA_2025,Medium,,,,,截至2025年6月底
CT_20260803_P2,中国电信,中国电信,中国电信,2025,Annual,PEER_SELLING_RATE,销售费用率,Peer Benchmark,Cost Structure,0.09130616229730776,%,,1,Derived,Actual,SRC_CT_2025_MDA_P2,High,费用/营业收入,,,,
CT_20260803_P2,中国电信,中国电信,中国电信,2025,Annual,PEER_PERSONNEL_RATE,人工成本率,Peer Benchmark,Cost Structure,0.18473106868167663,%,,1,Derived,Actual,SRC_CT_2025_MDA_P2,High,费用/营业收入,,,,
CT_20260803_P2,中国电信,中国电信,中国电信,2025,Annual,PEER_NETWORK_RATE,网络运营及支撑费用率,Peer Benchmark,Cost Structure,0.30601689330178505,%,,1,Derived,Actual,SRC_CT_2025_MDA_P2,High,费用/营业收入,,,,
CT_20260803_P2,中国电信,中国电信,中国电信,2025,Annual,PEER_DA_RATE,折旧摊销率,Peer Benchmark,Cost Structure,0.1967637222670184,%,,1,Derived,Actual,SRC_CT_2025_MDA_P2,High,费用/营业收入,,,,
CT_20260803_P2,中国移动,中国移动,中国移动,2025,Annual,PEER_SELLING_RATE,销售费用率,Peer Benchmark,Cost Structure,0.053499043503680774,%,,1,Derived,Actual,SRC_CM_2025_COSTS,High,费用/营业收入,,,,
CT_20260803_P2,中国移动,中国移动,中国移动,2025,Annual,PEER_PERSONNEL_RATE,人工成本率,Peer Benchmark,Cost Structure,0.14673958066515774,%,,1,Derived,Actual,SRC_CM_2025_COSTS,High,费用/营业收入,,,,
CT_20260803_P2,中国移动,中国移动,中国移动,2025,Annual,PEER_NETWORK_RATE,网络运营及支撑费用率,Peer Benchmark,Cost Structure,0.2720448834350454,%,,1,Derived,Actual,SRC_CM_2025_COSTS,High,费用/营业收入,,,,
CT_20260803_P2,中国移动,中国移动,中国移动,2025,Annual,PEER_DA_RATE,折旧摊销率,Peer Benchmark,Cost Structure,0.1809192077220533,%,,1,Derived,Actual,SRC_CM_2025_COSTS,High,费用/营业收入,,,,
CT_20260803_P2,中国联通,中国联通,中国联通,2025,Annual,PEER_SELLING_RATE,销售费用率,Peer Benchmark,Cost Structure,0.096,%,,1,Actual,Actual,SRC_CU_2025_COSTS,High,费用/营业收入,,,,
CT_20260803_P2,中国联通,中国联通,中国联通,2025,Annual,PEER_PERSONNEL_RATE,人工成本率,Peer Benchmark,Cost Structure,0.17,%,,1,Actual,Actual,SRC_CU_2025_COSTS,High,费用/营业收入,,,,
CT_20260803_P2,中国联通,中国联通,中国联通,2025,Annual,PEER_NETWORK_RATE,网络运营及支撑费用率,Peer Benchmark,Cost Structure,0.166,%,,1,Actual,Actual,SRC_CU_2025_COSTS,High,费用/营业收入,,,,
CT_20260803_P2,中国联通,中国联通,中国联通,2025,Annual,PEER_DA_RATE,折旧摊销率,Peer Benchmark,Cost Structure,0.206,%,,1,Actual,Actual,SRC_CU_2025_COSTS,High,费用/营业收入,,,,
CT_20260803_P2,中国电信,中国电信股份有限公司,中国电信股份有限公司及其子公司,2025,Annual,REV_TOC_MOBILE,ToC移动通信,Mutually Exclusive Revenue Bridge,Model Modules,204528,RMB mn,RMB,1,Estimated,Actual,SRC_CT_2025_PRESENTATION_P2,Low,以公司披露总收入和产业数字化项目/资源结构进行去重分配,195000,204528,212000,公司移动通信服务收入作为起点
CT_20260803_P2,中国电信,中国电信股份有限公司,中国电信股份有限公司及其子公司,2025,Annual,REV_HOME,家庭宽带与智慧家庭,Mutually Exclusive Revenue Bridge,Model Modules,125979,RMB mn,RMB,1,Estimated,Actual,SRC_CT_2025_PRESENTATION_P2,Low,以公司披露总收入和产业数字化项目/资源结构进行去重分配,122000,125979,130000,公司固网及智慧家庭收入
CT_20260803_P2,中国电信,中国电信股份有限公司,中国电信股份有限公司及其子公司,2025,Annual,REV_ENT_CONNECT,企业连接与传统网络,Mutually Exclusive Revenue Bridge,Model Modules,18500,RMB mn,RMB,1,Estimated,Actual,SRC_CT_2025_PRESENTATION_P2,Low,以公司披露总收入和产业数字化项目/资源结构进行去重分配,15000,18500,25000,资源型收入扣除AIDC及IoT后的估算
CT_20260803_P2,中国电信,中国电信股份有限公司,中国电信股份有限公司及其子公司,2025,Annual,REV_CLOUD_NONAI,非AI云与数字化,Mutually Exclusive Revenue Bridge,Model Modules,77107,RMB mn,RMB,1,Estimated,Actual,SRC_CT_2025_PRESENTATION_P2,Low,以公司披露总收入和产业数字化项目/资源结构进行去重分配,65000,77107,85000,包含非AI云、安全、系统集成及项目残差
CT_20260803_P2,中国电信,中国电信股份有限公司,中国电信股份有限公司及其子公司,2025,Annual,REV_AI_AIDC,AI/AIDC与智算,Mutually Exclusive Revenue Bridge,Model Modules,41700,RMB mn,RMB,1,Estimated,Actual,SRC_CT_2025_PRESENTATION_P2,Low,以公司披露总收入和产业数字化项目/资源结构进行去重分配,36000,41700,48000,AIDC 345亿元加智能收入非重叠部分估算
CT_20260803_P2,中国电信,中国电信股份有限公司,中国电信股份有限公司及其子公司,2025,Annual,REV_IOT,物联网,Mutually Exclusive Revenue Bridge,Model Modules,10000,RMB mn,RMB,1,Estimated,Actual,SRC_CT_2025_PRESENTATION_P2,Low,以公司披露总收入和产业数字化项目/资源结构进行去重分配,8000,10000,13000,连接、平台、车联网及5G定制网估算
CT_20260803_P2,中国电信,中国电信股份有限公司,中国电信股份有限公司及其子公司,2025,Annual,REV_TERMINAL,终端及设备销售,Mutually Exclusive Revenue Bridge,Model Modules,44135,RMB mn,RMB,1,Estimated,Actual,SRC_CT_2025_PRESENTATION_P2,Low,以公司披露总收入和产业数字化项目/资源结构进行去重分配,42000,44135,46000,公司商品销售及其他收入
CT_20260803_P2,中国电信,中国电信股份有限公司,中国电信股份有限公司及其子公司,2025,Annual,REV_WHOLESALE_OTHER,批发及其他服务,Mutually Exclusive Revenue Bridge,Model Modules,7610,RMB mn,RMB,1,Estimated,Actual,SRC_CT_2025_PRESENTATION_P2,Low,以公司披露总收入和产业数字化项目/资源结构进行去重分配,7000,7610,9000,公司其他服务收入
CT_20260803_P2,中国电信,中国电信股份有限公司,中国电信股份有限公司及其子公司,2025,Annual,REV_BRIDGE_DIFF_G2,G2互斥收入桥接差异,Mutually Exclusive Revenue Bridge,Model Modules,0.0,RMB mn,RMB,1,Derived,Actual,SRC_CT_2025_PRESENTATION_P2,High,集团营业收入-互斥模块之和,,,,应为0
CT_20260803_P2,中国电信,中国电信股份有限公司,中国电信股份有限公司及其子公司,2026-2030,Multi-year,DRV_MOBILE_REV_GROWTH,ToC移动收入增速,Forecast Drivers,Driver,0.01,%,,1,Assumption,Base,SRC_FRAMEWORK_V2;SRC_CT_2025_PRESENTATION_P2,Medium,Phase 2历史、行业和同业校准,-0.012,0.004,0.015,用户仍增长但2025移动ARPU下降
CT_20260803_P2,中国电信,中国电信股份有限公司,中国电信股份有限公司及其子公司,2026-2030,Multi-year,DRV_HOME_REV_GROWTH,家庭收入增速,Forecast Drivers,Driver,0.002,%,,1,Assumption,Base,SRC_FRAMEWORK_V2;SRC_CT_2025_PRESENTATION_P2,Medium,Phase 2历史、行业和同业校准,-0.005,0.014,0.035,总收入近零增长，智慧家庭产品仍有增长
CT_20260803_P2,中国电信,中国电信股份有限公司,中国电信股份有限公司及其子公司,2026-2030,Multi-year,DRV_ENT_CONNECT_GROWTH,企业连接与传统网络增速,Forecast Drivers,Driver,0.011,%,,1,Assumption,Base,SRC_FRAMEWORK_V2;SRC_CT_2025_PRESENTATION_P2,Low,Phase 2历史、行业和同业校准,-0.01,0.025,0.055,资源型收入低增长，需与AIDC/IoT去重
CT_20260803_P2,中国电信,中国电信股份有限公司,中国电信股份有限公司及其子公司,2026-2030,Multi-year,DRV_PROJECT_DIGITAL_GROWTH,项目型数字化收入增速,Forecast Drivers,Driver,0.0,%,,1,Assumption,Base,SRC_FRAMEWORK_V2;SRC_CT_2025_PRESENTATION_P2,Medium,Phase 2历史、行业和同业校准,-0.02,0.035,0.08,收入持平但合同额增长11.9%
CT_20260803_P2,中国电信,中国电信股份有限公司,中国电信股份有限公司及其子公司,2026-2030,Multi-year,DRV_CLOUD_NONAI_GROWTH,非AI云与数字化增速,Forecast Drivers,Driver,0.06,%,,1,Assumption,Base,SRC_FRAMEWORK_V2;SRC_CT_2025_PRESENTATION_P2,Medium,Phase 2历史、行业和同业校准,0.02,0.065,0.12,天翼云2025约增长6%，行业仍高增长
CT_20260803_P2,中国电信,中国电信股份有限公司,中国电信股份有限公司及其子公司,2026-2030,Multi-year,DRV_AI_AIDC_GROWTH,AI/AIDC收入增速,Forecast Drivers,Driver,0.045,%,,1,Assumption,Base,SRC_FRAMEWORK_V2;SRC_CT_2025_PRESENTATION_P2,Low,Phase 2历史、行业和同业校准,0.06,0.15,0.28,AIDC收入增长较慢，智能收入高增长且计算Capex上升
CT_20260803_P2,中国电信,中国电信股份有限公司,中国电信股份有限公司及其子公司,2026-2030,Multi-year,DRV_IOT_GROWTH,物联网收入增速,Forecast Drivers,Driver,0.312,%,,1,Assumption,Base,SRC_FRAMEWORK_V2;SRC_CT_2025_PRESENTATION_P2,Low,Phase 2历史、行业和同业校准,0.08,0.185,0.32,IoVT收入高增长，但连接数不能直接映射利润
CT_20260803_P2,中国电信,中国电信股份有限公司,中国电信股份有限公司及其子公司,2026-2030,Multi-year,DRV_INTERNATIONAL_GROWTH,国际收入增速,Forecast Drivers,Driver,0.141,%,,1,Assumption,Base,SRC_FRAMEWORK_V2;SRC_CT_2025_PRESENTATION_P2,Medium,Phase 2历史、行业和同业校准,0.05,0.125,0.22,2025国际业务增长14.1%
CT_20260803_P2,中国电信,中国电信股份有限公司,中国电信股份有限公司及其子公司,2026-2030,Multi-year,DRV_TERMINAL_GROWTH,终端及设备销售增速,Forecast Drivers,Driver,-0.069,%,,1,Assumption,Base,SRC_FRAMEWORK_V2;SRC_CT_2025_PRESENTATION_P2,Medium,Phase 2历史、行业和同业校准,-0.08,-0.005,0.04,低毛利且2025下降
CT_20260803_P2,中国电信,中国电信股份有限公司,中国电信股份有限公司及其子公司,2026-2030,Multi-year,DRV_SELLING_RATE_IMPROVE,销售费用率年改善,Forecast Drivers,Driver,0.0913,pct/yr,,1,Assumption,Base,SRC_FRAMEWORK_V2;SRC_CT_2025_PRESENTATION_P2,Medium,Phase 2历史、行业和同业校准,0.0,0.00085,0.002,费用率已从2020年11.5%降至2025年9.1%，边际空间收窄
CT_20260803_P2,中国电信,中国电信股份有限公司,中国电信股份有限公司及其子公司,2026-2030,Multi-year,DRV_PERSONNEL_RATE_CHANGE,人工成本率年变化,Forecast Drivers,Driver,0.1847,pct/yr,,1,Assumption,Base,SRC_FRAMEWORK_V2;SRC_CT_2025_PRESENTATION_P2,Medium,Phase 2历史、行业和同业校准,0.001,0.0,-0.001,员工总数稳定，AI降本与高技能人才投入并存；负数表示改善
CT_20260803_P2,中国电信,中国电信股份有限公司,中国电信股份有限公司及其子公司,2026-2030,Multi-year,DRV_NETWORK_RATE_IMPROVE,网络运营费用率年改善,Forecast Drivers,Driver,0.306,pct/yr,,1,Assumption,Base,SRC_FRAMEWORK_V2;SRC_CT_2025_PRESENTATION_P2,Low,Phase 2历史、行业和同业校准,-0.001,0.0005,0.002,共建共享节省已部分兑现，算力电力和运维形成反向压力
CT_20260803_P2,中国电信,中国电信股份有限公司,中国电信股份有限公司及其子公司,2026-2030,Multi-year,DRV_DA_RATE,折旧摊销/营业收入,Forecast Drivers,Driver,0.1968,%,,1,Assumption,Base,SRC_FRAMEWORK_V2;SRC_CT_2025_PRESENTATION_P2,Medium,Phase 2历史、行业和同业校准,0.195,0.193,0.192,传统网络Capex下降但AI/AIDC折旧滞后上升
CT_20260803_P2,中国电信,中国电信股份有限公司,中国电信股份有限公司及其子公司,2026-2030,Multi-year,DRV_CAPEX_RATE,资本开支/营业收入,Forecast Drivers,Driver,0.1518,%,,1,Assumption,Base,SRC_FRAMEWORK_V2;SRC_CT_2025_PRESENTATION_P2,Medium,Phase 2历史、行业和同业校准,0.15,0.14250000000000002,0.145,2026指引730亿元，但算力投资占比升至约35%
CT_20260803_P2,中国电信,中国电信股份有限公司,中国电信股份有限公司及其子公司,2026-2030,Multi-year,DRV_AR_DSO,净应收账款周转天数,Forecast Drivers,Driver,36.1,days,,1,Assumption,Base,SRC_FRAMEWORK_V2;SRC_CT_2025_PRESENTATION_P2,High,Phase 2历史、行业和同业校准,40,37.0,34,2023-2025由22.2天升至36.1天
CT_20260803_P2,中国电信,中国电信股份有限公司,中国电信股份有限公司及其子公司,2026-2030,Multi-year,DRV_AR_IMPAIR_RATE,应收账款准备率,Forecast Drivers,Driver,0.217,%,,1,Assumption,Base,SRC_FRAMEWORK_V2;SRC_CT_2025_PRESENTATION_P2,High,Phase 2历史、行业和同业校准,0.22,0.21500000000000002,0.2,企业客户准备率已升至约29.6%
CT_20260803_P2,中国电信,中国电信股份有限公司,中国电信股份有限公司及其子公司,2026-2030,Multi-year,DRV_CONTRACT_IMPAIR_RATE,合同资产减值率,Forecast Drivers,Driver,0.09,%,,1,Assumption,Base,SRC_FRAMEWORK_V2;SRC_CT_2025_PRESENTATION_P2,High,Phase 2历史、行业和同业校准,0.09,0.085,0.08,2025合同资产准备率约9.0%
CT_20260803_P2,中国电信,中国电信股份有限公司,中国电信股份有限公司及其子公司,2026-2030,Multi-year,DRV_PROJECT_CONTR_MARGIN,项目型业务增量贡献利润率,Forecast Drivers,Driver,,%,,1,Assumption,Base,SRC_FRAMEWORK_V2;SRC_CT_2025_PRESENTATION_P2,Low,Phase 2历史、行业和同业校准,0.01,0.045,0.09,含交付成本、增量销售和减值，不是分部净利率
CT_20260803_P2,中国电信,中国电信股份有限公司,中国电信股份有限公司及其子公司,2026-2030,Multi-year,DRV_CLOUD_CONTR_MARGIN,非AI云与数字化增量贡献利润率,Forecast Drivers,Driver,,%,,1,Assumption,Base,SRC_FRAMEWORK_V2;SRC_CT_2025_PRESENTATION_P2,Low,Phase 2历史、行业和同业校准,0.06,0.125,0.2,需包含软硬件、交付和共享资源成本
CT_20260803_P2,中国电信,中国电信股份有限公司,中国电信股份有限公司及其子公司,2026-2030,Multi-year,DRV_AI_AIDC_CONTR_MARGIN,AI/AIDC增量贡献利润率,Forecast Drivers,Driver,,%,,1,Assumption,Base,SRC_FRAMEWORK_V2;SRC_CT_2025_PRESENTATION_P2,Low,Phase 2历史、行业和同业校准,0.05,0.125,0.22,包含电力、运维、增量折旧和减值后的贡献口径
CT_20260803_P2,中国电信,中国电信股份有限公司,中国电信股份有限公司及其子公司,2026-2030,Multi-year,DRV_IOT_CONTR_MARGIN,物联网增量贡献利润率,Forecast Drivers,Driver,,%,,1,Assumption,Base,SRC_FRAMEWORK_V2;SRC_CT_2025_PRESENTATION_P2,Low,Phase 2历史、行业和同业校准,0.08,0.15,0.24,连接、平台和解决方案组合
CT_20260803_P2,中国电信,中国电信股份有限公司,中国电信股份有限公司及其子公司,2026-2030,Multi-year,DRV_PAYOUT,派息率,Forecast Drivers,Driver,0.755,%,,1,Assumption,Base,SRC_FRAMEWORK_V2;SRC_CT_2025_PRESENTATION_P2,Medium,Phase 2历史、行业和同业校准,0.7,0.765,0.82,需受经营现金流和资本开支覆盖约束
CT_20260803_P2,中国电信,中国电信股份有限公司,中国电信股份有限公司及其子公司,2026-2030,Multi-year,DRV_WACC,WACC/要求回报率,Forecast Drivers,Driver,0.11,%,,1,Assumption,Base,SRC_FRAMEWORK_V2;SRC_CT_2025_PRESENTATION_P2,High,Phase 2历史、行业和同业校准,0.11,0.11,0.11,用户指定
CT_20260803_P2,中国电信,中国电信股份有限公司,中国电信股份有限公司及其子公司,2026-2030,Multi-year,DRV_TERMINAL_G,2035年后永续增长率,Forecast Drivers,Driver,0.02,%,,1,Assumption,Base,SRC_FRAMEWORK_V2;SRC_CT_2025_PRESENTATION_P2,High,Phase 2历史、行业和同业校准,0.02,0.02,0.02,用户指定
CT_20260803_P3,中国电信,中国电信股份有限公司,中国电信股份有限公司及其子公司,2026,Annual,REV_TOC_MOBILE,ToC移动通信,Forecast Revenue,ToC,202073.664,RMB mn,RMB,1,Forecast,Bear,SRC_MODEL_P3_FORECAST,Medium,Phase 3 formula model,,,,2025起点为Phase 2互斥收入桥接；并非公司披露分部收入。
CT_20260803_P3,中国电信,中国电信股份有限公司,中国电信股份有限公司及其子公司,2026,Annual,REV_HOME,家庭宽带与智慧家庭,Forecast Revenue,Home,125349.105,RMB mn,RMB,1,Forecast,Bear,SRC_MODEL_P3_FORECAST,Medium,Phase 3 formula model,,,,2025起点为Phase 2互斥收入桥接；并非公司披露分部收入。
CT_20260803_P3,中国电信,中国电信股份有限公司,中国电信股份有限公司及其子公司,2026,Annual,REV_ENT_CONNECT,企业连接与传统网络,Forecast Revenue,Enterprise,18315.0,RMB mn,RMB,1,Forecast,Bear,SRC_MODEL_P3_FORECAST,Low,Phase 3 formula model,,,,2025起点为Phase 2互斥收入桥接；并非公司披露分部收入。
CT_20260803_P3,中国电信,中国电信股份有限公司,中国电信股份有限公司及其子公司,2026,Annual,REV_CLOUD_NONAI,非AI云与数字化,Forecast Revenue,Cloud,78649.14,RMB mn,RMB,1,Forecast,Bear,SRC_MODEL_P3_FORECAST,Low,Phase 3 formula model,,,,2025起点为Phase 2互斥收入桥接；并非公司披露分部收入。
CT_20260803_P3,中国电信,中国电信股份有限公司,中国电信股份有限公司及其子公司,2026,Annual,REV_AI_AIDC,AI/AIDC与智算,Forecast Revenue,AI/AIDC,44202.0,RMB mn,RMB,1,Forecast,Bear,SRC_MODEL_P3_FORECAST,Low,Phase 3 formula model,,,,2025起点为Phase 2互斥收入桥接；并非公司披露分部收入。
CT_20260803_P3,中国电信,中国电信股份有限公司,中国电信股份有限公司及其子公司,2026,Annual,REV_IOT,物联网,Forecast Revenue,IoT,10800.0,RMB mn,RMB,1,Forecast,Bear,SRC_MODEL_P3_FORECAST,Low,Phase 3 formula model,,,,2025起点为Phase 2互斥收入桥接；并非公司披露分部收入。
CT_20260803_P3,中国电信,中国电信股份有限公司,中国电信股份有限公司及其子公司,2026,Annual,REV_TERMINAL,终端及设备销售,Forecast Revenue,Terminal,39721.5,RMB mn,RMB,1,Forecast,Bear,SRC_MODEL_P3_FORECAST,Medium,Phase 3 formula model,,,,2025起点为Phase 2互斥收入桥接；并非公司披露分部收入。
CT_20260803_P3,中国电信,中国电信股份有限公司,中国电信股份有限公司及其子公司,2026,Annual,REV_WHOLESALE_OTHER,批发及其他服务,Forecast Revenue,Other,7762.2,RMB mn,RMB,1,Forecast,Bear,SRC_MODEL_P3_FORECAST,Medium,Phase 3 formula model,,,,2025起点为Phase 2互斥收入桥接；并非公司披露分部收入。
CT_20260803_P3,中国电信,中国电信股份有限公司,中国电信股份有限公司及其子公司,2026,Annual,FIN_REV_TOTAL,营业收入,Forecast,Group,526872.6089999999,RMB mn,RMB,1,Forecast,Bear,SRC_MODEL_P3_FORECAST,Medium,Phase 3 formula model,,,,
CT_20260803_P3,中国电信,中国电信股份有限公司,中国电信股份有限公司及其子公司,2026,Annual,FIN_REV_SERVICE,服务收入,Forecast,Group,487151.10899999994,RMB mn,RMB,1,Forecast,Bear,SRC_MODEL_P3_FORECAST,Medium,Phase 3 formula model,,,,
CT_20260803_P3,中国电信,中国电信股份有限公司,中国电信股份有限公司及其子公司,2026,Annual,FIN_EBIT,经营利润,Forecast,Group,37424.8926,RMB mn,RMB,1,Forecast,Bear,SRC_MODEL_P3_FORECAST,Medium,Phase 3 formula model,,,,
CT_20260803_P3,中国电信,中国电信股份有限公司,中国电信股份有限公司及其子公司,2026,Annual,FIN_EBIT_MARGIN,经营利润率,Forecast,Group,0.07103214697577874,%,,1,Forecast,Bear,SRC_MODEL_P3_FORECAST,Medium,Phase 3 formula model,,,,
CT_20260803_P3,中国电信,中国电信股份有限公司,中国电信股份有限公司及其子公司,2026,Annual,FIN_DA,折旧及摊销,Forecast,Group,105222.16,RMB mn,RMB,1,Forecast,Bear,SRC_MODEL_P3_FORECAST,Medium,Phase 3 formula model,,,,
CT_20260803_P3,中国电信,中国电信股份有限公司,中国电信股份有限公司及其子公司,2026,Annual,FIN_EBITDA,EBITDA,Forecast,Group,142647.0526,RMB mn,RMB,1,Forecast,Bear,SRC_MODEL_P3_FORECAST,Medium,Phase 3 formula model,,,,
CT_20260803_P3,中国电信,中国电信股份有限公司,中国电信股份有限公司及其子公司,2026,Annual,FIN_EBITDA_MARGIN,EBITDA率,Forecast,Group,0.292818901496127,%,,1,Forecast,Bear,SRC_MODEL_P3_FORECAST,Medium,Phase 3 formula model,,,,
CT_20260803_P3,中国电信,中国电信股份有限公司,中国电信股份有限公司及其子公司,2026,Annual,FIN_PBT,税前利润,Forecast,Group,40535.1426,RMB mn,RMB,1,Forecast,Bear,SRC_MODEL_P3_FORECAST,Medium,Phase 3 formula model,,,,
CT_20260803_P3,中国电信,中国电信股份有限公司,中国电信股份有限公司及其子公司,2026,Annual,FIN_TAX,所得税,Forecast,Group,9120.407085,RMB mn,RMB,1,Forecast,Bear,SRC_MODEL_P3_FORECAST,Medium,Phase 3 formula model,,,,
CT_20260803_P3,中国电信,中国电信股份有限公司,中国电信股份有限公司及其子公司,2026,Annual,FIN_NP_ATTR,归母净利润,Forecast,Group,31364.735515,RMB mn,RMB,1,Forecast,Bear,SRC_MODEL_P3_FORECAST,Medium,Phase 3 formula model,,,,
CT_20260803_P3,中国电信,中国电信股份有限公司,中国电信股份有限公司及其子公司,2026,Annual,FIN_NET_MARGIN,归母净利率,Forecast,Group,0.05953001727406179,%,,1,Forecast,Bear,SRC_MODEL_P3_FORECAST,Medium,Phase 3 formula model,,,,
CT_20260803_P3,中国电信,中国电信股份有限公司,中国电信股份有限公司及其子公司,2026,Annual,FIN_EPS_BASIC,基本每股收益,Forecast,Group,0.342757253269277,RMB/share,RMB,1,Forecast,Bear,SRC_MODEL_P3_FORECAST,Medium,Phase 3 formula model,,,,
CT_20260803_P3,中国电信,中国电信股份有限公司,中国电信股份有限公司及其子公司,2026,Annual,DRV_AR_DSO,期末净应收DSO,Working Capital,Group,45.0,days,,1,Forecast,Bear,SRC_MODEL_P3_FORECAST,Medium,Phase 3 formula model,,,,
CT_20260803_P3,中国电信,中国电信股份有限公司,中国电信股份有限公司及其子公司,2026,Annual,BS_AR_NET,应收账款净额,Working Capital,Group,60059.72576712328,RMB mn,RMB,1,Forecast,Bear,SRC_MODEL_P3_FORECAST,Medium,Phase 3 formula model,,,,
CT_20260803_P3,中国电信,中国电信股份有限公司,中国电信股份有限公司及其子公司,2026,Annual,CF_WC_CHANGE,营运资本增加,Cash Flow,Group,6886.861857123279,RMB mn,RMB,1,Forecast,Bear,SRC_MODEL_P3_FORECAST,Medium,Phase 3 formula model,,,,
CT_20260803_P3,中国电信,中国电信股份有限公司,中国电信股份有限公司及其子公司,2026,Annual,CF_CFO,经营活动现金流,Cash Flow,Group,126673.16974787673,RMB mn,RMB,1,Forecast,Bear,SRC_MODEL_P3_FORECAST,Medium,Phase 3 formula model,,,,
CT_20260803_P3,中国电信,中国电信股份有限公司,中国电信股份有限公司及其子公司,2026,Annual,CF_CAPEX,资本开支,Cash Flow,Group,78000.0,RMB mn,RMB,1,Forecast,Bear,SRC_MODEL_P3_FORECAST,Medium,Phase 3 formula model,,,,
CT_20260803_P3,中国电信,中国电信股份有限公司,中国电信股份有限公司及其子公司,2026,Annual,CF_CAPEX_RATE,资本开支率,Cash Flow,Group,0.1480433764587675,%,,1,Forecast,Bear,SRC_MODEL_P3_FORECAST,Medium,Phase 3 formula model,,,,
CT_20260803_P3,中国电信,中国电信股份有限公司,中国电信股份有限公司及其子公司,2026,Annual,CF_FCFF_MODEL,模型FCFF,Cash Flow,Group,49339.589907876725,RMB mn,RMB,1,Forecast,Bear,SRC_MODEL_P3_FORECAST,Medium,Phase 3 formula model,,,,
CT_20260803_P3,中国电信,中国电信股份有限公司,中国电信股份有限公司及其子公司,2026,Annual,CF_DISTRIBUTABLE,股东可分配现金,Cash Flow,Group,32173.16974787673,RMB mn,RMB,1,Forecast,Bear,SRC_MODEL_P3_FORECAST,Medium,Phase 3 formula model,,,,
CT_20260803_P3,中国电信,中国电信股份有限公司,中国电信股份有限公司及其子公司,2026,Annual,DIV_CASH_TOTAL,现金分红总额,Dividend,Equity,22268.96221565,RMB mn,RMB,1,Forecast,Bear,SRC_MODEL_P3_FORECAST,Medium,Phase 3 formula model,,,,
CT_20260803_P3,中国电信,中国电信股份有限公司,中国电信股份有限公司及其子公司,2026,Annual,DIV_PAYOUT,派息率,Dividend,Equity,0.7100000000000001,%,,1,Forecast,Bear,SRC_MODEL_P3_FORECAST,Medium,Phase 3 formula model,,,,
CT_20260803_P3,中国电信,中国电信股份有限公司,中国电信股份有限公司及其子公司,2026,Annual,DIV_DPS_TOTAL,全年DPS,Dividend,Equity,0.24335764982118668,RMB/share,RMB,1,Forecast,Bear,SRC_MODEL_P3_FORECAST,Medium,Phase 3 formula model,,,,
CT_20260803_P3,中国电信,中国电信股份有限公司,中国电信股份有限公司及其子公司,2026,Annual,CF_DIVIDEND_COVER,分红现金覆盖倍数,Dividend,Equity,1.4447538882286275,x,,1,Forecast,Bear,SRC_MODEL_P3_FORECAST,Medium,Phase 3 formula model,,,,
CT_20260803_P3,中国电信,中国电信股份有限公司,中国电信股份有限公司及其子公司,2027,Annual,REV_TOC_MOBILE,ToC移动通信,Forecast Revenue,ToC,200052.92736,RMB mn,RMB,1,Forecast,Bear,SRC_MODEL_P3_FORECAST,Medium,Phase 3 formula model,,,,2025起点为Phase 2互斥收入桥接；并非公司披露分部收入。
CT_20260803_P3,中国电信,中国电信股份有限公司,中国电信股份有限公司及其子公司,2027,Annual,REV_HOME,家庭宽带与智慧家庭,Forecast Revenue,Home,125349.105,RMB mn,RMB,1,Forecast,Bear,SRC_MODEL_P3_FORECAST,Medium,Phase 3 formula model,,,,2025起点为Phase 2互斥收入桥接；并非公司披露分部收入。
CT_20260803_P3,中国电信,中国电信股份有限公司,中国电信股份有限公司及其子公司,2027,Annual,REV_ENT_CONNECT,企业连接与传统网络,Forecast Revenue,Enterprise,18315.0,RMB mn,RMB,1,Forecast,Bear,SRC_MODEL_P3_FORECAST,Low,Phase 3 formula model,,,,2025起点为Phase 2互斥收入桥接；并非公司披露分部收入。
CT_20260803_P3,中国电信,中国电信股份有限公司,中国电信股份有限公司及其子公司,2027,Annual,REV_CLOUD_NONAI,非AI云与数字化,Forecast Revenue,Cloud,80615.3685,RMB mn,RMB,1,Forecast,Bear,SRC_MODEL_P3_FORECAST,Low,Phase 3 formula model,,,,2025起点为Phase 2互斥收入桥接；并非公司披露分部收入。
CT_20260803_P3,中国电信,中国电信股份有限公司,中国电信股份有限公司及其子公司,2027,Annual,REV_AI_AIDC,AI/AIDC与智算,Forecast Revenue,AI/AIDC,47738.16,RMB mn,RMB,1,Forecast,Bear,SRC_MODEL_P3_FORECAST,Low,Phase 3 formula model,,,,2025起点为Phase 2互斥收入桥接；并非公司披露分部收入。
CT_20260803_P3,中国电信,中国电信股份有限公司,中国电信股份有限公司及其子公司,2027,Annual,REV_IOT,物联网,Forecast Revenue,IoT,11880.000000000002,RMB mn,RMB,1,Forecast,Bear,SRC_MODEL_P3_FORECAST,Low,Phase 3 formula model,,,,2025起点为Phase 2互斥收入桥接；并非公司披露分部收入。
CT_20260803_P3,中国电信,中国电信股份有限公司,中国电信股份有限公司及其子公司,2027,Annual,REV_TERMINAL,终端及设备销售,Forecast Revenue,Terminal,37338.21,RMB mn,RMB,1,Forecast,Bear,SRC_MODEL_P3_FORECAST,Medium,Phase 3 formula model,,,,2025起点为Phase 2互斥收入桥接；并非公司披露分部收入。
CT_20260803_P3,中国电信,中国电信股份有限公司,中国电信股份有限公司及其子公司,2027,Annual,REV_WHOLESALE_OTHER,批发及其他服务,Forecast Revenue,Other,7917.4439999999995,RMB mn,RMB,1,Forecast,Bear,SRC_MODEL_P3_FORECAST,Medium,Phase 3 formula model,,,,2025起点为Phase 2互斥收入桥接；并非公司披露分部收入。
CT_20260803_P3,中国电信,中国电信股份有限公司,中国电信股份有限公司及其子公司,2027,Annual,FIN_REV_TOTAL,营业收入,Forecast,Group,529206.21486,RMB mn,RMB,1,Forecast,Bear,SRC_MODEL_P3_FORECAST,Medium,Phase 3 formula model,,,,
CT_20260803_P3,中国电信,中国电信股份有限公司,中国电信股份有限公司及其子公司,2027,Annual,FIN_REV_SERVICE,服务收入,Forecast,Group,491868.0048599999,RMB mn,RMB,1,Forecast,Bear,SRC_MODEL_P3_FORECAST,Medium,Phase 3 formula model,,,,
CT_20260803_P3,中国电信,中国电信股份有限公司,中国电信股份有限公司及其子公司,2027,Annual,FIN_EBIT,经营利润,Forecast,Group,35561.660511,RMB mn,RMB,1,Forecast,Bear,SRC_MODEL_P3_FORECAST,Medium,Phase 3 formula model,,,,
CT_20260803_P3,中国电信,中国电信股份有限公司,中国电信股份有限公司及其子公司,2027,Annual,FIN_EBIT_MARGIN,经营利润率,Forecast,Group,0.06719811580521166,%,,1,Forecast,Bear,SRC_MODEL_P3_FORECAST,Medium,Phase 3 formula model,,,,
CT_20260803_P3,中国电信,中国电信股份有限公司,中国电信股份有限公司及其子公司,2027,Annual,FIN_DA,折旧及摊销,Forecast,Group,106838.13703374562,RMB mn,RMB,1,Forecast,Bear,SRC_MODEL_P3_FORECAST,Medium,Phase 3 formula model,,,,
CT_20260803_P3,中国电信,中国电信股份有限公司,中国电信股份有限公司及其子公司,2027,Annual,FIN_EBITDA,EBITDA,Forecast,Group,142399.7975447456,RMB mn,RMB,1,Forecast,Bear,SRC_MODEL_P3_FORECAST,Medium,Phase 3 formula model,,,,
CT_20260803_P3,中国电信,中国电信股份有限公司,中国电信股份有限公司及其子公司,2027,Annual,FIN_EBITDA_MARGIN,EBITDA率,Forecast,Group,0.2895081528738117,%,,1,Forecast,Bear,SRC_MODEL_P3_FORECAST,Medium,Phase 3 formula model,,,,
CT_20260803_P3,中国电信,中国电信股份有限公司,中国电信股份有限公司及其子公司,2027,Annual,FIN_PBT,税前利润,Forecast,Group,38777.311761000004,RMB mn,RMB,1,Forecast,Bear,SRC_MODEL_P3_FORECAST,Medium,Phase 3 formula model,,,,
CT_20260803_P3,中国电信,中国电信股份有限公司,中国电信股份有限公司及其子公司,2027,Annual,FIN_TAX,所得税,Forecast,Group,8724.895146225,RMB mn,RMB,1,Forecast,Bear,SRC_MODEL_P3_FORECAST,Medium,Phase 3 formula model,,,,
CT_20260803_P3,中国电信,中国电信股份有限公司,中国电信股份有限公司及其子公司,2027,Annual,FIN_NP_ATTR,归母净利润,Forecast,Group,30002.416614775004,RMB mn,RMB,1,Forecast,Bear,SRC_MODEL_P3_FORECAST,Medium,Phase 3 formula model,,,,
CT_20260803_P3,中国电信,中国电信股份有限公司,中国电信股份有限公司及其子公司,2027,Annual,FIN_NET_MARGIN,归母净利率,Forecast,Group,0.056693243148537215,%,,1,Forecast,Bear,SRC_MODEL_P3_FORECAST,Medium,Phase 3 formula model,,,,
CT_20260803_P3,中国电信,中国电信股份有限公司,中国电信股份有限公司及其子公司,2027,Annual,FIN_EPS_BASIC,基本每股收益,Forecast,Group,0.32786968362614616,RMB/share,RMB,1,Forecast,Bear,SRC_MODEL_P3_FORECAST,Medium,Phase 3 formula model,,,,
CT_20260803_P3,中国电信,中国电信股份有限公司,中国电信股份有限公司及其子公司,2027,Annual,DRV_AR_DSO,期末净应收DSO,Working Capital,Group,47.0,days,,1,Forecast,Bear,SRC_MODEL_P3_FORECAST,Medium,Phase 3 formula model,,,,
CT_20260803_P3,中国电信,中国电信股份有限公司,中国电信股份有限公司及其子公司,2027,Annual,BS_AR_NET,应收账款净额,Working Capital,Group,63336.42802306848,RMB mn,RMB,1,Forecast,Bear,SRC_MODEL_P3_FORECAST,Medium,Phase 3 formula model,,,,
CT_20260803_P3,中国电信,中国电信股份有限公司,中国电信股份有限公司及其子公司,2027,Annual,CF_WC_CHANGE,营运资本增加,Cash Flow,Group,3300.0383145452015,RMB mn,RMB,1,Forecast,Bear,SRC_MODEL_P3_FORECAST,Medium,Phase 3 formula model,,,,
CT_20260803_P3,中国电信,中国电信股份有限公司,中国电信股份有限公司及其子公司,2027,Annual,CF_CFO,经营活动现金流,Cash Flow,Group,130563.85139257542,RMB mn,RMB,1,Forecast,Bear,SRC_MODEL_P3_FORECAST,Medium,Phase 3 formula model,,,,
CT_20260803_P3,中国电信,中国电信股份有限公司,中国电信股份有限公司及其子公司,2027,Annual,CF_CAPEX,资本开支,Cash Flow,Group,83614.58194788,RMB mn,RMB,1,Forecast,Bear,SRC_MODEL_P3_FORECAST,Medium,Phase 3 formula model,,,,
CT_20260803_P3,中国电信,中国电信股份有限公司,中国电信股份有限公司及其子公司,2027,Annual,CF_CAPEX_RATE,资本开支率,Cash Flow,Group,0.158,%,,1,Forecast,Bear,SRC_MODEL_P3_FORECAST,Medium,Phase 3 formula model,,,,
CT_20260803_P3,中国电信,中国电信股份有限公司,中国电信股份有限公司及其子公司,2027,Annual,CF_FCFF_MODEL,模型FCFF,Cash Flow,Group,47483.803667345426,RMB mn,RMB,1,Forecast,Bear,SRC_MODEL_P3_FORECAST,Medium,Phase 3 formula model,,,,
CT_20260803_P3,中国电信,中国电信股份有限公司,中国电信股份有限公司及其子公司,2027,Annual,CF_DISTRIBUTABLE,股东可分配现金,Cash Flow,Group,30614.269444695427,RMB mn,RMB,1,Forecast,Bear,SRC_MODEL_P3_FORECAST,Medium,Phase 3 formula model,,,,
CT_20260803_P3,中国电信,中国电信股份有限公司,中国电信股份有限公司及其子公司,2027,Annual,DIV_CASH_TOTAL,现金分红总额,Dividend,Equity,21301.71579649025,RMB mn,RMB,1,Forecast,Bear,SRC_MODEL_P3_FORECAST,Medium,Phase 3 formula model,,,,
CT_20260803_P3,中国电信,中国电信股份有限公司,中国电信股份有限公司及其子公司,2027,Annual,DIV_PAYOUT,派息率,Dividend,Equity,0.71,%,,1,Forecast,Bear,SRC_MODEL_P3_FORECAST,Medium,Phase 3 formula model,,,,
CT_20260803_P3,中国电信,中国电信股份有限公司,中国电信股份有限公司及其子公司,2027,Annual,DIV_DPS_TOTAL,全年DPS,Dividend,Equity,0.23278747537456373,RMB/share,RMB,1,Forecast,Bear,SRC_MODEL_P3_FORECAST,Medium,Phase 3 formula model,,,,
CT_20260803_P3,中国电信,中国电信股份有限公司,中国电信股份有限公司及其子公司,2027,Annual,CF_DIVIDEND_COVER,分红现金覆盖倍数,Dividend,Equity,1.4371738754368109,x,,1,Forecast,Bear,SRC_MODEL_P3_FORECAST,Medium,Phase 3 formula model,,,,
CT_20260803_P3,中国电信,中国电信股份有限公司,中国电信股份有限公司及其子公司,2028,Annual,REV_TOC_MOBILE,ToC移动通信,Forecast Revenue,ToC,198452.50394112,RMB mn,RMB,1,Forecast,Bear,SRC_MODEL_P3_FORECAST,Medium,Phase 3 formula model,,,,2025起点为Phase 2互斥收入桥接；并非公司披露分部收入。
CT_20260803_P3,中国电信,中国电信股份有限公司,中国电信股份有限公司及其子公司,2028,Annual,REV_HOME,家庭宽带与智慧家庭,Forecast Revenue,Home,125599.80321,RMB mn,RMB,1,Forecast,Bear,SRC_MODEL_P3_FORECAST,Medium,Phase 3 formula model,,,,2025起点为Phase 2互斥收入桥接；并非公司披露分部收入。
CT_20260803_P3,中国电信,中国电信股份有限公司,中国电信股份有限公司及其子公司,2028,Annual,REV_ENT_CONNECT,企业连接与传统网络,Forecast Revenue,Enterprise,18406.574999999997,RMB mn,RMB,1,Forecast,Bear,SRC_MODEL_P3_FORECAST,Low,Phase 3 formula model,,,,2025起点为Phase 2互斥收入桥接；并非公司披露分部收入。
CT_20260803_P3,中国电信,中国电信股份有限公司,中国电信股份有限公司及其子公司,2028,Annual,REV_CLOUD_NONAI,非AI云与数字化,Forecast Revenue,Cloud,83033.829555,RMB mn,RMB,1,Forecast,Bear,SRC_MODEL_P3_FORECAST,Low,Phase 3 formula model,,,,2025起点为Phase 2互斥收入桥接；并非公司披露分部收入。
CT_20260803_P3,中国电信,中国电信股份有限公司,中国电信股份有限公司及其子公司,2028,Annual,REV_AI_AIDC,AI/AIDC与智算,Forecast Revenue,AI/AIDC,51557.21280000001,RMB mn,RMB,1,Forecast,Bear,SRC_MODEL_P3_FORECAST,Low,Phase 3 formula model,,,,2025起点为Phase 2互斥收入桥接；并非公司披露分部收入。
CT_20260803_P3,中国电信,中国电信股份有限公司,中国电信股份有限公司及其子公司,2028,Annual,REV_IOT,物联网,Forecast Revenue,IoT,13068.000000000004,RMB mn,RMB,1,Forecast,Bear,SRC_MODEL_P3_FORECAST,Low,Phase 3 formula model,,,,2025起点为Phase 2互斥收入桥接；并非公司披露分部收入。
CT_20260803_P3,中国电信,中国电信股份有限公司,中国电信股份有限公司及其子公司,2028,Annual,REV_TERMINAL,终端及设备销售,Forecast Revenue,Terminal,35844.681599999996,RMB mn,RMB,1,Forecast,Bear,SRC_MODEL_P3_FORECAST,Medium,Phase 3 formula model,,,,2025起点为Phase 2互斥收入桥接；并非公司披露分部收入。
CT_20260803_P3,中国电信,中国电信股份有限公司,中国电信股份有限公司及其子公司,2028,Annual,REV_WHOLESALE_OTHER,批发及其他服务,Forecast Revenue,Other,8075.79288,RMB mn,RMB,1,Forecast,Bear,SRC_MODEL_P3_FORECAST,Medium,Phase 3 formula model,,,,2025起点为Phase 2互斥收入桥接；并非公司披露分部收入。
CT_20260803_P3,中国电信,中国电信股份有限公司,中国电信股份有限公司及其子公司,2028,Annual,FIN_REV_TOTAL,营业收入,Forecast,Group,534038.39898612,RMB mn,RMB,1,Forecast,Bear,SRC_MODEL_P3_FORECAST,Medium,Phase 3 formula model,,,,
CT_20260803_P3,中国电信,中国电信股份有限公司,中国电信股份有限公司及其子公司,2028,Annual,FIN_REV_SERVICE,服务收入,Forecast,Group,498193.71738612,RMB mn,RMB,1,Forecast,Bear,SRC_MODEL_P3_FORECAST,Medium,Phase 3 formula model,,,,
CT_20260803_P3,中国电信,中国电信股份有限公司,中国电信股份有限公司及其子公司,2028,Annual,FIN_EBIT,经营利润,Forecast,Group,34459.349099316,RMB mn,RMB,1,Forecast,Bear,SRC_MODEL_P3_FORECAST,Medium,Phase 3 formula model,,,,
CT_20260803_P3,中国电信,中国电信股份有限公司,中国电信股份有限公司及其子公司,2028,Annual,FIN_EBIT_MARGIN,经营利润率,Forecast,Group,0.06452597634315733,%,,1,Forecast,Bear,SRC_MODEL_P3_FORECAST,Medium,Phase 3 formula model,,,,
CT_20260803_P3,中国电信,中国电信股份有限公司,中国电信股份有限公司及其子公司,2028,Annual,FIN_DA,折旧及摊销,Forecast,Group,108416.4541158228,RMB mn,RMB,1,Forecast,Bear,SRC_MODEL_P3_FORECAST,Medium,Phase 3 formula model,,,,
CT_20260803_P3,中国电信,中国电信股份有限公司,中国电信股份有限公司及其子公司,2028,Annual,FIN_EBITDA,EBITDA,Forecast,Group,142875.8032151388,RMB mn,RMB,1,Forecast,Bear,SRC_MODEL_P3_FORECAST,Medium,Phase 3 formula model,,,,
CT_20260803_P3,中国电信,中国电信股份有限公司,中国电信股份有限公司及其子公司,2028,Annual,FIN_EBITDA_MARGIN,EBITDA率,Forecast,Group,0.2867876455061844,%,,1,Forecast,Bear,SRC_MODEL_P3_FORECAST,Medium,Phase 3 formula model,,,,
CT_20260803_P3,中国电信,中国电信股份有限公司,中国电信股份有限公司及其子公司,2028,Annual,FIN_PBT,税前利润,Forecast,Group,37781.654380566,RMB mn,RMB,1,Forecast,Bear,SRC_MODEL_P3_FORECAST,Medium,Phase 3 formula model,,,,
CT_20260803_P3,中国电信,中国电信股份有限公司,中国电信股份有限公司及其子公司,2028,Annual,FIN_TAX,所得税,Forecast,Group,8500.87223562735,RMB mn,RMB,1,Forecast,Bear,SRC_MODEL_P3_FORECAST,Medium,Phase 3 formula model,,,,
CT_20260803_P3,中国电信,中国电信股份有限公司,中国电信股份有限公司及其子公司,2028,Annual,FIN_NP_ATTR,归母净利润,Forecast,Group,29230.782144938647,RMB mn,RMB,1,Forecast,Bear,SRC_MODEL_P3_FORECAST,Medium,Phase 3 formula model,,,,
CT_20260803_P3,中国电信,中国电信股份有限公司,中国电信股份有限公司及其子公司,2028,Annual,FIN_NET_MARGIN,归母净利率,Forecast,Group,0.05473535648454068,%,,1,Forecast,Bear,SRC_MODEL_P3_FORECAST,Medium,Phase 3 formula model,,,,
CT_20260803_P3,中国电信,中国电信股份有限公司,中国电信股份有限公司及其子公司,2028,Annual,FIN_EPS_BASIC,基本每股收益,Forecast,Group,0.31943717791340015,RMB/share,RMB,1,Forecast,Bear,SRC_MODEL_P3_FORECAST,Medium,Phase 3 formula model,,,,
CT_20260803_P3,中国电信,中国电信股份有限公司,中国电信股份有限公司及其子公司,2028,Annual,DRV_AR_DSO,期末净应收DSO,Working Capital,Group,48.0,days,,1,Forecast,Bear,SRC_MODEL_P3_FORECAST,Medium,Phase 3 formula model,,,,
CT_20260803_P3,中国电信,中国电信股份有限公司,中国电信股份有限公司及其子公司,2028,Annual,BS_AR_NET,应收账款净额,Working Capital,Group,65515.8861220103,RMB mn,RMB,1,Forecast,Bear,SRC_MODEL_P3_FORECAST,Medium,Phase 3 formula model,,,,
CT_20260803_P3,中国电信,中国电信股份有限公司,中国电信股份有限公司及其子公司,2028,Annual,CF_WC_CHANGE,营运资本增加,Cash Flow,Group,2227.7799402030178,RMB mn,RMB,1,Forecast,Bear,SRC_MODEL_P3_FORECAST,Medium,Phase 3 formula model,,,,
CT_20260803_P3,中国电信,中国电信股份有限公司,中国电信股份有限公司及其子公司,2028,Annual,CF_CFO,经营活动现金流,Cash Flow,Group,132467.77816181962,RMB mn,RMB,1,Forecast,Bear,SRC_MODEL_P3_FORECAST,Medium,Phase 3 formula model,,,,
CT_20260803_P3,中国电信,中国电信股份有限公司,中国电信股份有限公司及其子公司,2028,Annual,CF_CAPEX,资本开支,Cash Flow,Group,84378.06703980696,RMB mn,RMB,1,Forecast,Bear,SRC_MODEL_P3_FORECAST,Medium,Phase 3 formula model,,,,
CT_20260803_P3,中国电信,中国电信股份有限公司,中国电信股份有限公司及其子公司,2028,Annual,CF_CAPEX_RATE,资本开支率,Cash Flow,Group,0.158,%,,1,Forecast,Bear,SRC_MODEL_P3_FORECAST,Medium,Phase 3 formula model,,,,
CT_20260803_P3,中国电信,中国电信股份有限公司,中国电信股份有限公司及其子公司,2028,Annual,CF_FCFF_MODEL,模型FCFF,Cash Flow,Group,48516.602687782724,RMB mn,RMB,1,Forecast,Bear,SRC_MODEL_P3_FORECAST,Medium,Phase 3 formula model,,,,
CT_20260803_P3,中国电信,中国电信股份有限公司,中国电信股份有限公司及其子公司,2028,Annual,CF_DISTRIBUTABLE,股东可分配现金,Cash Flow,Group,31918.061122012652,RMB mn,RMB,1,Forecast,Bear,SRC_MODEL_P3_FORECAST,Medium,Phase 3 formula model,,,,
CT_20260803_P3,中国电信,中国电信股份有限公司,中国电信股份有限公司及其子公司,2028,Annual,DIV_CASH_TOTAL,现金分红总额,Dividend,Equity,21046.163144355825,RMB mn,RMB,1,Forecast,Bear,SRC_MODEL_P3_FORECAST,Medium,Phase 3 formula model,,,,
CT_20260803_P3,中国电信,中国电信股份有限公司,中国电信股份有限公司及其子公司,2028,Annual,DIV_PAYOUT,派息率,Dividend,Equity,0.72,%,,1,Forecast,Bear,SRC_MODEL_P3_FORECAST,Medium,Phase 3 formula model,,,,
CT_20260803_P3,中国电信,中国电信股份有限公司,中国电信股份有限公司及其子公司,2028,Annual,DIV_DPS_TOTAL,全年DPS,Dividend,Equity,0.22999476809764807,RMB/share,RMB,1,Forecast,Bear,SRC_MODEL_P3_FORECAST,Medium,Phase 3 formula model,,,,
CT_20260803_P3,中国电信,中国电信股份有限公司,中国电信股份有限公司及其子公司,2028,Annual,CF_DIVIDEND_COVER,分红现金覆盖倍数,Dividend,Equity,1.516573871592954,x,,1,Forecast,Bear,SRC_MODEL_P3_FORECAST,Medium,Phase 3 formula model,,,,
CT_20260803_P3,中国电信,中国电信股份有限公司,中国电信股份有限公司及其子公司,2029,Annual,REV_TOC_MOBILE,ToC移动通信,Forecast Revenue,ToC,197261.78891747328,RMB mn,RMB,1,Forecast,Bear,SRC_MODEL_P3_FORECAST,Medium,Phase 3 formula model,,,,2025起点为Phase 2互斥收入桥接；并非公司披露分部收入。
CT_20260803_P3,中国电信,中国电信股份有限公司,中国电信股份有限公司及其子公司,2029,Annual,REV_HOME,家庭宽带与智慧家庭,Forecast Revenue,Home,126102.20242284,RMB mn,RMB,1,Forecast,Bear,SRC_MODEL_P3_FORECAST,Medium,Phase 3 formula model,,,,2025起点为Phase 2互斥收入桥接；并非公司披露分部收入。
CT_20260803_P3,中国电信,中国电信股份有限公司,中国电信股份有限公司及其子公司,2029,Annual,REV_ENT_CONNECT,企业连接与传统网络,Forecast Revenue,Enterprise,18553.827599999997,RMB mn,RMB,1,Forecast,Bear,SRC_MODEL_P3_FORECAST,Low,Phase 3 formula model,,,,2025起点为Phase 2互斥收入桥接；并非公司披露分部收入。
CT_20260803_P3,中国电信,中国电信股份有限公司,中国电信股份有限公司及其子公司,2029,Annual,REV_CLOUD_NONAI,非AI云与数字化,Forecast Revenue,Cloud,85524.84444165001,RMB mn,RMB,1,Forecast,Bear,SRC_MODEL_P3_FORECAST,Low,Phase 3 formula model,,,,2025起点为Phase 2互斥收入桥接；并非公司披露分部收入。
CT_20260803_P3,中国电信,中国电信股份有限公司,中国电信股份有限公司及其子公司,2029,Annual,REV_AI_AIDC,AI/AIDC与智算,Forecast Revenue,AI/AIDC,55166.217696000014,RMB mn,RMB,1,Forecast,Bear,SRC_MODEL_P3_FORECAST,Low,Phase 3 formula model,,,,2025起点为Phase 2互斥收入桥接；并非公司披露分部收入。
CT_20260803_P3,中国电信,中国电信股份有限公司,中国电信股份有限公司及其子公司,2029,Annual,REV_IOT,物联网,Forecast Revenue,IoT,14244.120000000004,RMB mn,RMB,1,Forecast,Bear,SRC_MODEL_P3_FORECAST,Low,Phase 3 formula model,,,,2025起点为Phase 2互斥收入桥接；并非公司披露分部收入。
CT_20260803_P3,中国电信,中国电信股份有限公司,中国电信股份有限公司及其子公司,2029,Annual,REV_TERMINAL,终端及设备销售,Forecast Revenue,Terminal,34769.34115199999,RMB mn,RMB,1,Forecast,Bear,SRC_MODEL_P3_FORECAST,Medium,Phase 3 formula model,,,,2025起点为Phase 2互斥收入桥接；并非公司披露分部收入。
CT_20260803_P3,中国电信,中国电信股份有限公司,中国电信股份有限公司及其子公司,2029,Annual,REV_WHOLESALE_OTHER,批发及其他服务,Forecast Revenue,Other,8237.3087376,RMB mn,RMB,1,Forecast,Bear,SRC_MODEL_P3_FORECAST,Medium,Phase 3 formula model,,,,2025起点为Phase 2互斥收入桥接；并非公司披露分部收入。
CT_20260803_P3,中国电信,中国电信股份有限公司,中国电信股份有限公司及其子公司,2029,Annual,FIN_REV_TOTAL,营业收入,Forecast,Group,539859.6509675633,RMB mn,RMB,1,Forecast,Bear,SRC_MODEL_P3_FORECAST,Medium,Phase 3 formula model,,,,
CT_20260803_P3,中国电信,中国电信股份有限公司,中国电信股份有限公司及其子公司,2029,Annual,FIN_REV_SERVICE,服务收入,Forecast,Group,505090.30981556326,RMB mn,RMB,1,Forecast,Bear,SRC_MODEL_P3_FORECAST,Medium,Phase 3 formula model,,,,
CT_20260803_P3,中国电信,中国电信股份有限公司,中国电信股份有限公司及其子公司,2029,Annual,FIN_EBIT,经营利润,Forecast,Group,34058.67359697087,RMB mn,RMB,1,Forecast,Bear,SRC_MODEL_P3_FORECAST,Medium,Phase 3 formula model,,,,
CT_20260803_P3,中国电信,中国电信股份有限公司,中国电信股份有限公司及其子公司,2029,Annual,FIN_EBIT_MARGIN,经营利润率,Forecast,Group,0.06308801470146773,%,,1,Forecast,Bear,SRC_MODEL_P3_FORECAST,Medium,Phase 3 formula model,,,,
CT_20260803_P3,中国电信,中国电信股份有限公司,中国电信股份有限公司及其子公司,2029,Annual,FIN_DA,折旧及摊销,Forecast,Group,109914.09361078587,RMB mn,RMB,1,Forecast,Bear,SRC_MODEL_P3_FORECAST,Medium,Phase 3 formula model,,,,
CT_20260803_P3,中国电信,中国电信股份有限公司,中国电信股份有限公司及其子公司,2029,Annual,FIN_EBITDA,EBITDA,Forecast,Group,143972.76720775675,RMB mn,RMB,1,Forecast,Bear,SRC_MODEL_P3_FORECAST,Medium,Phase 3 formula model,,,,
CT_20260803_P3,中国电信,中国电信股份有限公司,中国电信股份有限公司及其子公司,2029,Annual,FIN_EBITDA_MARGIN,EBITDA率,Forecast,Group,0.28504361380508225,%,,1,Forecast,Bear,SRC_MODEL_P3_FORECAST,Medium,Phase 3 formula model,,,,
CT_20260803_P3,中国电信,中国电信股份有限公司,中国电信股份有限公司及其子公司,2029,Annual,FIN_PBT,税前利润,Forecast,Group,37488.98612275212,RMB mn,RMB,1,Forecast,Bear,SRC_MODEL_P3_FORECAST,Medium,Phase 3 formula model,,,,
CT_20260803_P3,中国电信,中国电信股份有限公司,中国电信股份有限公司及其子公司,2029,Annual,FIN_TAX,所得税,Forecast,Group,8435.021877619227,RMB mn,RMB,1,Forecast,Bear,SRC_MODEL_P3_FORECAST,Medium,Phase 3 formula model,,,,
CT_20260803_P3,中国电信,中国电信股份有限公司,中国电信股份有限公司及其子公司,2029,Annual,FIN_NP_ATTR,归母净利润,Forecast,Group,29003.96424513289,RMB mn,RMB,1,Forecast,Bear,SRC_MODEL_P3_FORECAST,Medium,Phase 3 formula model,,,,
CT_20260803_P3,中国电信,中国电信股份有限公司,中国电信股份有限公司及其子公司,2029,Annual,FIN_NET_MARGIN,归母净利率,Forecast,Group,0.05372500832975857,%,,1,Forecast,Bear,SRC_MODEL_P3_FORECAST,Medium,Phase 3 formula model,,,,
CT_20260803_P3,中国电信,中国电信股份有限公司,中国电信股份有限公司及其子公司,2029,Annual,FIN_EPS_BASIC,基本每股收益,Forecast,Group,0.3169584871464225,RMB/share,RMB,1,Forecast,Bear,SRC_MODEL_P3_FORECAST,Medium,Phase 3 formula model,,,,
CT_20260803_P3,中国电信,中国电信股份有限公司,中国电信股份有限公司及其子公司,2029,Annual,DRV_AR_DSO,期末净应收DSO,Working Capital,Group,49.0,days,,1,Forecast,Bear,SRC_MODEL_P3_FORECAST,Medium,Phase 3 formula model,,,,
CT_20260803_P3,中国电信,中国电信股份有限公司,中国电信股份有限公司及其子公司,2029,Annual,BS_AR_NET,应收账款净额,Working Capital,Group,67806.64433140439,RMB mn,RMB,1,Forecast,Bear,SRC_MODEL_P3_FORECAST,Medium,Phase 3 formula model,,,,
CT_20260803_P3,中国电信,中国电信股份有限公司,中国电信股份有限公司及其子公司,2029,Annual,CF_WC_CHANGE,营运资本增加,Cash Flow,Group,2348.97072920852,RMB mn,RMB,1,Forecast,Bear,SRC_MODEL_P3_FORECAST,Medium,Phase 3 formula model,,,,
CT_20260803_P3,中国电信,中国电信股份有限公司,中国电信股份有限公司及其子公司,2029,Annual,CF_CFO,经营活动现金流,Cash Flow,Group,133627.29964652468,RMB mn,RMB,1,Forecast,Bear,SRC_MODEL_P3_FORECAST,Medium,Phase 3 formula model,,,,
CT_20260803_P3,中国电信,中国电信股份有限公司,中国电信股份有限公司及其子公司,2029,Annual,CF_CAPEX,资本开支,Cash Flow,Group,84757.96520190743,RMB mn,RMB,1,Forecast,Bear,SRC_MODEL_P3_FORECAST,Medium,Phase 3 formula model,,,,
CT_20260803_P3,中国电信,中国电信股份有限公司,中国电信股份有限公司及其子公司,2029,Annual,CF_CAPEX_RATE,资本开支率,Cash Flow,Group,0.157,%,,1,Forecast,Bear,SRC_MODEL_P3_FORECAST,Medium,Phase 3 formula model,,,,
CT_20260803_P3,中国电信,中国电信股份有限公司,中国电信股份有限公司及其子公司,2029,Annual,CF_FCFF_MODEL,模型FCFF,Cash Flow,Group,49202.62971732234,RMB mn,RMB,1,Forecast,Bear,SRC_MODEL_P3_FORECAST,Medium,Phase 3 formula model,,,,
CT_20260803_P3,中国电信,中国电信股份有限公司,中国电信股份有限公司及其子公司,2029,Annual,CF_DISTRIBUTABLE,股东可分配现金,Cash Flow,Group,32859.40094461726,RMB mn,RMB,1,Forecast,Bear,SRC_MODEL_P3_FORECAST,Medium,Phase 3 formula model,,,,
CT_20260803_P3,中国电信,中国电信股份有限公司,中国电信股份有限公司及其子公司,2029,Annual,DIV_CASH_TOTAL,现金分红总额,Dividend,Equity,20882.85425649568,RMB mn,RMB,1,Forecast,Bear,SRC_MODEL_P3_FORECAST,Medium,Phase 3 formula model,,,,
CT_20260803_P3,中国电信,中国电信股份有限公司,中国电信股份有限公司及其子公司,2029,Annual,DIV_PAYOUT,派息率,Dividend,Equity,0.72,%,,1,Forecast,Bear,SRC_MODEL_P3_FORECAST,Medium,Phase 3 formula model,,,,
CT_20260803_P3,中国电信,中国电信股份有限公司,中国电信股份有限公司及其子公司,2029,Annual,DIV_DPS_TOTAL,全年DPS,Dividend,Equity,0.2282101107454242,RMB/share,RMB,1,Forecast,Bear,SRC_MODEL_P3_FORECAST,Medium,Phase 3 formula model,,,,
CT_20260803_P3,中国电信,中国电信股份有限公司,中国电信股份有限公司及其子公司,2029,Annual,CF_DIVIDEND_COVER,分红现金覆盖倍数,Dividend,Equity,1.5735110029030746,x,,1,Forecast,Bear,SRC_MODEL_P3_FORECAST,Medium,Phase 3 formula model,,,,
CT_20260803_P3,中国电信,中国电信股份有限公司,中国电信股份有限公司及其子公司,2030,Annual,REV_TOC_MOBILE,ToC移动通信,Forecast Revenue,ToC,196472.7417618034,RMB mn,RMB,1,Forecast,Bear,SRC_MODEL_P3_FORECAST,Medium,Phase 3 formula model,,,,2025起点为Phase 2互斥收入桥接；并非公司披露分部收入。
CT_20260803_P3,中国电信,中国电信股份有限公司,中国电信股份有限公司及其子公司,2030,Annual,REV_HOME,家庭宽带与智慧家庭,Forecast Revenue,Home,126732.71343495419,RMB mn,RMB,1,Forecast,Bear,SRC_MODEL_P3_FORECAST,Medium,Phase 3 formula model,,,,2025起点为Phase 2互斥收入桥接；并非公司披露分部收入。
CT_20260803_P3,中国电信,中国电信股份有限公司,中国电信股份有限公司及其子公司,2030,Annual,REV_ENT_CONNECT,企业连接与传统网络,Forecast Revenue,Enterprise,18739.365875999996,RMB mn,RMB,1,Forecast,Bear,SRC_MODEL_P3_FORECAST,Low,Phase 3 formula model,,,,2025起点为Phase 2互斥收入桥接；并非公司披露分部收入。
CT_20260803_P3,中国电信,中国电信股份有限公司,中国电信股份有限公司及其子公司,2030,Annual,REV_CLOUD_NONAI,非AI云与数字化,Forecast Revenue,Cloud,88090.58977489952,RMB mn,RMB,1,Forecast,Bear,SRC_MODEL_P3_FORECAST,Low,Phase 3 formula model,,,,2025起点为Phase 2互斥收入桥接；并非公司披露分部收入。
CT_20260803_P3,中国电信,中国电信股份有限公司,中国电信股份有限公司及其子公司,2030,Annual,REV_AI_AIDC,AI/AIDC与智算,Forecast Revenue,AI/AIDC,58476.19075776002,RMB mn,RMB,1,Forecast,Bear,SRC_MODEL_P3_FORECAST,Low,Phase 3 formula model,,,,2025起点为Phase 2互斥收入桥接；并非公司披露分部收入。
CT_20260803_P3,中国电信,中国电信股份有限公司,中国电信股份有限公司及其子公司,2030,Annual,REV_IOT,物联网,Forecast Revenue,IoT,15383.649600000006,RMB mn,RMB,1,Forecast,Bear,SRC_MODEL_P3_FORECAST,Low,Phase 3 formula model,,,,2025起点为Phase 2互斥收入桥接；并非公司披露分部收入。
CT_20260803_P3,中国电信,中国电信股份有限公司,中国电信股份有限公司及其子公司,2030,Annual,REV_TERMINAL,终端及设备销售,Forecast Revenue,Terminal,34073.95432895999,RMB mn,RMB,1,Forecast,Bear,SRC_MODEL_P3_FORECAST,Medium,Phase 3 formula model,,,,2025起点为Phase 2互斥收入桥接；并非公司披露分部收入。
CT_20260803_P3,中国电信,中国电信股份有限公司,中国电信股份有限公司及其子公司,2030,Annual,REV_WHOLESALE_OTHER,批发及其他服务,Forecast Revenue,Other,8402.054912352001,RMB mn,RMB,1,Forecast,Bear,SRC_MODEL_P3_FORECAST,Medium,Phase 3 formula model,,,,2025起点为Phase 2互斥收入桥接；并非公司披露分部收入。
CT_20260803_P3,中国电信,中国电信股份有限公司,中国电信股份有限公司及其子公司,2030,Annual,FIN_REV_TOTAL,营业收入,Forecast,Group,546371.2604467291,RMB mn,RMB,1,Forecast,Bear,SRC_MODEL_P3_FORECAST,Medium,Phase 3 formula model,,,,
CT_20260803_P3,中国电信,中国电信股份有限公司,中国电信股份有限公司及其子公司,2030,Annual,FIN_REV_SERVICE,服务收入,Forecast,Group,512297.30611776916,RMB mn,RMB,1,Forecast,Bear,SRC_MODEL_P3_FORECAST,Medium,Phase 3 formula model,,,,
CT_20260803_P3,中国电信,中国电信股份有限公司,中国电信股份有限公司及其子公司,2030,Annual,FIN_EBIT,经营利润,Forecast,Group,33795.38160402031,RMB mn,RMB,1,Forecast,Bear,SRC_MODEL_P3_FORECAST,Medium,Phase 3 formula model,,,,
CT_20260803_P3,中国电信,中国电信股份有限公司,中国电信股份有限公司及其子公司,2030,Annual,FIN_EBIT_MARGIN,经营利润率,Forecast,Group,0.06185424463283119,%,,1,Forecast,Bear,SRC_MODEL_P3_FORECAST,Medium,Phase 3 formula model,,,,
CT_20260803_P3,中国电信,中国电信股份有限公司,中国电信股份有限公司及其子公司,2030,Annual,FIN_DA,折旧及摊销,Forecast,Group,111349.03611748577,RMB mn,RMB,1,Forecast,Bear,SRC_MODEL_P3_FORECAST,Medium,Phase 3 formula model,,,,
CT_20260803_P3,中国电信,中国电信股份有限公司,中国电信股份有限公司及其子公司,2030,Annual,FIN_EBITDA,EBITDA,Forecast,Group,145144.4177215061,RMB mn,RMB,1,Forecast,Bear,SRC_MODEL_P3_FORECAST,Medium,Phase 3 formula model,,,,
CT_20260803_P3,中国电信,中国电信股份有限公司,中国电信股份有限公司及其子公司,2030,Annual,FIN_EBITDA_MARGIN,EBITDA率,Forecast,Group,0.28332067334380956,%,,1,Forecast,Bear,SRC_MODEL_P3_FORECAST,Medium,Phase 3 formula model,,,,
CT_20260803_P3,中国电信,中国电信股份有限公司,中国电信股份有限公司及其子公司,2030,Annual,FIN_PBT,税前利润,Forecast,Group,37335.15407482109,RMB mn,RMB,1,Forecast,Bear,SRC_MODEL_P3_FORECAST,Medium,Phase 3 formula model,,,,
CT_20260803_P3,中国电信,中国电信股份有限公司,中国电信股份有限公司及其子公司,2030,Annual,FIN_TAX,所得税,Forecast,Group,8400.409666834745,RMB mn,RMB,1,Forecast,Bear,SRC_MODEL_P3_FORECAST,Medium,Phase 3 formula model,,,,
CT_20260803_P3,中国电信,中国电信股份有限公司,中国电信股份有限公司及其子公司,2030,Annual,FIN_NP_ATTR,归母净利润,Forecast,Group,28884.744407986345,RMB mn,RMB,1,Forecast,Bear,SRC_MODEL_P3_FORECAST,Medium,Phase 3 formula model,,,,
CT_20260803_P3,中国电信,中国电信股份有限公司,中国电信股份有限公司及其子公司,2030,Annual,FIN_NET_MARGIN,归母净利率,Forecast,Group,0.05286651494877189,%,,1,Forecast,Bear,SRC_MODEL_P3_FORECAST,Medium,Phase 3 formula model,,,,
CT_20260803_P3,中国电信,中国电信股份有限公司,中国电信股份有限公司及其子公司,2030,Annual,FIN_EPS_BASIC,基本每股收益,Forecast,Group,0.31565563975285793,RMB/share,RMB,1,Forecast,Bear,SRC_MODEL_P3_FORECAST,Medium,Phase 3 formula model,,,,
CT_20260803_P3,中国电信,中国电信股份有限公司,中国电信股份有限公司及其子公司,2030,Annual,DRV_AR_DSO,期末净应收DSO,Working Capital,Group,50.0,days,,1,Forecast,Bear,SRC_MODEL_P3_FORECAST,Medium,Phase 3 formula model,,,,
CT_20260803_P3,中国电信,中国电信股份有限公司,中国电信股份有限公司及其子公司,2030,Annual,BS_AR_NET,应收账款净额,Working Capital,Group,70177.7131668177,RMB mn,RMB,1,Forecast,Bear,SRC_MODEL_P3_FORECAST,Medium,Phase 3 formula model,,,,
CT_20260803_P3,中国电信,中国电信股份有限公司,中国电信股份有限公司及其子公司,2030,Annual,CF_WC_CHANGE,营运资本增加,Cash Flow,Group,2436.184930204975,RMB mn,RMB,1,Forecast,Bear,SRC_MODEL_P3_FORECAST,Medium,Phase 3 formula model,,,,
CT_20260803_P3,中国电信,中国电信股份有限公司,中国电信股份有限公司及其子公司,2030,Annual,CF_CFO,经营活动现金流,Cash Flow,Group,134862.7116900588,RMB mn,RMB,1,Forecast,Bear,SRC_MODEL_P3_FORECAST,Medium,Phase 3 formula model,,,,
CT_20260803_P3,中国电信,中国电信股份有限公司,中国电信股份有限公司及其子公司,2030,Annual,CF_CAPEX,资本开支,Cash Flow,Group,85233.91662968975,RMB mn,RMB,1,Forecast,Bear,SRC_MODEL_P3_FORECAST,Medium,Phase 3 formula model,,,,
CT_20260803_P3,中国电信,中国电信股份有限公司,中国电信股份有限公司及其子公司,2030,Annual,CF_CAPEX_RATE,资本开支率,Cash Flow,Group,0.156,%,,1,Forecast,Bear,SRC_MODEL_P3_FORECAST,Medium,Phase 3 formula model,,,,
CT_20260803_P3,中国电信,中国电信股份有限公司,中国电信股份有限公司及其子公司,2030,Annual,CF_FCFF_MODEL,模型FCFF,Cash Flow,Group,49870.355300706775,RMB mn,RMB,1,Forecast,Bear,SRC_MODEL_P3_FORECAST,Medium,Phase 3 formula model,,,,
CT_20260803_P3,中国电信,中国电信股份有限公司,中国电信股份有限公司及其子公司,2030,Annual,CF_DISTRIBUTABLE,股东可分配现金,Cash Flow,Group,33778.96089536904,RMB mn,RMB,1,Forecast,Bear,SRC_MODEL_P3_FORECAST,Medium,Phase 3 formula model,,,,
CT_20260803_P3,中国电信,中国电信股份有限公司,中国电信股份有限公司及其子公司,2030,Annual,DIV_CASH_TOTAL,现金分红总额,Dividend,Equity,21085.86341783003,RMB mn,RMB,1,Forecast,Bear,SRC_MODEL_P3_FORECAST,Medium,Phase 3 formula model,,,,
CT_20260803_P3,中国电信,中国电信股份有限公司,中国电信股份有限公司及其子公司,2030,Annual,DIV_PAYOUT,派息率,Dividend,Equity,0.73,%,,1,Forecast,Bear,SRC_MODEL_P3_FORECAST,Medium,Phase 3 formula model,,,,
CT_20260803_P3,中国电信,中国电信股份有限公司,中国电信股份有限公司及其子公司,2030,Annual,DIV_DPS_TOTAL,全年DPS,Dividend,Equity,0.23042861701958625,RMB/share,RMB,1,Forecast,Bear,SRC_MODEL_P3_FORECAST,Medium,Phase 3 formula model,,,,
CT_20260803_P3,中国电信,中国电信股份有限公司,中国电信股份有限公司及其子公司,2030,Annual,CF_DIVIDEND_COVER,分红现金覆盖倍数,Dividend,Equity,1.601971910090522,x,,1,Forecast,Bear,SRC_MODEL_P3_FORECAST,Medium,Phase 3 formula model,,,,
CT_20260803_P3,中国电信,中国电信股份有限公司,中国电信股份有限公司及其子公司,2031,Annual,REV_TOC_MOBILE,ToC移动通信,Forecast Revenue,ToC,196472.7417618034,RMB mn,RMB,1,Forecast,Bear,SRC_MODEL_P3_FORECAST,Medium,Phase 3 formula model,,,,2025起点为Phase 2互斥收入桥接；并非公司披露分部收入。
CT_20260803_P3,中国电信,中国电信股份有限公司,中国电信股份有限公司及其子公司,2031,Annual,REV_HOME,家庭宽带与智慧家庭,Forecast Revenue,Home,126732.71343495419,RMB mn,RMB,1,Forecast,Bear,SRC_MODEL_P3_FORECAST,Medium,Phase 3 formula model,,,,2025起点为Phase 2互斥收入桥接；并非公司披露分部收入。
CT_20260803_P3,中国电信,中国电信股份有限公司,中国电信股份有限公司及其子公司,2031,Annual,REV_ENT_CONNECT,企业连接与传统网络,Forecast Revenue,Enterprise,18739.365875999996,RMB mn,RMB,1,Forecast,Bear,SRC_MODEL_P3_FORECAST,Low,Phase 3 formula model,,,,2025起点为Phase 2互斥收入桥接；并非公司披露分部收入。
CT_20260803_P3,中国电信,中国电信股份有限公司,中国电信股份有限公司及其子公司,2031,Annual,REV_CLOUD_NONAI,非AI云与数字化,Forecast Revenue,Cloud,88090.58977489952,RMB mn,RMB,1,Forecast,Bear,SRC_MODEL_P3_FORECAST,Low,Phase 3 formula model,,,,2025起点为Phase 2互斥收入桥接；并非公司披露分部收入。
CT_20260803_P3,中国电信,中国电信股份有限公司,中国电信股份有限公司及其子公司,2031,Annual,REV_AI_AIDC,AI/AIDC与智算,Forecast Revenue,AI/AIDC,58476.19075776002,RMB mn,RMB,1,Forecast,Bear,SRC_MODEL_P3_FORECAST,Low,Phase 3 formula model,,,,2025起点为Phase 2互斥收入桥接；并非公司披露分部收入。
CT_20260803_P3,中国电信,中国电信股份有限公司,中国电信股份有限公司及其子公司,2031,Annual,REV_IOT,物联网,Forecast Revenue,IoT,15383.649600000006,RMB mn,RMB,1,Forecast,Bear,SRC_MODEL_P3_FORECAST,Low,Phase 3 formula model,,,,2025起点为Phase 2互斥收入桥接；并非公司披露分部收入。
CT_20260803_P3,中国电信,中国电信股份有限公司,中国电信股份有限公司及其子公司,2031,Annual,REV_TERMINAL,终端及设备销售,Forecast Revenue,Terminal,34073.95432895999,RMB mn,RMB,1,Forecast,Bear,SRC_MODEL_P3_FORECAST,Medium,Phase 3 formula model,,,,2025起点为Phase 2互斥收入桥接；并非公司披露分部收入。
CT_20260803_P3,中国电信,中国电信股份有限公司,中国电信股份有限公司及其子公司,2031,Annual,REV_WHOLESALE_OTHER,批发及其他服务,Forecast Revenue,Other,8402.054912352001,RMB mn,RMB,1,Forecast,Bear,SRC_MODEL_P3_FORECAST,Medium,Phase 3 formula model,,,,2025起点为Phase 2互斥收入桥接；并非公司披露分部收入。
CT_20260803_P3,中国电信,中国电信股份有限公司,中国电信股份有限公司及其子公司,2031,Annual,FIN_REV_TOTAL,营业收入,Forecast,Group,546371.2604467291,RMB mn,RMB,1,Forecast,Bear,SRC_MODEL_P3_FORECAST,Medium,Phase 3 formula model,,,,
CT_20260803_P3,中国电信,中国电信股份有限公司,中国电信股份有限公司及其子公司,2031,Annual,FIN_REV_SERVICE,服务收入,Forecast,Group,512297.30611776916,RMB mn,RMB,1,Forecast,Bear,SRC_MODEL_P3_FORECAST,Medium,Phase 3 formula model,,,,
CT_20260803_P3,中国电信,中国电信股份有限公司,中国电信股份有限公司及其子公司,2031,Annual,FIN_EBIT,经营利润,Forecast,Group,34139.13166902373,RMB mn,RMB,1,Forecast,Bear,SRC_MODEL_P3_FORECAST,Medium,Phase 3 formula model,,,,
CT_20260803_P3,中国电信,中国电信股份有限公司,中国电信股份有限公司及其子公司,2031,Annual,FIN_EBIT_MARGIN,经营利润率,Forecast,Group,0.06248339570626495,%,,1,Forecast,Bear,SRC_MODEL_P3_FORECAST,Medium,Phase 3 formula model,,,,
CT_20260803_P3,中国电信,中国电信股份有限公司,中国电信股份有限公司及其子公司,2031,Annual,FIN_DA,折旧及摊销,Forecast,Group,112603.61867239607,RMB mn,RMB,1,Forecast,Bear,SRC_MODEL_P3_FORECAST,Medium,Phase 3 formula model,,,,
CT_20260803_P3,中国电信,中国电信股份有限公司,中国电信股份有限公司及其子公司,2031,Annual,FIN_EBITDA,EBITDA,Forecast,Group,146742.7503414198,RMB mn,RMB,1,Forecast,Bear,SRC_MODEL_P3_FORECAST,Medium,Phase 3 formula model,,,,
CT_20260803_P3,中国电信,中国电信股份有限公司,中国电信股份有限公司及其子公司,2031,Annual,FIN_EBITDA_MARGIN,EBITDA率,Forecast,Group,0.28644060507256686,%,,1,Forecast,Bear,SRC_MODEL_P3_FORECAST,Medium,Phase 3 formula model,,,,
CT_20260803_P3,中国电信,中国电信股份有限公司,中国电信股份有限公司及其子公司,2031,Annual,FIN_PBT,税前利润,Forecast,Group,37770.71547950303,RMB mn,RMB,1,Forecast,Bear,SRC_MODEL_P3_FORECAST,Medium,Phase 3 formula model,,,,
CT_20260803_P3,中国电信,中国电信股份有限公司,中国电信股份有限公司及其子公司,2031,Annual,FIN_TAX,所得税,Forecast,Group,8498.410982888181,RMB mn,RMB,1,Forecast,Bear,SRC_MODEL_P3_FORECAST,Medium,Phase 3 formula model,,,,
CT_20260803_P3,中国电信,中国电信股份有限公司,中国电信股份有限公司及其子公司,2031,Annual,FIN_NP_ATTR,归母净利润,Forecast,Group,29222.304496614848,RMB mn,RMB,1,Forecast,Bear,SRC_MODEL_P3_FORECAST,Medium,Phase 3 formula model,,,,
CT_20260803_P3,中国电信,中国电信股份有限公司,中国电信股份有限公司及其子公司,2031,Annual,FIN_NET_MARGIN,归母净利率,Forecast,Group,0.053484336772622036,%,,1,Forecast,Bear,SRC_MODEL_P3_FORECAST,Medium,Phase 3 formula model,,,,
CT_20260803_P3,中国电信,中国电信股份有限公司,中国电信股份有限公司及其子公司,2031,Annual,FIN_EPS_BASIC,基本每股收益,Forecast,Group,0.3193445332471552,RMB/share,RMB,1,Forecast,Bear,SRC_MODEL_P3_FORECAST,Medium,Phase 3 formula model,,,,
CT_20260803_P3,中国电信,中国电信股份有限公司,中国电信股份有限公司及其子公司,2031,Annual,DRV_AR_DSO,期末净应收DSO,Working Capital,Group,50.0,days,,1,Forecast,Bear,SRC_MODEL_P3_FORECAST,Medium,Phase 3 formula model,,,,
CT_20260803_P3,中国电信,中国电信股份有限公司,中国电信股份有限公司及其子公司,2031,Annual,BS_AR_NET,应收账款净额,Working Capital,Group,70177.7131668177,RMB mn,RMB,1,Forecast,Bear,SRC_MODEL_P3_FORECAST,Medium,Phase 3 formula model,,,,
CT_20260803_P3,中国电信,中国电信股份有限公司,中国电信股份有限公司及其子公司,2031,Annual,CF_WC_CHANGE,营运资本增加,Cash Flow,Group,0.0,RMB mn,RMB,1,Forecast,Bear,SRC_MODEL_P3_FORECAST,Medium,Phase 3 formula model,,,,
CT_20260803_P3,中国电信,中国电信股份有限公司,中国电信股份有限公司及其子公司,2031,Annual,CF_CFO,经营活动现金流,Cash Flow,Group,138825.92316901093,RMB mn,RMB,1,Forecast,Bear,SRC_MODEL_P3_FORECAST,Medium,Phase 3 formula model,,,,
CT_20260803_P3,中国电信,中国电信股份有限公司,中国电信股份有限公司及其子公司,2031,Annual,CF_CAPEX,资本开支,Cash Flow,Group,84687.54536924302,RMB mn,RMB,1,Forecast,Bear,SRC_MODEL_P3_FORECAST,Medium,Phase 3 formula model,,,,
CT_20260803_P3,中国电信,中国电信股份有限公司,中国电信股份有限公司及其子公司,2031,Annual,CF_CAPEX_RATE,资本开支率,Cash Flow,Group,0.155,%,,1,Forecast,Bear,SRC_MODEL_P3_FORECAST,Medium,Phase 3 formula model,,,,
CT_20260803_P3,中国电信,中国电信股份有限公司,中国电信股份有限公司及其子公司,2031,Annual,CF_FCFF_MODEL,模型FCFF,Cash Flow,Group,54373.900346646435,RMB mn,RMB,1,Forecast,Bear,SRC_MODEL_P3_FORECAST,Medium,Phase 3 formula model,,,,
CT_20260803_P3,中国电信,中国电信股份有限公司,中国电信股份有限公司及其子公司,2031,Annual,CF_DISTRIBUTABLE,股东可分配现金,Cash Flow,Group,38752.37779976791,RMB mn,RMB,1,Forecast,Bear,SRC_MODEL_P3_FORECAST,Medium,Phase 3 formula model,,,,
CT_20260803_P3,中国电信,中国电信股份有限公司,中国电信股份有限公司及其子公司,2031,Annual,DIV_CASH_TOTAL,现金分红总额,Dividend,Equity,21332.28228252884,RMB mn,RMB,1,Forecast,Bear,SRC_MODEL_P3_FORECAST,Medium,Phase 3 formula model,,,,
CT_20260803_P3,中国电信,中国电信股份有限公司,中国电信股份有限公司及其子公司,2031,Annual,DIV_PAYOUT,派息率,Dividend,Equity,0.73,%,,1,Forecast,Bear,SRC_MODEL_P3_FORECAST,Medium,Phase 3 formula model,,,,
CT_20260803_P3,中国电信,中国电信股份有限公司,中国电信股份有限公司及其子公司,2031,Annual,DIV_DPS_TOTAL,全年DPS,Dividend,Equity,0.2331215092704233,RMB/share,RMB,1,Forecast,Bear,SRC_MODEL_P3_FORECAST,Medium,Phase 3 formula model,,,,
CT_20260803_P3,中国电信,中国电信股份有限公司,中国电信股份有限公司及其子公司,2031,Annual,CF_DIVIDEND_COVER,分红现金覆盖倍数,Dividend,Equity,1.8166072099798787,x,,1,Forecast,Bear,SRC_MODEL_P3_FORECAST,Medium,Phase 3 formula model,,,,
CT_20260803_P3,中国电信,中国电信股份有限公司,中国电信股份有限公司及其子公司,2032,Annual,REV_TOC_MOBILE,ToC移动通信,Forecast Revenue,ToC,196472.7417618034,RMB mn,RMB,1,Forecast,Bear,SRC_MODEL_P3_FORECAST,Medium,Phase 3 formula model,,,,2025起点为Phase 2互斥收入桥接；并非公司披露分部收入。
CT_20260803_P3,中国电信,中国电信股份有限公司,中国电信股份有限公司及其子公司,2032,Annual,REV_HOME,家庭宽带与智慧家庭,Forecast Revenue,Home,126732.71343495419,RMB mn,RMB,1,Forecast,Bear,SRC_MODEL_P3_FORECAST,Medium,Phase 3 formula model,,,,2025起点为Phase 2互斥收入桥接；并非公司披露分部收入。
CT_20260803_P3,中国电信,中国电信股份有限公司,中国电信股份有限公司及其子公司,2032,Annual,REV_ENT_CONNECT,企业连接与传统网络,Forecast Revenue,Enterprise,18739.365875999996,RMB mn,RMB,1,Forecast,Bear,SRC_MODEL_P3_FORECAST,Low,Phase 3 formula model,,,,2025起点为Phase 2互斥收入桥接；并非公司披露分部收入。
CT_20260803_P3,中国电信,中国电信股份有限公司,中国电信股份有限公司及其子公司,2032,Annual,REV_CLOUD_NONAI,非AI云与数字化,Forecast Revenue,Cloud,88090.58977489952,RMB mn,RMB,1,Forecast,Bear,SRC_MODEL_P3_FORECAST,Low,Phase 3 formula model,,,,2025起点为Phase 2互斥收入桥接；并非公司披露分部收入。
CT_20260803_P3,中国电信,中国电信股份有限公司,中国电信股份有限公司及其子公司,2032,Annual,REV_AI_AIDC,AI/AIDC与智算,Forecast Revenue,AI/AIDC,58476.19075776002,RMB mn,RMB,1,Forecast,Bear,SRC_MODEL_P3_FORECAST,Low,Phase 3 formula model,,,,2025起点为Phase 2互斥收入桥接；并非公司披露分部收入。
CT_20260803_P3,中国电信,中国电信股份有限公司,中国电信股份有限公司及其子公司,2032,Annual,REV_IOT,物联网,Forecast Revenue,IoT,15383.649600000006,RMB mn,RMB,1,Forecast,Bear,SRC_MODEL_P3_FORECAST,Low,Phase 3 formula model,,,,2025起点为Phase 2互斥收入桥接；并非公司披露分部收入。
CT_20260803_P3,中国电信,中国电信股份有限公司,中国电信股份有限公司及其子公司,2032,Annual,REV_TERMINAL,终端及设备销售,Forecast Revenue,Terminal,34073.95432895999,RMB mn,RMB,1,Forecast,Bear,SRC_MODEL_P3_FORECAST,Medium,Phase 3 formula model,,,,2025起点为Phase 2互斥收入桥接；并非公司披露分部收入。
CT_20260803_P3,中国电信,中国电信股份有限公司,中国电信股份有限公司及其子公司,2032,Annual,REV_WHOLESALE_OTHER,批发及其他服务,Forecast Revenue,Other,8402.054912352001,RMB mn,RMB,1,Forecast,Bear,SRC_MODEL_P3_FORECAST,Medium,Phase 3 formula model,,,,2025起点为Phase 2互斥收入桥接；并非公司披露分部收入。
CT_20260803_P3,中国电信,中国电信股份有限公司,中国电信股份有限公司及其子公司,2032,Annual,FIN_REV_TOTAL,营业收入,Forecast,Group,546371.2604467291,RMB mn,RMB,1,Forecast,Bear,SRC_MODEL_P3_FORECAST,Medium,Phase 3 formula model,,,,
CT_20260803_P3,中国电信,中国电信股份有限公司,中国电信股份有限公司及其子公司,2032,Annual,FIN_REV_SERVICE,服务收入,Forecast,Group,512297.30611776916,RMB mn,RMB,1,Forecast,Bear,SRC_MODEL_P3_FORECAST,Medium,Phase 3 formula model,,,,
CT_20260803_P3,中国电信,中国电信股份有限公司,中国电信股份有限公司及其子公司,2032,Annual,FIN_EBIT,经营利润,Forecast,Group,34482.88173402714,RMB mn,RMB,1,Forecast,Bear,SRC_MODEL_P3_FORECAST,Medium,Phase 3 formula model,,,,
CT_20260803_P3,中国电信,中国电信股份有限公司,中国电信股份有限公司及其子公司,2032,Annual,FIN_EBIT_MARGIN,经营利润率,Forecast,Group,0.06311254677969871,%,,1,Forecast,Bear,SRC_MODEL_P3_FORECAST,Medium,Phase 3 formula model,,,,
CT_20260803_P3,中国电信,中国电信股份有限公司,中国电信股份有限公司及其子公司,2032,Annual,FIN_DA,折旧及摊销,Forecast,Group,113757.83462291355,RMB mn,RMB,1,Forecast,Bear,SRC_MODEL_P3_FORECAST,Medium,Phase 3 formula model,,,,
CT_20260803_P3,中国电信,中国电信股份有限公司,中国电信股份有限公司及其子公司,2032,Annual,FIN_EBITDA,EBITDA,Forecast,Group,148240.71635694068,RMB mn,RMB,1,Forecast,Bear,SRC_MODEL_P3_FORECAST,Medium,Phase 3 formula model,,,,
CT_20260803_P3,中国电信,中国电信股份有限公司,中国电信股份有限公司及其子公司,2032,Annual,FIN_EBITDA_MARGIN,EBITDA率,Forecast,Group,0.2893646220401215,%,,1,Forecast,Bear,SRC_MODEL_P3_FORECAST,Medium,Phase 3 formula model,,,,
CT_20260803_P3,中国电信,中国电信股份有限公司,中国电信股份有限公司及其子公司,2032,Annual,FIN_PBT,税前利润,Forecast,Group,38207.0623164654,RMB mn,RMB,1,Forecast,Bear,SRC_MODEL_P3_FORECAST,Medium,Phase 3 formula model,,,,
CT_20260803_P3,中国电信,中国电信股份有限公司,中国电信股份有限公司及其子公司,2032,Annual,FIN_TAX,所得税,Forecast,Group,8596.589021204716,RMB mn,RMB,1,Forecast,Bear,SRC_MODEL_P3_FORECAST,Medium,Phase 3 formula model,,,,
CT_20260803_P3,中国电信,中国电信股份有限公司,中国电信股份有限公司及其子公司,2032,Annual,FIN_NP_ATTR,归母净利润,Forecast,Group,29560.473295260686,RMB mn,RMB,1,Forecast,Bear,SRC_MODEL_P3_FORECAST,Medium,Phase 3 formula model,,,,
CT_20260803_P3,中国电信,中国电信股份有限公司,中国电信股份有限公司及其子公司,2032,Annual,FIN_NET_MARGIN,归母净利率,Forecast,Group,0.054103272692438434,%,,1,Forecast,Bear,SRC_MODEL_P3_FORECAST,Medium,Phase 3 formula model,,,,
CT_20260803_P3,中国电信,中国电信股份有限公司,中国电信股份有限公司及其子公司,2032,Annual,FIN_EPS_BASIC,基本每股收益,Forecast,Group,0.3230400787909646,RMB/share,RMB,1,Forecast,Bear,SRC_MODEL_P3_FORECAST,Medium,Phase 3 formula model,,,,
CT_20260803_P3,中国电信,中国电信股份有限公司,中国电信股份有限公司及其子公司,2032,Annual,DRV_AR_DSO,期末净应收DSO,Working Capital,Group,50.0,days,,1,Forecast,Bear,SRC_MODEL_P3_FORECAST,Medium,Phase 3 formula model,,,,
CT_20260803_P3,中国电信,中国电信股份有限公司,中国电信股份有限公司及其子公司,2032,Annual,BS_AR_NET,应收账款净额,Working Capital,Group,70177.7131668177,RMB mn,RMB,1,Forecast,Bear,SRC_MODEL_P3_FORECAST,Medium,Phase 3 formula model,,,,
CT_20260803_P3,中国电信,中国电信股份有限公司,中国电信股份有限公司及其子公司,2032,Annual,CF_WC_CHANGE,营运资本增加,Cash Flow,Group,0.0,RMB mn,RMB,1,Forecast,Bear,SRC_MODEL_P3_FORECAST,Medium,Phase 3 formula model,,,,
CT_20260803_P3,中国电信,中国电信股份有限公司,中国电信股份有限公司及其子公司,2032,Annual,CF_CFO,经营活动现金流,Cash Flow,Group,140318.30791817425,RMB mn,RMB,1,Forecast,Bear,SRC_MODEL_P3_FORECAST,Medium,Phase 3 formula model,,,,
CT_20260803_P3,中国电信,中国电信股份有限公司,中国电信股份有限公司及其子公司,2032,Annual,CF_CAPEX,资本开支,Cash Flow,Group,84687.54536924302,RMB mn,RMB,1,Forecast,Bear,SRC_MODEL_P3_FORECAST,Medium,Phase 3 formula model,,,,
CT_20260803_P3,中国电信,中国电信股份有限公司,中国电信股份有限公司及其子公司,2032,Annual,CF_CAPEX_RATE,资本开支率,Cash Flow,Group,0.155,%,,1,Forecast,Bear,SRC_MODEL_P3_FORECAST,Medium,Phase 3 formula model,,,,
CT_20260803_P3,中国电信,中国电信股份有限公司,中国电信股份有限公司及其子公司,2032,Annual,CF_FCFF_MODEL,模型FCFF,Cash Flow,Group,55794.52259754157,RMB mn,RMB,1,Forecast,Bear,SRC_MODEL_P3_FORECAST,Medium,Phase 3 formula model,,,,
CT_20260803_P3,中国电信,中国电信股份有限公司,中国电信股份有限公司及其子公司,2032,Annual,CF_DISTRIBUTABLE,股东可分配现金,Cash Flow,Group,40552.482548931235,RMB mn,RMB,1,Forecast,Bear,SRC_MODEL_P3_FORECAST,Medium,Phase 3 formula model,,,,
CT_20260803_P3,中国电信,中国电信股份有限公司,中国电信股份有限公司及其子公司,2032,Annual,DIV_CASH_TOTAL,现金分红总额,Dividend,Equity,21579.145505540302,RMB mn,RMB,1,Forecast,Bear,SRC_MODEL_P3_FORECAST,Medium,Phase 3 formula model,,,,
CT_20260803_P3,中国电信,中国电信股份有限公司,中国电信股份有限公司及其子公司,2032,Annual,DIV_PAYOUT,派息率,Dividend,Equity,0.73,%,,1,Forecast,Bear,SRC_MODEL_P3_FORECAST,Medium,Phase 3 formula model,,,,
CT_20260803_P3,中国电信,中国电信股份有限公司,中国电信股份有限公司及其子公司,2032,Annual,DIV_DPS_TOTAL,全年DPS,Dividend,Equity,0.23581925751740418,RMB/share,RMB,1,Forecast,Bear,SRC_MODEL_P3_FORECAST,Medium,Phase 3 formula model,,,,
CT_20260803_P3,中国电信,中国电信股份有限公司,中国电信股份有限公司及其子公司,2032,Annual,CF_DIVIDEND_COVER,分红现金覆盖倍数,Dividend,Equity,1.879244131261808,x,,1,Forecast,Bear,SRC_MODEL_P3_FORECAST,Medium,Phase 3 formula model,,,,
CT_20260803_P3,中国电信,中国电信股份有限公司,中国电信股份有限公司及其子公司,2033,Annual,REV_TOC_MOBILE,ToC移动通信,Forecast Revenue,ToC,196472.7417618034,RMB mn,RMB,1,Forecast,Bear,SRC_MODEL_P3_FORECAST,Medium,Phase 3 formula model,,,,2025起点为Phase 2互斥收入桥接；并非公司披露分部收入。
CT_20260803_P3,中国电信,中国电信股份有限公司,中国电信股份有限公司及其子公司,2033,Annual,REV_HOME,家庭宽带与智慧家庭,Forecast Revenue,Home,126732.71343495419,RMB mn,RMB,1,Forecast,Bear,SRC_MODEL_P3_FORECAST,Medium,Phase 3 formula model,,,,2025起点为Phase 2互斥收入桥接；并非公司披露分部收入。
CT_20260803_P3,中国电信,中国电信股份有限公司,中国电信股份有限公司及其子公司,2033,Annual,REV_ENT_CONNECT,企业连接与传统网络,Forecast Revenue,Enterprise,18739.365875999996,RMB mn,RMB,1,Forecast,Bear,SRC_MODEL_P3_FORECAST,Low,Phase 3 formula model,,,,2025起点为Phase 2互斥收入桥接；并非公司披露分部收入。
CT_20260803_P3,中国电信,中国电信股份有限公司,中国电信股份有限公司及其子公司,2033,Annual,REV_CLOUD_NONAI,非AI云与数字化,Forecast Revenue,Cloud,88090.58977489952,RMB mn,RMB,1,Forecast,Bear,SRC_MODEL_P3_FORECAST,Low,Phase 3 formula model,,,,2025起点为Phase 2互斥收入桥接；并非公司披露分部收入。
CT_20260803_P3,中国电信,中国电信股份有限公司,中国电信股份有限公司及其子公司,2033,Annual,REV_AI_AIDC,AI/AIDC与智算,Forecast Revenue,AI/AIDC,58476.19075776002,RMB mn,RMB,1,Forecast,Bear,SRC_MODEL_P3_FORECAST,Low,Phase 3 formula model,,,,2025起点为Phase 2互斥收入桥接；并非公司披露分部收入。
CT_20260803_P3,中国电信,中国电信股份有限公司,中国电信股份有限公司及其子公司,2033,Annual,REV_IOT,物联网,Forecast Revenue,IoT,15383.649600000006,RMB mn,RMB,1,Forecast,Bear,SRC_MODEL_P3_FORECAST,Low,Phase 3 formula model,,,,2025起点为Phase 2互斥收入桥接；并非公司披露分部收入。
CT_20260803_P3,中国电信,中国电信股份有限公司,中国电信股份有限公司及其子公司,2033,Annual,REV_TERMINAL,终端及设备销售,Forecast Revenue,Terminal,34073.95432895999,RMB mn,RMB,1,Forecast,Bear,SRC_MODEL_P3_FORECAST,Medium,Phase 3 formula model,,,,2025起点为Phase 2互斥收入桥接；并非公司披露分部收入。
CT_20260803_P3,中国电信,中国电信股份有限公司,中国电信股份有限公司及其子公司,2033,Annual,REV_WHOLESALE_OTHER,批发及其他服务,Forecast Revenue,Other,8402.054912352001,RMB mn,RMB,1,Forecast,Bear,SRC_MODEL_P3_FORECAST,Medium,Phase 3 formula model,,,,2025起点为Phase 2互斥收入桥接；并非公司披露分部收入。
CT_20260803_P3,中国电信,中国电信股份有限公司,中国电信股份有限公司及其子公司,2033,Annual,FIN_REV_TOTAL,营业收入,Forecast,Group,546371.2604467291,RMB mn,RMB,1,Forecast,Bear,SRC_MODEL_P3_FORECAST,Medium,Phase 3 formula model,,,,
CT_20260803_P3,中国电信,中国电信股份有限公司,中国电信股份有限公司及其子公司,2033,Annual,FIN_REV_SERVICE,服务收入,Forecast,Group,512297.30611776916,RMB mn,RMB,1,Forecast,Bear,SRC_MODEL_P3_FORECAST,Medium,Phase 3 formula model,,,,
CT_20260803_P3,中国电信,中国电信股份有限公司,中国电信股份有限公司及其子公司,2033,Annual,FIN_EBIT,经营利润,Forecast,Group,34826.63179903056,RMB mn,RMB,1,Forecast,Bear,SRC_MODEL_P3_FORECAST,Medium,Phase 3 formula model,,,,
CT_20260803_P3,中国电信,中国电信股份有限公司,中国电信股份有限公司及其子公司,2033,Annual,FIN_EBIT_MARGIN,经营利润率,Forecast,Group,0.06374169785313248,%,,1,Forecast,Bear,SRC_MODEL_P3_FORECAST,Medium,Phase 3 formula model,,,,
CT_20260803_P3,中国电信,中国电信股份有限公司,中国电信股份有限公司及其子公司,2033,Annual,FIN_DA,折旧及摊销,Forecast,Group,114819.71329738964,RMB mn,RMB,1,Forecast,Bear,SRC_MODEL_P3_FORECAST,Medium,Phase 3 formula model,,,,
CT_20260803_P3,中国电信,中国电信股份有限公司,中国电信股份有限公司及其子公司,2033,Annual,FIN_EBITDA,EBITDA,Forecast,Group,149646.3450964202,RMB mn,RMB,1,Forecast,Bear,SRC_MODEL_P3_FORECAST,Medium,Phase 3 formula model,,,,
CT_20260803_P3,中国电信,中国电信股份有限公司,中国电信股份有限公司及其子公司,2033,Annual,FIN_EBITDA_MARGIN,EBITDA率,Forecast,Group,0.2921083974273697,%,,1,Forecast,Bear,SRC_MODEL_P3_FORECAST,Medium,Phase 3 formula model,,,,
CT_20260803_P3,中国电信,中国电信股份有限公司,中国电信股份有限公司及其子公司,2033,Annual,FIN_PBT,税前利润,Forecast,Group,38644.26283407949,RMB mn,RMB,1,Forecast,Bear,SRC_MODEL_P3_FORECAST,Medium,Phase 3 formula model,,,,
CT_20260803_P3,中国电信,中国电信股份有限公司,中国电信股份有限公司及其子公司,2033,Annual,FIN_TAX,所得税,Forecast,Group,8694.959137667885,RMB mn,RMB,1,Forecast,Bear,SRC_MODEL_P3_FORECAST,Medium,Phase 3 formula model,,,,
CT_20260803_P3,中国电信,中国电信股份有限公司,中国电信股份有限公司及其子公司,2033,Annual,FIN_NP_ATTR,归母净利润,Forecast,Group,29899.303696411604,RMB mn,RMB,1,Forecast,Bear,SRC_MODEL_P3_FORECAST,Medium,Phase 3 formula model,,,,
CT_20260803_P3,中国电信,中国电信股份有限公司,中国电信股份有限公司及其子公司,2033,Annual,FIN_NET_MARGIN,归母净利率,Forecast,Group,0.05472341951508404,%,,1,Forecast,Bear,SRC_MODEL_P3_FORECAST,Medium,Phase 3 formula model,,,,
CT_20260803_P3,中国电信,中国电信股份有限公司,中国电信股份有限公司及其子公司,2033,Annual,FIN_EPS_BASIC,基本每股收益,Forecast,Group,0.3267428543991655,RMB/share,RMB,1,Forecast,Bear,SRC_MODEL_P3_FORECAST,Medium,Phase 3 formula model,,,,
CT_20260803_P3,中国电信,中国电信股份有限公司,中国电信股份有限公司及其子公司,2033,Annual,DRV_AR_DSO,期末净应收DSO,Working Capital,Group,50.0,days,,1,Forecast,Bear,SRC_MODEL_P3_FORECAST,Medium,Phase 3 formula model,,,,
CT_20260803_P3,中国电信,中国电信股份有限公司,中国电信股份有限公司及其子公司,2033,Annual,BS_AR_NET,应收账款净额,Working Capital,Group,70177.7131668177,RMB mn,RMB,1,Forecast,Bear,SRC_MODEL_P3_FORECAST,Medium,Phase 3 formula model,,,,
CT_20260803_P3,中国电信,中国电信股份有限公司,中国电信股份有限公司及其子公司,2033,Annual,CF_WC_CHANGE,营运资本增加,Cash Flow,Group,0.0,RMB mn,RMB,1,Forecast,Bear,SRC_MODEL_P3_FORECAST,Medium,Phase 3 formula model,,,,
CT_20260803_P3,中国电信,中国电信股份有限公司,中国电信股份有限公司及其子公司,2033,Annual,CF_CFO,经营活动现金流,Cash Flow,Group,141719.01699380123,RMB mn,RMB,1,Forecast,Bear,SRC_MODEL_P3_FORECAST,Medium,Phase 3 formula model,,,,
CT_20260803_P3,中国电信,中国电信股份有限公司,中国电信股份有限公司及其子公司,2033,Annual,CF_CAPEX,资本开支,Cash Flow,Group,84687.54536924302,RMB mn,RMB,1,Forecast,Bear,SRC_MODEL_P3_FORECAST,Medium,Phase 3 formula model,,,,
CT_20260803_P3,中国电信,中国电信股份有限公司,中国电信股份有限公司及其子公司,2033,Annual,CF_CAPEX_RATE,资本开支率,Cash Flow,Group,0.155,%,,1,Forecast,Bear,SRC_MODEL_P3_FORECAST,Medium,Phase 3 formula model,,,,
CT_20260803_P3,中国电信,中国电信股份有限公司,中国电信股份有限公司及其子公司,2033,Annual,CF_FCFF_MODEL,模型FCFF,Cash Flow,Group,57122.80757239531,RMB mn,RMB,1,Forecast,Bear,SRC_MODEL_P3_FORECAST,Medium,Phase 3 formula model,,,,
CT_20260803_P3,中国电信,中国电信股份有限公司,中国电信股份有限公司及其子公司,2033,Annual,CF_DISTRIBUTABLE,股东可分配现金,Cash Flow,Group,42254.75722455821,RMB mn,RMB,1,Forecast,Bear,SRC_MODEL_P3_FORECAST,Medium,Phase 3 formula model,,,,
CT_20260803_P3,中国电信,中国电信股份有限公司,中国电信股份有限公司及其子公司,2033,Annual,DIV_CASH_TOTAL,现金分红总额,Dividend,Equity,21826.49169838047,RMB mn,RMB,1,Forecast,Bear,SRC_MODEL_P3_FORECAST,Medium,Phase 3 formula model,,,,
CT_20260803_P3,中国电信,中国电信股份有限公司,中国电信股份有限公司及其子公司,2033,Annual,DIV_PAYOUT,派息率,Dividend,Equity,0.73,%,,1,Forecast,Bear,SRC_MODEL_P3_FORECAST,Medium,Phase 3 formula model,,,,
CT_20260803_P3,中国电信,中国电信股份有限公司,中国电信股份有限公司及其子公司,2033,Annual,DIV_DPS_TOTAL,全年DPS,Dividend,Equity,0.23852228371139084,RMB/share,RMB,1,Forecast,Bear,SRC_MODEL_P3_FORECAST,Medium,Phase 3 formula model,,,,
CT_20260803_P3,中国电信,中国电信股份有限公司,中国电信股份有限公司及其子公司,2033,Annual,CF_DIVIDEND_COVER,分红现金覆盖倍数,Dividend,Equity,1.9359390326432317,x,,1,Forecast,Bear,SRC_MODEL_P3_FORECAST,Medium,Phase 3 formula model,,,,
CT_20260803_P3,中国电信,中国电信股份有限公司,中国电信股份有限公司及其子公司,2034,Annual,REV_TOC_MOBILE,ToC移动通信,Forecast Revenue,ToC,196472.7417618034,RMB mn,RMB,1,Forecast,Bear,SRC_MODEL_P3_FORECAST,Medium,Phase 3 formula model,,,,2025起点为Phase 2互斥收入桥接；并非公司披露分部收入。
CT_20260803_P3,中国电信,中国电信股份有限公司,中国电信股份有限公司及其子公司,2034,Annual,REV_HOME,家庭宽带与智慧家庭,Forecast Revenue,Home,126732.71343495419,RMB mn,RMB,1,Forecast,Bear,SRC_MODEL_P3_FORECAST,Medium,Phase 3 formula model,,,,2025起点为Phase 2互斥收入桥接；并非公司披露分部收入。
CT_20260803_P3,中国电信,中国电信股份有限公司,中国电信股份有限公司及其子公司,2034,Annual,REV_ENT_CONNECT,企业连接与传统网络,Forecast Revenue,Enterprise,18739.365875999996,RMB mn,RMB,1,Forecast,Bear,SRC_MODEL_P3_FORECAST,Low,Phase 3 formula model,,,,2025起点为Phase 2互斥收入桥接；并非公司披露分部收入。
CT_20260803_P3,中国电信,中国电信股份有限公司,中国电信股份有限公司及其子公司,2034,Annual,REV_CLOUD_NONAI,非AI云与数字化,Forecast Revenue,Cloud,88090.58977489952,RMB mn,RMB,1,Forecast,Bear,SRC_MODEL_P3_FORECAST,Low,Phase 3 formula model,,,,2025起点为Phase 2互斥收入桥接；并非公司披露分部收入。
CT_20260803_P3,中国电信,中国电信股份有限公司,中国电信股份有限公司及其子公司,2034,Annual,REV_AI_AIDC,AI/AIDC与智算,Forecast Revenue,AI/AIDC,58476.19075776002,RMB mn,RMB,1,Forecast,Bear,SRC_MODEL_P3_FORECAST,Low,Phase 3 formula model,,,,2025起点为Phase 2互斥收入桥接；并非公司披露分部收入。
CT_20260803_P3,中国电信,中国电信股份有限公司,中国电信股份有限公司及其子公司,2034,Annual,REV_IOT,物联网,Forecast Revenue,IoT,15383.649600000006,RMB mn,RMB,1,Forecast,Bear,SRC_MODEL_P3_FORECAST,Low,Phase 3 formula model,,,,2025起点为Phase 2互斥收入桥接；并非公司披露分部收入。
CT_20260803_P3,中国电信,中国电信股份有限公司,中国电信股份有限公司及其子公司,2034,Annual,REV_TERMINAL,终端及设备销售,Forecast Revenue,Terminal,34073.95432895999,RMB mn,RMB,1,Forecast,Bear,SRC_MODEL_P3_FORECAST,Medium,Phase 3 formula model,,,,2025起点为Phase 2互斥收入桥接；并非公司披露分部收入。
CT_20260803_P3,中国电信,中国电信股份有限公司,中国电信股份有限公司及其子公司,2034,Annual,REV_WHOLESALE_OTHER,批发及其他服务,Forecast Revenue,Other,8402.054912352001,RMB mn,RMB,1,Forecast,Bear,SRC_MODEL_P3_FORECAST,Medium,Phase 3 formula model,,,,2025起点为Phase 2互斥收入桥接；并非公司披露分部收入。
CT_20260803_P3,中国电信,中国电信股份有限公司,中国电信股份有限公司及其子公司,2034,Annual,FIN_REV_TOTAL,营业收入,Forecast,Group,546371.2604467291,RMB mn,RMB,1,Forecast,Bear,SRC_MODEL_P3_FORECAST,Medium,Phase 3 formula model,,,,
CT_20260803_P3,中国电信,中国电信股份有限公司,中国电信股份有限公司及其子公司,2034,Annual,FIN_REV_SERVICE,服务收入,Forecast,Group,512297.30611776916,RMB mn,RMB,1,Forecast,Bear,SRC_MODEL_P3_FORECAST,Medium,Phase 3 formula model,,,,
CT_20260803_P3,中国电信,中国电信股份有限公司,中国电信股份有限公司及其子公司,2034,Annual,FIN_EBIT,经营利润,Forecast,Group,35170.381864033974,RMB mn,RMB,1,Forecast,Bear,SRC_MODEL_P3_FORECAST,Medium,Phase 3 formula model,,,,
CT_20260803_P3,中国电信,中国电信股份有限公司,中国电信股份有限公司及其子公司,2034,Annual,FIN_EBIT_MARGIN,经营利润率,Forecast,Group,0.06437084892656623,%,,1,Forecast,Bear,SRC_MODEL_P3_FORECAST,Medium,Phase 3 formula model,,,,
CT_20260803_P3,中国电信,中国电信股份有限公司,中国电信股份有限公司及其子公司,2034,Annual,FIN_DA,折旧及摊销,Forecast,Group,115796.64167790764,RMB mn,RMB,1,Forecast,Bear,SRC_MODEL_P3_FORECAST,Medium,Phase 3 formula model,,,,
CT_20260803_P3,中国电信,中国电信股份有限公司,中国电信股份有限公司及其子公司,2034,Annual,FIN_EBITDA,EBITDA,Forecast,Group,150967.0235419416,RMB mn,RMB,1,Forecast,Bear,SRC_MODEL_P3_FORECAST,Medium,Phase 3 formula model,,,,
CT_20260803_P3,中国电信,中国电信股份有限公司,中国电信股份有限公司及其子公司,2034,Annual,FIN_EBITDA_MARGIN,EBITDA率,Forecast,Group,0.294686350560736,%,,1,Forecast,Bear,SRC_MODEL_P3_FORECAST,Medium,Phase 3 formula model,,,,
CT_20260803_P3,中国电信,中国电信股份有限公司,中国电信股份有限公司及其子公司,2034,Annual,FIN_PBT,税前利润,Forecast,Group,39082.38401869769,RMB mn,RMB,1,Forecast,Bear,SRC_MODEL_P3_FORECAST,Medium,Phase 3 formula model,,,,
CT_20260803_P3,中国电信,中国电信股份有限公司,中国电信股份有限公司及其子公司,2034,Annual,FIN_TAX,所得税,Forecast,Group,8793.53640420698,RMB mn,RMB,1,Forecast,Bear,SRC_MODEL_P3_FORECAST,Medium,Phase 3 formula model,,,,
CT_20260803_P3,中国电信,中国电信股份有限公司,中国电信股份有限公司及其子公司,2034,Annual,FIN_NP_ATTR,归母净利润,Forecast,Group,30238.84761449071,RMB mn,RMB,1,Forecast,Bear,SRC_MODEL_P3_FORECAST,Medium,Phase 3 formula model,,,,
CT_20260803_P3,中国电信,中国电信股份有限公司,中国电信股份有限公司及其子公司,2034,Annual,FIN_NET_MARGIN,归母净利率,Forecast,Group,0.0553448722573119,%,,1,Forecast,Bear,SRC_MODEL_P3_FORECAST,Medium,Phase 3 formula model,,,,
CT_20260803_P3,中国电信,中国电信股份有限公司,中国电信股份有限公司及其子公司,2034,Annual,FIN_EPS_BASIC,基本每股收益,Forecast,Group,0.3304534273982404,RMB/share,RMB,1,Forecast,Bear,SRC_MODEL_P3_FORECAST,Medium,Phase 3 formula model,,,,
CT_20260803_P3,中国电信,中国电信股份有限公司,中国电信股份有限公司及其子公司,2034,Annual,DRV_AR_DSO,期末净应收DSO,Working Capital,Group,50.0,days,,1,Forecast,Bear,SRC_MODEL_P3_FORECAST,Medium,Phase 3 formula model,,,,
CT_20260803_P3,中国电信,中国电信股份有限公司,中国电信股份有限公司及其子公司,2034,Annual,BS_AR_NET,应收账款净额,Working Capital,Group,70177.7131668177,RMB mn,RMB,1,Forecast,Bear,SRC_MODEL_P3_FORECAST,Medium,Phase 3 formula model,,,,
CT_20260803_P3,中国电信,中国电信股份有限公司,中国电信股份有限公司及其子公司,2034,Annual,CF_WC_CHANGE,营运资本增加,Cash Flow,Group,0.0,RMB mn,RMB,1,Forecast,Bear,SRC_MODEL_P3_FORECAST,Medium,Phase 3 formula model,,,,
CT_20260803_P3,中国电信,中国电信股份有限公司,中国电信股份有限公司及其子公司,2034,Annual,CF_CFO,经营活动现金流,Cash Flow,Group,143035.48929239836,RMB mn,RMB,1,Forecast,Bear,SRC_MODEL_P3_FORECAST,Medium,Phase 3 formula model,,,,
CT_20260803_P3,中国电信,中国电信股份有限公司,中国电信股份有限公司及其子公司,2034,Annual,CF_CAPEX,资本开支,Cash Flow,Group,84687.54536924302,RMB mn,RMB,1,Forecast,Bear,SRC_MODEL_P3_FORECAST,Medium,Phase 3 formula model,,,,
CT_20260803_P3,中国电信,中国电信股份有限公司,中国电信股份有限公司及其子公司,2034,Annual,CF_CAPEX_RATE,资本开支率,Cash Flow,Group,0.155,%,,1,Forecast,Bear,SRC_MODEL_P3_FORECAST,Medium,Phase 3 formula model,,,,
CT_20260803_P3,中国电信,中国电信股份有限公司,中国电信股份有限公司及其子公司,2034,Annual,CF_FCFF_MODEL,模型FCFF,Cash Flow,Group,58366.14225329095,RMB mn,RMB,1,Forecast,Bear,SRC_MODEL_P3_FORECAST,Medium,Phase 3 formula model,,,,
CT_20260803_P3,中国电信,中国电信股份有限公司,中国电信股份有限公司及其子公司,2034,Annual,CF_DISTRIBUTABLE,股东可分配现金,Cash Flow,Group,43866.76381115534,RMB mn,RMB,1,Forecast,Bear,SRC_MODEL_P3_FORECAST,Medium,Phase 3 formula model,,,,
CT_20260803_P3,中国电信,中国电信股份有限公司,中国电信股份有限公司及其子公司,2034,Annual,DIV_CASH_TOTAL,现金分红总额,Dividend,Equity,22074.35875857822,RMB mn,RMB,1,Forecast,Bear,SRC_MODEL_P3_FORECAST,Medium,Phase 3 formula model,,,,
CT_20260803_P3,中国电信,中国电信股份有限公司,中国电信股份有限公司及其子公司,2034,Annual,DIV_PAYOUT,派息率,Dividend,Equity,0.73,%,,1,Forecast,Bear,SRC_MODEL_P3_FORECAST,Medium,Phase 3 formula model,,,,
CT_20260803_P3,中国电信,中国电信股份有限公司,中国电信股份有限公司及其子公司,2034,Annual,DIV_DPS_TOTAL,全年DPS,Dividend,Equity,0.2412310020007155,RMB/share,RMB,1,Forecast,Bear,SRC_MODEL_P3_FORECAST,Medium,Phase 3 formula model,,,,
CT_20260803_P3,中国电信,中国电信股份有限公司,中国电信股份有限公司及其子公司,2034,Annual,CF_DIVIDEND_COVER,分红现金覆盖倍数,Dividend,Equity,1.987227094155497,x,,1,Forecast,Bear,SRC_MODEL_P3_FORECAST,Medium,Phase 3 formula model,,,,
CT_20260803_P3,中国电信,中国电信股份有限公司,中国电信股份有限公司及其子公司,2035,Annual,REV_TOC_MOBILE,ToC移动通信,Forecast Revenue,ToC,196472.7417618034,RMB mn,RMB,1,Forecast,Bear,SRC_MODEL_P3_FORECAST,Medium,Phase 3 formula model,,,,2025起点为Phase 2互斥收入桥接；并非公司披露分部收入。
CT_20260803_P3,中国电信,中国电信股份有限公司,中国电信股份有限公司及其子公司,2035,Annual,REV_HOME,家庭宽带与智慧家庭,Forecast Revenue,Home,126732.71343495419,RMB mn,RMB,1,Forecast,Bear,SRC_MODEL_P3_FORECAST,Medium,Phase 3 formula model,,,,2025起点为Phase 2互斥收入桥接；并非公司披露分部收入。
CT_20260803_P3,中国电信,中国电信股份有限公司,中国电信股份有限公司及其子公司,2035,Annual,REV_ENT_CONNECT,企业连接与传统网络,Forecast Revenue,Enterprise,18739.365875999996,RMB mn,RMB,1,Forecast,Bear,SRC_MODEL_P3_FORECAST,Low,Phase 3 formula model,,,,2025起点为Phase 2互斥收入桥接；并非公司披露分部收入。
CT_20260803_P3,中国电信,中国电信股份有限公司,中国电信股份有限公司及其子公司,2035,Annual,REV_CLOUD_NONAI,非AI云与数字化,Forecast Revenue,Cloud,88090.58977489952,RMB mn,RMB,1,Forecast,Bear,SRC_MODEL_P3_FORECAST,Low,Phase 3 formula model,,,,2025起点为Phase 2互斥收入桥接；并非公司披露分部收入。
CT_20260803_P3,中国电信,中国电信股份有限公司,中国电信股份有限公司及其子公司,2035,Annual,REV_AI_AIDC,AI/AIDC与智算,Forecast Revenue,AI/AIDC,58476.19075776002,RMB mn,RMB,1,Forecast,Bear,SRC_MODEL_P3_FORECAST,Low,Phase 3 formula model,,,,2025起点为Phase 2互斥收入桥接；并非公司披露分部收入。
CT_20260803_P3,中国电信,中国电信股份有限公司,中国电信股份有限公司及其子公司,2035,Annual,REV_IOT,物联网,Forecast Revenue,IoT,15383.649600000006,RMB mn,RMB,1,Forecast,Bear,SRC_MODEL_P3_FORECAST,Low,Phase 3 formula model,,,,2025起点为Phase 2互斥收入桥接；并非公司披露分部收入。
CT_20260803_P3,中国电信,中国电信股份有限公司,中国电信股份有限公司及其子公司,2035,Annual,REV_TERMINAL,终端及设备销售,Forecast Revenue,Terminal,34073.95432895999,RMB mn,RMB,1,Forecast,Bear,SRC_MODEL_P3_FORECAST,Medium,Phase 3 formula model,,,,2025起点为Phase 2互斥收入桥接；并非公司披露分部收入。
CT_20260803_P3,中国电信,中国电信股份有限公司,中国电信股份有限公司及其子公司,2035,Annual,REV_WHOLESALE_OTHER,批发及其他服务,Forecast Revenue,Other,8402.054912352001,RMB mn,RMB,1,Forecast,Bear,SRC_MODEL_P3_FORECAST,Medium,Phase 3 formula model,,,,2025起点为Phase 2互斥收入桥接；并非公司披露分部收入。
CT_20260803_P3,中国电信,中国电信股份有限公司,中国电信股份有限公司及其子公司,2035,Annual,FIN_REV_TOTAL,营业收入,Forecast,Group,546371.2604467291,RMB mn,RMB,1,Forecast,Bear,SRC_MODEL_P3_FORECAST,Medium,Phase 3 formula model,,,,
CT_20260803_P3,中国电信,中国电信股份有限公司,中国电信股份有限公司及其子公司,2035,Annual,FIN_REV_SERVICE,服务收入,Forecast,Group,512297.30611776916,RMB mn,RMB,1,Forecast,Bear,SRC_MODEL_P3_FORECAST,Medium,Phase 3 formula model,,,,
CT_20260803_P3,中国电信,中国电信股份有限公司,中国电信股份有限公司及其子公司,2035,Annual,FIN_EBIT,经营利润,Forecast,Group,35514.131929037394,RMB mn,RMB,1,Forecast,Bear,SRC_MODEL_P3_FORECAST,Medium,Phase 3 formula model,,,,
CT_20260803_P3,中国电信,中国电信股份有限公司,中国电信股份有限公司及其子公司,2035,Annual,FIN_EBIT_MARGIN,经营利润率,Forecast,Group,0.065,%,,1,Forecast,Bear,SRC_MODEL_P3_FORECAST,Medium,Phase 3 formula model,,,,
CT_20260803_P3,中国电信,中国电信股份有限公司,中国电信股份有限公司及其子公司,2035,Annual,FIN_DA,折旧及摊销,Forecast,Group,116695.4157879842,RMB mn,RMB,1,Forecast,Bear,SRC_MODEL_P3_FORECAST,Medium,Phase 3 formula model,,,,
CT_20260803_P3,中国电信,中国电信股份有限公司,中国电信股份有限公司及其子公司,2035,Annual,FIN_EBITDA,EBITDA,Forecast,Group,152209.5477170216,RMB mn,RMB,1,Forecast,Bear,SRC_MODEL_P3_FORECAST,Medium,Phase 3 formula model,,,,
CT_20260803_P3,中国电信,中国电信股份有限公司,中国电信股份有限公司及其子公司,2035,Annual,FIN_EBITDA_MARGIN,EBITDA率,Forecast,Group,0.29711174722053096,%,,1,Forecast,Bear,SRC_MODEL_P3_FORECAST,Medium,Phase 3 formula model,,,,
CT_20260803_P3,中国电信,中国电信股份有限公司,中国电信股份有限公司及其子公司,2035,Annual,FIN_PBT,税前利润,Forecast,Group,39521.491700762504,RMB mn,RMB,1,Forecast,Bear,SRC_MODEL_P3_FORECAST,Medium,Phase 3 formula model,,,,
CT_20260803_P3,中国电信,中国电信股份有限公司,中国电信股份有限公司及其子公司,2035,Annual,FIN_TAX,所得税,Forecast,Group,8892.335632671564,RMB mn,RMB,1,Forecast,Bear,SRC_MODEL_P3_FORECAST,Medium,Phase 3 formula model,,,,
CT_20260803_P3,中国电信,中国电信股份有限公司,中国电信股份有限公司及其子公司,2035,Annual,FIN_NP_ATTR,归母净利润,Forecast,Group,30579.15606809094,RMB mn,RMB,1,Forecast,Bear,SRC_MODEL_P3_FORECAST,Medium,Phase 3 formula model,,,,
CT_20260803_P3,中国电信,中国电信股份有限公司,中国电信股份有限公司及其子公司,2035,Annual,FIN_NET_MARGIN,归母净利率,Forecast,Group,0.05596772429627526,%,,1,Forecast,Bear,SRC_MODEL_P3_FORECAST,Medium,Phase 3 formula model,,,,
CT_20260803_P3,中国电信,中国电信股份有限公司,中国电信股份有限公司及其子公司,2035,Annual,FIN_EPS_BASIC,基本每股收益,Forecast,Group,0.33417235532494155,RMB/share,RMB,1,Forecast,Bear,SRC_MODEL_P3_FORECAST,Medium,Phase 3 formula model,,,,
CT_20260803_P3,中国电信,中国电信股份有限公司,中国电信股份有限公司及其子公司,2035,Annual,DRV_AR_DSO,期末净应收DSO,Working Capital,Group,50.0,days,,1,Forecast,Bear,SRC_MODEL_P3_FORECAST,Medium,Phase 3 formula model,,,,
CT_20260803_P3,中国电信,中国电信股份有限公司,中国电信股份有限公司及其子公司,2035,Annual,BS_AR_NET,应收账款净额,Working Capital,Group,70177.7131668177,RMB mn,RMB,1,Forecast,Bear,SRC_MODEL_P3_FORECAST,Medium,Phase 3 formula model,,,,
CT_20260803_P3,中国电信,中国电信股份有限公司,中国电信股份有限公司及其子公司,2035,Annual,CF_WC_CHANGE,营运资本增加,Cash Flow,Group,0.0,RMB mn,RMB,1,Forecast,Bear,SRC_MODEL_P3_FORECAST,Medium,Phase 3 formula model,,,,
CT_20260803_P3,中国电信,中国电信股份有限公司,中国电信股份有限公司及其子公司,2035,Annual,CF_CFO,经营活动现金流,Cash Flow,Group,144274.57185607514,RMB mn,RMB,1,Forecast,Bear,SRC_MODEL_P3_FORECAST,Medium,Phase 3 formula model,,,,
CT_20260803_P3,中国电信,中国电信股份有限公司,中国电信股份有限公司及其子公司,2035,Annual,CF_CAPEX,资本开支,Cash Flow,Group,84687.54536924302,RMB mn,RMB,1,Forecast,Bear,SRC_MODEL_P3_FORECAST,Medium,Phase 3 formula model,,,,
CT_20260803_P3,中国电信,中国电信股份有限公司,中国电信股份有限公司及其子公司,2035,Annual,CF_CAPEX_RATE,资本开支率,Cash Flow,Group,0.155,%,,1,Forecast,Bear,SRC_MODEL_P3_FORECAST,Medium,Phase 3 formula model,,,,
CT_20260803_P3,中国电信,中国电信股份有限公司,中国电信股份有限公司及其子公司,2035,Annual,CF_FCFF_MODEL,模型FCFF,Cash Flow,Group,59531.322663745144,RMB mn,RMB,1,Forecast,Bear,SRC_MODEL_P3_FORECAST,Medium,Phase 3 formula model,,,,
CT_20260803_P3,中国电信,中国电信股份有限公司,中国电信股份有限公司及其子公司,2035,Annual,CF_DISTRIBUTABLE,股东可分配现金,Cash Flow,Group,45395.46997707213,RMB mn,RMB,1,Forecast,Bear,SRC_MODEL_P3_FORECAST,Medium,Phase 3 formula model,,,,
CT_20260803_P3,中国电信,中国电信股份有限公司,中国电信股份有限公司及其子公司,2035,Annual,DIV_CASH_TOTAL,现金分红总额,Dividend,Equity,22322.783929706384,RMB mn,RMB,1,Forecast,Bear,SRC_MODEL_P3_FORECAST,Medium,Phase 3 formula model,,,,
CT_20260803_P3,中国电信,中国电信股份有限公司,中国电信股份有限公司及其子公司,2035,Annual,DIV_PAYOUT,派息率,Dividend,Equity,0.73,%,,1,Forecast,Bear,SRC_MODEL_P3_FORECAST,Medium,Phase 3 formula model,,,,
CT_20260803_P3,中国电信,中国电信股份有限公司,中国电信股份有限公司及其子公司,2035,Annual,DIV_DPS_TOTAL,全年DPS,Dividend,Equity,0.2439458193872073,RMB/share,RMB,1,Forecast,Bear,SRC_MODEL_P3_FORECAST,Medium,Phase 3 formula model,,,,
CT_20260803_P3,中国电信,中国电信股份有限公司,中国电信股份有限公司及其子公司,2035,Annual,CF_DIVIDEND_COVER,分红现金覆盖倍数,Dividend,Equity,2.033593575067553,x,,1,Forecast,Bear,SRC_MODEL_P3_FORECAST,Medium,Phase 3 formula model,,,,
CT_20260803_P3,中国电信,中国电信股份有限公司,中国电信股份有限公司及其子公司,2026,Annual,REV_TOC_MOBILE,ToC移动通信,Forecast Revenue,ToC,203505.36,RMB mn,RMB,1,Forecast,Base,SRC_MODEL_P3_FORECAST,Medium,Phase 3 formula model,,,,2025起点为Phase 2互斥收入桥接；并非公司披露分部收入。
CT_20260803_P3,中国电信,中国电信股份有限公司,中国电信股份有限公司及其子公司,2026,Annual,REV_HOME,家庭宽带与智慧家庭,Forecast Revenue,Home,126608.89499999999,RMB mn,RMB,1,Forecast,Base,SRC_MODEL_P3_FORECAST,Medium,Phase 3 formula model,,,,2025起点为Phase 2互斥收入桥接；并非公司披露分部收入。
CT_20260803_P3,中国电信,中国电信股份有限公司,中国电信股份有限公司及其子公司,2026,Annual,REV_ENT_CONNECT,企业连接与传统网络,Forecast Revenue,Enterprise,18500.0,RMB mn,RMB,1,Forecast,Base,SRC_MODEL_P3_FORECAST,Low,Phase 3 formula model,,,,2025起点为Phase 2互斥收入桥接；并非公司披露分部收入。
CT_20260803_P3,中国电信,中国电信股份有限公司,中国电信股份有限公司及其子公司,2026,Annual,REV_CLOUD_NONAI,非AI云与数字化,Forecast Revenue,Cloud,80191.28,RMB mn,RMB,1,Forecast,Base,SRC_MODEL_P3_FORECAST,Low,Phase 3 formula model,,,,2025起点为Phase 2互斥收入桥接；并非公司披露分部收入。
CT_20260803_P3,中国电信,中国电信股份有限公司,中国电信股份有限公司及其子公司,2026,Annual,REV_AI_AIDC,AI/AIDC与智算,Forecast Revenue,AI/AIDC,45036.0,RMB mn,RMB,1,Forecast,Base,SRC_MODEL_P3_FORECAST,Low,Phase 3 formula model,,,,2025起点为Phase 2互斥收入桥接；并非公司披露分部收入。
CT_20260803_P3,中国电信,中国电信股份有限公司,中国电信股份有限公司及其子公司,2026,Annual,REV_IOT,物联网,Forecast Revenue,IoT,11200.000000000002,RMB mn,RMB,1,Forecast,Base,SRC_MODEL_P3_FORECAST,Low,Phase 3 formula model,,,,2025起点为Phase 2互斥收入桥接；并非公司披露分部收入。
CT_20260803_P3,中国电信,中国电信股份有限公司,中国电信股份有限公司及其子公司,2026,Annual,REV_TERMINAL,终端及设备销售,Forecast Revenue,Terminal,40604.200000000004,RMB mn,RMB,1,Forecast,Base,SRC_MODEL_P3_FORECAST,Medium,Phase 3 formula model,,,,2025起点为Phase 2互斥收入桥接；并非公司披露分部收入。
CT_20260803_P3,中国电信,中国电信股份有限公司,中国电信股份有限公司及其子公司,2026,Annual,REV_WHOLESALE_OTHER,批发及其他服务,Forecast Revenue,Other,7838.3,RMB mn,RMB,1,Forecast,Base,SRC_MODEL_P3_FORECAST,Medium,Phase 3 formula model,,,,2025起点为Phase 2互斥收入桥接；并非公司披露分部收入。
CT_20260803_P3,中国电信,中国电信股份有限公司,中国电信股份有限公司及其子公司,2026,Annual,FIN_REV_TOTAL,营业收入,Forecast,Group,533484.035,RMB mn,RMB,1,Forecast,Base,SRC_MODEL_P3_FORECAST,Medium,Phase 3 formula model,,,,
CT_20260803_P3,中国电信,中国电信股份有限公司,中国电信股份有限公司及其子公司,2026,Annual,FIN_REV_SERVICE,服务收入,Forecast,Group,492879.835,RMB mn,RMB,1,Forecast,Base,SRC_MODEL_P3_FORECAST,Medium,Phase 3 formula model,,,,
CT_20260803_P3,中国电信,中国电信股份有限公司,中国电信股份有限公司及其子公司,2026,Annual,FIN_EBIT,经营利润,Forecast,Group,40121.071749999996,RMB mn,RMB,1,Forecast,Base,SRC_MODEL_P3_FORECAST,Medium,Phase 3 formula model,,,,
CT_20260803_P3,中国电信,中国电信股份有限公司,中国电信股份有限公司及其子公司,2026,Annual,FIN_EBIT_MARGIN,经营利润率,Forecast,Group,0.07520575896896332,%,,1,Forecast,Base,SRC_MODEL_P3_FORECAST,Medium,Phase 3 formula model,,,,
CT_20260803_P3,中国电信,中国电信股份有限公司,中国电信股份有限公司及其子公司,2026,Annual,FIN_DA,折旧及摊销,Forecast,Group,104622.16,RMB mn,RMB,1,Forecast,Base,SRC_MODEL_P3_FORECAST,Medium,Phase 3 formula model,,,,
CT_20260803_P3,中国电信,中国电信股份有限公司,中国电信股份有限公司及其子公司,2026,Annual,FIN_EBITDA,EBITDA,Forecast,Group,144743.23175,RMB mn,RMB,1,Forecast,Base,SRC_MODEL_P3_FORECAST,Medium,Phase 3 formula model,,,,
CT_20260803_P3,中国电信,中国电信股份有限公司,中国电信股份有限公司及其子公司,2026,Annual,FIN_EBITDA_MARGIN,EBITDA率,Forecast,Group,0.2936683984038422,%,,1,Forecast,Base,SRC_MODEL_P3_FORECAST,Medium,Phase 3 formula model,,,,
CT_20260803_P3,中国电信,中国电信股份有限公司,中国电信股份有限公司及其子公司,2026,Annual,FIN_PBT,税前利润,Forecast,Group,43231.321749999996,RMB mn,RMB,1,Forecast,Base,SRC_MODEL_P3_FORECAST,Medium,Phase 3 formula model,,,,
CT_20260803_P3,中国电信,中国电信股份有限公司,中国电信股份有限公司及其子公司,2026,Annual,FIN_TAX,所得税,Forecast,Group,9597.353428499999,RMB mn,RMB,1,Forecast,Base,SRC_MODEL_P3_FORECAST,Medium,Phase 3 formula model,,,,
CT_20260803_P3,中国电信,中国电信股份有限公司,中国电信股份有限公司及其子公司,2026,Annual,FIN_NP_ATTR,归母净利润,Forecast,Group,33583.9683215,RMB mn,RMB,1,Forecast,Base,SRC_MODEL_P3_FORECAST,Medium,Phase 3 formula model,,,,
CT_20260803_P3,中国电信,中国电信股份有限公司,中国电信股份有限公司及其子公司,2026,Annual,FIN_NET_MARGIN,归母净利率,Forecast,Group,0.06295215248849949,%,,1,Forecast,Base,SRC_MODEL_P3_FORECAST,Medium,Phase 3 formula model,,,,
CT_20260803_P3,中国电信,中国电信股份有限公司,中国电信股份有限公司及其子公司,2026,Annual,FIN_EPS_BASIC,基本每股收益,Forecast,Group,0.36700927161507896,RMB/share,RMB,1,Forecast,Base,SRC_MODEL_P3_FORECAST,Medium,Phase 3 formula model,,,,
CT_20260803_P3,中国电信,中国电信股份有限公司,中国电信股份有限公司及其子公司,2026,Annual,DRV_AR_DSO,期末净应收DSO,Working Capital,Group,40.5,days,,1,Forecast,Base,SRC_MODEL_P3_FORECAST,Medium,Phase 3 formula model,,,,
CT_20260803_P3,中国电信,中国电信股份有限公司,中国电信股份有限公司及其子公司,2026,Annual,BS_AR_NET,应收账款净额,Working Capital,Group,54689.406349315075,RMB mn,RMB,1,Forecast,Base,SRC_MODEL_P3_FORECAST,Medium,Phase 3 formula model,,,,
CT_20260803_P3,中国电信,中国电信股份有限公司,中国电信股份有限公司及其子公司,2026,Annual,CF_WC_CHANGE,营运资本增加,Cash Flow,Group,1570.8815943150755,RMB mn,RMB,1,Forecast,Base,SRC_MODEL_P3_FORECAST,Medium,Phase 3 formula model,,,,
CT_20260803_P3,中国电信,中国电信股份有限公司,中国电信股份有限公司及其子公司,2026,Annual,CF_CFO,经营活动现金流,Cash Flow,Group,134662.72197218493,RMB mn,RMB,1,Forecast,Base,SRC_MODEL_P3_FORECAST,Medium,Phase 3 formula model,,,,
CT_20260803_P3,中国电信,中国电信股份有限公司,中国电信股份有限公司及其子公司,2026,Annual,CF_CAPEX,资本开支,Cash Flow,Group,73000.0,RMB mn,RMB,1,Forecast,Base,SRC_MODEL_P3_FORECAST,Medium,Phase 3 formula model,,,,
CT_20260803_P3,中国电信,中国电信股份有限公司,中国电信股份有限公司及其子公司,2026,Annual,CF_CAPEX_RATE,资本开支率,Cash Flow,Group,0.13683633475554707,%,,1,Forecast,Base,SRC_MODEL_P3_FORECAST,Medium,Phase 3 formula model,,,,
CT_20260803_P3,中国电信,中国电信股份有限公司,中国电信股份有限公司及其子公司,2026,Annual,CF_FCFF_MODEL,模型FCFF,Cash Flow,Group,61265.472227184924,RMB mn,RMB,1,Forecast,Base,SRC_MODEL_P3_FORECAST,Medium,Phase 3 formula model,,,,
CT_20260803_P3,中国电信,中国电信股份有限公司,中国电信股份有限公司及其子公司,2026,Annual,CF_DISTRIBUTABLE,股东可分配现金,Cash Flow,Group,45162.721972184925,RMB mn,RMB,1,Forecast,Base,SRC_MODEL_P3_FORECAST,Medium,Phase 3 formula model,,,,
CT_20260803_P3,中国电信,中国电信股份有限公司,中国电信股份有限公司及其子公司,2026,Annual,DIV_CASH_TOTAL,现金分红总额,Dividend,Equity,25187.976241124998,RMB mn,RMB,1,Forecast,Base,SRC_MODEL_P3_FORECAST,Medium,Phase 3 formula model,,,,
CT_20260803_P3,中国电信,中国电信股份有限公司,中国电信股份有限公司及其子公司,2026,Annual,DIV_PAYOUT,派息率,Dividend,Equity,0.75,%,,1,Forecast,Base,SRC_MODEL_P3_FORECAST,Medium,Phase 3 formula model,,,,
CT_20260803_P3,中国电信,中国电信股份有限公司,中国电信股份有限公司及其子公司,2026,Annual,DIV_DPS_TOTAL,全年DPS,Dividend,Equity,0.2752569537113092,RMB/share,RMB,1,Forecast,Base,SRC_MODEL_P3_FORECAST,Medium,Phase 3 formula model,,,,
CT_20260803_P3,中国电信,中国电信股份有限公司,中国电信股份有限公司及其子公司,2026,Annual,CF_DIVIDEND_COVER,分红现金覆盖倍数,Dividend,Equity,1.7930270197113611,x,,1,Forecast,Base,SRC_MODEL_P3_FORECAST,Medium,Phase 3 formula model,,,,
CT_20260803_P3,中国电信,中国电信股份有限公司,中国电信股份有限公司及其子公司,2027,Annual,REV_TOC_MOBILE,ToC移动通信,Forecast Revenue,ToC,203912.37071999998,RMB mn,RMB,1,Forecast,Base,SRC_MODEL_P3_FORECAST,Medium,Phase 3 formula model,,,,2025起点为Phase 2互斥收入桥接；并非公司披露分部收入。
CT_20260803_P3,中国电信,中国电信股份有限公司,中国电信股份有限公司及其子公司,2027,Annual,REV_HOME,家庭宽带与智慧家庭,Forecast Revenue,Home,128128.20173999999,RMB mn,RMB,1,Forecast,Base,SRC_MODEL_P3_FORECAST,Medium,Phase 3 formula model,,,,2025起点为Phase 2互斥收入桥接；并非公司披露分部收入。
CT_20260803_P3,中国电信,中国电信股份有限公司,中国电信股份有限公司及其子公司,2027,Annual,REV_ENT_CONNECT,企业连接与传统网络,Forecast Revenue,Enterprise,18870.0,RMB mn,RMB,1,Forecast,Base,SRC_MODEL_P3_FORECAST,Low,Phase 3 formula model,,,,2025起点为Phase 2互斥收入桥接；并非公司披露分部收入。
CT_20260803_P3,中国电信,中国电信股份有限公司,中国电信股份有限公司及其子公司,2027,Annual,REV_CLOUD_NONAI,非AI云与数字化,Forecast Revenue,Cloud,84601.8004,RMB mn,RMB,1,Forecast,Base,SRC_MODEL_P3_FORECAST,Low,Phase 3 formula model,,,,2025起点为Phase 2互斥收入桥接；并非公司披露分部收入。
CT_20260803_P3,中国电信,中国电信股份有限公司,中国电信股份有限公司及其子公司,2027,Annual,REV_AI_AIDC,AI/AIDC与智算,Forecast Revenue,AI/AIDC,50890.67999999999,RMB mn,RMB,1,Forecast,Base,SRC_MODEL_P3_FORECAST,Low,Phase 3 formula model,,,,2025起点为Phase 2互斥收入桥接；并非公司披露分部收入。
CT_20260803_P3,中国电信,中国电信股份有限公司,中国电信股份有限公司及其子公司,2027,Annual,REV_IOT,物联网,Forecast Revenue,IoT,13104.000000000002,RMB mn,RMB,1,Forecast,Base,SRC_MODEL_P3_FORECAST,Low,Phase 3 formula model,,,,2025起点为Phase 2互斥收入桥接；并非公司披露分部收入。
CT_20260803_P3,中国电信,中国电信股份有限公司,中国电信股份有限公司及其子公司,2027,Annual,REV_TERMINAL,终端及设备销售,Forecast Revenue,Terminal,39792.116,RMB mn,RMB,1,Forecast,Base,SRC_MODEL_P3_FORECAST,Medium,Phase 3 formula model,,,,2025起点为Phase 2互斥收入桥接；并非公司披露分部收入。
CT_20260803_P3,中国电信,中国电信股份有限公司,中国电信股份有限公司及其子公司,2027,Annual,REV_WHOLESALE_OTHER,批发及其他服务,Forecast Revenue,Other,8151.832,RMB mn,RMB,1,Forecast,Base,SRC_MODEL_P3_FORECAST,Medium,Phase 3 formula model,,,,2025起点为Phase 2互斥收入桥接；并非公司披露分部收入。
CT_20260803_P3,中国电信,中国电信股份有限公司,中国电信股份有限公司及其子公司,2027,Annual,FIN_REV_TOTAL,营业收入,Forecast,Group,547451.0008599999,RMB mn,RMB,1,Forecast,Base,SRC_MODEL_P3_FORECAST,Medium,Phase 3 formula model,,,,
CT_20260803_P3,中国电信,中国电信股份有限公司,中国电信股份有限公司及其子公司,2027,Annual,FIN_REV_SERVICE,服务收入,Forecast,Group,507658.88485999993,RMB mn,RMB,1,Forecast,Base,SRC_MODEL_P3_FORECAST,Medium,Phase 3 formula model,,,,
CT_20260803_P3,中国电信,中国电信股份有限公司,中国电信股份有限公司及其子公司,2027,Annual,FIN_EBIT,经营利润,Forecast,Group,42336.17418199999,RMB mn,RMB,1,Forecast,Base,SRC_MODEL_P3_FORECAST,Medium,Phase 3 formula model,,,,
CT_20260803_P3,中国电信,中国电信股份有限公司,中国电信股份有限公司及其子公司,2027,Annual,FIN_EBIT_MARGIN,经营利润率,Forecast,Group,0.07733326656722407,%,,1,Forecast,Base,SRC_MODEL_P3_FORECAST,Medium,Phase 3 formula model,,,,
CT_20260803_P3,中国电信,中国电信股份有限公司,中国电信股份有限公司及其子公司,2027,Annual,FIN_DA,折旧及摊销,Forecast,Group,105580.9522546544,RMB mn,RMB,1,Forecast,Base,SRC_MODEL_P3_FORECAST,Medium,Phase 3 formula model,,,,
CT_20260803_P3,中国电信,中国电信股份有限公司,中国电信股份有限公司及其子公司,2027,Annual,FIN_EBITDA,EBITDA,Forecast,Group,147917.1264366544,RMB mn,RMB,1,Forecast,Base,SRC_MODEL_P3_FORECAST,Medium,Phase 3 formula model,,,,
CT_20260803_P3,中国电信,中国电信股份有限公司,中国电信股份有限公司及其子公司,2027,Annual,FIN_EBITDA_MARGIN,EBITDA率,Forecast,Group,0.29137109749875917,%,,1,Forecast,Base,SRC_MODEL_P3_FORECAST,Medium,Phase 3 formula model,,,,
CT_20260803_P3,中国电信,中国电信股份有限公司,中国电信股份有限公司及其子公司,2027,Annual,FIN_PBT,税前利润,Forecast,Group,45551.82543199999,RMB mn,RMB,1,Forecast,Base,SRC_MODEL_P3_FORECAST,Medium,Phase 3 formula model,,,,
CT_20260803_P3,中国电信,中国电信股份有限公司,中国电信股份有限公司及其子公司,2027,Annual,FIN_TAX,所得税,Forecast,Group,10112.505245903998,RMB mn,RMB,1,Forecast,Base,SRC_MODEL_P3_FORECAST,Medium,Phase 3 formula model,,,,
CT_20260803_P3,中国电信,中国电信股份有限公司,中国电信股份有限公司及其子公司,2027,Annual,FIN_NP_ATTR,归母净利润,Forecast,Group,35389.320186095996,RMB mn,RMB,1,Forecast,Base,SRC_MODEL_P3_FORECAST,Medium,Phase 3 formula model,,,,
CT_20260803_P3,中国电信,中国电信股份有限公司,中国电信股份有限公司及其子公司,2027,Annual,FIN_NET_MARGIN,归母净利率,Forecast,Group,0.06464381310930535,%,,1,Forecast,Base,SRC_MODEL_P3_FORECAST,Medium,Phase 3 formula model,,,,
CT_20260803_P3,中国电信,中国电信股份有限公司,中国电信股份有限公司及其子公司,2027,Annual,FIN_EPS_BASIC,基本每股收益,Forecast,Group,0.38673835385132344,RMB/share,RMB,1,Forecast,Base,SRC_MODEL_P3_FORECAST,Medium,Phase 3 formula model,,,,
CT_20260803_P3,中国电信,中国电信股份有限公司,中国电信股份有限公司及其子公司,2027,Annual,DRV_AR_DSO,期末净应收DSO,Working Capital,Group,40.0,days,,1,Forecast,Base,SRC_MODEL_P3_FORECAST,Medium,Phase 3 formula model,,,,
CT_20260803_P3,中国电信,中国电信股份有限公司,中国电信股份有限公司及其子公司,2027,Annual,BS_AR_NET,应收账款净额,Working Capital,Group,55633.85039561643,RMB mn,RMB,1,Forecast,Base,SRC_MODEL_P3_FORECAST,Medium,Phase 3 formula model,,,,
CT_20260803_P3,中国电信,中国电信股份有限公司,中国电信股份有限公司及其子公司,2027,Annual,CF_WC_CHANGE,营运资本增加,Cash Flow,Group,1042.2128073213516,RMB mn,RMB,1,Forecast,Base,SRC_MODEL_P3_FORECAST,Medium,Phase 3 formula model,,,,
CT_20260803_P3,中国电信,中国电信股份有限公司,中国电信股份有限公司及其子公司,2027,Annual,CF_CFO,经营活动现金流,Cash Flow,Group,138025.82839444902,RMB mn,RMB,1,Forecast,Base,SRC_MODEL_P3_FORECAST,Medium,Phase 3 formula model,,,,
CT_20260803_P3,中国电信,中国电信股份有限公司,中国电信股份有限公司及其子公司,2027,Annual,CF_CAPEX,资本开支,Cash Flow,Group,77738.04212211998,RMB mn,RMB,1,Forecast,Base,SRC_MODEL_P3_FORECAST,Medium,Phase 3 formula model,,,,
CT_20260803_P3,中国电信,中国电信股份有限公司,中国电信股份有限公司及其子公司,2027,Annual,CF_CAPEX_RATE,资本开支率,Cash Flow,Group,0.142,%,,1,Forecast,Base,SRC_MODEL_P3_FORECAST,Medium,Phase 3 formula model,,,,
CT_20260803_P3,中国电信,中国电信股份有限公司,中国电信股份有限公司及其子公司,2027,Annual,CF_FCFF_MODEL,模型FCFF,Cash Flow,Group,59738.24083880907,RMB mn,RMB,1,Forecast,Base,SRC_MODEL_P3_FORECAST,Medium,Phase 3 formula model,,,,
CT_20260803_P3,中国电信,中国电信股份有限公司,中国电信股份有限公司及其子公司,2027,Annual,CF_DISTRIBUTABLE,股东可分配现金,Cash Flow,Group,43952.786272329045,RMB mn,RMB,1,Forecast,Base,SRC_MODEL_P3_FORECAST,Medium,Phase 3 formula model,,,,
CT_20260803_P3,中国电信,中国电信股份有限公司,中国电信股份有限公司及其子公司,2027,Annual,DIV_CASH_TOTAL,现金分红总额,Dividend,Equity,26895.883341432957,RMB mn,RMB,1,Forecast,Base,SRC_MODEL_P3_FORECAST,Medium,Phase 3 formula model,,,,
CT_20260803_P3,中国电信,中国电信股份有限公司,中国电信股份有限公司及其子公司,2027,Annual,DIV_PAYOUT,派息率,Dividend,Equity,0.76,%,,1,Forecast,Base,SRC_MODEL_P3_FORECAST,Medium,Phase 3 formula model,,,,
CT_20260803_P3,中国电信,中国电信股份有限公司,中国电信股份有限公司及其子公司,2027,Annual,DIV_DPS_TOTAL,全年DPS,Dividend,Equity,0.2939211489270058,RMB/share,RMB,1,Forecast,Base,SRC_MODEL_P3_FORECAST,Medium,Phase 3 formula model,,,,
CT_20260803_P3,中国电信,中国电信股份有限公司,中国电信股份有限公司及其子公司,2027,Annual,CF_DIVIDEND_COVER,分红现金覆盖倍数,Dividend,Equity,1.6341826633602334,x,,1,Forecast,Base,SRC_MODEL_P3_FORECAST,Medium,Phase 3 formula model,,,,
CT_20260803_P3,中国电信,中国电信股份有限公司,中国电信股份有限公司及其子公司,2028,Annual,REV_TOC_MOBILE,ToC移动通信,Forecast Revenue,ToC,204728.02020287997,RMB mn,RMB,1,Forecast,Base,SRC_MODEL_P3_FORECAST,Medium,Phase 3 formula model,,,,2025起点为Phase 2互斥收入桥接；并非公司披露分部收入。
CT_20260803_P3,中国电信,中国电信股份有限公司,中国电信股份有限公司及其子公司,2028,Annual,REV_HOME,家庭宽带与智慧家庭,Forecast Revenue,Home,130050.12476609998,RMB mn,RMB,1,Forecast,Base,SRC_MODEL_P3_FORECAST,Medium,Phase 3 formula model,,,,2025起点为Phase 2互斥收入桥接；并非公司披露分部收入。
CT_20260803_P3,中国电信,中国电信股份有限公司,中国电信股份有限公司及其子公司,2028,Annual,REV_ENT_CONNECT,企业连接与传统网络,Forecast Revenue,Enterprise,19341.75,RMB mn,RMB,1,Forecast,Base,SRC_MODEL_P3_FORECAST,Low,Phase 3 formula model,,,,2025起点为Phase 2互斥收入桥接；并非公司披露分部收入。
CT_20260803_P3,中国电信,中国电信股份有限公司,中国电信股份有限公司及其子公司,2028,Annual,REV_CLOUD_NONAI,非AI云与数字化,Forecast Revenue,Cloud,90100.91742599999,RMB mn,RMB,1,Forecast,Base,SRC_MODEL_P3_FORECAST,Low,Phase 3 formula model,,,,2025起点为Phase 2互斥收入桥接；并非公司披露分部收入。
CT_20260803_P3,中国电信,中国电信股份有限公司,中国电信股份有限公司及其子公司,2028,Annual,REV_AI_AIDC,AI/AIDC与智算,Forecast Revenue,AI/AIDC,58524.281999999985,RMB mn,RMB,1,Forecast,Base,SRC_MODEL_P3_FORECAST,Low,Phase 3 formula model,,,,2025起点为Phase 2互斥收入桥接；并非公司披露分部收入。
CT_20260803_P3,中国电信,中国电信股份有限公司,中国电信股份有限公司及其子公司,2028,Annual,REV_IOT,物联网,Forecast Revenue,IoT,15593.760000000002,RMB mn,RMB,1,Forecast,Base,SRC_MODEL_P3_FORECAST,Low,Phase 3 formula model,,,,2025起点为Phase 2互斥收入桥接；并非公司披露分部收入。
CT_20260803_P3,中国电信,中国电信股份有限公司,中国电信股份有限公司及其子公司,2028,Annual,REV_TERMINAL,终端及设备销售,Forecast Revenue,Terminal,39792.116,RMB mn,RMB,1,Forecast,Base,SRC_MODEL_P3_FORECAST,Medium,Phase 3 formula model,,,,2025起点为Phase 2互斥收入桥接；并非公司披露分部收入。
CT_20260803_P3,中国电信,中国电信股份有限公司,中国电信股份有限公司及其子公司,2028,Annual,REV_WHOLESALE_OTHER,批发及其他服务,Forecast Revenue,Other,8477.90528,RMB mn,RMB,1,Forecast,Base,SRC_MODEL_P3_FORECAST,Medium,Phase 3 formula model,,,,2025起点为Phase 2互斥收入桥接；并非公司披露分部收入。
CT_20260803_P3,中国电信,中国电信股份有限公司,中国电信股份有限公司及其子公司,2028,Annual,FIN_REV_TOTAL,营业收入,Forecast,Group,566608.8756749799,RMB mn,RMB,1,Forecast,Base,SRC_MODEL_P3_FORECAST,Medium,Phase 3 formula model,,,,
CT_20260803_P3,中国电信,中国电信股份有限公司,中国电信股份有限公司及其子公司,2028,Annual,FIN_REV_SERVICE,服务收入,Forecast,Group,526816.7596749798,RMB mn,RMB,1,Forecast,Base,SRC_MODEL_P3_FORECAST,Medium,Phase 3 formula model,,,,
CT_20260803_P3,中国电信,中国电信股份有限公司,中国电信股份有限公司及其子公司,2028,Annual,FIN_EBIT,经营利润,Forecast,Group,45422.101949422984,RMB mn,RMB,1,Forecast,Base,SRC_MODEL_P3_FORECAST,Medium,Phase 3 formula model,,,,
CT_20260803_P3,中国电信,中国电信股份有限公司,中国电信股份有限公司及其子公司,2028,Annual,FIN_EBIT_MARGIN,经营利润率,Forecast,Group,0.08016482603685539,%,,1,Forecast,Base,SRC_MODEL_P3_FORECAST,Medium,Phase 3 formula model,,,,
CT_20260803_P3,中国电信,中国电信股份有限公司,中国电信股份有限公司及其子公司,2028,Annual,FIN_DA,折旧及摊销,Forecast,Group,106653.50518562172,RMB mn,RMB,1,Forecast,Base,SRC_MODEL_P3_FORECAST,Medium,Phase 3 formula model,,,,
CT_20260803_P3,中国电信,中国电信股份有限公司,中国电信股份有限公司及其子公司,2028,Annual,FIN_EBITDA,EBITDA,Forecast,Group,152075.6071350447,RMB mn,RMB,1,Forecast,Base,SRC_MODEL_P3_FORECAST,Medium,Phase 3 formula model,,,,
CT_20260803_P3,中国电信,中国电信股份有限公司,中国电信股份有限公司及其子公司,2028,Annual,FIN_EBITDA_MARGIN,EBITDA率,Forecast,Group,0.28866888598773494,%,,1,Forecast,Base,SRC_MODEL_P3_FORECAST,Medium,Phase 3 formula model,,,,
CT_20260803_P3,中国电信,中国电信股份有限公司,中国电信股份有限公司及其子公司,2028,Annual,FIN_PBT,税前利润,Forecast,Group,48744.40723067298,RMB mn,RMB,1,Forecast,Base,SRC_MODEL_P3_FORECAST,Medium,Phase 3 formula model,,,,
CT_20260803_P3,中国电信,中国电信股份有限公司,中国电信股份有限公司及其子公司,2028,Annual,FIN_TAX,所得税,Forecast,Group,10821.2584052094,RMB mn,RMB,1,Forecast,Base,SRC_MODEL_P3_FORECAST,Medium,Phase 3 formula model,,,,
CT_20260803_P3,中国电信,中国电信股份有限公司,中国电信股份有限公司及其子公司,2028,Annual,FIN_NP_ATTR,归母净利润,Forecast,Group,37873.14882546358,RMB mn,RMB,1,Forecast,Base,SRC_MODEL_P3_FORECAST,Medium,Phase 3 formula model,,,,
CT_20260803_P3,中国电信,中国电信股份有限公司,中国电信股份有限公司及其子公司,2028,Annual,FIN_NET_MARGIN,归母净利率,Forecast,Group,0.06684178531504067,%,,1,Forecast,Base,SRC_MODEL_P3_FORECAST,Medium,Phase 3 formula model,,,,
CT_20260803_P3,中国电信,中国电信股份有限公司,中国电信股份有限公司及其子公司,2028,Annual,FIN_EPS_BASIC,基本每股收益,Forecast,Group,0.4138819043401852,RMB/share,RMB,1,Forecast,Base,SRC_MODEL_P3_FORECAST,Medium,Phase 3 formula model,,,,
CT_20260803_P3,中国电信,中国电信股份有限公司,中国电信股份有限公司及其子公司,2028,Annual,DRV_AR_DSO,期末净应收DSO,Working Capital,Group,39.5,days,,1,Forecast,Base,SRC_MODEL_P3_FORECAST,Medium,Phase 3 formula model,,,,
CT_20260803_P3,中国电信,中国电信股份有限公司,中国电信股份有限公司及其子公司,2028,Annual,BS_AR_NET,应收账款净额,Working Capital,Group,57011.67673194987,RMB mn,RMB,1,Forecast,Base,SRC_MODEL_P3_FORECAST,Medium,Phase 3 formula model,,,,
CT_20260803_P3,中国电信,中国电信股份有限公司,中国电信股份有限公司及其子公司,2028,Annual,CF_WC_CHANGE,营运资本增加,Cash Flow,Group,1511.9314600383007,RMB mn,RMB,1,Forecast,Base,SRC_MODEL_P3_FORECAST,Medium,Phase 3 formula model,,,,
CT_20260803_P3,中国电信,中国电信股份有限公司,中国电信股份有限公司及其子公司,2028,Annual,CF_CFO,经营活动现金流,Cash Flow,Group,141148.82767475184,RMB mn,RMB,1,Forecast,Base,SRC_MODEL_P3_FORECAST,Medium,Phase 3 formula model,,,,
CT_20260803_P3,中国电信,中国电信股份有限公司,中国电信股份有限公司及其子公司,2028,Annual,CF_CAPEX,资本开支,Cash Flow,Group,79325.24259449719,RMB mn,RMB,1,Forecast,Base,SRC_MODEL_P3_FORECAST,Medium,Phase 3 formula model,,,,
CT_20260803_P3,中国电信,中国电信股份有限公司,中国电信股份有限公司及其子公司,2028,Annual,CF_CAPEX_RATE,资本开支率,Cash Flow,Group,0.14,%,,1,Forecast,Base,SRC_MODEL_P3_FORECAST,Medium,Phase 3 formula model,,,,
CT_20260803_P3,中国电信,中国电信股份有限公司,中国电信股份有限公司及其子公司,2028,Annual,CF_FCFF_MODEL,模型FCFF,Cash Flow,Group,61154.7264477373,RMB mn,RMB,1,Forecast,Base,SRC_MODEL_P3_FORECAST,Medium,Phase 3 formula model,,,,
CT_20260803_P3,中国电信,中国电信股份有限公司,中国电信股份有限公司及其子公司,2028,Annual,CF_DISTRIBUTABLE,股东可分配现金,Cash Flow,Group,45651.93508025465,RMB mn,RMB,1,Forecast,Base,SRC_MODEL_P3_FORECAST,Medium,Phase 3 formula model,,,,
CT_20260803_P3,中国电信,中国电信股份有限公司,中国电信股份有限公司及其子公司,2028,Annual,DIV_CASH_TOTAL,现金分红总额,Dividend,Equity,29162.324595606955,RMB mn,RMB,1,Forecast,Base,SRC_MODEL_P3_FORECAST,Medium,Phase 3 formula model,,,,
CT_20260803_P3,中国电信,中国电信股份有限公司,中国电信股份有限公司及其子公司,2028,Annual,DIV_PAYOUT,派息率,Dividend,Equity,0.77,%,,1,Forecast,Base,SRC_MODEL_P3_FORECAST,Medium,Phase 3 formula model,,,,
CT_20260803_P3,中国电信,中国电信股份有限公司,中国电信股份有限公司及其子公司,2028,Annual,DIV_DPS_TOTAL,全年DPS,Dividend,Equity,0.3186890663419426,RMB/share,RMB,1,Forecast,Base,SRC_MODEL_P3_FORECAST,Medium,Phase 3 formula model,,,,
CT_20260803_P3,中国电信,中国电信股份有限公司,中国电信股份有限公司及其子公司,2028,Annual,CF_DIVIDEND_COVER,分红现金覆盖倍数,Dividend,Equity,1.5654422517171935,x,,1,Forecast,Base,SRC_MODEL_P3_FORECAST,Medium,Phase 3 formula model,,,,
CT_20260803_P3,中国电信,中国电信股份有限公司,中国电信股份有限公司及其子公司,2029,Annual,REV_TOC_MOBILE,ToC移动通信,Forecast Revenue,ToC,205751.66030389434,RMB mn,RMB,1,Forecast,Base,SRC_MODEL_P3_FORECAST,Medium,Phase 3 formula model,,,,2025起点为Phase 2互斥收入桥接；并非公司披露分部收入。
CT_20260803_P3,中国电信,中国电信股份有限公司,中国电信股份有限公司及其子公司,2029,Annual,REV_HOME,家庭宽带与智慧家庭,Forecast Revenue,Home,132000.87663759146,RMB mn,RMB,1,Forecast,Base,SRC_MODEL_P3_FORECAST,Medium,Phase 3 formula model,,,,2025起点为Phase 2互斥收入桥接；并非公司披露分部收入。
CT_20260803_P3,中国电信,中国电信股份有限公司,中国电信股份有限公司及其子公司,2029,Annual,REV_ENT_CONNECT,企业连接与传统网络,Forecast Revenue,Enterprise,19922.002500000002,RMB mn,RMB,1,Forecast,Base,SRC_MODEL_P3_FORECAST,Low,Phase 3 formula model,,,,2025起点为Phase 2互斥收入桥接；并非公司披露分部收入。
CT_20260803_P3,中国电信,中国电信股份有限公司,中国电信股份有限公司及其子公司,2029,Annual,REV_CLOUD_NONAI,非AI云与数字化,Forecast Revenue,Cloud,96407.98164582,RMB mn,RMB,1,Forecast,Base,SRC_MODEL_P3_FORECAST,Low,Phase 3 formula model,,,,2025起点为Phase 2互斥收入桥接；并非公司披露分部收入。
CT_20260803_P3,中国电信,中国电信股份有限公司,中国电信股份有限公司及其子公司,2029,Annual,REV_AI_AIDC,AI/AIDC与智算,Forecast Revenue,AI/AIDC,67302.92429999998,RMB mn,RMB,1,Forecast,Base,SRC_MODEL_P3_FORECAST,Low,Phase 3 formula model,,,,2025起点为Phase 2互斥收入桥接；并非公司披露分部收入。
CT_20260803_P3,中国电信,中国电信股份有限公司,中国电信股份有限公司及其子公司,2029,Annual,REV_IOT,物联网,Forecast Revenue,IoT,18556.5744,RMB mn,RMB,1,Forecast,Base,SRC_MODEL_P3_FORECAST,Low,Phase 3 formula model,,,,2025起点为Phase 2互斥收入桥接；并非公司披露分部收入。
CT_20260803_P3,中国电信,中国电信股份有限公司,中国电信股份有限公司及其子公司,2029,Annual,REV_TERMINAL,终端及设备销售,Forecast Revenue,Terminal,39991.07658,RMB mn,RMB,1,Forecast,Base,SRC_MODEL_P3_FORECAST,Medium,Phase 3 formula model,,,,2025起点为Phase 2互斥收入桥接；并非公司披露分部收入。
CT_20260803_P3,中国电信,中国电信股份有限公司,中国电信股份有限公司及其子公司,2029,Annual,REV_WHOLESALE_OTHER,批发及其他服务,Forecast Revenue,Other,8817.021491200001,RMB mn,RMB,1,Forecast,Base,SRC_MODEL_P3_FORECAST,Medium,Phase 3 formula model,,,,2025起点为Phase 2互斥收入桥接；并非公司披露分部收入。
CT_20260803_P3,中国电信,中国电信股份有限公司,中国电信股份有限公司及其子公司,2029,Annual,FIN_REV_TOTAL,营业收入,Forecast,Group,588750.1178585058,RMB mn,RMB,1,Forecast,Base,SRC_MODEL_P3_FORECAST,Medium,Phase 3 formula model,,,,
CT_20260803_P3,中国电信,中国电信股份有限公司,中国电信股份有限公司及其子公司,2029,Annual,FIN_REV_SERVICE,服务收入,Forecast,Group,548759.0412785058,RMB mn,RMB,1,Forecast,Base,SRC_MODEL_P3_FORECAST,Medium,Phase 3 formula model,,,,
CT_20260803_P3,中国电信,中国电信股份有限公司,中国电信股份有限公司及其子公司,2029,Annual,FIN_EBIT,经营利润,Forecast,Group,49138.082082702844,RMB mn,RMB,1,Forecast,Base,SRC_MODEL_P3_FORECAST,Medium,Phase 3 formula model,,,,
CT_20260803_P3,中国电信,中国电信股份有限公司,中国电信股份有限公司及其子公司,2029,Annual,FIN_EBIT_MARGIN,经营利润率,Forecast,Group,0.0834616938361483,%,,1,Forecast,Base,SRC_MODEL_P3_FORECAST,Medium,Phase 3 formula model,,,,
CT_20260803_P3,中国电信,中国电信股份有限公司,中国电信股份有限公司及其子公司,2029,Annual,FIN_DA,折旧及摊销,Forecast,Group,107870.92672250884,RMB mn,RMB,1,Forecast,Base,SRC_MODEL_P3_FORECAST,Medium,Phase 3 formula model,,,,
CT_20260803_P3,中国电信,中国电信股份有限公司,中国电信股份有限公司及其子公司,2029,Annual,FIN_EBITDA,EBITDA,Forecast,Group,157009.0088052117,RMB mn,RMB,1,Forecast,Base,SRC_MODEL_P3_FORECAST,Medium,Phase 3 formula model,,,,
CT_20260803_P3,中国电信,中国电信股份有限公司,中国电信股份有限公司及其子公司,2029,Annual,FIN_EBITDA_MARGIN,EBITDA率,Forecast,Group,0.28611648646263776,%,,1,Forecast,Base,SRC_MODEL_P3_FORECAST,Medium,Phase 3 formula model,,,,
CT_20260803_P3,中国电信,中国电信股份有限公司,中国电信股份有限公司及其子公司,2029,Annual,FIN_PBT,税前利润,Forecast,Group,52568.39460848409,RMB mn,RMB,1,Forecast,Base,SRC_MODEL_P3_FORECAST,Medium,Phase 3 formula model,,,,
CT_20260803_P3,中国电信,中国电信股份有限公司,中国电信股份有限公司及其子公司,2029,Annual,FIN_TAX,所得税,Forecast,Group,11670.18360308347,RMB mn,RMB,1,Forecast,Base,SRC_MODEL_P3_FORECAST,Medium,Phase 3 formula model,,,,
CT_20260803_P3,中国电信,中国电信股份有限公司,中国电信股份有限公司及其子公司,2029,Annual,FIN_NP_ATTR,归母净利润,Forecast,Group,40848.211005400626,RMB mn,RMB,1,Forecast,Base,SRC_MODEL_P3_FORECAST,Medium,Phase 3 formula model,,,,
CT_20260803_P3,中国电信,中国电信股份有限公司,中国电信股份有限公司及其子公司,2029,Annual,FIN_NET_MARGIN,归母净利率,Forecast,Group,0.06938123622629604,%,,1,Forecast,Base,SRC_MODEL_P3_FORECAST,Medium,Phase 3 formula model,,,,
CT_20260803_P3,中国电信,中国电信股份有限公司,中国电信股份有限公司及其子公司,2029,Annual,FIN_EPS_BASIC,基本每股收益,Forecast,Group,0.4463937085801047,RMB/share,RMB,1,Forecast,Base,SRC_MODEL_P3_FORECAST,Medium,Phase 3 formula model,,,,
CT_20260803_P3,中国电信,中国电信股份有限公司,中国电信股份有限公司及其子公司,2029,Annual,DRV_AR_DSO,期末净应收DSO,Working Capital,Group,39.0,days,,1,Forecast,Base,SRC_MODEL_P3_FORECAST,Medium,Phase 3 formula model,,,,
CT_20260803_P3,中国电信,中国电信股份有限公司,中国电信股份有限公司及其子公司,2029,Annual,BS_AR_NET,应收账款净额,Working Capital,Group,58634.52769825131,RMB mn,RMB,1,Forecast,Base,SRC_MODEL_P3_FORECAST,Medium,Phase 3 formula model,,,,
CT_20260803_P3,中国电信,中国电信股份有限公司,中国电信股份有限公司及其子公司,2029,Annual,CF_WC_CHANGE,营运资本增加,Cash Flow,Group,1777.8396615861225,RMB mn,RMB,1,Forecast,Base,SRC_MODEL_P3_FORECAST,Medium,Phase 3 formula model,,,,
CT_20260803_P3,中国电信,中国电信股份有限公司,中国电信股份有限公司及其子公司,2029,Annual,CF_CFO,经营活动现金流,Cash Flow,Group,145096.28676160803,RMB mn,RMB,1,Forecast,Base,SRC_MODEL_P3_FORECAST,Medium,Phase 3 formula model,,,,
CT_20260803_P3,中国电信,中国电信股份有限公司,中国电信股份有限公司及其子公司,2029,Annual,CF_CAPEX,资本开支,Cash Flow,Group,81247.5162644738,RMB mn,RMB,1,Forecast,Base,SRC_MODEL_P3_FORECAST,Medium,Phase 3 formula model,,,,
CT_20260803_P3,中国电信,中国电信股份有限公司,中国电信股份有限公司及其子公司,2029,Annual,CF_CAPEX_RATE,资本开支率,Cash Flow,Group,0.138,%,,1,Forecast,Base,SRC_MODEL_P3_FORECAST,Medium,Phase 3 formula model,,,,
CT_20260803_P3,中国电信,中国电信股份有限公司,中国电信股份有限公司及其子公司,2029,Annual,CF_FCFF_MODEL,模型FCFF,Cash Flow,Group,63074.998656791715,RMB mn,RMB,1,Forecast,Base,SRC_MODEL_P3_FORECAST,Medium,Phase 3 formula model,,,,
CT_20260803_P3,中国电信,中国电信股份有限公司,中国电信股份有限公司及其子公司,2029,Annual,CF_DISTRIBUTABLE,股东可分配现金,Cash Flow,Group,47838.83699713423,RMB mn,RMB,1,Forecast,Base,SRC_MODEL_P3_FORECAST,Medium,Phase 3 formula model,,,,
CT_20260803_P3,中国电信,中国电信股份有限公司,中国电信股份有限公司及其子公司,2029,Annual,DIV_CASH_TOTAL,现金分红总额,Dividend,Equity,31453.12247415848,RMB mn,RMB,1,Forecast,Base,SRC_MODEL_P3_FORECAST,Medium,Phase 3 formula model,,,,
CT_20260803_P3,中国电信,中国电信股份有限公司,中国电信股份有限公司及其子公司,2029,Annual,DIV_PAYOUT,派息率,Dividend,Equity,0.77,%,,1,Forecast,Base,SRC_MODEL_P3_FORECAST,Medium,Phase 3 formula model,,,,
CT_20260803_P3,中国电信,中国电信股份有限公司,中国电信股份有限公司及其子公司,2029,Annual,DIV_DPS_TOTAL,全年DPS,Dividend,Equity,0.3437231556066806,RMB/share,RMB,1,Forecast,Base,SRC_MODEL_P3_FORECAST,Medium,Phase 3 formula model,,,,
CT_20260803_P3,中国电信,中国电信股份有限公司,中国电信股份有限公司及其子公司,2029,Annual,CF_DIVIDEND_COVER,分红现金覆盖倍数,Dividend,Equity,1.52095668836816,x,,1,Forecast,Base,SRC_MODEL_P3_FORECAST,Medium,Phase 3 formula model,,,,
CT_20260803_P3,中国电信,中国电信股份有限公司,中国电信股份有限公司及其子公司,2030,Annual,REV_TOC_MOBILE,ToC移动通信,Forecast Revenue,ToC,206780.41860541378,RMB mn,RMB,1,Forecast,Base,SRC_MODEL_P3_FORECAST,Medium,Phase 3 formula model,,,,2025起点为Phase 2互斥收入桥接；并非公司披露分部收入。
CT_20260803_P3,中国电信,中国电信股份有限公司,中国电信股份有限公司及其子公司,2030,Annual,REV_HOME,家庭宽带与智慧家庭,Forecast Revenue,Home,133980.88978715532,RMB mn,RMB,1,Forecast,Base,SRC_MODEL_P3_FORECAST,Medium,Phase 3 formula model,,,,2025起点为Phase 2互斥收入桥接；并非公司披露分部收入。
CT_20260803_P3,中国电信,中国电信股份有限公司,中国电信股份有限公司及其子公司,2030,Annual,REV_ENT_CONNECT,企业连接与传统网络,Forecast Revenue,Enterprise,20519.662575000002,RMB mn,RMB,1,Forecast,Base,SRC_MODEL_P3_FORECAST,Low,Phase 3 formula model,,,,2025起点为Phase 2互斥收入桥接；并非公司披露分部收入。
CT_20260803_P3,中国电信,中国电信股份有限公司,中国电信股份有限公司及其子公司,2030,Annual,REV_CLOUD_NONAI,非AI云与数字化,Forecast Revenue,Cloud,103156.5403610274,RMB mn,RMB,1,Forecast,Base,SRC_MODEL_P3_FORECAST,Low,Phase 3 formula model,,,,2025起点为Phase 2互斥收入桥接；并非公司披露分部收入。
CT_20260803_P3,中国电信,中国电信股份有限公司,中国电信股份有限公司及其子公司,2030,Annual,REV_AI_AIDC,AI/AIDC与智算,Forecast Revenue,AI/AIDC,76725.33370199999,RMB mn,RMB,1,Forecast,Base,SRC_MODEL_P3_FORECAST,Low,Phase 3 formula model,,,,2025起点为Phase 2互斥收入桥接；并非公司披露分部收入。
CT_20260803_P3,中国电信,中国电信股份有限公司,中国电信股份有限公司及其子公司,2030,Annual,REV_IOT,物联网,Forecast Revenue,IoT,21896.757792,RMB mn,RMB,1,Forecast,Base,SRC_MODEL_P3_FORECAST,Low,Phase 3 formula model,,,,2025起点为Phase 2互斥收入桥接；并非公司披露分部收入。
CT_20260803_P3,中国电信,中国电信股份有限公司,中国电信股份有限公司及其子公司,2030,Annual,REV_TERMINAL,终端及设备销售,Forecast Revenue,Terminal,40390.9873458,RMB mn,RMB,1,Forecast,Base,SRC_MODEL_P3_FORECAST,Medium,Phase 3 formula model,,,,2025起点为Phase 2互斥收入桥接；并非公司披露分部收入。
CT_20260803_P3,中国电信,中国电信股份有限公司,中国电信股份有限公司及其子公司,2030,Annual,REV_WHOLESALE_OTHER,批发及其他服务,Forecast Revenue,Other,9169.702350848002,RMB mn,RMB,1,Forecast,Base,SRC_MODEL_P3_FORECAST,Medium,Phase 3 formula model,,,,2025起点为Phase 2互斥收入桥接；并非公司披露分部收入。
CT_20260803_P3,中国电信,中国电信股份有限公司,中国电信股份有限公司及其子公司,2030,Annual,FIN_REV_TOTAL,营业收入,Forecast,Group,612620.2925192445,RMB mn,RMB,1,Forecast,Base,SRC_MODEL_P3_FORECAST,Medium,Phase 3 formula model,,,,
CT_20260803_P3,中国电信,中国电信股份有限公司,中国电信股份有限公司及其子公司,2030,Annual,FIN_REV_SERVICE,服务收入,Forecast,Group,572229.3051734444,RMB mn,RMB,1,Forecast,Base,SRC_MODEL_P3_FORECAST,Medium,Phase 3 formula model,,,,
CT_20260803_P3,中国电信,中国电信股份有限公司,中国电信股份有限公司及其子公司,2030,Annual,FIN_EBIT,经营利润,Forecast,Group,53224.928519861714,RMB mn,RMB,1,Forecast,Base,SRC_MODEL_P3_FORECAST,Medium,Phase 3 formula model,,,,
CT_20260803_P3,中国电信,中国电信股份有限公司,中国电信股份有限公司及其子公司,2030,Annual,FIN_EBIT_MARGIN,经营利润率,Forecast,Group,0.08688077944820892,%,,1,Forecast,Base,SRC_MODEL_P3_FORECAST,Medium,Phase 3 formula model,,,,
CT_20260803_P3,中国电信,中国电信股份有限公司,中国电信股份有限公司及其子公司,2030,Annual,FIN_DA,折旧及摊销,Forecast,Group,109312.73019372452,RMB mn,RMB,1,Forecast,Base,SRC_MODEL_P3_FORECAST,Medium,Phase 3 formula model,,,,
CT_20260803_P3,中国电信,中国电信股份有限公司,中国电信股份有限公司及其子公司,2030,Annual,FIN_EBITDA,EBITDA,Forecast,Group,162537.65871358622,RMB mn,RMB,1,Forecast,Base,SRC_MODEL_P3_FORECAST,Medium,Phase 3 formula model,,,,
CT_20260803_P3,中国电信,中国电信股份有限公司,中国电信股份有限公司及其子公司,2030,Annual,FIN_EBITDA_MARGIN,EBITDA率,Forecast,Group,0.2840428779933257,%,,1,Forecast,Base,SRC_MODEL_P3_FORECAST,Medium,Phase 3 formula model,,,,
CT_20260803_P3,中国电信,中国电信股份有限公司,中国电信股份有限公司及其子公司,2030,Annual,FIN_PBT,税前利润,Forecast,Group,56764.700990662495,RMB mn,RMB,1,Forecast,Base,SRC_MODEL_P3_FORECAST,Medium,Phase 3 formula model,,,,
CT_20260803_P3,中国电信,中国电信股份有限公司,中国电信股份有限公司及其子公司,2030,Annual,FIN_TAX,所得税,Forecast,Group,12601.763619927075,RMB mn,RMB,1,Forecast,Base,SRC_MODEL_P3_FORECAST,Medium,Phase 3 formula model,,,,
CT_20260803_P3,中国电信,中国电信股份有限公司,中国电信股份有限公司及其子公司,2030,Annual,FIN_NP_ATTR,归母净利润,Forecast,Group,44112.937370735424,RMB mn,RMB,1,Forecast,Base,SRC_MODEL_P3_FORECAST,Medium,Phase 3 formula model,,,,
CT_20260803_P3,中国电信,中国电信股份有限公司,中国电信股份有限公司及其子公司,2030,Annual,FIN_NET_MARGIN,归母净利率,Forecast,Group,0.07200698035863656,%,,1,Forecast,Base,SRC_MODEL_P3_FORECAST,Medium,Phase 3 formula model,,,,
CT_20260803_P3,中国电信,中国电信股份有限公司,中国电信股份有限公司及其子公司,2030,Annual,FIN_EPS_BASIC,基本每股收益,Forecast,Group,0.4820709946558246,RMB/share,RMB,1,Forecast,Base,SRC_MODEL_P3_FORECAST,Medium,Phase 3 formula model,,,,
CT_20260803_P3,中国电信,中国电信股份有限公司,中国电信股份有限公司及其子公司,2030,Annual,DRV_AR_DSO,期末净应收DSO,Working Capital,Group,38.5,days,,1,Forecast,Base,SRC_MODEL_P3_FORECAST,Medium,Phase 3 formula model,,,,
CT_20260803_P3,中国电信,中国电信股份有限公司,中国电信股份有限公司及其子公司,2030,Annual,BS_AR_NET,应收账款净额,Working Capital,Group,60358.433559390716,RMB mn,RMB,1,Forecast,Base,SRC_MODEL_P3_FORECAST,Medium,Phase 3 formula model,,,,
CT_20260803_P3,中国电信,中国电信股份有限公司,中国电信股份有限公司及其子公司,2030,Annual,CF_WC_CHANGE,营运资本增加,Cash Flow,Group,1890.9970837645774,RMB mn,RMB,1,Forecast,Base,SRC_MODEL_P3_FORECAST,Medium,Phase 3 formula model,,,,
CT_20260803_P3,中国电信,中国电信股份有限公司,中国电信股份有限公司及其子公司,2030,Annual,CF_CFO,经营活动现金流,Cash Flow,Group,149701.76170332055,RMB mn,RMB,1,Forecast,Base,SRC_MODEL_P3_FORECAST,Medium,Phase 3 formula model,,,,
CT_20260803_P3,中国电信,中国电信股份有限公司,中国电信股份有限公司及其子公司,2030,Annual,CF_CAPEX,资本开支,Cash Flow,Group,83928.9800751365,RMB mn,RMB,1,Forecast,Base,SRC_MODEL_P3_FORECAST,Medium,Phase 3 formula model,,,,
CT_20260803_P3,中国电信,中国电信股份有限公司,中国电信股份有限公司及其子公司,2030,Annual,CF_CAPEX_RATE,资本开支率,Cash Flow,Group,0.137,%,,1,Forecast,Base,SRC_MODEL_P3_FORECAST,Medium,Phase 3 formula model,,,,
CT_20260803_P3,中国电信,中国电信股份有限公司,中国电信股份有限公司及其子公司,2030,Annual,CF_FCFF_MODEL,模型FCFF,Cash Flow,Group,64901.747423275876,RMB mn,RMB,1,Forecast,Base,SRC_MODEL_P3_FORECAST,Medium,Phase 3 formula model,,,,
CT_20260803_P3,中国电信,中国电信股份有限公司,中国电信股份有限公司及其子公司,2030,Annual,CF_DISTRIBUTABLE,股东可分配现金,Cash Flow,Group,49922.94746318405,RMB mn,RMB,1,Forecast,Base,SRC_MODEL_P3_FORECAST,Medium,Phase 3 formula model,,,,
CT_20260803_P3,中国电信,中国电信股份有限公司,中国电信股份有限公司及其子公司,2030,Annual,DIV_CASH_TOTAL,现金分红总额,Dividend,Equity,34408.09114917363,RMB mn,RMB,1,Forecast,Base,SRC_MODEL_P3_FORECAST,Medium,Phase 3 formula model,,,,
CT_20260803_P3,中国电信,中国电信股份有限公司,中国电信股份有限公司及其子公司,2030,Annual,DIV_PAYOUT,派息率,Dividend,Equity,0.78,%,,1,Forecast,Base,SRC_MODEL_P3_FORECAST,Medium,Phase 3 formula model,,,,
CT_20260803_P3,中国电信,中国电信股份有限公司,中国电信股份有限公司及其子公司,2030,Annual,DIV_DPS_TOTAL,全年DPS,Dividend,Equity,0.37601537583154315,RMB/share,RMB,1,Forecast,Base,SRC_MODEL_P3_FORECAST,Medium,Phase 3 formula model,,,,
CT_20260803_P3,中国电信,中国电信股份有限公司,中国电信股份有限公司及其子公司,2030,Annual,CF_DIVIDEND_COVER,分红现金覆盖倍数,Dividend,Equity,1.4509072080385672,x,,1,Forecast,Base,SRC_MODEL_P3_FORECAST,Medium,Phase 3 formula model,,,,
CT_20260803_P3,中国电信,中国电信股份有限公司,中国电信股份有限公司及其子公司,2031,Annual,REV_TOC_MOBILE,ToC移动通信,Forecast Revenue,ToC,208848.2227914679,RMB mn,RMB,1,Forecast,Base,SRC_MODEL_P3_FORECAST,Medium,Phase 3 formula model,,,,2025起点为Phase 2互斥收入桥接；并非公司披露分部收入。
CT_20260803_P3,中国电信,中国电信股份有限公司,中国电信股份有限公司及其子公司,2031,Annual,REV_HOME,家庭宽带与智慧家庭,Forecast Revenue,Home,135320.69868502687,RMB mn,RMB,1,Forecast,Base,SRC_MODEL_P3_FORECAST,Medium,Phase 3 formula model,,,,2025起点为Phase 2互斥收入桥接；并非公司披露分部收入。
CT_20260803_P3,中国电信,中国电信股份有限公司,中国电信股份有限公司及其子公司,2031,Annual,REV_ENT_CONNECT,企业连接与传统网络,Forecast Revenue,Enterprise,20724.85920075,RMB mn,RMB,1,Forecast,Base,SRC_MODEL_P3_FORECAST,Low,Phase 3 formula model,,,,2025起点为Phase 2互斥收入桥接；并非公司披露分部收入。
CT_20260803_P3,中国电信,中国电信股份有限公司,中国电信股份有限公司及其子公司,2031,Annual,REV_CLOUD_NONAI,非AI云与数字化,Forecast Revenue,Cloud,104188.10576463767,RMB mn,RMB,1,Forecast,Base,SRC_MODEL_P3_FORECAST,Low,Phase 3 formula model,,,,2025起点为Phase 2互斥收入桥接；并非公司披露分部收入。
CT_20260803_P3,中国电信,中国电信股份有限公司,中国电信股份有限公司及其子公司,2031,Annual,REV_AI_AIDC,AI/AIDC与智算,Forecast Revenue,AI/AIDC,77492.58703901999,RMB mn,RMB,1,Forecast,Base,SRC_MODEL_P3_FORECAST,Low,Phase 3 formula model,,,,2025起点为Phase 2互斥收入桥接；并非公司披露分部收入。
CT_20260803_P3,中国电信,中国电信股份有限公司,中国电信股份有限公司及其子公司,2031,Annual,REV_IOT,物联网,Forecast Revenue,IoT,22115.72536992,RMB mn,RMB,1,Forecast,Base,SRC_MODEL_P3_FORECAST,Low,Phase 3 formula model,,,,2025起点为Phase 2互斥收入桥接；并非公司披露分部收入。
CT_20260803_P3,中国电信,中国电信股份有限公司,中国电信股份有限公司及其子公司,2031,Annual,REV_TERMINAL,终端及设备销售,Forecast Revenue,Terminal,40794.897219258004,RMB mn,RMB,1,Forecast,Base,SRC_MODEL_P3_FORECAST,Medium,Phase 3 formula model,,,,2025起点为Phase 2互斥收入桥接；并非公司披露分部收入。
CT_20260803_P3,中国电信,中国电信股份有限公司,中国电信股份有限公司及其子公司,2031,Annual,REV_WHOLESALE_OTHER,批发及其他服务,Forecast Revenue,Other,9261.399374356482,RMB mn,RMB,1,Forecast,Base,SRC_MODEL_P3_FORECAST,Medium,Phase 3 formula model,,,,2025起点为Phase 2互斥收入桥接；并非公司披露分部收入。
CT_20260803_P3,中国电信,中国电信股份有限公司,中国电信股份有限公司及其子公司,2031,Annual,FIN_REV_TOTAL,营业收入,Forecast,Group,618746.4954444369,RMB mn,RMB,1,Forecast,Base,SRC_MODEL_P3_FORECAST,Medium,Phase 3 formula model,,,,
CT_20260803_P3,中国电信,中国电信股份有限公司,中国电信股份有限公司及其子公司,2031,Annual,FIN_REV_SERVICE,服务收入,Forecast,Group,577951.5982251789,RMB mn,RMB,1,Forecast,Base,SRC_MODEL_P3_FORECAST,Medium,Phase 3 formula model,,,,
CT_20260803_P3,中国电信,中国电信股份有限公司,中国电信股份有限公司及其子公司,2031,Annual,FIN_EBIT,经营利润,Forecast,Group,53895.680563870344,RMB mn,RMB,1,Forecast,Base,SRC_MODEL_P3_FORECAST,Medium,Phase 3 formula model,,,,
CT_20260803_P3,中国电信,中国电信股份有限公司,中国电信股份有限公司及其子公司,2031,Annual,FIN_EBIT_MARGIN,经营利润率,Forecast,Group,0.08710462355856713,%,,1,Forecast,Base,SRC_MODEL_P3_FORECAST,Medium,Phase 3 formula model,,,,
CT_20260803_P3,中国电信,中国电信股份有限公司,中国电信股份有限公司及其子公司,2031,Annual,FIN_DA,折旧及摊销,Forecast,Group,110739.90416333312,RMB mn,RMB,1,Forecast,Base,SRC_MODEL_P3_FORECAST,Medium,Phase 3 formula model,,,,
CT_20260803_P3,中国电信,中国电信股份有限公司,中国电信股份有限公司及其子公司,2031,Annual,FIN_EBITDA,EBITDA,Forecast,Group,164635.58472720347,RMB mn,RMB,1,Forecast,Base,SRC_MODEL_P3_FORECAST,Medium,Phase 3 formula model,,,,
CT_20260803_P3,中国电信,中国电信股份有限公司,中国电信股份有限公司及其子公司,2031,Annual,FIN_EBITDA_MARGIN,EBITDA率,Forecast,Group,0.2848605060229609,%,,1,Forecast,Base,SRC_MODEL_P3_FORECAST,Medium,Phase 3 formula model,,,,
CT_20260803_P3,中国电信,中国电信股份有限公司,中国电信股份有限公司及其子公司,2031,Annual,FIN_PBT,税前利润,Forecast,Group,57527.264374349645,RMB mn,RMB,1,Forecast,Base,SRC_MODEL_P3_FORECAST,Medium,Phase 3 formula model,,,,
CT_20260803_P3,中国电信,中国电信股份有限公司,中国电信股份有限公司及其子公司,2031,Annual,FIN_TAX,所得税,Forecast,Group,12771.05269110562,RMB mn,RMB,1,Forecast,Base,SRC_MODEL_P3_FORECAST,Medium,Phase 3 formula model,,,,
CT_20260803_P3,中国电信,中国电信股份有限公司,中国电信股份有限公司及其子公司,2031,Annual,FIN_NP_ATTR,归母净利润,Forecast,Group,44706.21168324402,RMB mn,RMB,1,Forecast,Base,SRC_MODEL_P3_FORECAST,Medium,Phase 3 formula model,,,,
CT_20260803_P3,中国电信,中国电信股份有限公司,中国电信股份有限公司及其子公司,2031,Annual,FIN_NET_MARGIN,归母净利率,Forecast,Group,0.07225287256153617,%,,1,Forecast,Base,SRC_MODEL_P3_FORECAST,Medium,Phase 3 formula model,,,,
CT_20260803_P3,中国电信,中国电信股份有限公司,中国电信股份有限公司及其子公司,2031,Annual,FIN_EPS_BASIC,基本每股收益,Forecast,Group,0.48855436110071027,RMB/share,RMB,1,Forecast,Base,SRC_MODEL_P3_FORECAST,Medium,Phase 3 formula model,,,,
CT_20260803_P3,中国电信,中国电信股份有限公司,中国电信股份有限公司及其子公司,2031,Annual,DRV_AR_DSO,期末净应收DSO,Working Capital,Group,38.0,days,,1,Forecast,Base,SRC_MODEL_P3_FORECAST,Medium,Phase 3 formula model,,,,
CT_20260803_P3,中国电信,中国电信股份有限公司,中国电信股份有限公司及其子公司,2031,Annual,BS_AR_NET,应收账款净额,Working Capital,Group,60170.30337686794,RMB mn,RMB,1,Forecast,Base,SRC_MODEL_P3_FORECAST,Medium,Phase 3 formula model,,,,
CT_20260803_P3,中国电信,中国电信股份有限公司,中国电信股份有限公司及其子公司,2031,Annual,CF_WC_CHANGE,营运资本增加,Cash Flow,Group,-145.24676204643137,RMB mn,RMB,1,Forecast,Base,SRC_MODEL_P3_FORECAST,Medium,Phase 3 formula model,,,,
CT_20260803_P3,中国电信,中国电信股份有限公司,中国电信股份有限公司及其子公司,2031,Annual,CF_CFO,经营活动现金流,Cash Flow,Group,153634.24602909994,RMB mn,RMB,1,Forecast,Base,SRC_MODEL_P3_FORECAST,Medium,Phase 3 formula model,,,,
CT_20260803_P3,中国电信,中国电信股份有限公司,中国电信股份有限公司及其子公司,2031,Annual,CF_CAPEX,资本开支,Cash Flow,Group,84768.26987588787,RMB mn,RMB,1,Forecast,Base,SRC_MODEL_P3_FORECAST,Medium,Phase 3 formula model,,,,
CT_20260803_P3,中国电信,中国电信股份有限公司,中国电信股份有限公司及其子公司,2031,Annual,CF_CAPEX_RATE,资本开支率,Cash Flow,Group,0.137,%,,1,Forecast,Base,SRC_MODEL_P3_FORECAST,Medium,Phase 3 formula model,,,,
CT_20260803_P3,中国电信,中国电信股份有限公司,中国电信股份有限公司及其子公司,2031,Annual,CF_FCFF_MODEL,模型FCFF,Cash Flow,Group,68047.72052818282,RMB mn,RMB,1,Forecast,Base,SRC_MODEL_P3_FORECAST,Medium,Phase 3 formula model,,,,
CT_20260803_P3,中国电信,中国电信股份有限公司,中国电信股份有限公司及其子公司,2031,Annual,CF_DISTRIBUTABLE,股东可分配现金,Cash Flow,Group,53479.976153212076,RMB mn,RMB,1,Forecast,Base,SRC_MODEL_P3_FORECAST,Medium,Phase 3 formula model,,,,
CT_20260803_P3,中国电信,中国电信股份有限公司,中国电信股份有限公司及其子公司,2031,Annual,DIV_CASH_TOTAL,现金分红总额,Dividend,Equity,34870.845112930336,RMB mn,RMB,1,Forecast,Base,SRC_MODEL_P3_FORECAST,Medium,Phase 3 formula model,,,,
CT_20260803_P3,中国电信,中国电信股份有限公司,中国电信股份有限公司及其子公司,2031,Annual,DIV_PAYOUT,派息率,Dividend,Equity,0.7799999999999999,%,,1,Forecast,Base,SRC_MODEL_P3_FORECAST,Medium,Phase 3 formula model,,,,
CT_20260803_P3,中国电信,中国电信股份有限公司,中国电信股份有限公司及其子公司,2031,Annual,DIV_DPS_TOTAL,全年DPS,Dividend,Equity,0.381072401658554,RMB/share,RMB,1,Forecast,Base,SRC_MODEL_P3_FORECAST,Medium,Phase 3 formula model,,,,
CT_20260803_P3,中国电信,中国电信股份有限公司,中国电信股份有限公司及其子公司,2031,Annual,CF_DIVIDEND_COVER,分红现金覆盖倍数,Dividend,Equity,1.5336587335355791,x,,1,Forecast,Base,SRC_MODEL_P3_FORECAST,Medium,Phase 3 formula model,,,,
CT_20260803_P3,中国电信,中国电信股份有限公司,中国电信股份有限公司及其子公司,2032,Annual,REV_TOC_MOBILE,ToC移动通信,Forecast Revenue,ToC,210936.70501938259,RMB mn,RMB,1,Forecast,Base,SRC_MODEL_P3_FORECAST,Medium,Phase 3 formula model,,,,2025起点为Phase 2互斥收入桥接；并非公司披露分部收入。
CT_20260803_P3,中国电信,中国电信股份有限公司,中国电信股份有限公司及其子公司,2032,Annual,REV_HOME,家庭宽带与智慧家庭,Forecast Revenue,Home,136673.90567187715,RMB mn,RMB,1,Forecast,Base,SRC_MODEL_P3_FORECAST,Medium,Phase 3 formula model,,,,2025起点为Phase 2互斥收入桥接；并非公司披露分部收入。
CT_20260803_P3,中国电信,中国电信股份有限公司,中国电信股份有限公司及其子公司,2032,Annual,REV_ENT_CONNECT,企业连接与传统网络,Forecast Revenue,Enterprise,20932.107792757502,RMB mn,RMB,1,Forecast,Base,SRC_MODEL_P3_FORECAST,Low,Phase 3 formula model,,,,2025起点为Phase 2互斥收入桥接；并非公司披露分部收入。
CT_20260803_P3,中国电信,中国电信股份有限公司,中国电信股份有限公司及其子公司,2032,Annual,REV_CLOUD_NONAI,非AI云与数字化,Forecast Revenue,Cloud,105229.98682228405,RMB mn,RMB,1,Forecast,Base,SRC_MODEL_P3_FORECAST,Low,Phase 3 formula model,,,,2025起点为Phase 2互斥收入桥接；并非公司披露分部收入。
CT_20260803_P3,中国电信,中国电信股份有限公司,中国电信股份有限公司及其子公司,2032,Annual,REV_AI_AIDC,AI/AIDC与智算,Forecast Revenue,AI/AIDC,78267.51290941019,RMB mn,RMB,1,Forecast,Base,SRC_MODEL_P3_FORECAST,Low,Phase 3 formula model,,,,2025起点为Phase 2互斥收入桥接；并非公司披露分部收入。
CT_20260803_P3,中国电信,中国电信股份有限公司,中国电信股份有限公司及其子公司,2032,Annual,REV_IOT,物联网,Forecast Revenue,IoT,22336.8826236192,RMB mn,RMB,1,Forecast,Base,SRC_MODEL_P3_FORECAST,Low,Phase 3 formula model,,,,2025起点为Phase 2互斥收入桥接；并非公司披露分部收入。
CT_20260803_P3,中国电信,中国电信股份有限公司,中国电信股份有限公司及其子公司,2032,Annual,REV_TERMINAL,终端及设备销售,Forecast Revenue,Terminal,41202.84619145058,RMB mn,RMB,1,Forecast,Base,SRC_MODEL_P3_FORECAST,Medium,Phase 3 formula model,,,,2025起点为Phase 2互斥收入桥接；并非公司披露分部收入。
CT_20260803_P3,中国电信,中国电信股份有限公司,中国电信股份有限公司及其子公司,2032,Annual,REV_WHOLESALE_OTHER,批发及其他服务,Forecast Revenue,Other,9354.013368100048,RMB mn,RMB,1,Forecast,Base,SRC_MODEL_P3_FORECAST,Medium,Phase 3 formula model,,,,2025起点为Phase 2互斥收入桥接；并非公司披露分部收入。
CT_20260803_P3,中国电信,中国电信股份有限公司,中国电信股份有限公司及其子公司,2032,Annual,FIN_REV_TOTAL,营业收入,Forecast,Group,624933.9603988813,RMB mn,RMB,1,Forecast,Base,SRC_MODEL_P3_FORECAST,Medium,Phase 3 formula model,,,,
CT_20260803_P3,中国电信,中国电信股份有限公司,中国电信股份有限公司及其子公司,2032,Annual,FIN_REV_SERVICE,服务收入,Forecast,Group,583731.1142074307,RMB mn,RMB,1,Forecast,Base,SRC_MODEL_P3_FORECAST,Medium,Phase 3 formula model,,,,
CT_20260803_P3,中国电信,中国电信股份有限公司,中国电信股份有限公司及其子公司,2032,Annual,FIN_EBIT,经营利润,Forecast,Group,54574.525155907184,RMB mn,RMB,1,Forecast,Base,SRC_MODEL_P3_FORECAST,Medium,Phase 3 formula model,,,,
CT_20260803_P3,中国电信,中国电信股份有限公司,中国电信股份有限公司及其子公司,2032,Annual,FIN_EBIT_MARGIN,经营利润率,Forecast,Group,0.08732846766892535,%,,1,Forecast,Base,SRC_MODEL_P3_FORECAST,Medium,Phase 3 formula model,,,,
CT_20260803_P3,中国电信,中国电信股份有限公司,中国电信股份有限公司及其子公司,2032,Annual,FIN_DA,折旧及摊销,Forecast,Group,112154.62613922408,RMB mn,RMB,1,Forecast,Base,SRC_MODEL_P3_FORECAST,Medium,Phase 3 formula model,,,,
CT_20260803_P3,中国电信,中国电信股份有限公司,中国电信股份有限公司及其子公司,2032,Annual,FIN_EBITDA,EBITDA,Forecast,Group,166729.15129513128,RMB mn,RMB,1,Forecast,Base,SRC_MODEL_P3_FORECAST,Medium,Phase 3 formula model,,,,
CT_20260803_P3,中国电信,中国电信股份有限公司,中国电信股份有限公司及其子公司,2032,Annual,FIN_EBITDA_MARGIN,EBITDA率,Forecast,Group,0.2856266305446304,%,,1,Forecast,Base,SRC_MODEL_P3_FORECAST,Medium,Phase 3 formula model,,,,
CT_20260803_P3,中国电信,中国电信股份有限公司,中国电信股份有限公司及其子公司,2032,Annual,FIN_PBT,税前利润,Forecast,Group,58298.705738345445,RMB mn,RMB,1,Forecast,Base,SRC_MODEL_P3_FORECAST,Medium,Phase 3 formula model,,,,
CT_20260803_P3,中国电信,中国电信股份有限公司,中国电信股份有限公司及其子公司,2032,Annual,FIN_TAX,所得税,Forecast,Group,12942.31267391269,RMB mn,RMB,1,Forecast,Base,SRC_MODEL_P3_FORECAST,Medium,Phase 3 formula model,,,,
CT_20260803_P3,中国电信,中国电信股份有限公司,中国电信股份有限公司及其子公司,2032,Annual,FIN_NP_ATTR,归母净利润,Forecast,Group,45306.393064432756,RMB mn,RMB,1,Forecast,Base,SRC_MODEL_P3_FORECAST,Medium,Phase 3 formula model,,,,
CT_20260803_P3,中国电信,中国电信股份有限公司,中国电信股份有限公司及其子公司,2032,Annual,FIN_NET_MARGIN,归母净利率,Forecast,Group,0.07249788927379575,%,,1,Forecast,Base,SRC_MODEL_P3_FORECAST,Medium,Phase 3 formula model,,,,
CT_20260803_P3,中国电信,中国电信股份有限公司,中国电信股份有限公司及其子公司,2032,Annual,FIN_EPS_BASIC,基本每股收益,Forecast,Group,0.49511320874606113,RMB/share,RMB,1,Forecast,Base,SRC_MODEL_P3_FORECAST,Medium,Phase 3 formula model,,,,
CT_20260803_P3,中国电信,中国电信股份有限公司,中国电信股份有限公司及其子公司,2032,Annual,DRV_AR_DSO,期末净应收DSO,Working Capital,Group,38.0,days,,1,Forecast,Base,SRC_MODEL_P3_FORECAST,Medium,Phase 3 formula model,,,,
CT_20260803_P3,中国电信,中国电信股份有限公司,中国电信股份有限公司及其子公司,2032,Annual,BS_AR_NET,应收账款净额,Working Capital,Group,60772.00641063662,RMB mn,RMB,1,Forecast,Base,SRC_MODEL_P3_FORECAST,Medium,Phase 3 formula model,,,,
CT_20260803_P3,中国电信,中国电信股份有限公司,中国电信股份有限公司及其子公司,2032,Annual,CF_WC_CHANGE,营运资本增加,Cash Flow,Group,645.0152884497921,RMB mn,RMB,1,Forecast,Base,SRC_MODEL_P3_FORECAST,Medium,Phase 3 formula model,,,,
CT_20260803_P3,中国电信,中国电信股份有限公司,中国电信股份有限公司及其子公司,2032,Annual,CF_CFO,经营活动现金流,Cash Flow,Group,154859.31616988816,RMB mn,RMB,1,Forecast,Base,SRC_MODEL_P3_FORECAST,Medium,Phase 3 formula model,,,,
CT_20260803_P3,中国电信,中国电信股份有限公司,中国电信股份有限公司及其子公司,2032,Annual,CF_CAPEX,资本开支,Cash Flow,Group,85615.95257464676,RMB mn,RMB,1,Forecast,Base,SRC_MODEL_P3_FORECAST,Medium,Phase 3 formula model,,,,
CT_20260803_P3,中国电信,中国电信股份有限公司,中国电信股份有限公司及其子公司,2032,Annual,CF_CAPEX_RATE,资本开支率,Cash Flow,Group,0.137,%,,1,Forecast,Base,SRC_MODEL_P3_FORECAST,Medium,Phase 3 formula model,,,,
CT_20260803_P3,中国电信,中国电信股份有限公司,中国电信股份有限公司及其子公司,2032,Annual,CF_FCFF_MODEL,模型FCFF,Cash Flow,Group,68352.63884742332,RMB mn,RMB,1,Forecast,Base,SRC_MODEL_P3_FORECAST,Medium,Phase 3 formula model,,,,
CT_20260803_P3,中国电信,中国电信股份有限公司,中国电信股份有限公司及其子公司,2032,Annual,CF_DISTRIBUTABLE,股东可分配现金,Cash Flow,Group,54165.083595241405,RMB mn,RMB,1,Forecast,Base,SRC_MODEL_P3_FORECAST,Medium,Phase 3 formula model,,,,
CT_20260803_P3,中国电信,中国电信股份有限公司,中国电信股份有限公司及其子公司,2032,Annual,DIV_CASH_TOTAL,现金分红总额,Dividend,Equity,35338.98659025755,RMB mn,RMB,1,Forecast,Base,SRC_MODEL_P3_FORECAST,Medium,Phase 3 formula model,,,,
CT_20260803_P3,中国电信,中国电信股份有限公司,中国电信股份有限公司及其子公司,2032,Annual,DIV_PAYOUT,派息率,Dividend,Equity,0.7799999999999999,%,,1,Forecast,Base,SRC_MODEL_P3_FORECAST,Medium,Phase 3 formula model,,,,
CT_20260803_P3,中国电信,中国电信股份有限公司,中国电信股份有限公司及其子公司,2032,Annual,DIV_DPS_TOTAL,全年DPS,Dividend,Equity,0.3861883028219276,RMB/share,RMB,1,Forecast,Base,SRC_MODEL_P3_FORECAST,Medium,Phase 3 formula model,,,,
CT_20260803_P3,中国电信,中国电信股份有限公司,中国电信股份有限公司及其子公司,2032,Annual,CF_DIVIDEND_COVER,分红现金覆盖倍数,Dividend,Equity,1.5327288307179114,x,,1,Forecast,Base,SRC_MODEL_P3_FORECAST,Medium,Phase 3 formula model,,,,
CT_20260803_P3,中国电信,中国电信股份有限公司,中国电信股份有限公司及其子公司,2033,Annual,REV_TOC_MOBILE,ToC移动通信,Forecast Revenue,ToC,213046.07206957642,RMB mn,RMB,1,Forecast,Base,SRC_MODEL_P3_FORECAST,Medium,Phase 3 formula model,,,,2025起点为Phase 2互斥收入桥接；并非公司披露分部收入。
CT_20260803_P3,中国电信,中国电信股份有限公司,中国电信股份有限公司及其子公司,2033,Annual,REV_HOME,家庭宽带与智慧家庭,Forecast Revenue,Home,138040.64472859591,RMB mn,RMB,1,Forecast,Base,SRC_MODEL_P3_FORECAST,Medium,Phase 3 formula model,,,,2025起点为Phase 2互斥收入桥接；并非公司披露分部收入。
CT_20260803_P3,中国电信,中国电信股份有限公司,中国电信股份有限公司及其子公司,2033,Annual,REV_ENT_CONNECT,企业连接与传统网络,Forecast Revenue,Enterprise,21141.42887068508,RMB mn,RMB,1,Forecast,Base,SRC_MODEL_P3_FORECAST,Low,Phase 3 formula model,,,,2025起点为Phase 2互斥收入桥接；并非公司披露分部收入。
CT_20260803_P3,中国电信,中国电信股份有限公司,中国电信股份有限公司及其子公司,2033,Annual,REV_CLOUD_NONAI,非AI云与数字化,Forecast Revenue,Cloud,106282.28669050688,RMB mn,RMB,1,Forecast,Base,SRC_MODEL_P3_FORECAST,Low,Phase 3 formula model,,,,2025起点为Phase 2互斥收入桥接；并非公司披露分部收入。
CT_20260803_P3,中国电信,中国电信股份有限公司,中国电信股份有限公司及其子公司,2033,Annual,REV_AI_AIDC,AI/AIDC与智算,Forecast Revenue,AI/AIDC,79050.18803850429,RMB mn,RMB,1,Forecast,Base,SRC_MODEL_P3_FORECAST,Low,Phase 3 formula model,,,,2025起点为Phase 2互斥收入桥接；并非公司披露分部收入。
CT_20260803_P3,中国电信,中国电信股份有限公司,中国电信股份有限公司及其子公司,2033,Annual,REV_IOT,物联网,Forecast Revenue,IoT,22560.251449855394,RMB mn,RMB,1,Forecast,Base,SRC_MODEL_P3_FORECAST,Low,Phase 3 formula model,,,,2025起点为Phase 2互斥收入桥接；并非公司披露分部收入。
CT_20260803_P3,中国电信,中国电信股份有限公司,中国电信股份有限公司及其子公司,2033,Annual,REV_TERMINAL,终端及设备销售,Forecast Revenue,Terminal,41614.87465336509,RMB mn,RMB,1,Forecast,Base,SRC_MODEL_P3_FORECAST,Medium,Phase 3 formula model,,,,2025起点为Phase 2互斥收入桥接；并非公司披露分部收入。
CT_20260803_P3,中国电信,中国电信股份有限公司,中国电信股份有限公司及其子公司,2033,Annual,REV_WHOLESALE_OTHER,批发及其他服务,Forecast Revenue,Other,9447.553501781049,RMB mn,RMB,1,Forecast,Base,SRC_MODEL_P3_FORECAST,Medium,Phase 3 formula model,,,,2025起点为Phase 2互斥收入桥接；并非公司披露分部收入。
CT_20260803_P3,中国电信,中国电信股份有限公司,中国电信股份有限公司及其子公司,2033,Annual,FIN_REV_TOTAL,营业收入,Forecast,Group,631183.3000028701,RMB mn,RMB,1,Forecast,Base,SRC_MODEL_P3_FORECAST,Medium,Phase 3 formula model,,,,
CT_20260803_P3,中国电信,中国电信股份有限公司,中国电信股份有限公司及其子公司,2033,Annual,FIN_REV_SERVICE,服务收入,Forecast,Group,589568.425349505,RMB mn,RMB,1,Forecast,Base,SRC_MODEL_P3_FORECAST,Medium,Phase 3 formula model,,,,
CT_20260803_P3,中国电信,中国电信股份有限公司,中国电信股份有限公司及其子公司,2033,Annual,FIN_EBIT,经营利润,Forecast,Group,55261.557071728355,RMB mn,RMB,1,Forecast,Base,SRC_MODEL_P3_FORECAST,Medium,Phase 3 formula model,,,,
CT_20260803_P3,中国电信,中国电信股份有限公司,中国电信股份有限公司及其子公司,2033,Annual,FIN_EBIT_MARGIN,经营利润率,Forecast,Group,0.08755231177928356,%,,1,Forecast,Base,SRC_MODEL_P3_FORECAST,Medium,Phase 3 formula model,,,,
CT_20260803_P3,中国电信,中国电信股份有限公司,中国电信股份有限公司及其子公司,2033,Annual,FIN_DA,折旧及摊销,Forecast,Group,113558.90950013335,RMB mn,RMB,1,Forecast,Base,SRC_MODEL_P3_FORECAST,Medium,Phase 3 formula model,,,,
CT_20260803_P3,中国电信,中国电信股份有限公司,中国电信股份有限公司及其子公司,2033,Annual,FIN_EBITDA,EBITDA,Forecast,Group,168820.4665718617,RMB mn,RMB,1,Forecast,Base,SRC_MODEL_P3_FORECAST,Medium,Phase 3 formula model,,,,
CT_20260803_P3,中国电信,中国电信股份有限公司,中国电信股份有限公司及其子公司,2033,Annual,FIN_EBITDA_MARGIN,EBITDA率,Forecast,Group,0.28634584097983606,%,,1,Forecast,Base,SRC_MODEL_P3_FORECAST,Medium,Phase 3 formula model,,,,
CT_20260803_P3,中国电信,中国电信股份有限公司,中国电信股份有限公司及其子公司,2033,Annual,FIN_PBT,税前利润,Forecast,Group,59079.188106777285,RMB mn,RMB,1,Forecast,Base,SRC_MODEL_P3_FORECAST,Medium,Phase 3 formula model,,,,
CT_20260803_P3,中国电信,中国电信股份有限公司,中国电信股份有限公司及其子公司,2033,Annual,FIN_TAX,所得税,Forecast,Group,13115.579759704557,RMB mn,RMB,1,Forecast,Base,SRC_MODEL_P3_FORECAST,Medium,Phase 3 formula model,,,,
CT_20260803_P3,中国电信,中国电信股份有限公司,中国电信股份有限公司及其子公司,2033,Annual,FIN_NP_ATTR,归母净利润,Forecast,Group,45913.60834707273,RMB mn,RMB,1,Forecast,Base,SRC_MODEL_P3_FORECAST,Medium,Phase 3 formula model,,,,
CT_20260803_P3,中国电信,中国电信股份有限公司,中国电信股份有限公司及其子公司,2033,Annual,FIN_NET_MARGIN,归母净利率,Forecast,Group,0.07274211524110975,%,,1,Forecast,Base,SRC_MODEL_P3_FORECAST,Medium,Phase 3 formula model,,,,
CT_20260803_P3,中国电信,中国电信股份有限公司,中国电信股份有限公司及其子公司,2033,Annual,FIN_EPS_BASIC,基本每股收益,Forecast,Group,0.5017489236342441,RMB/share,RMB,1,Forecast,Base,SRC_MODEL_P3_FORECAST,Medium,Phase 3 formula model,,,,
CT_20260803_P3,中国电信,中国电信股份有限公司,中国电信股份有限公司及其子公司,2033,Annual,DRV_AR_DSO,期末净应收DSO,Working Capital,Group,38.0,days,,1,Forecast,Base,SRC_MODEL_P3_FORECAST,Medium,Phase 3 formula model,,,,
CT_20260803_P3,中国电信,中国电信股份有限公司,中国电信股份有限公司及其子公司,2033,Annual,BS_AR_NET,应收账款净额,Working Capital,Group,61379.72647474299,RMB mn,RMB,1,Forecast,Base,SRC_MODEL_P3_FORECAST,Medium,Phase 3 formula model,,,,
CT_20260803_P3,中国电信,中国电信股份有限公司,中国电信股份有限公司及其子公司,2033,Annual,CF_WC_CHANGE,营运资本增加,Cash Flow,Group,651.4654413342898,RMB mn,RMB,1,Forecast,Base,SRC_MODEL_P3_FORECAST,Medium,Phase 3 formula model,,,,
CT_20260803_P3,中国电信,中国电信股份有限公司,中国电信股份有限公司及其子公司,2033,Annual,CF_CFO,经营活动现金流,Cash Flow,Group,156864.79778309973,RMB mn,RMB,1,Forecast,Base,SRC_MODEL_P3_FORECAST,Medium,Phase 3 formula model,,,,
CT_20260803_P3,中国电信,中国电信股份有限公司,中国电信股份有限公司及其子公司,2033,Annual,CF_CAPEX,资本开支,Cash Flow,Group,86472.11210039322,RMB mn,RMB,1,Forecast,Base,SRC_MODEL_P3_FORECAST,Medium,Phase 3 formula model,,,,
CT_20260803_P3,中国电信,中国电信股份有限公司,中国电信股份有限公司及其子公司,2033,Annual,CF_CAPEX_RATE,资本开支率,Cash Flow,Group,0.137,%,,1,Forecast,Base,SRC_MODEL_P3_FORECAST,Medium,Phase 3 formula model,,,,
CT_20260803_P3,中国电信,中国电信股份有限公司,中国电信股份有限公司及其子公司,2033,Annual,CF_FCFF_MODEL,模型FCFF,Cash Flow,Group,69428.82336021049,RMB mn,RMB,1,Forecast,Base,SRC_MODEL_P3_FORECAST,Medium,Phase 3 formula model,,,,
CT_20260803_P3,中国电信,中国电信股份有限公司,中国电信股份有限公司及其子公司,2033,Annual,CF_DISTRIBUTABLE,股东可分配现金,Cash Flow,Group,55615.97128270651,RMB mn,RMB,1,Forecast,Base,SRC_MODEL_P3_FORECAST,Medium,Phase 3 formula model,,,,
CT_20260803_P3,中国电信,中国电信股份有限公司,中国电信股份有限公司及其子公司,2033,Annual,DIV_CASH_TOTAL,现金分红总额,Dividend,Equity,35812.61451071673,RMB mn,RMB,1,Forecast,Base,SRC_MODEL_P3_FORECAST,Medium,Phase 3 formula model,,,,
CT_20260803_P3,中国电信,中国电信股份有限公司,中国电信股份有限公司及其子公司,2033,Annual,DIV_PAYOUT,派息率,Dividend,Equity,0.78,%,,1,Forecast,Base,SRC_MODEL_P3_FORECAST,Medium,Phase 3 formula model,,,,
CT_20260803_P3,中国电信,中国电信股份有限公司,中国电信股份有限公司及其子公司,2033,Annual,DIV_DPS_TOTAL,全年DPS,Dividend,Equity,0.39136416043471045,RMB/share,RMB,1,Forecast,Base,SRC_MODEL_P3_FORECAST,Medium,Phase 3 formula model,,,,
CT_20260803_P3,中国电信,中国电信股份有限公司,中国电信股份有限公司及其子公司,2033,Annual,CF_DIVIDEND_COVER,分红现金覆盖倍数,Dividend,Equity,1.5529715448746064,x,,1,Forecast,Base,SRC_MODEL_P3_FORECAST,Medium,Phase 3 formula model,,,,
CT_20260803_P3,中国电信,中国电信股份有限公司,中国电信股份有限公司及其子公司,2034,Annual,REV_TOC_MOBILE,ToC移动通信,Forecast Revenue,ToC,215176.53279027218,RMB mn,RMB,1,Forecast,Base,SRC_MODEL_P3_FORECAST,Medium,Phase 3 formula model,,,,2025起点为Phase 2互斥收入桥接；并非公司披露分部收入。
CT_20260803_P3,中国电信,中国电信股份有限公司,中国电信股份有限公司及其子公司,2034,Annual,REV_HOME,家庭宽带与智慧家庭,Forecast Revenue,Home,139421.05117588188,RMB mn,RMB,1,Forecast,Base,SRC_MODEL_P3_FORECAST,Medium,Phase 3 formula model,,,,2025起点为Phase 2互斥收入桥接；并非公司披露分部收入。
CT_20260803_P3,中国电信,中国电信股份有限公司,中国电信股份有限公司及其子公司,2034,Annual,REV_ENT_CONNECT,企业连接与传统网络,Forecast Revenue,Enterprise,21352.84315939193,RMB mn,RMB,1,Forecast,Base,SRC_MODEL_P3_FORECAST,Low,Phase 3 formula model,,,,2025起点为Phase 2互斥收入桥接；并非公司披露分部收入。
CT_20260803_P3,中国电信,中国电信股份有限公司,中国电信股份有限公司及其子公司,2034,Annual,REV_CLOUD_NONAI,非AI云与数字化,Forecast Revenue,Cloud,107345.10955741195,RMB mn,RMB,1,Forecast,Base,SRC_MODEL_P3_FORECAST,Low,Phase 3 formula model,,,,2025起点为Phase 2互斥收入桥接；并非公司披露分部收入。
CT_20260803_P3,中国电信,中国电信股份有限公司,中国电信股份有限公司及其子公司,2034,Annual,REV_AI_AIDC,AI/AIDC与智算,Forecast Revenue,AI/AIDC,79840.68991888933,RMB mn,RMB,1,Forecast,Base,SRC_MODEL_P3_FORECAST,Low,Phase 3 formula model,,,,2025起点为Phase 2互斥收入桥接；并非公司披露分部收入。
CT_20260803_P3,中国电信,中国电信股份有限公司,中国电信股份有限公司及其子公司,2034,Annual,REV_IOT,物联网,Forecast Revenue,IoT,22785.853964353948,RMB mn,RMB,1,Forecast,Base,SRC_MODEL_P3_FORECAST,Low,Phase 3 formula model,,,,2025起点为Phase 2互斥收入桥接；并非公司披露分部收入。
CT_20260803_P3,中国电信,中国电信股份有限公司,中国电信股份有限公司及其子公司,2034,Annual,REV_TERMINAL,终端及设备销售,Forecast Revenue,Terminal,42031.023399898746,RMB mn,RMB,1,Forecast,Base,SRC_MODEL_P3_FORECAST,Medium,Phase 3 formula model,,,,2025起点为Phase 2互斥收入桥接；并非公司披露分部收入。
CT_20260803_P3,中国电信,中国电信股份有限公司,中国电信股份有限公司及其子公司,2034,Annual,REV_WHOLESALE_OTHER,批发及其他服务,Forecast Revenue,Other,9542.02903679886,RMB mn,RMB,1,Forecast,Base,SRC_MODEL_P3_FORECAST,Medium,Phase 3 formula model,,,,2025起点为Phase 2互斥收入桥接；并非公司披露分部收入。
CT_20260803_P3,中国电信,中国电信股份有限公司,中国电信股份有限公司及其子公司,2034,Annual,FIN_REV_TOTAL,营业收入,Forecast,Group,637495.1330028988,RMB mn,RMB,1,Forecast,Base,SRC_MODEL_P3_FORECAST,Medium,Phase 3 formula model,,,,
CT_20260803_P3,中国电信,中国电信股份有限公司,中国电信股份有限公司及其子公司,2034,Annual,FIN_REV_SERVICE,服务收入,Forecast,Group,595464.109603,RMB mn,RMB,1,Forecast,Base,SRC_MODEL_P3_FORECAST,Medium,Phase 3 formula model,,,,
CT_20260803_P3,中国电信,中国电信股份有限公司,中国电信股份有限公司及其子公司,2034,Annual,FIN_EBIT,经营利润,Forecast,Group,55956.87217335037,RMB mn,RMB,1,Forecast,Base,SRC_MODEL_P3_FORECAST,Medium,Phase 3 formula model,,,,
CT_20260803_P3,中国电信,中国电信股份有限公司,中国电信股份有限公司及其子公司,2034,Annual,FIN_EBIT_MARGIN,经营利润率,Forecast,Group,0.08777615588964179,%,,1,Forecast,Base,SRC_MODEL_P3_FORECAST,Medium,Phase 3 formula model,,,,
CT_20260803_P3,中国电信,中国电信股份有限公司,中国电信股份有限公司及其子公司,2034,Annual,FIN_DA,折旧及摊销,Forecast,Group,114954.61672669035,RMB mn,RMB,1,Forecast,Base,SRC_MODEL_P3_FORECAST,Medium,Phase 3 formula model,,,,
CT_20260803_P3,中国电信,中国电信股份有限公司,中国电信股份有限公司及其子公司,2034,Annual,FIN_EBITDA,EBITDA,Forecast,Group,170911.4889000407,RMB mn,RMB,1,Forecast,Base,SRC_MODEL_P3_FORECAST,Medium,Phase 3 formula model,,,,
CT_20260803_P3,中国电信,中国电信股份有限公司,中国电信股份有限公司及其子公司,2034,Annual,FIN_EBITDA_MARGIN,EBITDA率,Forecast,Group,0.28702231779172815,%,,1,Forecast,Base,SRC_MODEL_P3_FORECAST,Medium,Phase 3 formula model,,,,
CT_20260803_P3,中国电信,中国电信股份有限公司,中国电信股份有限公司及其子公司,2034,Annual,FIN_PBT,税前利润,Forecast,Group,59868.874328014084,RMB mn,RMB,1,Forecast,Base,SRC_MODEL_P3_FORECAST,Medium,Phase 3 formula model,,,,
CT_20260803_P3,中国电信,中国电信股份有限公司,中国电信股份有限公司及其子公司,2034,Annual,FIN_TAX,所得税,Forecast,Group,13290.890100819126,RMB mn,RMB,1,Forecast,Base,SRC_MODEL_P3_FORECAST,Medium,Phase 3 formula model,,,,
CT_20260803_P3,中国电信,中国电信股份有限公司,中国电信股份有限公司及其子公司,2034,Annual,FIN_NP_ATTR,归母净利润,Forecast,Group,46527.98422719496,RMB mn,RMB,1,Forecast,Base,SRC_MODEL_P3_FORECAST,Medium,Phase 3 formula model,,,,
CT_20260803_P3,中国电信,中国电信股份有限公司,中国电信股份有限公司及其子公司,2034,Annual,FIN_NET_MARGIN,归母净利率,Forecast,Group,0.07298563050674049,%,,1,Forecast,Base,SRC_MODEL_P3_FORECAST,Medium,Phase 3 formula model,,,,
CT_20260803_P3,中国电信,中国电信股份有限公司,中国电信股份有限公司及其子公司,2034,Annual,FIN_EPS_BASIC,基本每股收益,Forecast,Group,0.5084628903133153,RMB/share,RMB,1,Forecast,Base,SRC_MODEL_P3_FORECAST,Medium,Phase 3 formula model,,,,
CT_20260803_P3,中国电信,中国电信股份有限公司,中国电信股份有限公司及其子公司,2034,Annual,DRV_AR_DSO,期末净应收DSO,Working Capital,Group,38.0,days,,1,Forecast,Base,SRC_MODEL_P3_FORECAST,Medium,Phase 3 formula model,,,,
CT_20260803_P3,中国电信,中国电信股份有限公司,中国电信股份有限公司及其子公司,2034,Annual,BS_AR_NET,应收账款净额,Working Capital,Group,61993.52373949041,RMB mn,RMB,1,Forecast,Base,SRC_MODEL_P3_FORECAST,Medium,Phase 3 formula model,,,,
CT_20260803_P3,中国电信,中国电信股份有限公司,中国电信股份有限公司及其子公司,2034,Annual,CF_WC_CHANGE,营运资本增加,Cash Flow,Group,657.9800957476239,RMB mn,RMB,1,Forecast,Base,SRC_MODEL_P3_FORECAST,Medium,Phase 3 formula model,,,,
CT_20260803_P3,中国电信,中国电信股份有限公司,中国电信股份有限公司及其子公司,2034,Annual,CF_CFO,经营活动现金流,Cash Flow,Group,158868.80368913786,RMB mn,RMB,1,Forecast,Base,SRC_MODEL_P3_FORECAST,Medium,Phase 3 formula model,,,,
CT_20260803_P3,中国电信,中国电信股份有限公司,中国电信股份有限公司及其子公司,2034,Annual,CF_CAPEX,资本开支,Cash Flow,Group,87336.83322139714,RMB mn,RMB,1,Forecast,Base,SRC_MODEL_P3_FORECAST,Medium,Phase 3 formula model,,,,
CT_20260803_P3,中国电信,中国电信股份有限公司,中国电信股份有限公司及其子公司,2034,Annual,CF_CAPEX_RATE,资本开支率,Cash Flow,Group,0.137,%,,1,Forecast,Base,SRC_MODEL_P3_FORECAST,Medium,Phase 3 formula model,,,,
CT_20260803_P3,中国电信,中国电信股份有限公司,中国电信股份有限公司及其子公司,2034,Annual,CF_FCFF_MODEL,模型FCFF,Cash Flow,Group,70494.24996041217,RMB mn,RMB,1,Forecast,Base,SRC_MODEL_P3_FORECAST,Medium,Phase 3 formula model,,,,
CT_20260803_P3,中国电信,中国电信股份有限公司,中国电信股份有限公司及其子公司,2034,Annual,CF_DISTRIBUTABLE,股东可分配现金,Cash Flow,Group,57050.79035574071,RMB mn,RMB,1,Forecast,Base,SRC_MODEL_P3_FORECAST,Medium,Phase 3 formula model,,,,
CT_20260803_P3,中国电信,中国电信股份有限公司,中国电信股份有限公司及其子公司,2034,Annual,DIV_CASH_TOTAL,现金分红总额,Dividend,Equity,36291.82769721207,RMB mn,RMB,1,Forecast,Base,SRC_MODEL_P3_FORECAST,Medium,Phase 3 formula model,,,,
CT_20260803_P3,中国电信,中国电信股份有限公司,中国电信股份有限公司及其子公司,2034,Annual,DIV_PAYOUT,派息率,Dividend,Equity,0.7800000000000001,%,,1,Forecast,Base,SRC_MODEL_P3_FORECAST,Medium,Phase 3 formula model,,,,
CT_20260803_P3,中国电信,中国电信股份有限公司,中国电信股份有限公司及其子公司,2034,Annual,DIV_DPS_TOTAL,全年DPS,Dividend,Equity,0.3966010544443859,RMB/share,RMB,1,Forecast,Base,SRC_MODEL_P3_FORECAST,Medium,Phase 3 formula model,,,,
CT_20260803_P3,中国电信,中国电信股份有限公司,中国电信股份有限公司及其子公司,2034,Annual,CF_DIVIDEND_COVER,分红现金覆盖倍数,Dividend,Equity,1.5720010254574017,x,,1,Forecast,Base,SRC_MODEL_P3_FORECAST,Medium,Phase 3 formula model,,,,
CT_20260803_P3,中国电信,中国电信股份有限公司,中国电信股份有限公司及其子公司,2035,Annual,REV_TOC_MOBILE,ToC移动通信,Forecast Revenue,ToC,217328.2981181749,RMB mn,RMB,1,Forecast,Base,SRC_MODEL_P3_FORECAST,Medium,Phase 3 formula model,,,,2025起点为Phase 2互斥收入桥接；并非公司披露分部收入。
CT_20260803_P3,中国电信,中国电信股份有限公司,中国电信股份有限公司及其子公司,2035,Annual,REV_HOME,家庭宽带与智慧家庭,Forecast Revenue,Home,140815.26168764068,RMB mn,RMB,1,Forecast,Base,SRC_MODEL_P3_FORECAST,Medium,Phase 3 formula model,,,,2025起点为Phase 2互斥收入桥接；并非公司披露分部收入。
CT_20260803_P3,中国电信,中国电信股份有限公司,中国电信股份有限公司及其子公司,2035,Annual,REV_ENT_CONNECT,企业连接与传统网络,Forecast Revenue,Enterprise,21566.37159098585,RMB mn,RMB,1,Forecast,Base,SRC_MODEL_P3_FORECAST,Low,Phase 3 formula model,,,,2025起点为Phase 2互斥收入桥接；并非公司披露分部收入。
CT_20260803_P3,中国电信,中国电信股份有限公司,中国电信股份有限公司及其子公司,2035,Annual,REV_CLOUD_NONAI,非AI云与数字化,Forecast Revenue,Cloud,108418.56065298607,RMB mn,RMB,1,Forecast,Base,SRC_MODEL_P3_FORECAST,Low,Phase 3 formula model,,,,2025起点为Phase 2互斥收入桥接；并非公司披露分部收入。
CT_20260803_P3,中国电信,中国电信股份有限公司,中国电信股份有限公司及其子公司,2035,Annual,REV_AI_AIDC,AI/AIDC与智算,Forecast Revenue,AI/AIDC,80639.09681807822,RMB mn,RMB,1,Forecast,Base,SRC_MODEL_P3_FORECAST,Low,Phase 3 formula model,,,,2025起点为Phase 2互斥收入桥接；并非公司披露分部收入。
CT_20260803_P3,中国电信,中国电信股份有限公司,中国电信股份有限公司及其子公司,2035,Annual,REV_IOT,物联网,Forecast Revenue,IoT,23013.71250399749,RMB mn,RMB,1,Forecast,Base,SRC_MODEL_P3_FORECAST,Low,Phase 3 formula model,,,,2025起点为Phase 2互斥收入桥接；并非公司披露分部收入。
CT_20260803_P3,中国电信,中国电信股份有限公司,中国电信股份有限公司及其子公司,2035,Annual,REV_TERMINAL,终端及设备销售,Forecast Revenue,Terminal,42451.33363389773,RMB mn,RMB,1,Forecast,Base,SRC_MODEL_P3_FORECAST,Medium,Phase 3 formula model,,,,2025起点为Phase 2互斥收入桥接；并非公司披露分部收入。
CT_20260803_P3,中国电信,中国电信股份有限公司,中国电信股份有限公司及其子公司,2035,Annual,REV_WHOLESALE_OTHER,批发及其他服务,Forecast Revenue,Other,9637.449327166849,RMB mn,RMB,1,Forecast,Base,SRC_MODEL_P3_FORECAST,Medium,Phase 3 formula model,,,,2025起点为Phase 2互斥收入桥接；并非公司披露分部收入。
CT_20260803_P3,中国电信,中国电信股份有限公司,中国电信股份有限公司及其子公司,2035,Annual,FIN_REV_TOTAL,营业收入,Forecast,Group,643870.0843329278,RMB mn,RMB,1,Forecast,Base,SRC_MODEL_P3_FORECAST,Medium,Phase 3 formula model,,,,
CT_20260803_P3,中国电信,中国电信股份有限公司,中国电信股份有限公司及其子公司,2035,Annual,FIN_REV_SERVICE,服务收入,Forecast,Group,601418.7506990301,RMB mn,RMB,1,Forecast,Base,SRC_MODEL_P3_FORECAST,Medium,Phase 3 formula model,,,,
CT_20260803_P3,中国电信,中国电信股份有限公司,中国电信股份有限公司及其子公司,2035,Annual,FIN_EBIT,经营利润,Forecast,Group,56660.567421297645,RMB mn,RMB,1,Forecast,Base,SRC_MODEL_P3_FORECAST,Medium,Phase 3 formula model,,,,
CT_20260803_P3,中国电信,中国电信股份有限公司,中国电信股份有限公司及其子公司,2035,Annual,FIN_EBIT_MARGIN,经营利润率,Forecast,Group,0.088,%,,1,Forecast,Base,SRC_MODEL_P3_FORECAST,Medium,Phase 3 formula model,,,,
CT_20260803_P3,中国电信,中国电信股份有限公司,中国电信股份有限公司及其子公司,2035,Annual,FIN_DA,折旧及摊销,Forecast,Group,116343.47157498846,RMB mn,RMB,1,Forecast,Base,SRC_MODEL_P3_FORECAST,Medium,Phase 3 formula model,,,,
CT_20260803_P3,中国电信,中国电信股份有限公司,中国电信股份有限公司及其子公司,2035,Annual,FIN_EBITDA,EBITDA,Forecast,Group,173004.0389962861,RMB mn,RMB,1,Forecast,Base,SRC_MODEL_P3_FORECAST,Medium,Phase 3 formula model,,,,
CT_20260803_P3,中国电信,中国电信股份有限公司,中国电信股份有限公司及其子公司,2035,Annual,FIN_EBITDA_MARGIN,EBITDA率,Forecast,Group,0.2876598689269385,%,,1,Forecast,Base,SRC_MODEL_P3_FORECAST,Medium,Phase 3 formula model,,,,
CT_20260803_P3,中国电信,中国电信股份有限公司,中国电信股份有限公司及其子公司,2035,Annual,FIN_PBT,税前利润,Forecast,Group,60667.927193022755,RMB mn,RMB,1,Forecast,Base,SRC_MODEL_P3_FORECAST,Medium,Phase 3 formula model,,,,
CT_20260803_P3,中国电信,中国电信股份有限公司,中国电信股份有限公司及其子公司,2035,Annual,FIN_TAX,所得税,Forecast,Group,13468.279836851052,RMB mn,RMB,1,Forecast,Base,SRC_MODEL_P3_FORECAST,Medium,Phase 3 formula model,,,,
CT_20260803_P3,中国电信,中国电信股份有限公司,中国电信股份有限公司及其子公司,2035,Annual,FIN_NP_ATTR,归母净利润,Forecast,Group,47149.6473561717,RMB mn,RMB,1,Forecast,Base,SRC_MODEL_P3_FORECAST,Medium,Phase 3 formula model,,,,
CT_20260803_P3,中国电信,中国电信股份有限公司,中国电信股份有限公司及其子公司,2035,Annual,FIN_NET_MARGIN,归母净利率,Forecast,Group,0.07322851069407954,%,,1,Forecast,Base,SRC_MODEL_P3_FORECAST,Medium,Phase 3 formula model,,,,
CT_20260803_P3,中国电信,中国电信股份有限公司,中国电信股份有限公司及其子公司,2035,Annual,FIN_EPS_BASIC,基本每股收益,Forecast,Group,0.515256492843295,RMB/share,RMB,1,Forecast,Base,SRC_MODEL_P3_FORECAST,Medium,Phase 3 formula model,,,,
CT_20260803_P3,中国电信,中国电信股份有限公司,中国电信股份有限公司及其子公司,2035,Annual,DRV_AR_DSO,期末净应收DSO,Working Capital,Group,38.0,days,,1,Forecast,Base,SRC_MODEL_P3_FORECAST,Medium,Phase 3 formula model,,,,
CT_20260803_P3,中国电信,中国电信股份有限公司,中国电信股份有限公司及其子公司,2035,Annual,BS_AR_NET,应收账款净额,Working Capital,Group,62613.45897688533,RMB mn,RMB,1,Forecast,Base,SRC_MODEL_P3_FORECAST,Medium,Phase 3 formula model,,,,
CT_20260803_P3,中国电信,中国电信股份有限公司,中国电信股份有限公司及其子公司,2035,Annual,CF_WC_CHANGE,营运资本增加,Cash Flow,Group,664.5598967051257,RMB mn,RMB,1,Forecast,Base,SRC_MODEL_P3_FORECAST,Medium,Phase 3 formula model,,,,
CT_20260803_P3,中国电信,中国电信股份有限公司,中国电信股份有限公司及其子公司,2035,Annual,CF_CFO,经营活动现金流,Cash Flow,Group,160873.18369376526,RMB mn,RMB,1,Forecast,Base,SRC_MODEL_P3_FORECAST,Medium,Phase 3 formula model,,,,
CT_20260803_P3,中国电信,中国电信股份有限公司,中国电信股份有限公司及其子公司,2035,Annual,CF_CAPEX,资本开支,Cash Flow,Group,88210.20155361111,RMB mn,RMB,1,Forecast,Base,SRC_MODEL_P3_FORECAST,Medium,Phase 3 formula model,,,,
CT_20260803_P3,中国电信,中国电信股份有限公司,中国电信股份有限公司及其子公司,2035,Annual,CF_CAPEX_RATE,资本开支率,Cash Flow,Group,0.137,%,,1,Forecast,Base,SRC_MODEL_P3_FORECAST,Medium,Phase 3 formula model,,,,
CT_20260803_P3,中国电信,中国电信股份有限公司,中国电信股份有限公司及其子公司,2035,Annual,CF_FCFF_MODEL,模型FCFF,Cash Flow,Group,71550.6315784418,RMB mn,RMB,1,Forecast,Base,SRC_MODEL_P3_FORECAST,Medium,Phase 3 formula model,,,,
CT_20260803_P3,中国电信,中国电信股份有限公司,中国电信股份有限公司及其子公司,2035,Annual,CF_DISTRIBUTABLE,股东可分配现金,Cash Flow,Group,58471.425630394144,RMB mn,RMB,1,Forecast,Base,SRC_MODEL_P3_FORECAST,Medium,Phase 3 formula model,,,,
CT_20260803_P3,中国电信,中国电信股份有限公司,中国电信股份有限公司及其子公司,2035,Annual,DIV_CASH_TOTAL,现金分红总额,Dividend,Equity,36776.724937813924,RMB mn,RMB,1,Forecast,Base,SRC_MODEL_P3_FORECAST,Medium,Phase 3 formula model,,,,
CT_20260803_P3,中国电信,中国电信股份有限公司,中国电信股份有限公司及其子公司,2035,Annual,DIV_PAYOUT,派息率,Dividend,Equity,0.7799999999999999,%,,1,Forecast,Base,SRC_MODEL_P3_FORECAST,Medium,Phase 3 formula model,,,,
CT_20260803_P3,中国电信,中国电信股份有限公司,中国电信股份有限公司及其子公司,2035,Annual,DIV_DPS_TOTAL,全年DPS,Dividend,Equity,0.40190006441777015,RMB/share,RMB,1,Forecast,Base,SRC_MODEL_P3_FORECAST,Medium,Phase 3 formula model,,,,
CT_20260803_P3,中国电信,中国电信股份有限公司,中国电信股份有限公司及其子公司,2035,Annual,CF_DIVIDEND_COVER,分红现金覆盖倍数,Dividend,Equity,1.5899030087443613,x,,1,Forecast,Base,SRC_MODEL_P3_FORECAST,Medium,Phase 3 formula model,,,,
CT_20260803_P3,中国电信,中国电信股份有限公司,中国电信股份有限公司及其子公司,2026,Annual,REV_TOC_MOBILE,ToC移动通信,Forecast Revenue,ToC,205346.112,RMB mn,RMB,1,Forecast,Bull,SRC_MODEL_P3_FORECAST,Medium,Phase 3 formula model,,,,2025起点为Phase 2互斥收入桥接；并非公司披露分部收入。
CT_20260803_P3,中国电信,中国电信股份有限公司,中国电信股份有限公司及其子公司,2026,Annual,REV_HOME,家庭宽带与智慧家庭,Forecast Revenue,Home,128246.622,RMB mn,RMB,1,Forecast,Bull,SRC_MODEL_P3_FORECAST,Medium,Phase 3 formula model,,,,2025起点为Phase 2互斥收入桥接；并非公司披露分部收入。
CT_20260803_P3,中国电信,中国电信股份有限公司,中国电信股份有限公司及其子公司,2026,Annual,REV_ENT_CONNECT,企业连接与传统网络,Forecast Revenue,Enterprise,19055.0,RMB mn,RMB,1,Forecast,Bull,SRC_MODEL_P3_FORECAST,Low,Phase 3 formula model,,,,2025起点为Phase 2互斥收入桥接；并非公司披露分部收入。
CT_20260803_P3,中国电信,中国电信股份有限公司,中国电信股份有限公司及其子公司,2026,Annual,REV_CLOUD_NONAI,非AI云与数字化,Forecast Revenue,Cloud,82504.49,RMB mn,RMB,1,Forecast,Bull,SRC_MODEL_P3_FORECAST,Low,Phase 3 formula model,,,,2025起点为Phase 2互斥收入桥接；并非公司披露分部收入。
CT_20260803_P3,中国电信,中国电信股份有限公司,中国电信股份有限公司及其子公司,2026,Annual,REV_AI_AIDC,AI/AIDC与智算,Forecast Revenue,AI/AIDC,47954.99999999999,RMB mn,RMB,1,Forecast,Bull,SRC_MODEL_P3_FORECAST,Low,Phase 3 formula model,,,,2025起点为Phase 2互斥收入桥接；并非公司披露分部收入。
CT_20260803_P3,中国电信,中国电信股份有限公司,中国电信股份有限公司及其子公司,2026,Annual,REV_IOT,物联网,Forecast Revenue,IoT,12200.0,RMB mn,RMB,1,Forecast,Bull,SRC_MODEL_P3_FORECAST,Low,Phase 3 formula model,,,,2025起点为Phase 2互斥收入桥接；并非公司披露分部收入。
CT_20260803_P3,中国电信,中国电信股份有限公司,中国电信股份有限公司及其子公司,2026,Annual,REV_TERMINAL,终端及设备销售,Forecast Revenue,Terminal,42369.6,RMB mn,RMB,1,Forecast,Bull,SRC_MODEL_P3_FORECAST,Medium,Phase 3 formula model,,,,2025起点为Phase 2互斥收入桥接；并非公司披露分部收入。
CT_20260803_P3,中国电信,中国电信股份有限公司,中国电信股份有限公司及其子公司,2026,Annual,REV_WHOLESALE_OTHER,批发及其他服务,Forecast Revenue,Other,7990.5,RMB mn,RMB,1,Forecast,Bull,SRC_MODEL_P3_FORECAST,Medium,Phase 3 formula model,,,,2025起点为Phase 2互斥收入桥接；并非公司披露分部收入。
CT_20260803_P3,中国电信,中国电信股份有限公司,中国电信股份有限公司及其子公司,2026,Annual,FIN_REV_TOTAL,营业收入,Forecast,Group,545667.324,RMB mn,RMB,1,Forecast,Bull,SRC_MODEL_P3_FORECAST,Medium,Phase 3 formula model,,,,
CT_20260803_P3,中国电信,中国电信股份有限公司,中国电信股份有限公司及其子公司,2026,Annual,FIN_REV_SERVICE,服务收入,Forecast,Group,503297.72400000005,RMB mn,RMB,1,Forecast,Bull,SRC_MODEL_P3_FORECAST,Medium,Phase 3 formula model,,,,
CT_20260803_P3,中国电信,中国电信股份有限公司,中国电信股份有限公司及其子公司,2026,Annual,FIN_EBIT,经营利润,Forecast,Group,43026.91341,RMB mn,RMB,1,Forecast,Bull,SRC_MODEL_P3_FORECAST,Medium,Phase 3 formula model,,,,
CT_20260803_P3,中国电信,中国电信股份有限公司,中国电信股份有限公司及其子公司,2026,Annual,FIN_EBIT_MARGIN,经营利润率,Forecast,Group,0.07885191492609882,%,,1,Forecast,Bull,SRC_MODEL_P3_FORECAST,Medium,Phase 3 formula model,,,,
CT_20260803_P3,中国电信,中国电信股份有限公司,中国电信股份有限公司及其子公司,2026,Annual,FIN_DA,折旧及摊销,Forecast,Group,104742.16,RMB mn,RMB,1,Forecast,Bull,SRC_MODEL_P3_FORECAST,Medium,Phase 3 formula model,,,,
CT_20260803_P3,中国电信,中国电信股份有限公司,中国电信股份有限公司及其子公司,2026,Annual,FIN_EBITDA,EBITDA,Forecast,Group,147769.07341,RMB mn,RMB,1,Forecast,Bull,SRC_MODEL_P3_FORECAST,Medium,Phase 3 formula model,,,,
CT_20260803_P3,中国电信,中国电信股份有限公司,中国电信股份有限公司及其子公司,2026,Annual,FIN_EBITDA_MARGIN,EBITDA率,Forecast,Group,0.2936017119958206,%,,1,Forecast,Bull,SRC_MODEL_P3_FORECAST,Medium,Phase 3 formula model,,,,
CT_20260803_P3,中国电信,中国电信股份有限公司,中国电信股份有限公司及其子公司,2026,Annual,FIN_PBT,税前利润,Forecast,Group,46137.16341,RMB mn,RMB,1,Forecast,Bull,SRC_MODEL_P3_FORECAST,Medium,Phase 3 formula model,,,,
CT_20260803_P3,中国电信,中国电信股份有限公司,中国电信股份有限公司及其子公司,2026,Annual,FIN_TAX,所得税,Forecast,Group,10057.90162338,RMB mn,RMB,1,Forecast,Bull,SRC_MODEL_P3_FORECAST,Medium,Phase 3 formula model,,,,
CT_20260803_P3,中国电信,中国电信股份有限公司,中国电信股份有限公司及其子公司,2026,Annual,FIN_NP_ATTR,归母净利润,Forecast,Group,36029.26178662,RMB mn,RMB,1,Forecast,Bull,SRC_MODEL_P3_FORECAST,Medium,Phase 3 formula model,,,,
CT_20260803_P3,中国电信,中国电信股份有限公司,中国电信股份有限公司及其子公司,2026,Annual,FIN_NET_MARGIN,归母净利率,Forecast,Group,0.06602788952526686,%,,1,Forecast,Bull,SRC_MODEL_P3_FORECAST,Medium,Phase 3 formula model,,,,
CT_20260803_P3,中国电信,中国电信股份有限公司,中国电信股份有限公司及其子公司,2026,Annual,FIN_EPS_BASIC,基本每股收益,Forecast,Group,0.39373170551352554,RMB/share,RMB,1,Forecast,Bull,SRC_MODEL_P3_FORECAST,Medium,Phase 3 formula model,,,,
CT_20260803_P3,中国电信,中国电信股份有限公司,中国电信股份有限公司及其子公司,2026,Annual,DRV_AR_DSO,期末净应收DSO,Working Capital,Group,38.0,days,,1,Forecast,Bull,SRC_MODEL_P3_FORECAST,Medium,Phase 3 formula model,,,,
CT_20260803_P3,中国电信,中国电信股份有限公司,中国电信股份有限公司及其子公司,2026,Annual,BS_AR_NET,应收账款净额,Working Capital,Group,52398.11921095891,RMB mn,RMB,1,Forecast,Bull,SRC_MODEL_P3_FORECAST,Medium,Phase 3 formula model,,,,
CT_20260803_P3,中国电信,中国电信股份有限公司,中国电信股份有限公司及其子公司,2026,Annual,CF_WC_CHANGE,营运资本增加,Cash Flow,Group,-683.4474930410898,RMB mn,RMB,1,Forecast,Bull,SRC_MODEL_P3_FORECAST,Medium,Phase 3 formula model,,,,
CT_20260803_P3,中国电信,中国电信股份有限公司,中国电信股份有限公司及其子公司,2026,Annual,CF_CFO,经营活动现金流,Cash Flow,Group,140519.30257566107,RMB mn,RMB,1,Forecast,Bull,SRC_MODEL_P3_FORECAST,Medium,Phase 3 formula model,,,,
CT_20260803_P3,中国电信,中国电信股份有限公司,中国电信股份有限公司及其子公司,2026,Annual,CF_CAPEX,资本开支,Cash Flow,Group,74000.0,RMB mn,RMB,1,Forecast,Bull,SRC_MODEL_P3_FORECAST,Medium,Phase 3 formula model,,,,
CT_20260803_P3,中国电信,中国电信股份有限公司,中国电信股份有限公司及其子公司,2026,Annual,CF_CAPEX_RATE,资本开支率,Cash Flow,Group,0.135613764550798,%,,1,Forecast,Bull,SRC_MODEL_P3_FORECAST,Medium,Phase 3 formula model,,,,
CT_20260803_P3,中国电信,中国电信股份有限公司,中国电信股份有限公司及其子公司,2026,Annual,CF_FCFF_MODEL,模型FCFF,Cash Flow,Group,65072.65377966109,RMB mn,RMB,1,Forecast,Bull,SRC_MODEL_P3_FORECAST,Medium,Phase 3 formula model,,,,
CT_20260803_P3,中国电信,中国电信股份有限公司,中国电信股份有限公司及其子公司,2026,Annual,CF_DISTRIBUTABLE,股东可分配现金,Cash Flow,Group,50019.30257566107,RMB mn,RMB,1,Forecast,Bull,SRC_MODEL_P3_FORECAST,Medium,Phase 3 formula model,,,,
CT_20260803_P3,中国电信,中国电信股份有限公司,中国电信股份有限公司及其子公司,2026,Annual,DIV_CASH_TOTAL,现金分红总额,Dividend,Equity,28102.824193563603,RMB mn,RMB,1,Forecast,Bull,SRC_MODEL_P3_FORECAST,Medium,Phase 3 formula model,,,,
CT_20260803_P3,中国电信,中国电信股份有限公司,中国电信股份有限公司及其子公司,2026,Annual,DIV_PAYOUT,派息率,Dividend,Equity,0.78,%,,1,Forecast,Bull,SRC_MODEL_P3_FORECAST,Medium,Phase 3 formula model,,,,
CT_20260803_P3,中国电信,中国电信股份有限公司,中国电信股份有限公司及其子公司,2026,Annual,DIV_DPS_TOTAL,全年DPS,Dividend,Equity,0.3071107303005499,RMB/share,RMB,1,Forecast,Bull,SRC_MODEL_P3_FORECAST,Medium,Phase 3 formula model,,,,
CT_20260803_P3,中国电信,中国电信股份有限公司,中国电信股份有限公司及其子公司,2026,Annual,CF_DIVIDEND_COVER,分红现金覆盖倍数,Dividend,Equity,1.779867469231687,x,,1,Forecast,Bull,SRC_MODEL_P3_FORECAST,Medium,Phase 3 formula model,,,,
CT_20260803_P3,中国电信,中国电信股份有限公司,中国电信股份有限公司及其子公司,2027,Annual,REV_TOC_MOBILE,ToC移动通信,Forecast Revenue,ToC,207194.22700799996,RMB mn,RMB,1,Forecast,Bull,SRC_MODEL_P3_FORECAST,Medium,Phase 3 formula model,,,,2025起点为Phase 2互斥收入桥接；并非公司披露分部收入。
CT_20260803_P3,中国电信,中国电信股份有限公司,中国电信股份有限公司及其子公司,2027,Annual,REV_HOME,家庭宽带与智慧家庭,Forecast Revenue,Home,131452.78754999998,RMB mn,RMB,1,Forecast,Bull,SRC_MODEL_P3_FORECAST,Medium,Phase 3 formula model,,,,2025起点为Phase 2互斥收入桥接；并非公司披露分部收入。
CT_20260803_P3,中国电信,中国电信股份有限公司,中国电信股份有限公司及其子公司,2027,Annual,REV_ENT_CONNECT,企业连接与传统网络,Forecast Revenue,Enterprise,19817.2,RMB mn,RMB,1,Forecast,Bull,SRC_MODEL_P3_FORECAST,Low,Phase 3 formula model,,,,2025起点为Phase 2互斥收入桥接；并非公司披露分部收入。
CT_20260803_P3,中国电信,中国电信股份有限公司,中国电信股份有限公司及其子公司,2027,Annual,REV_CLOUD_NONAI,非AI云与数字化,Forecast Revenue,Cloud,89517.37165,RMB mn,RMB,1,Forecast,Bull,SRC_MODEL_P3_FORECAST,Low,Phase 3 formula model,,,,2025起点为Phase 2互斥收入桥接；并非公司披露分部收入。
CT_20260803_P3,中国电信,中国电信股份有限公司,中国电信股份有限公司及其子公司,2027,Annual,REV_AI_AIDC,AI/AIDC与智算,Forecast Revenue,AI/AIDC,58505.09999999999,RMB mn,RMB,1,Forecast,Bull,SRC_MODEL_P3_FORECAST,Low,Phase 3 formula model,,,,2025起点为Phase 2互斥收入桥接；并非公司披露分部收入。
CT_20260803_P3,中国电信,中国电信股份有限公司,中国电信股份有限公司及其子公司,2027,Annual,REV_IOT,物联网,Forecast Revenue,IoT,15616.0,RMB mn,RMB,1,Forecast,Bull,SRC_MODEL_P3_FORECAST,Low,Phase 3 formula model,,,,2025起点为Phase 2互斥收入桥接；并非公司披露分部收入。
CT_20260803_P3,中国电信,中国电信股份有限公司,中国电信股份有限公司及其子公司,2027,Annual,REV_TERMINAL,终端及设备销售,Forecast Revenue,Terminal,42793.296,RMB mn,RMB,1,Forecast,Bull,SRC_MODEL_P3_FORECAST,Medium,Phase 3 formula model,,,,2025起点为Phase 2互斥收入桥接；并非公司披露分部收入。
CT_20260803_P3,中国电信,中国电信股份有限公司,中国电信股份有限公司及其子公司,2027,Annual,REV_WHOLESALE_OTHER,批发及其他服务,Forecast Revenue,Other,8469.93,RMB mn,RMB,1,Forecast,Bull,SRC_MODEL_P3_FORECAST,Medium,Phase 3 formula model,,,,2025起点为Phase 2互斥收入桥接；并非公司披露分部收入。
CT_20260803_P3,中国电信,中国电信股份有限公司,中国电信股份有限公司及其子公司,2027,Annual,FIN_REV_TOTAL,营业收入,Forecast,Group,573365.912208,RMB mn,RMB,1,Forecast,Bull,SRC_MODEL_P3_FORECAST,Medium,Phase 3 formula model,,,,
CT_20260803_P3,中国电信,中国电信股份有限公司,中国电信股份有限公司及其子公司,2027,Annual,FIN_REV_SERVICE,服务收入,Forecast,Group,530572.616208,RMB mn,RMB,1,Forecast,Bull,SRC_MODEL_P3_FORECAST,Medium,Phase 3 formula model,,,,
CT_20260803_P3,中国电信,中国电信股份有限公司,中国电信股份有限公司及其子公司,2027,Annual,FIN_EBIT,经营利润,Forecast,Group,48176.05171222998,RMB mn,RMB,1,Forecast,Bull,SRC_MODEL_P3_FORECAST,Medium,Phase 3 formula model,,,,
CT_20260803_P3,中国电信,中国电信股份有限公司,中国电信股份有限公司及其子公司,2027,Annual,FIN_EBIT_MARGIN,经营利润率,Forecast,Group,0.08402322266893528,%,,1,Forecast,Bull,SRC_MODEL_P3_FORECAST,Medium,Phase 3 formula model,,,,
CT_20260803_P3,中国电信,中国电信股份有限公司,中国电信股份有限公司及其子公司,2027,Annual,FIN_DA,折旧及摊销,Forecast,Group,105995.33452509441,RMB mn,RMB,1,Forecast,Bull,SRC_MODEL_P3_FORECAST,Medium,Phase 3 formula model,,,,
CT_20260803_P3,中国电信,中国电信股份有限公司,中国电信股份有限公司及其子公司,2027,Annual,FIN_EBITDA,EBITDA,Forecast,Group,154171.3862373244,RMB mn,RMB,1,Forecast,Bull,SRC_MODEL_P3_FORECAST,Medium,Phase 3 formula model,,,,
CT_20260803_P3,中国电信,中国电信股份有限公司,中国电信股份有限公司及其子公司,2027,Annual,FIN_EBITDA_MARGIN,EBITDA率,Forecast,Group,0.2905754679523164,%,,1,Forecast,Bull,SRC_MODEL_P3_FORECAST,Medium,Phase 3 formula model,,,,
CT_20260803_P3,中国电信,中国电信股份有限公司,中国电信股份有限公司及其子公司,2027,Annual,FIN_PBT,税前利润,Forecast,Group,51391.70296222998,RMB mn,RMB,1,Forecast,Bull,SRC_MODEL_P3_FORECAST,Medium,Phase 3 formula model,,,,
CT_20260803_P3,中国电信,中国电信股份有限公司,中国电信股份有限公司及其子公司,2027,Annual,FIN_TAX,所得税,Forecast,Group,11203.391245766135,RMB mn,RMB,1,Forecast,Bull,SRC_MODEL_P3_FORECAST,Medium,Phase 3 formula model,,,,
CT_20260803_P3,中国电信,中国电信股份有限公司,中国电信股份有限公司及其子公司,2027,Annual,FIN_NP_ATTR,归母净利润,Forecast,Group,40138.311716463846,RMB mn,RMB,1,Forecast,Bull,SRC_MODEL_P3_FORECAST,Medium,Phase 3 formula model,,,,
CT_20260803_P3,中国电信,中国电信股份有限公司,中国电信股份有限公司及其子公司,2027,Annual,FIN_NET_MARGIN,归母净利率,Forecast,Group,0.0700047053057156,%,,1,Forecast,Bull,SRC_MODEL_P3_FORECAST,Medium,Phase 3 formula model,,,,
CT_20260803_P3,中国电信,中国电信股份有限公司,中国电信股份有限公司及其子公司,2027,Annual,FIN_EPS_BASIC,基本每股收益,Forecast,Group,0.43863585166282204,RMB/share,RMB,1,Forecast,Bull,SRC_MODEL_P3_FORECAST,Medium,Phase 3 formula model,,,,
CT_20260803_P3,中国电信,中国电信股份有限公司,中国电信股份有限公司及其子公司,2027,Annual,DRV_AR_DSO,期末净应收DSO,Working Capital,Group,36.5,days,,1,Forecast,Bull,SRC_MODEL_P3_FORECAST,Medium,Phase 3 formula model,,,,
CT_20260803_P3,中国电信,中国电信股份有限公司,中国电信股份有限公司及其子公司,2027,Annual,BS_AR_NET,应收账款净额,Working Capital,Group,53057.2616208,RMB mn,RMB,1,Forecast,Bull,SRC_MODEL_P3_FORECAST,Medium,Phase 3 formula model,,,,
CT_20260803_P3,中国电信,中国电信股份有限公司,中国电信股份有限公司及其子公司,2027,Annual,CF_WC_CHANGE,营运资本增加,Cash Flow,Group,769.9367626730932,RMB mn,RMB,1,Forecast,Bull,SRC_MODEL_P3_FORECAST,Medium,Phase 3 formula model,,,,
CT_20260803_P3,中国电信,中国电信股份有限公司,中国电信股份有限公司及其子公司,2027,Annual,CF_CFO,经营活动现金流,Cash Flow,Group,144474.50383171716,RMB mn,RMB,1,Forecast,Bull,SRC_MODEL_P3_FORECAST,Medium,Phase 3 formula model,,,,
CT_20260803_P3,中国电信,中国电信股份有限公司,中国电信股份有限公司及其子公司,2027,Annual,CF_CAPEX,资本开支,Cash Flow,Group,80271.22770912001,RMB mn,RMB,1,Forecast,Bull,SRC_MODEL_P3_FORECAST,Medium,Phase 3 formula model,,,,
CT_20260803_P3,中国电信,中国电信股份有限公司,中国电信股份有限公司及其子公司,2027,Annual,CF_CAPEX_RATE,资本开支率,Cash Flow,Group,0.14,%,,1,Forecast,Bull,SRC_MODEL_P3_FORECAST,Medium,Phase 3 formula model,,,,
CT_20260803_P3,中国电信,中国电信股份有限公司,中国电信股份有限公司及其子公司,2027,Annual,CF_FCFF_MODEL,模型FCFF,Cash Flow,Group,62627.84249226516,RMB mn,RMB,1,Forecast,Bull,SRC_MODEL_P3_FORECAST,Medium,Phase 3 formula model,,,,
CT_20260803_P3,中国电信,中国电信股份有限公司,中国电信股份有限公司及其子公司,2027,Annual,CF_DISTRIBUTABLE,股东可分配现金,Cash Flow,Group,47868.27612259715,RMB mn,RMB,1,Forecast,Bull,SRC_MODEL_P3_FORECAST,Medium,Phase 3 formula model,,,,
CT_20260803_P3,中国电信,中国电信股份有限公司,中国电信股份有限公司及其子公司,2027,Annual,DIV_CASH_TOTAL,现金分红总额,Dividend,Equity,31709.26625600644,RMB mn,RMB,1,Forecast,Bull,SRC_MODEL_P3_FORECAST,Medium,Phase 3 formula model,,,,
CT_20260803_P3,中国电信,中国电信股份有限公司,中国电信股份有限公司及其子公司,2027,Annual,DIV_PAYOUT,派息率,Dividend,Equity,0.79,%,,1,Forecast,Bull,SRC_MODEL_P3_FORECAST,Medium,Phase 3 formula model,,,,
CT_20260803_P3,中国电信,中国电信股份有限公司,中国电信股份有限公司及其子公司,2027,Annual,DIV_DPS_TOTAL,全年DPS,Dividend,Equity,0.34652232281362944,RMB/share,RMB,1,Forecast,Bull,SRC_MODEL_P3_FORECAST,Medium,Phase 3 formula model,,,,
CT_20260803_P3,中国电信,中国电信股份有限公司,中国电信股份有限公司及其子公司,2027,Annual,CF_DIVIDEND_COVER,分红现金覆盖倍数,Dividend,Equity,1.5095989839730157,x,,1,Forecast,Bull,SRC_MODEL_P3_FORECAST,Medium,Phase 3 formula model,,,,
CT_20260803_P3,中国电信,中国电信股份有限公司,中国电信股份有限公司及其子公司,2028,Annual,REV_TOC_MOBILE,ToC移动通信,Forecast Revenue,ToC,209473.36350508794,RMB mn,RMB,1,Forecast,Bull,SRC_MODEL_P3_FORECAST,Medium,Phase 3 formula model,,,,2025起点为Phase 2互斥收入桥接；并非公司披露分部收入。
CT_20260803_P3,中国电信,中国电信股份有限公司,中国电信股份有限公司及其子公司,2028,Annual,REV_HOME,家庭宽带与智慧家庭,Forecast Revenue,Home,135133.46560139998,RMB mn,RMB,1,Forecast,Bull,SRC_MODEL_P3_FORECAST,Medium,Phase 3 formula model,,,,2025起点为Phase 2互斥收入桥接；并非公司披露分部收入。
CT_20260803_P3,中国电信,中国电信股份有限公司,中国电信股份有限公司及其子公司,2028,Annual,REV_ENT_CONNECT,企业连接与传统网络,Forecast Revenue,Enterprise,20708.974,RMB mn,RMB,1,Forecast,Bull,SRC_MODEL_P3_FORECAST,Low,Phase 3 formula model,,,,2025起点为Phase 2互斥收入桥接；并非公司披露分部收入。
CT_20260803_P3,中国电信,中国电信股份有限公司,中国电信股份有限公司及其子公司,2028,Annual,REV_CLOUD_NONAI,非AI云与数字化,Forecast Revenue,Cloud,98021.52195675,RMB mn,RMB,1,Forecast,Bull,SRC_MODEL_P3_FORECAST,Low,Phase 3 formula model,,,,2025起点为Phase 2互斥收入桥接；并非公司披露分部收入。
CT_20260803_P3,中国电信,中国电信股份有限公司,中国电信股份有限公司及其子公司,2028,Annual,REV_AI_AIDC,AI/AIDC与智算,Forecast Revenue,AI/AIDC,72546.324,RMB mn,RMB,1,Forecast,Bull,SRC_MODEL_P3_FORECAST,Low,Phase 3 formula model,,,,2025起点为Phase 2互斥收入桥接；并非公司披露分部收入。
CT_20260803_P3,中国电信,中国电信股份有限公司,中国电信股份有限公司及其子公司,2028,Annual,REV_IOT,物联网,Forecast Revenue,IoT,20300.8,RMB mn,RMB,1,Forecast,Bull,SRC_MODEL_P3_FORECAST,Low,Phase 3 formula model,,,,2025起点为Phase 2互斥收入桥接；并非公司披露分部收入。
CT_20260803_P3,中国电信,中国电信股份有限公司,中国电信股份有限公司及其子公司,2028,Annual,REV_TERMINAL,终端及设备销售,Forecast Revenue,Terminal,43649.161920000006,RMB mn,RMB,1,Forecast,Bull,SRC_MODEL_P3_FORECAST,Medium,Phase 3 formula model,,,,2025起点为Phase 2互斥收入桥接；并非公司披露分部收入。
CT_20260803_P3,中国电信,中国电信股份有限公司,中国电信股份有限公司及其子公司,2028,Annual,REV_WHOLESALE_OTHER,批发及其他服务,Forecast Revenue,Other,8978.125800000002,RMB mn,RMB,1,Forecast,Bull,SRC_MODEL_P3_FORECAST,Medium,Phase 3 formula model,,,,2025起点为Phase 2互斥收入桥接；并非公司披露分部收入。
CT_20260803_P3,中国电信,中国电信股份有限公司,中国电信股份有限公司及其子公司,2028,Annual,FIN_REV_TOTAL,营业收入,Forecast,Group,608811.7367832379,RMB mn,RMB,1,Forecast,Bull,SRC_MODEL_P3_FORECAST,Medium,Phase 3 formula model,,,,
CT_20260803_P3,中国电信,中国电信股份有限公司,中国电信股份有限公司及其子公司,2028,Annual,FIN_REV_SERVICE,服务收入,Forecast,Group,565162.5748632379,RMB mn,RMB,1,Forecast,Bull,SRC_MODEL_P3_FORECAST,Medium,Phase 3 formula model,,,,
CT_20260803_P3,中国电信,中国电信股份有限公司,中国电信股份有限公司及其子公司,2028,Annual,FIN_EBIT,经营利润,Forecast,Group,54804.810733334,RMB mn,RMB,1,Forecast,Bull,SRC_MODEL_P3_FORECAST,Medium,Phase 3 formula model,,,,
CT_20260803_P3,中国电信,中国电信股份有限公司,中国电信股份有限公司及其子公司,2028,Annual,FIN_EBIT_MARGIN,经营利润率,Forecast,Group,0.0900193071554512,%,,1,Forecast,Bull,SRC_MODEL_P3_FORECAST,Medium,Phase 3 formula model,,,,
CT_20260803_P3,中国电信,中国电信股份有限公司,中国电信股份有限公司及其子公司,2028,Annual,FIN_DA,折旧及摊销,Forecast,Group,107524.57271580328,RMB mn,RMB,1,Forecast,Bull,SRC_MODEL_P3_FORECAST,Medium,Phase 3 formula model,,,,
CT_20260803_P3,中国电信,中国电信股份有限公司,中国电信股份有限公司及其子公司,2028,Annual,FIN_EBITDA,EBITDA,Forecast,Group,162329.38344913727,RMB mn,RMB,1,Forecast,Bull,SRC_MODEL_P3_FORECAST,Medium,Phase 3 formula model,,,,
CT_20260803_P3,中国电信,中国电信股份有限公司,中国电信股份有限公司及其子公司,2028,Annual,FIN_EBITDA_MARGIN,EBITDA率,Forecast,Group,0.2872259959683617,%,,1,Forecast,Bull,SRC_MODEL_P3_FORECAST,Medium,Phase 3 formula model,,,,
CT_20260803_P3,中国电信,中国电信股份有限公司,中国电信股份有限公司及其子公司,2028,Annual,FIN_PBT,税前利润,Forecast,Group,58127.116014584,RMB mn,RMB,1,Forecast,Bull,SRC_MODEL_P3_FORECAST,Medium,Phase 3 formula model,,,,
CT_20260803_P3,中国电信,中国电信股份有限公司,中国电信股份有限公司及其子公司,2028,Annual,FIN_TAX,所得税,Forecast,Group,12671.711291179312,RMB mn,RMB,1,Forecast,Bull,SRC_MODEL_P3_FORECAST,Medium,Phase 3 formula model,,,,
CT_20260803_P3,中国电信,中国电信股份有限公司,中国电信股份有限公司及其子公司,2028,Annual,FIN_NP_ATTR,归母净利润,Forecast,Group,45405.40472340469,RMB mn,RMB,1,Forecast,Bull,SRC_MODEL_P3_FORECAST,Medium,Phase 3 formula model,,,,
CT_20260803_P3,中国电信,中国电信股份有限公司,中国电信股份有限公司及其子公司,2028,Annual,FIN_NET_MARGIN,归母净利率,Forecast,Group,0.07458037021972014,%,,1,Forecast,Bull,SRC_MODEL_P3_FORECAST,Medium,Phase 3 formula model,,,,
CT_20260803_P3,中国电信,中国电信股份有限公司,中国电信股份有限公司及其子公司,2028,Annual,FIN_EPS_BASIC,基本每股收益,Forecast,Group,0.49619521896274615,RMB/share,RMB,1,Forecast,Bull,SRC_MODEL_P3_FORECAST,Medium,Phase 3 formula model,,,,
CT_20260803_P3,中国电信,中国电信股份有限公司,中国电信股份有限公司及其子公司,2028,Annual,DRV_AR_DSO,期末净应收DSO,Working Capital,Group,35.0,days,,1,Forecast,Bull,SRC_MODEL_P3_FORECAST,Medium,Phase 3 formula model,,,,
CT_20260803_P3,中国电信,中国电信股份有限公司,中国电信股份有限公司及其子公司,2028,Annual,BS_AR_NET,应收账款净额,Working Capital,Group,54193.67156222829,RMB mn,RMB,1,Forecast,Bull,SRC_MODEL_P3_FORECAST,Medium,Phase 3 formula model,,,,
CT_20260803_P3,中国电信,中国电信股份有限公司,中国电信股份有限公司及其子公司,2028,Annual,CF_WC_CHANGE,营运资本增加,Cash Flow,Group,1278.1932397292417,RMB mn,RMB,1,Forecast,Bull,SRC_MODEL_P3_FORECAST,Medium,Phase 3 formula model,,,,
CT_20260803_P3,中国电信,中国电信股份有限公司,中国电信股份有限公司及其子公司,2028,Annual,CF_CFO,经营活动现金流,Cash Flow,Group,150793.56749777967,RMB mn,RMB,1,Forecast,Bull,SRC_MODEL_P3_FORECAST,Medium,Phase 3 formula model,,,,
CT_20260803_P3,中国电信,中国电信股份有限公司,中国电信股份有限公司及其子公司,2028,Annual,CF_CAPEX,资本开支,Cash Flow,Group,83407.2079393036,RMB mn,RMB,1,Forecast,Bull,SRC_MODEL_P3_FORECAST,Medium,Phase 3 formula model,,,,
CT_20260803_P3,中国电信,中国电信股份有限公司,中国电信股份有限公司及其子公司,2028,Annual,CF_CAPEX_RATE,资本开支率,Cash Flow,Group,0.137,%,,1,Forecast,Bull,SRC_MODEL_P3_FORECAST,Medium,Phase 3 formula model,,,,
CT_20260803_P3,中国电信,中国电信股份有限公司,中国电信股份有限公司及其子公司,2028,Annual,CF_FCFF_MODEL,模型FCFF,Cash Flow,Group,65696.53353023765,RMB mn,RMB,1,Forecast,Bull,SRC_MODEL_P3_FORECAST,Medium,Phase 3 formula model,,,,
CT_20260803_P3,中国电信,中国电信股份有限公司,中国电信股份有限公司及其子公司,2028,Annual,CF_DISTRIBUTABLE,股东可分配现金,Cash Flow,Group,51214.709558476075,RMB mn,RMB,1,Forecast,Bull,SRC_MODEL_P3_FORECAST,Medium,Phase 3 formula model,,,,
CT_20260803_P3,中国电信,中国电信股份有限公司,中国电信股份有限公司及其子公司,2028,Annual,DIV_CASH_TOTAL,现金分红总额,Dividend,Equity,36324.32377872375,RMB mn,RMB,1,Forecast,Bull,SRC_MODEL_P3_FORECAST,Medium,Phase 3 formula model,,,,
CT_20260803_P3,中国电信,中国电信股份有限公司,中国电信股份有限公司及其子公司,2028,Annual,DIV_PAYOUT,派息率,Dividend,Equity,0.8,%,,1,Forecast,Bull,SRC_MODEL_P3_FORECAST,Medium,Phase 3 formula model,,,,
CT_20260803_P3,中国电信,中国电信股份有限公司,中国电信股份有限公司及其子公司,2028,Annual,DIV_DPS_TOTAL,全年DPS,Dividend,Equity,0.396956175170197,RMB/share,RMB,1,Forecast,Bull,SRC_MODEL_P3_FORECAST,Medium,Phase 3 formula model,,,,
CT_20260803_P3,中国电信,中国电信股份有限公司,中国电信股份有限公司及其子公司,2028,Annual,CF_DIVIDEND_COVER,分红现金覆盖倍数,Dividend,Equity,1.4099287813438683,x,,1,Forecast,Bull,SRC_MODEL_P3_FORECAST,Medium,Phase 3 formula model,,,,
CT_20260803_P3,中国电信,中国电信股份有限公司,中国电信股份有限公司及其子公司,2029,Annual,REV_TOC_MOBILE,ToC移动通信,Forecast Revenue,ToC,211987.04386714898,RMB mn,RMB,1,Forecast,Bull,SRC_MODEL_P3_FORECAST,Medium,Phase 3 formula model,,,,2025起点为Phase 2互斥收入桥接；并非公司披露分部收入。
CT_20260803_P3,中国电信,中国电信股份有限公司,中国电信股份有限公司及其子公司,2029,Annual,REV_HOME,家庭宽带与智慧家庭,Forecast Revenue,Home,139187.46956944198,RMB mn,RMB,1,Forecast,Bull,SRC_MODEL_P3_FORECAST,Medium,Phase 3 formula model,,,,2025起点为Phase 2互斥收入桥接；并非公司披露分部收入。
CT_20260803_P3,中国电信,中国电信股份有限公司,中国电信股份有限公司及其子公司,2029,Annual,REV_ENT_CONNECT,企业连接与传统网络,Forecast Revenue,Enterprise,21744.4227,RMB mn,RMB,1,Forecast,Bull,SRC_MODEL_P3_FORECAST,Low,Phase 3 formula model,,,,2025起点为Phase 2互斥收入桥接；并非公司披露分部收入。
CT_20260803_P3,中国电信,中国电信股份有限公司,中国电信股份有限公司及其子公司,2029,Annual,REV_CLOUD_NONAI,非AI云与数字化,Forecast Revenue,Cloud,107823.67415242501,RMB mn,RMB,1,Forecast,Bull,SRC_MODEL_P3_FORECAST,Low,Phase 3 formula model,,,,2025起点为Phase 2互斥收入桥接；并非公司披露分部收入。
CT_20260803_P3,中国电信,中国电信股份有限公司,中国电信股份有限公司及其子公司,2029,Annual,REV_AI_AIDC,AI/AIDC与智算,Forecast Revenue,AI/AIDC,89231.97851999999,RMB mn,RMB,1,Forecast,Bull,SRC_MODEL_P3_FORECAST,Low,Phase 3 formula model,,,,2025起点为Phase 2互斥收入桥接；并非公司披露分部收入。
CT_20260803_P3,中国电信,中国电信股份有限公司,中国电信股份有限公司及其子公司,2029,Annual,REV_IOT,物联网,Forecast Revenue,IoT,25985.024,RMB mn,RMB,1,Forecast,Bull,SRC_MODEL_P3_FORECAST,Low,Phase 3 formula model,,,,2025起点为Phase 2互斥收入桥接；并非公司披露分部收入。
CT_20260803_P3,中国电信,中国电信股份有限公司,中国电信股份有限公司及其子公司,2029,Annual,REV_TERMINAL,终端及设备销售,Forecast Revenue,Terminal,44522.14515840001,RMB mn,RMB,1,Forecast,Bull,SRC_MODEL_P3_FORECAST,Medium,Phase 3 formula model,,,,2025起点为Phase 2互斥收入桥接；并非公司披露分部收入。
CT_20260803_P3,中国电信,中国电信股份有限公司,中国电信股份有限公司及其子公司,2029,Annual,REV_WHOLESALE_OTHER,批发及其他服务,Forecast Revenue,Other,9516.813348000001,RMB mn,RMB,1,Forecast,Bull,SRC_MODEL_P3_FORECAST,Medium,Phase 3 formula model,,,,2025起点为Phase 2互斥收入桥接；并非公司披露分部收入。
CT_20260803_P3,中国电信,中国电信股份有限公司,中国电信股份有限公司及其子公司,2029,Annual,FIN_REV_TOTAL,营业收入,Forecast,Group,649998.571315416,RMB mn,RMB,1,Forecast,Bull,SRC_MODEL_P3_FORECAST,Medium,Phase 3 formula model,,,,
CT_20260803_P3,中国电信,中国电信股份有限公司,中国电信股份有限公司及其子公司,2029,Annual,FIN_REV_SERVICE,服务收入,Forecast,Group,605476.426157016,RMB mn,RMB,1,Forecast,Bull,SRC_MODEL_P3_FORECAST,Medium,Phase 3 formula model,,,,
CT_20260803_P3,中国电信,中国电信股份有限公司,中国电信股份有限公司及其子公司,2029,Annual,FIN_EBIT,经营利润,Forecast,Group,62566.385305591175,RMB mn,RMB,1,Forecast,Bull,SRC_MODEL_P3_FORECAST,Medium,Phase 3 formula model,,,,
CT_20260803_P3,中国电信,中国电信股份有限公司,中国电信股份有限公司及其子公司,2029,Annual,FIN_EBIT_MARGIN,经营利润率,Forecast,Group,0.09625618896203762,%,,1,Forecast,Bull,SRC_MODEL_P3_FORECAST,Medium,Phase 3 formula model,,,,
CT_20260803_P3,中国电信,中国电信股份有限公司,中国电信股份有限公司及其子公司,2029,Annual,FIN_DA,折旧及摊销,Forecast,Group,109374.58392529092,RMB mn,RMB,1,Forecast,Bull,SRC_MODEL_P3_FORECAST,Medium,Phase 3 formula model,,,,
CT_20260803_P3,中国电信,中国电信股份有限公司,中国电信股份有限公司及其子公司,2029,Annual,FIN_EBITDA,EBITDA,Forecast,Group,171940.9692308821,RMB mn,RMB,1,Forecast,Bull,SRC_MODEL_P3_FORECAST,Medium,Phase 3 formula model,,,,
CT_20260803_P3,中国电信,中国电信股份有限公司,中国电信股份有限公司及其子公司,2029,Annual,FIN_EBITDA_MARGIN,EBITDA率,Forecast,Group,0.28397632311169996,%,,1,Forecast,Bull,SRC_MODEL_P3_FORECAST,Medium,Phase 3 formula model,,,,
CT_20260803_P3,中国电信,中国电信股份有限公司,中国电信股份有限公司及其子公司,2029,Annual,FIN_PBT,税前利润,Forecast,Group,65996.69783137242,RMB mn,RMB,1,Forecast,Bull,SRC_MODEL_P3_FORECAST,Medium,Phase 3 formula model,,,,
CT_20260803_P3,中国电信,中国电信股份有限公司,中国电信股份有限公司及其子公司,2029,Annual,FIN_TAX,所得税,Forecast,Group,14387.280127239188,RMB mn,RMB,1,Forecast,Bull,SRC_MODEL_P3_FORECAST,Medium,Phase 3 formula model,,,,
CT_20260803_P3,中国电信,中国电信股份有限公司,中国电信股份有限公司及其子公司,2029,Annual,FIN_NP_ATTR,归母净利润,Forecast,Group,51559.41770413324,RMB mn,RMB,1,Forecast,Bull,SRC_MODEL_P3_FORECAST,Medium,Phase 3 formula model,,,,
CT_20260803_P3,中国电信,中国电信股份有限公司,中国电信股份有限公司及其子公司,2029,Annual,FIN_NET_MARGIN,归母净利率,Forecast,Group,0.07932235543193786,%,,1,Forecast,Bull,SRC_MODEL_P3_FORECAST,Medium,Phase 3 formula model,,,,
CT_20260803_P3,中国电信,中国电信股份有限公司,中国电信股份有限公司及其子公司,2029,Annual,FIN_EPS_BASIC,基本每股收益,Forecast,Group,0.5634469445463788,RMB/share,RMB,1,Forecast,Bull,SRC_MODEL_P3_FORECAST,Medium,Phase 3 formula model,,,,
CT_20260803_P3,中国电信,中国电信股份有限公司,中国电信股份有限公司及其子公司,2029,Annual,DRV_AR_DSO,期末净应收DSO,Working Capital,Group,33.5,days,,1,Forecast,Bull,SRC_MODEL_P3_FORECAST,Medium,Phase 3 formula model,,,,
CT_20260803_P3,中国电信,中国电信股份有限公司,中国电信股份有限公司及其子公司,2029,Annual,BS_AR_NET,应收账款净额,Working Capital,Group,55571.124044548036,RMB mn,RMB,1,Forecast,Bull,SRC_MODEL_P3_FORECAST,Medium,Phase 3 formula model,,,,
CT_20260803_P3,中国电信,中国电信股份有限公司,中国电信股份有限公司及其子公司,2029,Annual,CF_WC_CHANGE,营运资本增加,Cash Flow,Group,1542.199820448455,RMB mn,RMB,1,Forecast,Bull,SRC_MODEL_P3_FORECAST,Medium,Phase 3 formula model,,,,
CT_20260803_P3,中国电信,中国电信股份有限公司,中国电信股份有限公司及其子公司,2029,Annual,CF_CFO,经营活动现金流,Cash Flow,Group,158556.54914710444,RMB mn,RMB,1,Forecast,Bull,SRC_MODEL_P3_FORECAST,Medium,Phase 3 formula model,,,,
CT_20260803_P3,中国电信,中国电信股份有限公司,中国电信股份有限公司及其子公司,2029,Annual,CF_CAPEX,资本开支,Cash Flow,Group,87099.80855626575,RMB mn,RMB,1,Forecast,Bull,SRC_MODEL_P3_FORECAST,Medium,Phase 3 formula model,,,,
CT_20260803_P3,中国电信,中国电信股份有限公司,中国电信股份有限公司及其子公司,2029,Annual,CF_CAPEX_RATE,资本开支率,Cash Flow,Group,0.134,%,,1,Forecast,Bull,SRC_MODEL_P3_FORECAST,Medium,Phase 3 formula model,,,,
CT_20260803_P3,中国电信,中国电信股份有限公司,中国电信股份有限公司及其子公司,2029,Annual,CF_FCFF_MODEL,模型FCFF,Cash Flow,Group,69659.48885754902,RMB mn,RMB,1,Forecast,Bull,SRC_MODEL_P3_FORECAST,Medium,Phase 3 formula model,,,,
CT_20260803_P3,中国电信,中国电信股份有限公司,中国电信股份有限公司及其子公司,2029,Annual,CF_DISTRIBUTABLE,股东可分配现金,Cash Flow,Group,55446.80709083869,RMB mn,RMB,1,Forecast,Bull,SRC_MODEL_P3_FORECAST,Medium,Phase 3 formula model,,,,
CT_20260803_P3,中国电信,中国电信股份有限公司,中国电信股份有限公司及其子公司,2029,Annual,DIV_CASH_TOTAL,现金分红总额,Dividend,Equity,41763.128340347925,RMB mn,RMB,1,Forecast,Bull,SRC_MODEL_P3_FORECAST,Medium,Phase 3 formula model,,,,
CT_20260803_P3,中国电信,中国电信股份有限公司,中国电信股份有限公司及其子公司,2029,Annual,DIV_PAYOUT,派息率,Dividend,Equity,0.81,%,,1,Forecast,Bull,SRC_MODEL_P3_FORECAST,Medium,Phase 3 formula model,,,,
CT_20260803_P3,中国电信,中国电信股份有限公司,中国电信股份有限公司及其子公司,2029,Annual,DIV_DPS_TOTAL,全年DPS,Dividend,Equity,0.45639202508256677,RMB/share,RMB,1,Forecast,Bull,SRC_MODEL_P3_FORECAST,Medium,Phase 3 formula model,,,,
CT_20260803_P3,中国电信,中国电信股份有限公司,中国电信股份有限公司及其子公司,2029,Annual,CF_DIVIDEND_COVER,分红现金覆盖倍数,Dividend,Equity,1.3276497545628252,x,,1,Forecast,Bull,SRC_MODEL_P3_FORECAST,Medium,Phase 3 formula model,,,,
CT_20260803_P3,中国电信,中国电信股份有限公司,中国电信股份有限公司及其子公司,2030,Annual,REV_TOC_MOBILE,ToC移动通信,Forecast Revenue,ToC,214530.88839355478,RMB mn,RMB,1,Forecast,Bull,SRC_MODEL_P3_FORECAST,Medium,Phase 3 formula model,,,,2025起点为Phase 2互斥收入桥接；并非公司披露分部收入。
CT_20260803_P3,中国电信,中国电信股份有限公司,中国电信股份有限公司及其子公司,2030,Annual,REV_HOME,家庭宽带与智慧家庭,Forecast Revenue,Home,143363.09365652525,RMB mn,RMB,1,Forecast,Bull,SRC_MODEL_P3_FORECAST,Medium,Phase 3 formula model,,,,2025起点为Phase 2互斥收入桥接；并非公司披露分部收入。
CT_20260803_P3,中国电信,中国电信股份有限公司,中国电信股份有限公司及其子公司,2030,Annual,REV_ENT_CONNECT,企业连接与传统网络,Forecast Revenue,Enterprise,22831.643835,RMB mn,RMB,1,Forecast,Bull,SRC_MODEL_P3_FORECAST,Low,Phase 3 formula model,,,,2025起点为Phase 2互斥收入桥接；并非公司披露分部收入。
CT_20260803_P3,中国电信,中国电信股份有限公司,中国电信股份有限公司及其子公司,2030,Annual,REV_CLOUD_NONAI,非AI云与数字化,Forecast Revenue,Cloud,118606.04156766752,RMB mn,RMB,1,Forecast,Bull,SRC_MODEL_P3_FORECAST,Low,Phase 3 formula model,,,,2025起点为Phase 2互斥收入桥接；并非公司披露分部收入。
CT_20260803_P3,中国电信,中国电信股份有限公司,中国电信股份有限公司及其子公司,2030,Annual,REV_AI_AIDC,AI/AIDC与智算,Forecast Revenue,AI/AIDC,108863.01379439999,RMB mn,RMB,1,Forecast,Bull,SRC_MODEL_P3_FORECAST,Low,Phase 3 formula model,,,,2025起点为Phase 2互斥收入桥接；并非公司披露分部收入。
CT_20260803_P3,中国电信,中国电信股份有限公司,中国电信股份有限公司及其子公司,2030,Annual,REV_IOT,物联网,Forecast Revenue,IoT,32481.280000000002,RMB mn,RMB,1,Forecast,Bull,SRC_MODEL_P3_FORECAST,Low,Phase 3 formula model,,,,2025起点为Phase 2互斥收入桥接；并非公司披露分部收入。
CT_20260803_P3,中国电信,中国电信股份有限公司,中国电信股份有限公司及其子公司,2030,Annual,REV_TERMINAL,终端及设备销售,Forecast Revenue,Terminal,45412.58806156801,RMB mn,RMB,1,Forecast,Bull,SRC_MODEL_P3_FORECAST,Medium,Phase 3 formula model,,,,2025起点为Phase 2互斥收入桥接；并非公司披露分部收入。
CT_20260803_P3,中国电信,中国电信股份有限公司,中国电信股份有限公司及其子公司,2030,Annual,REV_WHOLESALE_OTHER,批发及其他服务,Forecast Revenue,Other,10087.822148880003,RMB mn,RMB,1,Forecast,Bull,SRC_MODEL_P3_FORECAST,Medium,Phase 3 formula model,,,,2025起点为Phase 2互斥收入桥接；并非公司披露分部收入。
CT_20260803_P3,中国电信,中国电信股份有限公司,中国电信股份有限公司及其子公司,2030,Annual,FIN_REV_TOTAL,营业收入,Forecast,Group,696176.3714575955,RMB mn,RMB,1,Forecast,Bull,SRC_MODEL_P3_FORECAST,Medium,Phase 3 formula model,,,,
CT_20260803_P3,中国电信,中国电信股份有限公司,中国电信股份有限公司及其子公司,2030,Annual,FIN_REV_SERVICE,服务收入,Forecast,Group,650763.7833960275,RMB mn,RMB,1,Forecast,Bull,SRC_MODEL_P3_FORECAST,Medium,Phase 3 formula model,,,,
CT_20260803_P3,中国电信,中国电信股份有限公司,中国电信股份有限公司及其子公司,2030,Annual,FIN_EBIT,经营利润,Forecast,Group,71404.7850891561,RMB mn,RMB,1,Forecast,Bull,SRC_MODEL_P3_FORECAST,Medium,Phase 3 formula model,,,,
CT_20260803_P3,中国电信,中国电信股份有限公司,中国电信股份有限公司及其子公司,2030,Annual,FIN_EBIT_MARGIN,经营利润率,Forecast,Group,0.10256709077852609,%,,1,Forecast,Bull,SRC_MODEL_P3_FORECAST,Medium,Phase 3 formula model,,,,
CT_20260803_P3,中国电信,中国电信股份有限公司,中国电信股份有限公司及其子公司,2030,Annual,FIN_DA,折旧及摊销,Forecast,Group,111652.05093515597,RMB mn,RMB,1,Forecast,Bull,SRC_MODEL_P3_FORECAST,Medium,Phase 3 formula model,,,,
CT_20260803_P3,中国电信,中国电信股份有限公司,中国电信股份有限公司及其子公司,2030,Annual,FIN_EBITDA,EBITDA,Forecast,Group,183056.83602431207,RMB mn,RMB,1,Forecast,Bull,SRC_MODEL_P3_FORECAST,Medium,Phase 3 formula model,,,,
CT_20260803_P3,中国电信,中国电信股份有限公司,中国电信股份有限公司及其子公司,2030,Annual,FIN_EBITDA_MARGIN,EBITDA率,Forecast,Group,0.2812953650693732,%,,1,Forecast,Bull,SRC_MODEL_P3_FORECAST,Medium,Phase 3 formula model,,,,
CT_20260803_P3,中国电信,中国电信股份有限公司,中国电信股份有限公司及其子公司,2030,Annual,FIN_PBT,税前利润,Forecast,Group,74944.55755995688,RMB mn,RMB,1,Forecast,Bull,SRC_MODEL_P3_FORECAST,Medium,Phase 3 formula model,,,,
CT_20260803_P3,中国电信,中国电信股份有限公司,中国电信股份有限公司及其子公司,2030,Annual,FIN_TAX,所得税,Forecast,Group,16337.9135480706,RMB mn,RMB,1,Forecast,Bull,SRC_MODEL_P3_FORECAST,Medium,Phase 3 formula model,,,,
CT_20260803_P3,中国电信,中国电信股份有限公司,中国电信股份有限公司及其子公司,2030,Annual,FIN_NP_ATTR,归母净利润,Forecast,Group,58556.64401188628,RMB mn,RMB,1,Forecast,Bull,SRC_MODEL_P3_FORECAST,Medium,Phase 3 formula model,,,,
CT_20260803_P3,中国电信,中国电信股份有限公司,中国电信股份有限公司及其子公司,2030,Annual,FIN_NET_MARGIN,归母净利率,Forecast,Group,0.08411179467249845,%,,1,Forecast,Bull,SRC_MODEL_P3_FORECAST,Medium,Phase 3 formula model,,,,
CT_20260803_P3,中国电信,中国电信股份有限公司,中国电信股份有限公司及其子公司,2030,Annual,FIN_EPS_BASIC,基本每股收益,Forecast,Group,0.6399133974071708,RMB/share,RMB,1,Forecast,Bull,SRC_MODEL_P3_FORECAST,Medium,Phase 3 formula model,,,,
CT_20260803_P3,中国电信,中国电信股份有限公司,中国电信股份有限公司及其子公司,2030,Annual,DRV_AR_DSO,期末净应收DSO,Working Capital,Group,32.0,days,,1,Forecast,Bull,SRC_MODEL_P3_FORECAST,Medium,Phase 3 formula model,,,,
CT_20260803_P3,中国电信,中国电信股份有限公司,中国电信股份有限公司及其子公司,2030,Annual,BS_AR_NET,应收账款净额,Working Capital,Group,57053.26320184351,RMB mn,RMB,1,Forecast,Bull,SRC_MODEL_P3_FORECAST,Medium,Phase 3 formula model,,,,
CT_20260803_P3,中国电信,中国电信股份有限公司,中国电信股份有限公司及其子公司,2030,Annual,CF_WC_CHANGE,营运资本增加,Cash Flow,Group,1666.8503578641923,RMB mn,RMB,1,Forecast,Bull,SRC_MODEL_P3_FORECAST,Medium,Phase 3 formula model,,,,
CT_20260803_P3,中国电信,中国电信股份有限公司,中国电信股份有限公司及其子公司,2030,Annual,CF_CFO,经营活动现金流,Cash Flow,Group,167726.5557897468,RMB mn,RMB,1,Forecast,Bull,SRC_MODEL_P3_FORECAST,Medium,Phase 3 formula model,,,,
CT_20260803_P3,中国电信,中国电信股份有限公司,中国电信股份有限公司及其子公司,2030,Annual,CF_CAPEX,资本开支,Cash Flow,Group,91895.2810324026,RMB mn,RMB,1,Forecast,Bull,SRC_MODEL_P3_FORECAST,Medium,Phase 3 formula model,,,,
CT_20260803_P3,中国电信,中国电信股份有限公司,中国电信股份有限公司及其子公司,2030,Annual,CF_CAPEX_RATE,资本开支率,Cash Flow,Group,0.132,%,,1,Forecast,Bull,SRC_MODEL_P3_FORECAST,Medium,Phase 3 formula model,,,,
CT_20260803_P3,中国电信,中国电信股份有限公司,中国电信股份有限公司及其子公司,2030,Annual,CF_FCFF_MODEL,模型FCFF,Cash Flow,Group,73928.46148460924,RMB mn,RMB,1,Forecast,Bull,SRC_MODEL_P3_FORECAST,Medium,Phase 3 formula model,,,,
CT_20260803_P3,中国电信,中国电信股份有限公司,中国电信股份有限公司及其子公司,2030,Annual,CF_DISTRIBUTABLE,股东可分配现金,Cash Flow,Group,59981.4405923442,RMB mn,RMB,1,Forecast,Bull,SRC_MODEL_P3_FORECAST,Medium,Phase 3 formula model,,,,
CT_20260803_P3,中国电信,中国电信股份有限公司,中国电信股份有限公司及其子公司,2030,Annual,DIV_CASH_TOTAL,现金分红总额,Dividend,Equity,48016.44808974675,RMB mn,RMB,1,Forecast,Bull,SRC_MODEL_P3_FORECAST,Medium,Phase 3 formula model,,,,
CT_20260803_P3,中国电信,中国电信股份有限公司,中国电信股份有限公司及其子公司,2030,Annual,DIV_PAYOUT,派息率,Dividend,Equity,0.8200000000000001,%,,1,Forecast,Bull,SRC_MODEL_P3_FORECAST,Medium,Phase 3 formula model,,,,
CT_20260803_P3,中国电信,中国电信股份有限公司,中国电信股份有限公司及其子公司,2030,Annual,DIV_DPS_TOTAL,全年DPS,Dividend,Equity,0.5247289858738801,RMB/share,RMB,1,Forecast,Bull,SRC_MODEL_P3_FORECAST,Medium,Phase 3 formula model,,,,
CT_20260803_P3,中国电信,中国电信股份有限公司,中国电信股份有限公司及其子公司,2030,Annual,CF_DIVIDEND_COVER,分红现金覆盖倍数,Dividend,Equity,1.2491852891791138,x,,1,Forecast,Bull,SRC_MODEL_P3_FORECAST,Medium,Phase 3 formula model,,,,
CT_20260803_P3,中国电信,中国电信股份有限公司,中国电信股份有限公司及其子公司,2031,Annual,REV_TOC_MOBILE,ToC移动通信,Forecast Revenue,ToC,218821.50616142587,RMB mn,RMB,1,Forecast,Bull,SRC_MODEL_P3_FORECAST,Medium,Phase 3 formula model,,,,2025起点为Phase 2互斥收入桥接；并非公司披露分部收入。
CT_20260803_P3,中国电信,中国电信股份有限公司,中国电信股份有限公司及其子公司,2031,Annual,REV_HOME,家庭宽带与智慧家庭,Forecast Revenue,Home,146230.35552965576,RMB mn,RMB,1,Forecast,Bull,SRC_MODEL_P3_FORECAST,Medium,Phase 3 formula model,,,,2025起点为Phase 2互斥收入桥接；并非公司披露分部收入。
CT_20260803_P3,中国电信,中国电信股份有限公司,中国电信股份有限公司及其子公司,2031,Annual,REV_ENT_CONNECT,企业连接与传统网络,Forecast Revenue,Enterprise,23288.2767117,RMB mn,RMB,1,Forecast,Bull,SRC_MODEL_P3_FORECAST,Low,Phase 3 formula model,,,,2025起点为Phase 2互斥收入桥接；并非公司披露分部收入。
CT_20260803_P3,中国电信,中国电信股份有限公司,中国电信股份有限公司及其子公司,2031,Annual,REV_CLOUD_NONAI,非AI云与数字化,Forecast Revenue,Cloud,120978.16239902088,RMB mn,RMB,1,Forecast,Bull,SRC_MODEL_P3_FORECAST,Low,Phase 3 formula model,,,,2025起点为Phase 2互斥收入桥接；并非公司披露分部收入。
CT_20260803_P3,中国电信,中国电信股份有限公司,中国电信股份有限公司及其子公司,2031,Annual,REV_AI_AIDC,AI/AIDC与智算,Forecast Revenue,AI/AIDC,111040.27407028798,RMB mn,RMB,1,Forecast,Bull,SRC_MODEL_P3_FORECAST,Low,Phase 3 formula model,,,,2025起点为Phase 2互斥收入桥接；并非公司披露分部收入。
CT_20260803_P3,中国电信,中国电信股份有限公司,中国电信股份有限公司及其子公司,2031,Annual,REV_IOT,物联网,Forecast Revenue,IoT,33130.905600000006,RMB mn,RMB,1,Forecast,Bull,SRC_MODEL_P3_FORECAST,Low,Phase 3 formula model,,,,2025起点为Phase 2互斥收入桥接；并非公司披露分部收入。
CT_20260803_P3,中国电信,中国电信股份有限公司,中国电信股份有限公司及其子公司,2031,Annual,REV_TERMINAL,终端及设备销售,Forecast Revenue,Terminal,46320.83982279937,RMB mn,RMB,1,Forecast,Bull,SRC_MODEL_P3_FORECAST,Medium,Phase 3 formula model,,,,2025起点为Phase 2互斥收入桥接；并非公司披露分部收入。
CT_20260803_P3,中国电信,中国电信股份有限公司,中国电信股份有限公司及其子公司,2031,Annual,REV_WHOLESALE_OTHER,批发及其他服务,Forecast Revenue,Other,10289.578591857602,RMB mn,RMB,1,Forecast,Bull,SRC_MODEL_P3_FORECAST,Medium,Phase 3 formula model,,,,2025起点为Phase 2互斥收入桥接；并非公司披露分部收入。
CT_20260803_P3,中国电信,中国电信股份有限公司,中国电信股份有限公司及其子公司,2031,Annual,FIN_REV_TOTAL,营业收入,Forecast,Group,710099.8988867474,RMB mn,RMB,1,Forecast,Bull,SRC_MODEL_P3_FORECAST,Medium,Phase 3 formula model,,,,
CT_20260803_P3,中国电信,中国电信股份有限公司,中国电信股份有限公司及其子公司,2031,Annual,FIN_REV_SERVICE,服务收入,Forecast,Group,663779.0590639481,RMB mn,RMB,1,Forecast,Bull,SRC_MODEL_P3_FORECAST,Medium,Phase 3 formula model,,,,
CT_20260803_P3,中国电信,中国电信股份有限公司,中国电信股份有限公司及其子公司,2031,Annual,FIN_EBIT,经营利润,Forecast,Group,73178.40250937307,RMB mn,RMB,1,Forecast,Bull,SRC_MODEL_P3_FORECAST,Medium,Phase 3 formula model,,,,
CT_20260803_P3,中国电信,中国电信股份有限公司,中国电信股份有限公司及其子公司,2031,Annual,FIN_EBIT_MARGIN,经营利润率,Forecast,Group,0.10305367262282088,%,,1,Forecast,Bull,SRC_MODEL_P3_FORECAST,Medium,Phase 3 formula model,,,,
CT_20260803_P3,中国电信,中国电信股份有限公司,中国电信股份有限公司及其子公司,2031,Annual,FIN_DA,折旧及摊销,Forecast,Group,113967.86925870957,RMB mn,RMB,1,Forecast,Bull,SRC_MODEL_P3_FORECAST,Medium,Phase 3 formula model,,,,
CT_20260803_P3,中国电信,中国电信股份有限公司,中国电信股份有限公司及其子公司,2031,Annual,FIN_EBITDA,EBITDA,Forecast,Group,187146.27176808263,RMB mn,RMB,1,Forecast,Bull,SRC_MODEL_P3_FORECAST,Medium,Phase 3 formula model,,,,
CT_20260803_P3,中国电信,中国电信股份有限公司,中国电信股份有限公司及其子公司,2031,Annual,FIN_EBITDA_MARGIN,EBITDA率,Forecast,Group,0.28194060841870133,%,,1,Forecast,Bull,SRC_MODEL_P3_FORECAST,Medium,Phase 3 formula model,,,,
CT_20260803_P3,中国电信,中国电信股份有限公司,中国电信股份有限公司及其子公司,2031,Annual,FIN_PBT,税前利润,Forecast,Group,76809.98631985237,RMB mn,RMB,1,Forecast,Bull,SRC_MODEL_P3_FORECAST,Medium,Phase 3 formula model,,,,
CT_20260803_P3,中国电信,中国电信股份有限公司,中国电信股份有限公司及其子公司,2031,Annual,FIN_TAX,所得税,Forecast,Group,16744.577017727817,RMB mn,RMB,1,Forecast,Bull,SRC_MODEL_P3_FORECAST,Medium,Phase 3 formula model,,,,
CT_20260803_P3,中国电信,中国电信股份有限公司,中国电信股份有限公司及其子公司,2031,Annual,FIN_NP_ATTR,归母净利润,Forecast,Group,60015.40930212455,RMB mn,RMB,1,Forecast,Bull,SRC_MODEL_P3_FORECAST,Medium,Phase 3 formula model,,,,
CT_20260803_P3,中国电信,中国电信股份有限公司,中国电信股份有限公司及其子公司,2031,Annual,FIN_NET_MARGIN,归母净利率,Forecast,Group,0.08451685375003314,%,,1,Forecast,Bull,SRC_MODEL_P3_FORECAST,Medium,Phase 3 formula model,,,,
CT_20260803_P3,中国电信,中国电信股份有限公司,中国电信股份有限公司及其子公司,2031,Annual,FIN_EPS_BASIC,基本每股收益,Forecast,Group,0.6558549437277991,RMB/share,RMB,1,Forecast,Bull,SRC_MODEL_P3_FORECAST,Medium,Phase 3 formula model,,,,
CT_20260803_P3,中国电信,中国电信股份有限公司,中国电信股份有限公司及其子公司,2031,Annual,DRV_AR_DSO,期末净应收DSO,Working Capital,Group,32.0,days,,1,Forecast,Bull,SRC_MODEL_P3_FORECAST,Medium,Phase 3 formula model,,,,
CT_20260803_P3,中国电信,中国电信股份有限公司,中国电信股份有限公司及其子公司,2031,Annual,BS_AR_NET,应收账款净额,Working Capital,Group,58194.32846588038,RMB mn,RMB,1,Forecast,Bull,SRC_MODEL_P3_FORECAST,Medium,Phase 3 formula model,,,,
CT_20260803_P3,中国电信,中国电信股份有限公司,中国电信股份有限公司及其子公司,2031,Annual,CF_WC_CHANGE,营运资本增加,Cash Flow,Group,1196.7593737534794,RMB mn,RMB,1,Forecast,Bull,SRC_MODEL_P3_FORECAST,Medium,Phase 3 formula model,,,,
CT_20260803_P3,中国电信,中国电信股份有限公司,中国电信股份有限公司及其子公司,2031,Annual,CF_CFO,经营活动现金流,Cash Flow,Group,171842.21329679724,RMB mn,RMB,1,Forecast,Bull,SRC_MODEL_P3_FORECAST,Medium,Phase 3 formula model,,,,
CT_20260803_P3,中国电信,中国电信股份有限公司,中国电信股份有限公司及其子公司,2031,Annual,CF_CAPEX,资本开支,Cash Flow,Group,93733.18665305067,RMB mn,RMB,1,Forecast,Bull,SRC_MODEL_P3_FORECAST,Medium,Phase 3 formula model,,,,
CT_20260803_P3,中国电信,中国电信股份有限公司,中国电信股份有限公司及其子公司,2031,Annual,CF_CAPEX_RATE,资本开支率,Cash Flow,Group,0.132,%,,1,Forecast,Bull,SRC_MODEL_P3_FORECAST,Medium,Phase 3 formula model,,,,
CT_20260803_P3,中国电信,中国电信股份有限公司,中国电信股份有限公司及其子公司,2031,Annual,CF_FCFF_MODEL,模型FCFF,Cash Flow,Group,76263.43399423517,RMB mn,RMB,1,Forecast,Bull,SRC_MODEL_P3_FORECAST,Medium,Phase 3 formula model,,,,
CT_20260803_P3,中国电信,中国电信股份有限公司,中国电信股份有限公司及其子公司,2031,Annual,CF_DISTRIBUTABLE,股东可分配现金,Cash Flow,Group,62723.026643746576,RMB mn,RMB,1,Forecast,Bull,SRC_MODEL_P3_FORECAST,Medium,Phase 3 formula model,,,,
CT_20260803_P3,中国电信,中国电信股份有限公司,中国电信股份有限公司及其子公司,2031,Annual,DIV_CASH_TOTAL,现金分红总额,Dividend,Equity,49212.63562774213,RMB mn,RMB,1,Forecast,Bull,SRC_MODEL_P3_FORECAST,Medium,Phase 3 formula model,,,,
CT_20260803_P3,中国电信,中国电信股份有限公司,中国电信股份有限公司及其子公司,2031,Annual,DIV_PAYOUT,派息率,Dividend,Equity,0.82,%,,1,Forecast,Bull,SRC_MODEL_P3_FORECAST,Medium,Phase 3 formula model,,,,
CT_20260803_P3,中国电信,中国电信股份有限公司,中国电信股份有限公司及其子公司,2031,Annual,DIV_DPS_TOTAL,全年DPS,Dividend,Equity,0.5378010538567952,RMB/share,RMB,1,Forecast,Bull,SRC_MODEL_P3_FORECAST,Medium,Phase 3 formula model,,,,
CT_20260803_P3,中国电信,中国电信股份有限公司,中国电信股份有限公司及其子公司,2031,Annual,CF_DIVIDEND_COVER,分红现金覆盖倍数,Dividend,Equity,1.2745309379119776,x,,1,Forecast,Bull,SRC_MODEL_P3_FORECAST,Medium,Phase 3 formula model,,,,
CT_20260803_P3,中国电信,中国电信股份有限公司,中国电信股份有限公司及其子公司,2032,Annual,REV_TOC_MOBILE,ToC移动通信,Forecast Revenue,ToC,223197.9362846544,RMB mn,RMB,1,Forecast,Bull,SRC_MODEL_P3_FORECAST,Medium,Phase 3 formula model,,,,2025起点为Phase 2互斥收入桥接；并非公司披露分部收入。
CT_20260803_P3,中国电信,中国电信股份有限公司,中国电信股份有限公司及其子公司,2032,Annual,REV_HOME,家庭宽带与智慧家庭,Forecast Revenue,Home,149154.96264024888,RMB mn,RMB,1,Forecast,Bull,SRC_MODEL_P3_FORECAST,Medium,Phase 3 formula model,,,,2025起点为Phase 2互斥收入桥接；并非公司披露分部收入。
CT_20260803_P3,中国电信,中国电信股份有限公司,中国电信股份有限公司及其子公司,2032,Annual,REV_ENT_CONNECT,企业连接与传统网络,Forecast Revenue,Enterprise,23754.042245934,RMB mn,RMB,1,Forecast,Bull,SRC_MODEL_P3_FORECAST,Low,Phase 3 formula model,,,,2025起点为Phase 2互斥收入桥接；并非公司披露分部收入。
CT_20260803_P3,中国电信,中国电信股份有限公司,中国电信股份有限公司及其子公司,2032,Annual,REV_CLOUD_NONAI,非AI云与数字化,Forecast Revenue,Cloud,123397.7256470013,RMB mn,RMB,1,Forecast,Bull,SRC_MODEL_P3_FORECAST,Low,Phase 3 formula model,,,,2025起点为Phase 2互斥收入桥接；并非公司披露分部收入。
CT_20260803_P3,中国电信,中国电信股份有限公司,中国电信股份有限公司及其子公司,2032,Annual,REV_AI_AIDC,AI/AIDC与智算,Forecast Revenue,AI/AIDC,113261.07955169375,RMB mn,RMB,1,Forecast,Bull,SRC_MODEL_P3_FORECAST,Low,Phase 3 formula model,,,,2025起点为Phase 2互斥收入桥接；并非公司披露分部收入。
CT_20260803_P3,中国电信,中国电信股份有限公司,中国电信股份有限公司及其子公司,2032,Annual,REV_IOT,物联网,Forecast Revenue,IoT,33793.52371200001,RMB mn,RMB,1,Forecast,Bull,SRC_MODEL_P3_FORECAST,Low,Phase 3 formula model,,,,2025起点为Phase 2互斥收入桥接；并非公司披露分部收入。
CT_20260803_P3,中国电信,中国电信股份有限公司,中国电信股份有限公司及其子公司,2032,Annual,REV_TERMINAL,终端及设备销售,Forecast Revenue,Terminal,47247.25661925536,RMB mn,RMB,1,Forecast,Bull,SRC_MODEL_P3_FORECAST,Medium,Phase 3 formula model,,,,2025起点为Phase 2互斥收入桥接；并非公司披露分部收入。
CT_20260803_P3,中国电信,中国电信股份有限公司,中国电信股份有限公司及其子公司,2032,Annual,REV_WHOLESALE_OTHER,批发及其他服务,Forecast Revenue,Other,10495.370163694754,RMB mn,RMB,1,Forecast,Bull,SRC_MODEL_P3_FORECAST,Medium,Phase 3 formula model,,,,2025起点为Phase 2互斥收入桥接；并非公司披露分部收入。
CT_20260803_P3,中国电信,中国电信股份有限公司,中国电信股份有限公司及其子公司,2032,Annual,FIN_REV_TOTAL,营业收入,Forecast,Group,724301.8968644824,RMB mn,RMB,1,Forecast,Bull,SRC_MODEL_P3_FORECAST,Medium,Phase 3 formula model,,,,
CT_20260803_P3,中国电信,中国电信股份有限公司,中国电信股份有限公司及其子公司,2032,Annual,FIN_REV_SERVICE,服务收入,Forecast,Group,677054.640245227,RMB mn,RMB,1,Forecast,Bull,SRC_MODEL_P3_FORECAST,Medium,Phase 3 formula model,,,,
CT_20260803_P3,中国电信,中国电信股份有限公司,中国电信股份有限公司及其子公司,2032,Annual,FIN_EBIT,经营利润,Forecast,Group,74994.40271236307,RMB mn,RMB,1,Forecast,Bull,SRC_MODEL_P3_FORECAST,Medium,Phase 3 formula model,,,,
CT_20260803_P3,中国电信,中国电信股份有限公司,中国电信股份有限公司及其子公司,2032,Annual,FIN_EBIT_MARGIN,经营利润率,Forecast,Group,0.10354025446711565,%,,1,Forecast,Bull,SRC_MODEL_P3_FORECAST,Medium,Phase 3 formula model,,,,
CT_20260803_P3,中国电信,中国电信股份有限公司,中国电信股份有限公司及其子公司,2032,Annual,FIN_DA,折旧及摊销,Forecast,Group,116323.38176434621,RMB mn,RMB,1,Forecast,Bull,SRC_MODEL_P3_FORECAST,Medium,Phase 3 formula model,,,,
CT_20260803_P3,中国电信,中国电信股份有限公司,中国电信股份有限公司及其子公司,2032,Annual,FIN_EBITDA,EBITDA,Forecast,Group,191317.78447670926,RMB mn,RMB,1,Forecast,Bull,SRC_MODEL_P3_FORECAST,Medium,Phase 3 formula model,,,,
CT_20260803_P3,中国电信,中国电信股份有限公司,中国电信股份有限公司及其子公司,2032,Annual,FIN_EBITDA_MARGIN,EBITDA率,Forecast,Group,0.2825736256787407,%,,1,Forecast,Bull,SRC_MODEL_P3_FORECAST,Medium,Phase 3 formula model,,,,
CT_20260803_P3,中国电信,中国电信股份有限公司,中国电信股份有限公司及其子公司,2032,Annual,FIN_PBT,税前利润,Forecast,Group,78718.58329480131,RMB mn,RMB,1,Forecast,Bull,SRC_MODEL_P3_FORECAST,Medium,Phase 3 formula model,,,,
CT_20260803_P3,中国电信,中国电信股份有限公司,中国电信股份有限公司及其子公司,2032,Annual,FIN_TAX,所得税,Forecast,Group,17160.651158266686,RMB mn,RMB,1,Forecast,Bull,SRC_MODEL_P3_FORECAST,Medium,Phase 3 formula model,,,,
CT_20260803_P3,中国电信,中国电信股份有限公司,中国电信股份有限公司及其子公司,2032,Annual,FIN_NP_ATTR,归母净利润,Forecast,Group,61507.932136534626,RMB mn,RMB,1,Forecast,Bull,SRC_MODEL_P3_FORECAST,Medium,Phase 3 formula model,,,,
CT_20260803_P3,中国电信,中国电信股份有限公司,中国电信股份有限公司及其子公司,2032,Annual,FIN_NET_MARGIN,归母净利率,Forecast,Group,0.08492029691321216,%,,1,Forecast,Bull,SRC_MODEL_P3_FORECAST,Medium,Phase 3 formula model,,,,
CT_20260803_P3,中国电信,中国电信股份有限公司,中国电信股份有限公司及其子公司,2032,Annual,FIN_EPS_BASIC,基本每股收益,Forecast,Group,0.672165396175881,RMB/share,RMB,1,Forecast,Bull,SRC_MODEL_P3_FORECAST,Medium,Phase 3 formula model,,,,
CT_20260803_P3,中国电信,中国电信股份有限公司,中国电信股份有限公司及其子公司,2032,Annual,DRV_AR_DSO,期末净应收DSO,Working Capital,Group,32.0,days,,1,Forecast,Bull,SRC_MODEL_P3_FORECAST,Medium,Phase 3 formula model,,,,
CT_20260803_P3,中国电信,中国电信股份有限公司,中国电信股份有限公司及其子公司,2032,Annual,BS_AR_NET,应收账款净额,Working Capital,Group,59358.21503519799,RMB mn,RMB,1,Forecast,Bull,SRC_MODEL_P3_FORECAST,Medium,Phase 3 formula model,,,,
CT_20260803_P3,中国电信,中国电信股份有限公司,中国电信股份有限公司及其子公司,2032,Annual,CF_WC_CHANGE,营运资本增加,Cash Flow,Group,1220.694561228545,RMB mn,RMB,1,Forecast,Bull,SRC_MODEL_P3_FORECAST,Medium,Phase 3 formula model,,,,
CT_20260803_P3,中国电信,中国电信股份有限公司,中国电信股份有限公司及其子公司,2032,Annual,CF_CFO,经营活动现金流,Cash Flow,Group,175667.42733156323,RMB mn,RMB,1,Forecast,Bull,SRC_MODEL_P3_FORECAST,Medium,Phase 3 formula model,,,,
CT_20260803_P3,中国电信,中国电信股份有限公司,中国电信股份有限公司及其子公司,2032,Annual,CF_CAPEX,资本开支,Cash Flow,Group,95607.85038611169,RMB mn,RMB,1,Forecast,Bull,SRC_MODEL_P3_FORECAST,Medium,Phase 3 formula model,,,,
CT_20260803_P3,中国电信,中国电信股份有限公司,中国电信股份有限公司及其子公司,2032,Annual,CF_CAPEX_RATE,资本开支率,Cash Flow,Group,0.132,%,,1,Forecast,Bull,SRC_MODEL_P3_FORECAST,Medium,Phase 3 formula model,,,,
CT_20260803_P3,中国电信,中国电信股份有限公司,中国电信股份有限公司及其子公司,2032,Annual,CF_FCFF_MODEL,模型FCFF,Cash Flow,Group,78140.4597380739,RMB mn,RMB,1,Forecast,Bull,SRC_MODEL_P3_FORECAST,Medium,Phase 3 formula model,,,,
CT_20260803_P3,中国电信,中国电信股份有限公司,中国电信股份有限公司及其子公司,2032,Annual,CF_DISTRIBUTABLE,股东可分配现金,Cash Flow,Group,64981.29694545154,RMB mn,RMB,1,Forecast,Bull,SRC_MODEL_P3_FORECAST,Medium,Phase 3 formula model,,,,
CT_20260803_P3,中国电信,中国电信股份有限公司,中国电信股份有限公司及其子公司,2032,Annual,DIV_CASH_TOTAL,现金分红总额,Dividend,Equity,50436.50435195839,RMB mn,RMB,1,Forecast,Bull,SRC_MODEL_P3_FORECAST,Medium,Phase 3 formula model,,,,
CT_20260803_P3,中国电信,中国电信股份有限公司,中国电信股份有限公司及其子公司,2032,Annual,DIV_PAYOUT,派息率,Dividend,Equity,0.82,%,,1,Forecast,Bull,SRC_MODEL_P3_FORECAST,Medium,Phase 3 formula model,,,,
CT_20260803_P3,中国电信,中国电信股份有限公司,中国电信股份有限公司及其子公司,2032,Annual,DIV_DPS_TOTAL,全年DPS,Dividend,Equity,0.5511756248642223,RMB/share,RMB,1,Forecast,Bull,SRC_MODEL_P3_FORECAST,Medium,Phase 3 formula model,,,,
CT_20260803_P3,中国电信,中国电信股份有限公司,中国电信股份有限公司及其子公司,2032,Annual,CF_DIVIDEND_COVER,分红现金覆盖倍数,Dividend,Equity,1.288378284347305,x,,1,Forecast,Bull,SRC_MODEL_P3_FORECAST,Medium,Phase 3 formula model,,,,
CT_20260803_P3,中国电信,中国电信股份有限公司,中国电信股份有限公司及其子公司,2033,Annual,REV_TOC_MOBILE,ToC移动通信,Forecast Revenue,ToC,227661.89501034748,RMB mn,RMB,1,Forecast,Bull,SRC_MODEL_P3_FORECAST,Medium,Phase 3 formula model,,,,2025起点为Phase 2互斥收入桥接；并非公司披露分部收入。
CT_20260803_P3,中国电信,中国电信股份有限公司,中国电信股份有限公司及其子公司,2033,Annual,REV_HOME,家庭宽带与智慧家庭,Forecast Revenue,Home,152138.06189305385,RMB mn,RMB,1,Forecast,Bull,SRC_MODEL_P3_FORECAST,Medium,Phase 3 formula model,,,,2025起点为Phase 2互斥收入桥接；并非公司披露分部收入。
CT_20260803_P3,中国电信,中国电信股份有限公司,中国电信股份有限公司及其子公司,2033,Annual,REV_ENT_CONNECT,企业连接与传统网络,Forecast Revenue,Enterprise,24229.12309085268,RMB mn,RMB,1,Forecast,Bull,SRC_MODEL_P3_FORECAST,Low,Phase 3 formula model,,,,2025起点为Phase 2互斥收入桥接；并非公司披露分部收入。
CT_20260803_P3,中国电信,中国电信股份有限公司,中国电信股份有限公司及其子公司,2033,Annual,REV_CLOUD_NONAI,非AI云与数字化,Forecast Revenue,Cloud,125865.68015994132,RMB mn,RMB,1,Forecast,Bull,SRC_MODEL_P3_FORECAST,Low,Phase 3 formula model,,,,2025起点为Phase 2互斥收入桥接；并非公司披露分部收入。
CT_20260803_P3,中国电信,中国电信股份有限公司,中国电信股份有限公司及其子公司,2033,Annual,REV_AI_AIDC,AI/AIDC与智算,Forecast Revenue,AI/AIDC,115526.30114272762,RMB mn,RMB,1,Forecast,Bull,SRC_MODEL_P3_FORECAST,Low,Phase 3 formula model,,,,2025起点为Phase 2互斥收入桥接；并非公司披露分部收入。
CT_20260803_P3,中国电信,中国电信股份有限公司,中国电信股份有限公司及其子公司,2033,Annual,REV_IOT,物联网,Forecast Revenue,IoT,34469.39418624001,RMB mn,RMB,1,Forecast,Bull,SRC_MODEL_P3_FORECAST,Low,Phase 3 formula model,,,,2025起点为Phase 2互斥收入桥接；并非公司披露分部收入。
CT_20260803_P3,中国电信,中国电信股份有限公司,中国电信股份有限公司及其子公司,2033,Annual,REV_TERMINAL,终端及设备销售,Forecast Revenue,Terminal,48192.20175164047,RMB mn,RMB,1,Forecast,Bull,SRC_MODEL_P3_FORECAST,Medium,Phase 3 formula model,,,,2025起点为Phase 2互斥收入桥接；并非公司披露分部收入。
CT_20260803_P3,中国电信,中国电信股份有限公司,中国电信股份有限公司及其子公司,2033,Annual,REV_WHOLESALE_OTHER,批发及其他服务,Forecast Revenue,Other,10705.277566968649,RMB mn,RMB,1,Forecast,Bull,SRC_MODEL_P3_FORECAST,Medium,Phase 3 formula model,,,,2025起点为Phase 2互斥收入桥接；并非公司披露分部收入。
CT_20260803_P3,中国电信,中国电信股份有限公司,中国电信股份有限公司及其子公司,2033,Annual,FIN_REV_TOTAL,营业收入,Forecast,Group,738787.9348017721,RMB mn,RMB,1,Forecast,Bull,SRC_MODEL_P3_FORECAST,Medium,Phase 3 formula model,,,,
CT_20260803_P3,中国电信,中国电信股份有限公司,中国电信股份有限公司及其子公司,2033,Annual,FIN_REV_SERVICE,服务收入,Forecast,Group,690595.7330501317,RMB mn,RMB,1,Forecast,Bull,SRC_MODEL_P3_FORECAST,Medium,Phase 3 formula model,,,,
CT_20260803_P3,中国电信,中国电信股份有限公司,中国电信股份有限公司及其子公司,2033,Annual,FIN_EBIT,经营利润,Forecast,Group,76853.77156246892,RMB mn,RMB,1,Forecast,Bull,SRC_MODEL_P3_FORECAST,Medium,Phase 3 formula model,,,,
CT_20260803_P3,中国电信,中国电信股份有限公司,中国电信股份有限公司及其子公司,2033,Annual,FIN_EBIT_MARGIN,经营利润率,Forecast,Group,0.10402683631141044,%,,1,Forecast,Bull,SRC_MODEL_P3_FORECAST,Medium,Phase 3 formula model,,,,
CT_20260803_P3,中国电信,中国电信股份有限公司,中国电信股份有限公司及其子公司,2033,Annual,FIN_DA,折旧及摊销,Forecast,Group,118719.91211045858,RMB mn,RMB,1,Forecast,Bull,SRC_MODEL_P3_FORECAST,Medium,Phase 3 formula model,,,,
CT_20260803_P3,中国电信,中国电信股份有限公司,中国电信股份有限公司及其子公司,2033,Annual,FIN_EBITDA,EBITDA,Forecast,Group,195573.6836729275,RMB mn,RMB,1,Forecast,Bull,SRC_MODEL_P3_FORECAST,Medium,Phase 3 formula model,,,,
CT_20260803_P3,中国电信,中国电信股份有限公司,中国电信股份有限公司及其子公司,2033,Annual,FIN_EBITDA_MARGIN,EBITDA率,Forecast,Group,0.28319561548569605,%,,1,Forecast,Bull,SRC_MODEL_P3_FORECAST,Medium,Phase 3 formula model,,,,
CT_20260803_P3,中国电信,中国电信股份有限公司,中国电信股份有限公司及其子公司,2033,Annual,FIN_PBT,税前利润,Forecast,Group,80671.40259751785,RMB mn,RMB,1,Forecast,Bull,SRC_MODEL_P3_FORECAST,Medium,Phase 3 formula model,,,,
CT_20260803_P3,中国电信,中国电信股份有限公司,中国电信股份有限公司及其子公司,2033,Annual,FIN_TAX,所得税,Forecast,Group,17586.365766258892,RMB mn,RMB,1,Forecast,Bull,SRC_MODEL_P3_FORECAST,Medium,Phase 3 formula model,,,,
CT_20260803_P3,中国电信,中国电信股份有限公司,中国电信股份有限公司及其子公司,2033,Annual,FIN_NP_ATTR,归母净利润,Forecast,Group,63035.036831258956,RMB mn,RMB,1,Forecast,Bull,SRC_MODEL_P3_FORECAST,Medium,Phase 3 formula model,,,,
CT_20260803_P3,中国电信,中国电信股份有限公司,中国电信股份有限公司及其子公司,2033,Annual,FIN_NET_MARGIN,归母净利率,Forecast,Group,0.08532223370455042,%,,1,Forecast,Bull,SRC_MODEL_P3_FORECAST,Medium,Phase 3 formula model,,,,
CT_20260803_P3,中国电信,中国电信股份有限公司,中国电信股份有限公司及其子公司,2033,Annual,FIN_EPS_BASIC,基本每股收益,Forecast,Group,0.6888537629681979,RMB/share,RMB,1,Forecast,Bull,SRC_MODEL_P3_FORECAST,Medium,Phase 3 formula model,,,,
CT_20260803_P3,中国电信,中国电信股份有限公司,中国电信股份有限公司及其子公司,2033,Annual,DRV_AR_DSO,期末净应收DSO,Working Capital,Group,32.0,days,,1,Forecast,Bull,SRC_MODEL_P3_FORECAST,Medium,Phase 3 formula model,,,,
CT_20260803_P3,中国电信,中国电信股份有限公司,中国电信股份有限公司及其子公司,2033,Annual,BS_AR_NET,应收账款净额,Working Capital,Group,60545.379335901955,RMB mn,RMB,1,Forecast,Bull,SRC_MODEL_P3_FORECAST,Medium,Phase 3 formula model,,,,
CT_20260803_P3,中国电信,中国电信股份有限公司,中国电信股份有限公司及其子公司,2033,Annual,CF_WC_CHANGE,营运资本增加,Cash Flow,Group,1245.1084524531261,RMB mn,RMB,1,Forecast,Bull,SRC_MODEL_P3_FORECAST,Medium,Phase 3 formula model,,,,
CT_20260803_P3,中国电信,中国电信股份有限公司,中国电信股份有限公司及其子公司,2033,Annual,CF_CFO,经营活动现金流,Cash Flow,Group,179567.78464101357,RMB mn,RMB,1,Forecast,Bull,SRC_MODEL_P3_FORECAST,Medium,Phase 3 formula model,,,,
CT_20260803_P3,中国电信,中国电信股份有限公司,中国电信股份有限公司及其子公司,2033,Annual,CF_CAPEX,资本开支,Cash Flow,Group,97520.00739383392,RMB mn,RMB,1,Forecast,Bull,SRC_MODEL_P3_FORECAST,Medium,Phase 3 formula model,,,,
CT_20260803_P3,中国电信,中国电信股份有限公司,中国电信股份有限公司及其子公司,2033,Annual,CF_CAPEX_RATE,资本开支率,Cash Flow,Group,0.132,%,,1,Forecast,Bull,SRC_MODEL_P3_FORECAST,Medium,Phase 3 formula model,,,,
CT_20260803_P3,中国电信,中国电信股份有限公司,中国电信股份有限公司及其子公司,2033,Annual,CF_FCFF_MODEL,模型FCFF,Cash Flow,Group,80054.44562602224,RMB mn,RMB,1,Forecast,Bull,SRC_MODEL_P3_FORECAST,Medium,Phase 3 formula model,,,,
CT_20260803_P3,中国电信,中国电信股份有限公司,中国电信股份有限公司及其子公司,2033,Annual,CF_DISTRIBUTABLE,股东可分配现金,Cash Flow,Group,67271.06284717965,RMB mn,RMB,1,Forecast,Bull,SRC_MODEL_P3_FORECAST,Medium,Phase 3 formula model,,,,
CT_20260803_P3,中国电信,中国电信股份有限公司,中国电信股份有限公司及其子公司,2033,Annual,DIV_CASH_TOTAL,现金分红总额,Dividend,Equity,51688.73020163234,RMB mn,RMB,1,Forecast,Bull,SRC_MODEL_P3_FORECAST,Medium,Phase 3 formula model,,,,
CT_20260803_P3,中国电信,中国电信股份有限公司,中国电信股份有限公司及其子公司,2033,Annual,DIV_PAYOUT,派息率,Dividend,Equity,0.8199999999999998,%,,1,Forecast,Bull,SRC_MODEL_P3_FORECAST,Medium,Phase 3 formula model,,,,
CT_20260803_P3,中国电信,中国电信股份有限公司,中国电信股份有限公司及其子公司,2033,Annual,DIV_DPS_TOTAL,全年DPS,Dividend,Equity,0.5648600856339222,RMB/share,RMB,1,Forecast,Bull,SRC_MODEL_P3_FORECAST,Medium,Phase 3 formula model,,,,
CT_20260803_P3,中国电信,中国电信股份有限公司,中国电信股份有限公司及其子公司,2033,Annual,CF_DIVIDEND_COVER,分红现金覆盖倍数,Dividend,Equity,1.3014647987049066,x,,1,Forecast,Bull,SRC_MODEL_P3_FORECAST,Medium,Phase 3 formula model,,,,
CT_20260803_P3,中国电信,中国电信股份有限公司,中国电信股份有限公司及其子公司,2034,Annual,REV_TOC_MOBILE,ToC移动通信,Forecast Revenue,ToC,232215.13291055444,RMB mn,RMB,1,Forecast,Bull,SRC_MODEL_P3_FORECAST,Medium,Phase 3 formula model,,,,2025起点为Phase 2互斥收入桥接；并非公司披露分部收入。
CT_20260803_P3,中国电信,中国电信股份有限公司,中国电信股份有限公司及其子公司,2034,Annual,REV_HOME,家庭宽带与智慧家庭,Forecast Revenue,Home,155180.82313091494,RMB mn,RMB,1,Forecast,Bull,SRC_MODEL_P3_FORECAST,Medium,Phase 3 formula model,,,,2025起点为Phase 2互斥收入桥接；并非公司披露分部收入。
CT_20260803_P3,中国电信,中国电信股份有限公司,中国电信股份有限公司及其子公司,2034,Annual,REV_ENT_CONNECT,企业连接与传统网络,Forecast Revenue,Enterprise,24713.705552669737,RMB mn,RMB,1,Forecast,Bull,SRC_MODEL_P3_FORECAST,Low,Phase 3 formula model,,,,2025起点为Phase 2互斥收入桥接；并非公司披露分部收入。
CT_20260803_P3,中国电信,中国电信股份有限公司,中国电信股份有限公司及其子公司,2034,Annual,REV_CLOUD_NONAI,非AI云与数字化,Forecast Revenue,Cloud,128382.99376314014,RMB mn,RMB,1,Forecast,Bull,SRC_MODEL_P3_FORECAST,Low,Phase 3 formula model,,,,2025起点为Phase 2互斥收入桥接；并非公司披露分部收入。
CT_20260803_P3,中国电信,中国电信股份有限公司,中国电信股份有限公司及其子公司,2034,Annual,REV_AI_AIDC,AI/AIDC与智算,Forecast Revenue,AI/AIDC,117836.82716558217,RMB mn,RMB,1,Forecast,Bull,SRC_MODEL_P3_FORECAST,Low,Phase 3 formula model,,,,2025起点为Phase 2互斥收入桥接；并非公司披露分部收入。
CT_20260803_P3,中国电信,中国电信股份有限公司,中国电信股份有限公司及其子公司,2034,Annual,REV_IOT,物联网,Forecast Revenue,IoT,35158.78206996481,RMB mn,RMB,1,Forecast,Bull,SRC_MODEL_P3_FORECAST,Low,Phase 3 formula model,,,,2025起点为Phase 2互斥收入桥接；并非公司披露分部收入。
CT_20260803_P3,中国电信,中国电信股份有限公司,中国电信股份有限公司及其子公司,2034,Annual,REV_TERMINAL,终端及设备销售,Forecast Revenue,Terminal,49156.045786673276,RMB mn,RMB,1,Forecast,Bull,SRC_MODEL_P3_FORECAST,Medium,Phase 3 formula model,,,,2025起点为Phase 2互斥收入桥接；并非公司披露分部收入。
CT_20260803_P3,中国电信,中国电信股份有限公司,中国电信股份有限公司及其子公司,2034,Annual,REV_WHOLESALE_OTHER,批发及其他服务,Forecast Revenue,Other,10919.383118308022,RMB mn,RMB,1,Forecast,Bull,SRC_MODEL_P3_FORECAST,Medium,Phase 3 formula model,,,,2025起点为Phase 2互斥收入桥接；并非公司披露分部收入。
CT_20260803_P3,中国电信,中国电信股份有限公司,中国电信股份有限公司及其子公司,2034,Annual,FIN_REV_TOTAL,营业收入,Forecast,Group,753563.6934978075,RMB mn,RMB,1,Forecast,Bull,SRC_MODEL_P3_FORECAST,Medium,Phase 3 formula model,,,,
CT_20260803_P3,中国电信,中国电信股份有限公司,中国电信股份有限公司及其子公司,2034,Annual,FIN_REV_SERVICE,服务收入,Forecast,Group,704407.6477111342,RMB mn,RMB,1,Forecast,Bull,SRC_MODEL_P3_FORECAST,Medium,Phase 3 formula model,,,,
CT_20260803_P3,中国电信,中国电信股份有限公司,中国电信股份有限公司及其子公司,2034,Annual,FIN_EBIT,经营利润,Forecast,Group,78757.51740549403,RMB mn,RMB,1,Forecast,Bull,SRC_MODEL_P3_FORECAST,Medium,Phase 3 formula model,,,,
CT_20260803_P3,中国电信,中国电信股份有限公司,中国电信股份有限公司及其子公司,2034,Annual,FIN_EBIT_MARGIN,经营利润率,Forecast,Group,0.10451341815570521,%,,1,Forecast,Bull,SRC_MODEL_P3_FORECAST,Medium,Phase 3 formula model,,,,
CT_20260803_P3,中国电信,中国电信股份有限公司,中国电信股份有限公司及其子公司,2034,Annual,FIN_DA,折旧及摊销,Forecast,Group,121158.76804662716,RMB mn,RMB,1,Forecast,Bull,SRC_MODEL_P3_FORECAST,Medium,Phase 3 formula model,,,,
CT_20260803_P3,中国电信,中国电信股份有限公司,中国电信股份有限公司及其子公司,2034,Annual,FIN_EBITDA,EBITDA,Forecast,Group,199916.28545212117,RMB mn,RMB,1,Forecast,Bull,SRC_MODEL_P3_FORECAST,Medium,Phase 3 formula model,,,,
CT_20260803_P3,中国电信,中国电信股份有限公司,中国电信股份有限公司及其子公司,2034,Annual,FIN_EBITDA_MARGIN,EBITDA率,Forecast,Group,0.2838076589624187,%,,1,Forecast,Bull,SRC_MODEL_P3_FORECAST,Medium,Phase 3 formula model,,,,
CT_20260803_P3,中国电信,中国电信股份有限公司,中国电信股份有限公司及其子公司,2034,Annual,FIN_PBT,税前利润,Forecast,Group,82669.51956015774,RMB mn,RMB,1,Forecast,Bull,SRC_MODEL_P3_FORECAST,Medium,Phase 3 formula model,,,,
CT_20260803_P3,中国电信,中国电信股份有限公司,中国电信股份有限公司及其子公司,2034,Annual,FIN_TAX,所得税,Forecast,Group,18021.95526411439,RMB mn,RMB,1,Forecast,Bull,SRC_MODEL_P3_FORECAST,Medium,Phase 3 formula model,,,,
CT_20260803_P3,中国电信,中国电信股份有限公司,中国电信股份有限公司及其子公司,2034,Annual,FIN_NP_ATTR,归母净利润,Forecast,Group,64597.564296043354,RMB mn,RMB,1,Forecast,Bull,SRC_MODEL_P3_FORECAST,Medium,Phase 3 formula model,,,,
CT_20260803_P3,中国电信,中国电信股份有限公司,中国电信股份有限公司及其子公司,2034,Annual,FIN_NET_MARGIN,归母净利率,Forecast,Group,0.08572276617547964,%,,1,Forecast,Bull,SRC_MODEL_P3_FORECAST,Medium,Phase 3 formula model,,,,
CT_20260803_P3,中国电信,中国电信股份有限公司,中国电信股份有限公司及其子公司,2034,Annual,FIN_EPS_BASIC,基本每股收益,Forecast,Group,0.7059292336582401,RMB/share,RMB,1,Forecast,Bull,SRC_MODEL_P3_FORECAST,Medium,Phase 3 formula model,,,,
CT_20260803_P3,中国电信,中国电信股份有限公司,中国电信股份有限公司及其子公司,2034,Annual,DRV_AR_DSO,期末净应收DSO,Working Capital,Group,32.0,days,,1,Forecast,Bull,SRC_MODEL_P3_FORECAST,Medium,Phase 3 formula model,,,,
CT_20260803_P3,中国电信,中国电信股份有限公司,中国电信股份有限公司及其子公司,2034,Annual,BS_AR_NET,应收账款净额,Working Capital,Group,61756.286922619984,RMB mn,RMB,1,Forecast,Bull,SRC_MODEL_P3_FORECAST,Medium,Phase 3 formula model,,,,
CT_20260803_P3,中国电信,中国电信股份有限公司,中国电信股份有限公司及其子公司,2034,Annual,CF_WC_CHANGE,营运资本增加,Cash Flow,Group,1270.0106215021706,RMB mn,RMB,1,Forecast,Bull,SRC_MODEL_P3_FORECAST,Medium,Phase 3 formula model,,,,
CT_20260803_P3,中国电信,中国电信股份有限公司,中国电信股份有限公司及其子公司,2034,Annual,CF_CFO,经营活动现金流,Cash Flow,Group,183545.42475595247,RMB mn,RMB,1,Forecast,Bull,SRC_MODEL_P3_FORECAST,Medium,Phase 3 formula model,,,,
CT_20260803_P3,中国电信,中国电信股份有限公司,中国电信股份有限公司及其子公司,2034,Annual,CF_CAPEX,资本开支,Cash Flow,Group,99470.40754171059,RMB mn,RMB,1,Forecast,Bull,SRC_MODEL_P3_FORECAST,Medium,Phase 3 formula model,,,,
CT_20260803_P3,中国电信,中国电信股份有限公司,中国电信股份有限公司及其子公司,2034,Annual,CF_CAPEX_RATE,资本开支率,Cash Flow,Group,0.132,%,,1,Forecast,Bull,SRC_MODEL_P3_FORECAST,Medium,Phase 3 formula model,,,,
CT_20260803_P3,中国电信,中国电信股份有限公司,中国电信股份有限公司及其子公司,2034,Annual,CF_FCFF_MODEL,模型FCFF,Cash Flow,Group,82006.72849451074,RMB mn,RMB,1,Forecast,Bull,SRC_MODEL_P3_FORECAST,Medium,Phase 3 formula model,,,,
CT_20260803_P3,中国电信,中国电信股份有限公司,中国电信股份有限公司及其子公司,2034,Annual,CF_DISTRIBUTABLE,股东可分配现金,Cash Flow,Group,69593.83710224187,RMB mn,RMB,1,Forecast,Bull,SRC_MODEL_P3_FORECAST,Medium,Phase 3 formula model,,,,
CT_20260803_P3,中国电信,中国电信股份有限公司,中国电信股份有限公司及其子公司,2034,Annual,DIV_CASH_TOTAL,现金分红总额,Dividend,Equity,52970.00272275555,RMB mn,RMB,1,Forecast,Bull,SRC_MODEL_P3_FORECAST,Medium,Phase 3 formula model,,,,
CT_20260803_P3,中国电信,中国电信股份有限公司,中国电信股份有限公司及其子公司,2034,Annual,DIV_PAYOUT,派息率,Dividend,Equity,0.82,%,,1,Forecast,Bull,SRC_MODEL_P3_FORECAST,Medium,Phase 3 formula model,,,,
CT_20260803_P3,中国电信,中国电信股份有限公司,中国电信股份有限公司及其子公司,2034,Annual,DIV_DPS_TOTAL,全年DPS,Dividend,Equity,0.5788619715997568,RMB/share,RMB,1,Forecast,Bull,SRC_MODEL_P3_FORECAST,Medium,Phase 3 formula model,,,,
CT_20260803_P3,中国电信,中国电信股份有限公司,中国电信股份有限公司及其子公司,2034,Annual,CF_DIVIDEND_COVER,分红现金覆盖倍数,Dividend,Equity,1.3138348787047511,x,,1,Forecast,Bull,SRC_MODEL_P3_FORECAST,Medium,Phase 3 formula model,,,,
CT_20260803_P3,中国电信,中国电信股份有限公司,中国电信股份有限公司及其子公司,2035,Annual,REV_TOC_MOBILE,ToC移动通信,Forecast Revenue,ToC,236859.43556876553,RMB mn,RMB,1,Forecast,Bull,SRC_MODEL_P3_FORECAST,Medium,Phase 3 formula model,,,,2025起点为Phase 2互斥收入桥接；并非公司披露分部收入。
CT_20260803_P3,中国电信,中国电信股份有限公司,中国电信股份有限公司及其子公司,2035,Annual,REV_HOME,家庭宽带与智慧家庭,Forecast Revenue,Home,158284.43959353323,RMB mn,RMB,1,Forecast,Bull,SRC_MODEL_P3_FORECAST,Medium,Phase 3 formula model,,,,2025起点为Phase 2互斥收入桥接；并非公司披露分部收入。
CT_20260803_P3,中国电信,中国电信股份有限公司,中国电信股份有限公司及其子公司,2035,Annual,REV_ENT_CONNECT,企业连接与传统网络,Forecast Revenue,Enterprise,25207.97966372313,RMB mn,RMB,1,Forecast,Bull,SRC_MODEL_P3_FORECAST,Low,Phase 3 formula model,,,,2025起点为Phase 2互斥收入桥接；并非公司披露分部收入。
CT_20260803_P3,中国电信,中国电信股份有限公司,中国电信股份有限公司及其子公司,2035,Annual,REV_CLOUD_NONAI,非AI云与数字化,Forecast Revenue,Cloud,130950.65363840295,RMB mn,RMB,1,Forecast,Bull,SRC_MODEL_P3_FORECAST,Low,Phase 3 formula model,,,,2025起点为Phase 2互斥收入桥接；并非公司披露分部收入。
CT_20260803_P3,中国电信,中国电信股份有限公司,中国电信股份有限公司及其子公司,2035,Annual,REV_AI_AIDC,AI/AIDC与智算,Forecast Revenue,AI/AIDC,120193.56370889382,RMB mn,RMB,1,Forecast,Bull,SRC_MODEL_P3_FORECAST,Low,Phase 3 formula model,,,,2025起点为Phase 2互斥收入桥接；并非公司披露分部收入。
CT_20260803_P3,中国电信,中国电信股份有限公司,中国电信股份有限公司及其子公司,2035,Annual,REV_IOT,物联网,Forecast Revenue,IoT,35861.957711364106,RMB mn,RMB,1,Forecast,Bull,SRC_MODEL_P3_FORECAST,Low,Phase 3 formula model,,,,2025起点为Phase 2互斥收入桥接；并非公司披露分部收入。
CT_20260803_P3,中国电信,中国电信股份有限公司,中国电信股份有限公司及其子公司,2035,Annual,REV_TERMINAL,终端及设备销售,Forecast Revenue,Terminal,50139.16670240674,RMB mn,RMB,1,Forecast,Bull,SRC_MODEL_P3_FORECAST,Medium,Phase 3 formula model,,,,2025起点为Phase 2互斥收入桥接；并非公司披露分部收入。
CT_20260803_P3,中国电信,中国电信股份有限公司,中国电信股份有限公司及其子公司,2035,Annual,REV_WHOLESALE_OTHER,批发及其他服务,Forecast Revenue,Other,11137.770780674182,RMB mn,RMB,1,Forecast,Bull,SRC_MODEL_P3_FORECAST,Medium,Phase 3 formula model,,,,2025起点为Phase 2互斥收入桥接；并非公司披露分部收入。
CT_20260803_P3,中国电信,中国电信股份有限公司,中国电信股份有限公司及其子公司,2035,Annual,FIN_REV_TOTAL,营业收入,Forecast,Group,768634.9673677637,RMB mn,RMB,1,Forecast,Bull,SRC_MODEL_P3_FORECAST,Medium,Phase 3 formula model,,,,
CT_20260803_P3,中国电信,中国电信股份有限公司,中国电信股份有限公司及其子公司,2035,Annual,FIN_REV_SERVICE,服务收入,Forecast,Group,718495.800665357,RMB mn,RMB,1,Forecast,Bull,SRC_MODEL_P3_FORECAST,Medium,Phase 3 formula model,,,,
CT_20260803_P3,中国电信,中国电信股份有限公司,中国电信股份有限公司及其子公司,2035,Annual,FIN_EBIT,经营利润,Forecast,Group,80706.6715736152,RMB mn,RMB,1,Forecast,Bull,SRC_MODEL_P3_FORECAST,Medium,Phase 3 formula model,,,,
CT_20260803_P3,中国电信,中国电信股份有限公司,中国电信股份有限公司及其子公司,2035,Annual,FIN_EBIT_MARGIN,经营利润率,Forecast,Group,0.105,%,,1,Forecast,Bull,SRC_MODEL_P3_FORECAST,Medium,Phase 3 formula model,,,,
CT_20260803_P3,中国电信,中国电信股份有限公司,中国电信股份有限公司及其子公司,2035,Annual,FIN_DA,折旧及摊销,Forecast,Group,123641.24448600237,RMB mn,RMB,1,Forecast,Bull,SRC_MODEL_P3_FORECAST,Medium,Phase 3 formula model,,,,
CT_20260803_P3,中国电信,中国电信股份有限公司,中国电信股份有限公司及其子公司,2035,Annual,FIN_EBITDA,EBITDA,Forecast,Group,204347.91605961756,RMB mn,RMB,1,Forecast,Bull,SRC_MODEL_P3_FORECAST,Medium,Phase 3 formula model,,,,
CT_20260803_P3,中国电信,中国电信股份有限公司,中国电信股份有限公司及其子公司,2035,Annual,FIN_EBITDA_MARGIN,EBITDA率,Forecast,Group,0.2844107312393237,%,,1,Forecast,Bull,SRC_MODEL_P3_FORECAST,Medium,Phase 3 formula model,,,,
CT_20260803_P3,中国电信,中国电信股份有限公司,中国电信股份有限公司及其子公司,2035,Annual,FIN_PBT,税前利润,Forecast,Group,84714.0313453403,RMB mn,RMB,1,Forecast,Bull,SRC_MODEL_P3_FORECAST,Medium,Phase 3 formula model,,,,
CT_20260803_P3,中国电信,中国电信股份有限公司,中国电信股份有限公司及其子公司,2035,Annual,FIN_TAX,所得税,Forecast,Group,18467.658833284186,RMB mn,RMB,1,Forecast,Bull,SRC_MODEL_P3_FORECAST,Medium,Phase 3 formula model,,,,
CT_20260803_P3,中国电信,中国电信股份有限公司,中国电信股份有限公司及其子公司,2035,Annual,FIN_NP_ATTR,归母净利润,Forecast,Group,66196.37251205611,RMB mn,RMB,1,Forecast,Bull,SRC_MODEL_P3_FORECAST,Medium,Phase 3 formula model,,,,
CT_20260803_P3,中国电信,中国电信股份有限公司,中国电信股份有限公司及其子公司,2035,Annual,FIN_NET_MARGIN,归母净利率,Forecast,Group,0.08612198939992223,%,,1,Forecast,Bull,SRC_MODEL_P3_FORECAST,Medium,Phase 3 formula model,,,,
CT_20260803_P3,中国电信,中国电信股份有限公司,中国电信股份有限公司及其子公司,2035,Annual,FIN_EPS_BASIC,基本每股收益,Forecast,Group,0.723401184357866,RMB/share,RMB,1,Forecast,Bull,SRC_MODEL_P3_FORECAST,Medium,Phase 3 formula model,,,,
CT_20260803_P3,中国电信,中国电信股份有限公司,中国电信股份有限公司及其子公司,2035,Annual,DRV_AR_DSO,期末净应收DSO,Working Capital,Group,32.0,days,,1,Forecast,Bull,SRC_MODEL_P3_FORECAST,Medium,Phase 3 formula model,,,,
CT_20260803_P3,中国电信,中国电信股份有限公司,中国电信股份有限公司及其子公司,2035,Annual,BS_AR_NET,应收账款净额,Working Capital,Group,62991.4126610724,RMB mn,RMB,1,Forecast,Bull,SRC_MODEL_P3_FORECAST,Medium,Phase 3 formula model,,,,
CT_20260803_P3,中国电信,中国电信股份有限公司,中国电信股份有限公司及其子公司,2035,Annual,CF_WC_CHANGE,营运资本增加,Cash Flow,Group,1295.4108339322393,RMB mn,RMB,1,Forecast,Bull,SRC_MODEL_P3_FORECAST,Medium,Phase 3 formula model,,,,
CT_20260803_P3,中国电信,中国电信股份有限公司,中国电信股份有限公司及其子公司,2035,Annual,CF_CFO,经营活动现金流,Cash Flow,Group,187602.49125960606,RMB mn,RMB,1,Forecast,Bull,SRC_MODEL_P3_FORECAST,Medium,Phase 3 formula model,,,,
CT_20260803_P3,中国电信,中国电信股份有限公司,中国电信股份有限公司及其子公司,2035,Annual,CF_CAPEX,资本开支,Cash Flow,Group,101459.81569254481,RMB mn,RMB,1,Forecast,Bull,SRC_MODEL_P3_FORECAST,Medium,Phase 3 formula model,,,,
CT_20260803_P3,中国电信,中国电信股份有限公司,中国电信股份有限公司及其子公司,2035,Annual,CF_CAPEX_RATE,资本开支率,Cash Flow,Group,0.132,%,,1,Forecast,Bull,SRC_MODEL_P3_FORECAST,Medium,Phase 3 formula model,,,,
CT_20260803_P3,中国电信,中国电信股份有限公司,中国电信股份有限公司及其子公司,2035,Annual,CF_FCFF_MODEL,模型FCFF,Cash Flow,Group,83998.63513009241,RMB mn,RMB,1,Forecast,Bull,SRC_MODEL_P3_FORECAST,Medium,Phase 3 formula model,,,,
CT_20260803_P3,中国电信,中国电信股份有限公司,中国电信股份有限公司及其子公司,2035,Annual,CF_DISTRIBUTABLE,股东可分配现金,Cash Flow,Group,71951.11905730124,RMB mn,RMB,1,Forecast,Bull,SRC_MODEL_P3_FORECAST,Medium,Phase 3 formula model,,,,
CT_20260803_P3,中国电信,中国电信股份有限公司,中国电信股份有限公司及其子公司,2035,Annual,DIV_CASH_TOTAL,现金分红总额,Dividend,Equity,54281.02545988601,RMB mn,RMB,1,Forecast,Bull,SRC_MODEL_P3_FORECAST,Medium,Phase 3 formula model,,,,
CT_20260803_P3,中国电信,中国电信股份有限公司,中国电信股份有限公司及其子公司,2035,Annual,DIV_PAYOUT,派息率,Dividend,Equity,0.82,%,,1,Forecast,Bull,SRC_MODEL_P3_FORECAST,Medium,Phase 3 formula model,,,,
CT_20260803_P3,中国电信,中国电信股份有限公司,中国电信股份有限公司及其子公司,2035,Annual,DIV_DPS_TOTAL,全年DPS,Dividend,Equity,0.59318897117345,RMB/share,RMB,1,Forecast,Bull,SRC_MODEL_P3_FORECAST,Medium,Phase 3 formula model,,,,
CT_20260803_P3,中国电信,中国电信股份有限公司,中国电信股份有限公司及其子公司,2035,Annual,CF_DIVIDEND_COVER,分红现金覆盖倍数,Dividend,Equity,1.3255298411868348,x,,1,Forecast,Bull,SRC_MODEL_P3_FORECAST,Medium,Phase 3 formula model,,,,
CT_20260803_P3,中国电信,中国电信股份有限公司,中国电信股份有限公司及其子公司,2026,Annual,CHECK_Q1_COMPLETION_FIN_REV_TOTAL,营业收入Q1完成率,Forecast Validation,2026Q1,0.24736822724226412,%,,1,Forecast,Base,SRC_MODEL_P3_FORECAST,Medium,Phase 3 formula model,,,,Q1实际/2026全年Base预测。
CT_20260803_P3,中国电信,中国电信股份有限公司,中国电信股份有限公司及其子公司,2026,Annual,CHECK_Q1_ANNUALISED_GAP_FIN_REV_TOTAL,营业收入四倍年化偏差,Forecast Validation,2026Q1,-0.010527091030943514,%,,1,Forecast,Base,SRC_MODEL_P3_FORECAST,Medium,Phase 3 formula model,,,,只用于识别偏差；利润、现金流和资本开支存在季节性。
CT_20260803_P3,中国电信,中国电信股份有限公司,中国电信股份有限公司及其子公司,2026,Annual,CHECK_Q1_COMPLETION_FIN_REV_SERVICE,服务收入Q1完成率,Forecast Validation,2026Q1,0.24893288645091352,%,,1,Forecast,Base,SRC_MODEL_P3_FORECAST,Medium,Phase 3 formula model,,,,Q1实际/2026全年Base预测。
CT_20260803_P3,中国电信,中国电信股份有限公司,中国电信股份有限公司及其子公司,2026,Annual,CHECK_Q1_ANNUALISED_GAP_FIN_REV_SERVICE,服务收入四倍年化偏差,Forecast Validation,2026Q1,-0.004268454196345917,%,,1,Forecast,Base,SRC_MODEL_P3_FORECAST,Medium,Phase 3 formula model,,,,只用于识别偏差；利润、现金流和资本开支存在季节性。
CT_20260803_P3,中国电信,中国电信股份有限公司,中国电信股份有限公司及其子公司,2026,Annual,CHECK_Q1_COMPLETION_FIN_EBITDA,EBITDAQ1完成率,Forecast Validation,2026Q1,0.23403512268199717,%,,1,Forecast,Base,SRC_MODEL_P3_FORECAST,Medium,Phase 3 formula model,,,,Q1实际/2026全年Base预测。
CT_20260803_P3,中国电信,中国电信股份有限公司,中国电信股份有限公司及其子公司,2026,Annual,CHECK_Q1_ANNUALISED_GAP_FIN_EBITDA,EBITDA四倍年化偏差,Forecast Validation,2026Q1,-0.06385950927201134,%,,1,Forecast,Base,SRC_MODEL_P3_FORECAST,Medium,Phase 3 formula model,,,,只用于识别偏差；利润、现金流和资本开支存在季节性。
CT_20260803_P3,中国电信,中国电信股份有限公司,中国电信股份有限公司及其子公司,2026,Annual,CHECK_Q1_COMPLETION_FIN_NP_ATTR,归母净利润Q1完成率,Forecast Validation,2026Q1,0.21885442273046185,%,,1,Forecast,Base,SRC_MODEL_P3_FORECAST,Medium,Phase 3 formula model,,,,Q1实际/2026全年Base预测。
CT_20260803_P3,中国电信,中国电信股份有限公司,中国电信股份有限公司及其子公司,2026,Annual,CHECK_Q1_ANNUALISED_GAP_FIN_NP_ATTR,归母净利润四倍年化偏差,Forecast Validation,2026Q1,-0.1245823090781526,%,,1,Forecast,Base,SRC_MODEL_P3_FORECAST,Medium,Phase 3 formula model,,,,只用于识别偏差；利润、现金流和资本开支存在季节性。
CT_20260803_P3,中国电信,中国电信股份有限公司,中国电信股份有限公司及其子公司,2026,Annual,CHECK_Q1_COMPLETION_CF_CFO,经营现金流Q1完成率,Forecast Validation,2026Q1,0.17122036197042345,%,,1,Forecast,Base,SRC_MODEL_P3_FORECAST,Medium,Phase 3 formula model,,,,Q1实际/2026全年Base预测。
CT_20260803_P3,中国电信,中国电信股份有限公司,中国电信股份有限公司及其子公司,2026,Annual,CHECK_Q1_ANNUALISED_GAP_CF_CFO,经营现金流四倍年化偏差,Forecast Validation,2026Q1,-0.3151185521183062,%,,1,Forecast,Base,SRC_MODEL_P3_FORECAST,Medium,Phase 3 formula model,,,,只用于识别偏差；利润、现金流和资本开支存在季节性。
CT_20260803_P3,中国电信,中国电信股份有限公司,中国电信股份有限公司及其子公司,2026,Annual,CHECK_Q1_COMPLETION_CF_CAPEX,资本开支Q1完成率,Forecast Validation,2026Q1,0.20123287671232876,%,,1,Forecast,Base,SRC_MODEL_P3_FORECAST,Medium,Phase 3 formula model,,,,Q1实际/2026全年Base预测。
CT_20260803_P3,中国电信,中国电信股份有限公司,中国电信股份有限公司及其子公司,2026,Annual,CHECK_Q1_ANNUALISED_GAP_CF_CAPEX,资本开支四倍年化偏差,Forecast Validation,2026Q1,-0.19506849315068497,%,,1,Forecast,Base,SRC_MODEL_P3_FORECAST,Medium,Phase 3 formula model,,,,只用于识别偏差；利润、现金流和资本开支存在季节性。
CT_20260803_P4,中国电信,中国电信股份有限公司,中国电信股份有限公司及其子公司,2026-07-31,Point-in-time,MKT_A_PRICE,A股收盘价,Valuation,Equity,6.3,RMB/share,RMB,1,Actual,Actual,SRC_MKT_A_20260731,High,,,,,
CT_20260803_P4,中国电信,中国电信股份有限公司,中国电信股份有限公司及其子公司,2026-07-31,Point-in-time,MKT_H_PRICE,H股收盘价,Valuation,Equity,4.74,HKD/share,HKD,1,Actual,Actual,SRC_MKT_H_20260731,High,,,,,
CT_20260803_P4,中国电信,中国电信股份有限公司,中国电信股份有限公司及其子公司,2026-07-31,Point-in-time,MKT_HKDCNY,港币兑人民币,Valuation,Equity,0.8608,CNY/HKD,HKD,1,Actual,Actual,SRC_FX_20260731,High,,,,,
CT_20260803_P4,中国电信,中国电信股份有限公司,中国电信股份有限公司及其子公司,2026-07-31,Point-in-time,MKT_AH_PREMIUM,A股相对H股溢价,Valuation,Equity,0.5440449861183001,%,,1,Derived,Actual,SRC_MODEL_P4_VALUATION,Medium,Phase 4 valuation model,,,,
CT_20260803_P4,中国电信,中国电信股份有限公司,中国电信股份有限公司及其子公司,2025,Annual,VAL_A_COMPOSITE,A股综合合理价格,Valuation,Equity,5.063142472249264,RMB/share,RMB,1,Forecast,Bear,SRC_MODEL_P4_VALUATION,Medium,Phase 4 valuation model,,,,DCF、PE、PB、DDM和EV/EBITDA按市场权重综合。
CT_20260803_P4,中国电信,中国电信股份有限公司,中国电信股份有限公司及其子公司,2026,Annual,VAL_A_COMPOSITE,A股综合合理价格,Valuation,Equity,5.095599982760698,RMB/share,RMB,1,Forecast,Bear,SRC_MODEL_P4_VALUATION,Medium,Phase 4 valuation model,,,,DCF、PE、PB、DDM和EV/EBITDA按市场权重综合。
CT_20260803_P4,中国电信,中国电信股份有限公司,中国电信股份有限公司及其子公司,2027,Annual,VAL_A_COMPOSITE,A股综合合理价格,Valuation,Equity,5.165934016959729,RMB/share,RMB,1,Forecast,Bear,SRC_MODEL_P4_VALUATION,Medium,Phase 4 valuation model,,,,DCF、PE、PB、DDM和EV/EBITDA按市场权重综合。
CT_20260803_P4,中国电信,中国电信股份有限公司,中国电信股份有限公司及其子公司,2028,Annual,VAL_A_COMPOSITE,A股综合合理价格,Valuation,Equity,5.271142485200989,RMB/share,RMB,1,Forecast,Bear,SRC_MODEL_P4_VALUATION,Medium,Phase 4 valuation model,,,,DCF、PE、PB、DDM和EV/EBITDA按市场权重综合。
CT_20260803_P4,中国电信,中国电信股份有限公司,中国电信股份有限公司及其子公司,2029,Annual,VAL_A_COMPOSITE,A股综合合理价格,Valuation,Equity,5.391497887691145,RMB/share,RMB,1,Forecast,Bear,SRC_MODEL_P4_VALUATION,Medium,Phase 4 valuation model,,,,DCF、PE、PB、DDM和EV/EBITDA按市场权重综合。
CT_20260803_P4,中国电信,中国电信股份有限公司,中国电信股份有限公司及其子公司,2030,Annual,VAL_A_COMPOSITE,A股综合合理价格,Valuation,Equity,5.538416131367201,RMB/share,RMB,1,Forecast,Bear,SRC_MODEL_P4_VALUATION,Medium,Phase 4 valuation model,,,,DCF、PE、PB、DDM和EV/EBITDA按市场权重综合。
CT_20260803_P4,中国电信,中国电信股份有限公司,中国电信股份有限公司及其子公司,2031,Annual,VAL_A_COMPOSITE,A股综合合理价格,Valuation,Equity,5.698765185068715,RMB/share,RMB,1,Forecast,Bear,SRC_MODEL_P4_VALUATION,Medium,Phase 4 valuation model,,,,DCF、PE、PB、DDM和EV/EBITDA按市场权重综合。
CT_20260803_P4,中国电信,中国电信股份有限公司,中国电信股份有限公司及其子公司,2032,Annual,VAL_A_COMPOSITE,A股综合合理价格,Valuation,Equity,5.866078860817212,RMB/share,RMB,1,Forecast,Bear,SRC_MODEL_P4_VALUATION,Medium,Phase 4 valuation model,,,,DCF、PE、PB、DDM和EV/EBITDA按市场权重综合。
CT_20260803_P4,中国电信,中国电信股份有限公司,中国电信股份有限公司及其子公司,2033,Annual,VAL_A_COMPOSITE,A股综合合理价格,Valuation,Equity,6.040288618865886,RMB/share,RMB,1,Forecast,Bear,SRC_MODEL_P4_VALUATION,Medium,Phase 4 valuation model,,,,DCF、PE、PB、DDM和EV/EBITDA按市场权重综合。
CT_20260803_P4,中国电信,中国电信股份有限公司,中国电信股份有限公司及其子公司,2034,Annual,VAL_A_COMPOSITE,A股综合合理价格,Valuation,Equity,6.221368832230998,RMB/share,RMB,1,Forecast,Bear,SRC_MODEL_P4_VALUATION,Medium,Phase 4 valuation model,,,,DCF、PE、PB、DDM和EV/EBITDA按市场权重综合。
CT_20260803_P4,中国电信,中国电信股份有限公司,中国电信股份有限公司及其子公司,2035,Annual,VAL_A_COMPOSITE,A股综合合理价格,Valuation,Equity,6.394239917868257,RMB/share,RMB,1,Forecast,Bear,SRC_MODEL_P4_VALUATION,Medium,Phase 4 valuation model,,,,DCF、PE、PB、DDM和EV/EBITDA按市场权重综合。
CT_20260803_P4,中国电信,中国电信股份有限公司,中国电信股份有限公司及其子公司,2030,Annual,IRR_A_2030,A股持有至2030年含分红年化回报,Valuation,Equity,0.015397470575528538,%,,1,Forecast,Bear,SRC_MODEL_P4_VALUATION,Medium,Phase 4 valuation model,,,,以2026年7月31日价格为初始投入；H股按港股通20%股息税。
CT_20260803_P4,中国电信,中国电信股份有限公司,中国电信股份有限公司及其子公司,2035,Annual,IRR_A_2035,A股持有至2035年含分红年化回报,Valuation,Equity,0.04151878163347866,%,,1,Forecast,Bear,SRC_MODEL_P4_VALUATION,Medium,Phase 4 valuation model,,,,以2026年7月31日价格为初始投入；H股按港股通20%股息税。
CT_20260803_P4,中国电信,中国电信股份有限公司,中国电信股份有限公司及其子公司,2025,Annual,VAL_A_COMPOSITE,A股综合合理价格,Valuation,Equity,6.2606451202827325,RMB/share,RMB,1,Forecast,Base,SRC_MODEL_P4_VALUATION,Medium,Phase 4 valuation model,,,,DCF、PE、PB、DDM和EV/EBITDA按市场权重综合。
CT_20260803_P4,中国电信,中国电信股份有限公司,中国电信股份有限公司及其子公司,2026,Annual,VAL_A_COMPOSITE,A股综合合理价格,Valuation,Equity,6.520617759085323,RMB/share,RMB,1,Forecast,Base,SRC_MODEL_P4_VALUATION,Medium,Phase 4 valuation model,,,,DCF、PE、PB、DDM和EV/EBITDA按市场权重综合。
CT_20260803_P4,中国电信,中国电信股份有限公司,中国电信股份有限公司及其子公司,2027,Annual,VAL_A_COMPOSITE,A股综合合理价格,Valuation,Equity,6.82021426728064,RMB/share,RMB,1,Forecast,Base,SRC_MODEL_P4_VALUATION,Medium,Phase 4 valuation model,,,,DCF、PE、PB、DDM和EV/EBITDA按市场权重综合。
CT_20260803_P4,中国电信,中国电信股份有限公司,中国电信股份有限公司及其子公司,2028,Annual,VAL_A_COMPOSITE,A股综合合理价格,Valuation,Equity,7.145624659179283,RMB/share,RMB,1,Forecast,Base,SRC_MODEL_P4_VALUATION,Medium,Phase 4 valuation model,,,,DCF、PE、PB、DDM和EV/EBITDA按市场权重综合。
CT_20260803_P4,中国电信,中国电信股份有限公司,中国电信股份有限公司及其子公司,2029,Annual,VAL_A_COMPOSITE,A股综合合理价格,Valuation,Equity,7.486921235999228,RMB/share,RMB,1,Forecast,Base,SRC_MODEL_P4_VALUATION,Medium,Phase 4 valuation model,,,,DCF、PE、PB、DDM和EV/EBITDA按市场权重综合。
CT_20260803_P4,中国电信,中国电信股份有限公司,中国电信股份有限公司及其子公司,2030,Annual,VAL_A_COMPOSITE,A股综合合理价格,Valuation,Equity,7.6877436095865015,RMB/share,RMB,1,Forecast,Base,SRC_MODEL_P4_VALUATION,Medium,Phase 4 valuation model,,,,DCF、PE、PB、DDM和EV/EBITDA按市场权重综合。
CT_20260803_P4,中国电信,中国电信股份有限公司,中国电信股份有限公司及其子公司,2031,Annual,VAL_A_COMPOSITE,A股综合合理价格,Valuation,Equity,7.884664812532146,RMB/share,RMB,1,Forecast,Base,SRC_MODEL_P4_VALUATION,Medium,Phase 4 valuation model,,,,DCF、PE、PB、DDM和EV/EBITDA按市场权重综合。
CT_20260803_P4,中国电信,中国电信股份有限公司,中国电信股份有限公司及其子公司,2032,Annual,VAL_A_COMPOSITE,A股综合合理价格,Valuation,Equity,8.087396719844886,RMB/share,RMB,1,Forecast,Base,SRC_MODEL_P4_VALUATION,Medium,Phase 4 valuation model,,,,DCF、PE、PB、DDM和EV/EBITDA按市场权重综合。
CT_20260803_P4,中国电信,中国电信股份有限公司,中国电信股份有限公司及其子公司,2033,Annual,VAL_A_COMPOSITE,A股综合合理价格,Valuation,Equity,8.297205644851449,RMB/share,RMB,1,Forecast,Base,SRC_MODEL_P4_VALUATION,Medium,Phase 4 valuation model,,,,DCF、PE、PB、DDM和EV/EBITDA按市场权重综合。
CT_20260803_P4,中国电信,中国电信股份有限公司,中国电信股份有限公司及其子公司,2034,Annual,VAL_A_COMPOSITE,A股综合合理价格,Valuation,Equity,8.514274566022676,RMB/share,RMB,1,Forecast,Base,SRC_MODEL_P4_VALUATION,Medium,Phase 4 valuation model,,,,DCF、PE、PB、DDM和EV/EBITDA按市场权重综合。
CT_20260803_P4,中国电信,中国电信股份有限公司,中国电信股份有限公司及其子公司,2035,Annual,VAL_A_COMPOSITE,A股综合合理价格,Valuation,Equity,8.706849523576517,RMB/share,RMB,1,Forecast,Base,SRC_MODEL_P4_VALUATION,Medium,Phase 4 valuation model,,,,DCF、PE、PB、DDM和EV/EBITDA按市场权重综合。
CT_20260803_P4,中国电信,中国电信股份有限公司,中国电信股份有限公司及其子公司,2030,Annual,IRR_A_2030,A股持有至2030年含分红年化回报,Valuation,Equity,0.10062472222047114,%,,1,Forecast,Base,SRC_MODEL_P4_VALUATION,Medium,Phase 4 valuation model,,,,以2026年7月31日价格为初始投入；H股按港股通20%股息税。
CT_20260803_P4,中国电信,中国电信股份有限公司,中国电信股份有限公司及其子公司,2035,Annual,IRR_A_2035,A股持有至2035年含分红年化回报,Valuation,Equity,0.08774967027836589,%,,1,Forecast,Base,SRC_MODEL_P4_VALUATION,Medium,Phase 4 valuation model,,,,以2026年7月31日价格为初始投入；H股按港股通20%股息税。
CT_20260803_P4,中国电信,中国电信股份有限公司,中国电信股份有限公司及其子公司,2025,Annual,VAL_A_COMPOSITE,A股综合合理价格,Valuation,Equity,7.379915628690286,RMB/share,RMB,1,Forecast,Bull,SRC_MODEL_P4_VALUATION,Medium,Phase 4 valuation model,,,,DCF、PE、PB、DDM和EV/EBITDA按市场权重综合。
CT_20260803_P4,中国电信,中国电信股份有限公司,中国电信股份有限公司及其子公司,2026,Annual,VAL_A_COMPOSITE,A股综合合理价格,Valuation,Equity,7.847726567897215,RMB/share,RMB,1,Forecast,Bull,SRC_MODEL_P4_VALUATION,Medium,Phase 4 valuation model,,,,DCF、PE、PB、DDM和EV/EBITDA按市场权重综合。
CT_20260803_P4,中国电信,中国电信股份有限公司,中国电信股份有限公司及其子公司,2027,Annual,VAL_A_COMPOSITE,A股综合合理价格,Valuation,Equity,8.382321865257705,RMB/share,RMB,1,Forecast,Bull,SRC_MODEL_P4_VALUATION,Medium,Phase 4 valuation model,,,,DCF、PE、PB、DDM和EV/EBITDA按市场权重综合。
CT_20260803_P4,中国电信,中国电信股份有限公司,中国电信股份有限公司及其子公司,2028,Annual,VAL_A_COMPOSITE,A股综合合理价格,Valuation,Equity,8.966350915327688,RMB/share,RMB,1,Forecast,Bull,SRC_MODEL_P4_VALUATION,Medium,Phase 4 valuation model,,,,DCF、PE、PB、DDM和EV/EBITDA按市场权重综合。
CT_20260803_P4,中国电信,中国电信股份有限公司,中国电信股份有限公司及其子公司,2029,Annual,VAL_A_COMPOSITE,A股综合合理价格,Valuation,Equity,9.591446789802609,RMB/share,RMB,1,Forecast,Bull,SRC_MODEL_P4_VALUATION,Medium,Phase 4 valuation model,,,,DCF、PE、PB、DDM和EV/EBITDA按市场权重综合。
CT_20260803_P4,中国电信,中国电信股份有限公司,中国电信股份有限公司及其子公司,2030,Annual,VAL_A_COMPOSITE,A股综合合理价格,Valuation,Equity,9.886054334155405,RMB/share,RMB,1,Forecast,Bull,SRC_MODEL_P4_VALUATION,Medium,Phase 4 valuation model,,,,DCF、PE、PB、DDM和EV/EBITDA按市场权重综合。
CT_20260803_P4,中国电信,中国电信股份有限公司,中国电信股份有限公司及其子公司,2031,Annual,VAL_A_COMPOSITE,A股综合合理价格,Valuation,Equity,10.15697807962686,RMB/share,RMB,1,Forecast,Bull,SRC_MODEL_P4_VALUATION,Medium,Phase 4 valuation model,,,,DCF、PE、PB、DDM和EV/EBITDA按市场权重综合。
CT_20260803_P4,中国电信,中国电信股份有限公司,中国电信股份有限公司及其子公司,2032,Annual,VAL_A_COMPOSITE,A股综合合理价格,Valuation,Equity,10.436042000061494,RMB/share,RMB,1,Forecast,Bull,SRC_MODEL_P4_VALUATION,Medium,Phase 4 valuation model,,,,DCF、PE、PB、DDM和EV/EBITDA按市场权重综合。
CT_20260803_P4,中国电信,中国电信股份有限公司,中国电信股份有限公司及其子公司,2033,Annual,VAL_A_COMPOSITE,A股综合合理价格,Valuation,Equity,10.72322962282528,RMB/share,RMB,1,Forecast,Bull,SRC_MODEL_P4_VALUATION,Medium,Phase 4 valuation model,,,,DCF、PE、PB、DDM和EV/EBITDA按市场权重综合。
CT_20260803_P4,中国电信,中国电信股份有限公司,中国电信股份有限公司及其子公司,2034,Annual,VAL_A_COMPOSITE,A股综合合理价格,Valuation,Equity,11.018512424681642,RMB/share,RMB,1,Forecast,Bull,SRC_MODEL_P4_VALUATION,Medium,Phase 4 valuation model,,,,DCF、PE、PB、DDM和EV/EBITDA按市场权重综合。
CT_20260803_P4,中国电信,中国电信股份有限公司,中国电信股份有限公司及其子公司,2035,Annual,VAL_A_COMPOSITE,A股综合合理价格,Valuation,Equity,11.227988406981599,RMB/share,RMB,1,Forecast,Bull,SRC_MODEL_P4_VALUATION,Medium,Phase 4 valuation model,,,,DCF、PE、PB、DDM和EV/EBITDA按市场权重综合。
CT_20260803_P4,中国电信,中国电信股份有限公司,中国电信股份有限公司及其子公司,2030,Annual,IRR_A_2030,A股持有至2030年含分红年化回报,Valuation,Equity,0.17023483050183186,%,,1,Forecast,Bull,SRC_MODEL_P4_VALUATION,Medium,Phase 4 valuation model,,,,以2026年7月31日价格为初始投入；H股按港股通20%股息税。
CT_20260803_P4,中国电信,中国电信股份有限公司,中国电信股份有限公司及其子公司,2035,Annual,IRR_A_2035,A股持有至2035年含分红年化回报,Valuation,Equity,0.12722286221422585,%,,1,Forecast,Bull,SRC_MODEL_P4_VALUATION,Medium,Phase 4 valuation model,,,,以2026年7月31日价格为初始投入；H股按港股通20%股息税。
CT_20260803_P4,中国电信,中国电信股份有限公司,中国电信股份有限公司及其子公司,2025,Annual,VAL_H_COMPOSITE,H股综合合理价格,Valuation,Equity,4.48870681445052,HKD/share,HKD,1,Forecast,Bear,SRC_MODEL_P4_VALUATION,Medium,Phase 4 valuation model,,,,DCF、PE、PB、DDM和EV/EBITDA按市场权重综合。
CT_20260803_P4,中国电信,中国电信股份有限公司,中国电信股份有限公司及其子公司,2026,Annual,VAL_H_COMPOSITE,H股综合合理价格,Valuation,Equity,4.53546081704218,HKD/share,HKD,1,Forecast,Bear,SRC_MODEL_P4_VALUATION,Medium,Phase 4 valuation model,,,,DCF、PE、PB、DDM和EV/EBITDA按市场权重综合。
CT_20260803_P4,中国电信,中国电信股份有限公司,中国电信股份有限公司及其子公司,2027,Annual,VAL_H_COMPOSITE,H股综合合理价格,Valuation,Equity,4.61268606827037,HKD/share,HKD,1,Forecast,Bear,SRC_MODEL_P4_VALUATION,Medium,Phase 4 valuation model,,,,DCF、PE、PB、DDM和EV/EBITDA按市场权重综合。
CT_20260803_P4,中国电信,中国电信股份有限公司,中国电信股份有限公司及其子公司,2028,Annual,VAL_H_COMPOSITE,H股综合合理价格,Valuation,Equity,4.718312694412958,HKD/share,HKD,1,Forecast,Bear,SRC_MODEL_P4_VALUATION,Medium,Phase 4 valuation model,,,,DCF、PE、PB、DDM和EV/EBITDA按市场权重综合。
CT_20260803_P4,中国电信,中国电信股份有限公司,中国电信股份有限公司及其子公司,2029,Annual,VAL_H_COMPOSITE,H股综合合理价格,Valuation,Equity,4.837641155913896,HKD/share,HKD,1,Forecast,Bear,SRC_MODEL_P4_VALUATION,Medium,Phase 4 valuation model,,,,DCF、PE、PB、DDM和EV/EBITDA按市场权重综合。
CT_20260803_P4,中国电信,中国电信股份有限公司,中国电信股份有限公司及其子公司,2030,Annual,VAL_H_COMPOSITE,H股综合合理价格,Valuation,Equity,4.978193190389428,HKD/share,HKD,1,Forecast,Bear,SRC_MODEL_P4_VALUATION,Medium,Phase 4 valuation model,,,,DCF、PE、PB、DDM和EV/EBITDA按市场权重综合。
CT_20260803_P4,中国电信,中国电信股份有限公司,中国电信股份有限公司及其子公司,2031,Annual,VAL_H_COMPOSITE,H股综合合理价格,Valuation,Equity,5.132582373730764,HKD/share,HKD,1,Forecast,Bear,SRC_MODEL_P4_VALUATION,Medium,Phase 4 valuation model,,,,DCF、PE、PB、DDM和EV/EBITDA按市场权重综合。
CT_20260803_P4,中国电信,中国电信股份有限公司,中国电信股份有限公司及其子公司,2032,Annual,VAL_H_COMPOSITE,H股综合合理价格,Valuation,Equity,5.29415292383212,HKD/share,HKD,1,Forecast,Bear,SRC_MODEL_P4_VALUATION,Medium,Phase 4 valuation model,,,,DCF、PE、PB、DDM和EV/EBITDA按市场权重综合。
CT_20260803_P4,中国电信,中国电信股份有限公司,中国电信股份有限公司及其子公司,2033,Annual,VAL_H_COMPOSITE,H股综合合理价格,Valuation,Equity,5.4628225030248645,HKD/share,HKD,1,Forecast,Bear,SRC_MODEL_P4_VALUATION,Medium,Phase 4 valuation model,,,,DCF、PE、PB、DDM和EV/EBITDA按市场权重综合。
CT_20260803_P4,中国电信,中国电信股份有限公司,中国电信股份有限公司及其子公司,2034,Annual,VAL_H_COMPOSITE,H股综合合理价格,Valuation,Equity,5.638553261410223,HKD/share,HKD,1,Forecast,Bear,SRC_MODEL_P4_VALUATION,Medium,Phase 4 valuation model,,,,DCF、PE、PB、DDM和EV/EBITDA按市场权重综合。
CT_20260803_P4,中国电信,中国电信股份有限公司,中国电信股份有限公司及其子公司,2035,Annual,VAL_H_COMPOSITE,H股综合合理价格,Valuation,Equity,5.8103094373038005,HKD/share,HKD,1,Forecast,Bear,SRC_MODEL_P4_VALUATION,Medium,Phase 4 valuation model,,,,DCF、PE、PB、DDM和EV/EBITDA按市场权重综合。
CT_20260803_P4,中国电信,中国电信股份有限公司,中国电信股份有限公司及其子公司,2030,Annual,IRR_H_2030,H股持有至2030年含分红年化回报,Valuation,Equity,0.06294869319481611,%,,1,Forecast,Bear,SRC_MODEL_P4_VALUATION,Medium,Phase 4 valuation model,,,,以2026年7月31日价格为初始投入；H股按港股通20%股息税。
CT_20260803_P4,中国电信,中国电信股份有限公司,中国电信股份有限公司及其子公司,2035,Annual,IRR_H_2035,H股持有至2035年含分红年化回报,Valuation,Equity,0.06793578059572314,%,,1,Forecast,Bear,SRC_MODEL_P4_VALUATION,Medium,Phase 4 valuation model,,,,以2026年7月31日价格为初始投入；H股按港股通20%股息税。
CT_20260803_P4,中国电信,中国电信股份有限公司,中国电信股份有限公司及其子公司,2025,Annual,VAL_H_COMPOSITE,H股综合合理价格,Valuation,Equity,5.729997022074427,HKD/share,HKD,1,Forecast,Base,SRC_MODEL_P4_VALUATION,Medium,Phase 4 valuation model,,,,DCF、PE、PB、DDM和EV/EBITDA按市场权重综合。
CT_20260803_P4,中国电信,中国电信股份有限公司,中国电信股份有限公司及其子公司,2026,Annual,VAL_H_COMPOSITE,H股综合合理价格,Valuation,Equity,5.9717388495725885,HKD/share,HKD,1,Forecast,Base,SRC_MODEL_P4_VALUATION,Medium,Phase 4 valuation model,,,,DCF、PE、PB、DDM和EV/EBITDA按市场权重综合。
CT_20260803_P4,中国电信,中国电信股份有限公司,中国电信股份有限公司及其子公司,2027,Annual,VAL_H_COMPOSITE,H股综合合理价格,Valuation,Equity,6.2438719123093485,HKD/share,HKD,1,Forecast,Base,SRC_MODEL_P4_VALUATION,Medium,Phase 4 valuation model,,,,DCF、PE、PB、DDM和EV/EBITDA按市场权重综合。
CT_20260803_P4,中国电信,中国电信股份有限公司,中国电信股份有限公司及其子公司,2028,Annual,VAL_H_COMPOSITE,H股综合合理价格,Valuation,Equity,6.535444775214467,HKD/share,HKD,1,Forecast,Base,SRC_MODEL_P4_VALUATION,Medium,Phase 4 valuation model,,,,DCF、PE、PB、DDM和EV/EBITDA按市场权重综合。
CT_20260803_P4,中国电信,中国电信股份有限公司,中国电信股份有限公司及其子公司,2029,Annual,VAL_H_COMPOSITE,H股综合合理价格,Valuation,Equity,6.838683306981746,HKD/share,HKD,1,Forecast,Base,SRC_MODEL_P4_VALUATION,Medium,Phase 4 valuation model,,,,DCF、PE、PB、DDM和EV/EBITDA按市场权重综合。
CT_20260803_P4,中国电信,中国电信股份有限公司,中国电信股份有限公司及其子公司,2030,Annual,VAL_H_COMPOSITE,H股综合合理价格,Valuation,Equity,7.0291295733561645,HKD/share,HKD,1,Forecast,Base,SRC_MODEL_P4_VALUATION,Medium,Phase 4 valuation model,,,,DCF、PE、PB、DDM和EV/EBITDA按市场权重综合。
CT_20260803_P4,中国电信,中国电信股份有限公司,中国电信股份有限公司及其子公司,2031,Annual,VAL_H_COMPOSITE,H股综合合理价格,Valuation,Equity,7.217779720326503,HKD/share,HKD,1,Forecast,Base,SRC_MODEL_P4_VALUATION,Medium,Phase 4 valuation model,,,,DCF、PE、PB、DDM和EV/EBITDA按市场权重综合。
CT_20260803_P4,中国电信,中国电信股份有限公司,中国电信股份有限公司及其子公司,2032,Annual,VAL_H_COMPOSITE,H股综合合理价格,Valuation,Equity,7.4121308883389885,HKD/share,HKD,1,Forecast,Base,SRC_MODEL_P4_VALUATION,Medium,Phase 4 valuation model,,,,DCF、PE、PB、DDM和EV/EBITDA按市场权重综合。
CT_20260803_P4,中国电信,中国电信股份有限公司,中国电信股份有限公司及其子公司,2033,Annual,VAL_H_COMPOSITE,H股综合合理价格,Valuation,Equity,7.613579072534602,HKD/share,HKD,1,Forecast,Base,SRC_MODEL_P4_VALUATION,Medium,Phase 4 valuation model,,,,DCF、PE、PB、DDM和EV/EBITDA按市场权重综合。
CT_20260803_P4,中国电信,中国电信股份有限公司,中国电信股份有限公司及其子公司,2034,Annual,VAL_H_COMPOSITE,H股综合合理价格,Valuation,Equity,7.822307328318963,HKD/share,HKD,1,Forecast,Base,SRC_MODEL_P4_VALUATION,Medium,Phase 4 valuation model,,,,DCF、PE、PB、DDM和EV/EBITDA按市场权重综合。
CT_20260803_P4,中国电信,中国电信股份有限公司,中国电信股份有限公司及其子公司,2035,Annual,VAL_H_COMPOSITE,H股综合合理价格,Valuation,Equity,8.013372693424479,HKD/share,HKD,1,Forecast,Base,SRC_MODEL_P4_VALUATION,Medium,Phase 4 valuation model,,,,DCF、PE、PB、DDM和EV/EBITDA按市场权重综合。
CT_20260803_P4,中国电信,中国电信股份有限公司,中国电信股份有限公司及其子公司,2030,Annual,IRR_H_2030,H股持有至2030年含分红年化回报,Valuation,Equity,0.15689411743214243,%,,1,Forecast,Base,SRC_MODEL_P4_VALUATION,Medium,Phase 4 valuation model,,,,以2026年7月31日价格为初始投入；H股按港股通20%股息税。
CT_20260803_P4,中国电信,中国电信股份有限公司,中国电信股份有限公司及其子公司,2035,Annual,IRR_H_2035,H股持有至2035年含分红年化回报,Valuation,Equity,0.11800312158659698,%,,1,Forecast,Base,SRC_MODEL_P4_VALUATION,Medium,Phase 4 valuation model,,,,以2026年7月31日价格为初始投入；H股按港股通20%股息税。
CT_20260803_P4,中国电信,中国电信股份有限公司,中国电信股份有限公司及其子公司,2025,Annual,VAL_H_COMPOSITE,H股综合合理价格,Valuation,Equity,6.9425192984513675,HKD/share,HKD,1,Forecast,Bull,SRC_MODEL_P4_VALUATION,Medium,Phase 4 valuation model,,,,DCF、PE、PB、DDM和EV/EBITDA按市场权重综合。
CT_20260803_P4,中国电信,中国电信股份有限公司,中国电信股份有限公司及其子公司,2026,Annual,VAL_H_COMPOSITE,H股综合合理价格,Valuation,Equity,7.374979763472982,HKD/share,HKD,1,Forecast,Bull,SRC_MODEL_P4_VALUATION,Medium,Phase 4 valuation model,,,,DCF、PE、PB、DDM和EV/EBITDA按市场权重综合。
CT_20260803_P4,中国电信,中国电信股份有限公司,中国电信股份有限公司及其子公司,2027,Annual,VAL_H_COMPOSITE,H股综合合理价格,Valuation,Equity,7.8604560946296065,HKD/share,HKD,1,Forecast,Bull,SRC_MODEL_P4_VALUATION,Medium,Phase 4 valuation model,,,,DCF、PE、PB、DDM和EV/EBITDA按市场权重综合。
CT_20260803_P4,中国电信,中国电信股份有限公司,中国电信股份有限公司及其子公司,2028,Annual,VAL_H_COMPOSITE,H股综合合理价格,Valuation,Equity,8.384907899111,HKD/share,HKD,1,Forecast,Bull,SRC_MODEL_P4_VALUATION,Medium,Phase 4 valuation model,,,,DCF、PE、PB、DDM和EV/EBITDA按市场权重综合。
CT_20260803_P4,中国电信,中国电信股份有限公司,中国电信股份有限公司及其子公司,2029,Annual,VAL_H_COMPOSITE,H股综合合理价格,Valuation,Equity,8.940183188881118,HKD/share,HKD,1,Forecast,Bull,SRC_MODEL_P4_VALUATION,Medium,Phase 4 valuation model,,,,DCF、PE、PB、DDM和EV/EBITDA按市场权重综合。
CT_20260803_P4,中国电信,中国电信股份有限公司,中国电信股份有限公司及其子公司,2030,Annual,VAL_H_COMPOSITE,H股综合合理价格,Valuation,Equity,9.216567991968548,HKD/share,HKD,1,Forecast,Bull,SRC_MODEL_P4_VALUATION,Medium,Phase 4 valuation model,,,,DCF、PE、PB、DDM和EV/EBITDA按市场权重综合。
CT_20260803_P4,中国电信,中国电信股份有限公司,中国电信股份有限公司及其子公司,2031,Annual,VAL_H_COMPOSITE,H股综合合理价格,Valuation,Equity,9.471856477913713,HKD/share,HKD,1,Forecast,Bull,SRC_MODEL_P4_VALUATION,Medium,Phase 4 valuation model,,,,DCF、PE、PB、DDM和EV/EBITDA按市场权重综合。
CT_20260803_P4,中国电信,中国电信股份有限公司,中国电信股份有限公司及其子公司,2032,Annual,VAL_H_COMPOSITE,H股综合合理价格,Valuation,Equity,9.734928835162533,HKD/share,HKD,1,Forecast,Bull,SRC_MODEL_P4_VALUATION,Medium,Phase 4 valuation model,,,,DCF、PE、PB、DDM和EV/EBITDA按市场权重综合。
CT_20260803_P4,中国电信,中国电信股份有限公司,中国电信股份有限公司及其子公司,2033,Annual,VAL_H_COMPOSITE,H股综合合理价格,Valuation,Equity,10.00575258223113,HKD/share,HKD,1,Forecast,Bull,SRC_MODEL_P4_VALUATION,Medium,Phase 4 valuation model,,,,DCF、PE、PB、DDM和EV/EBITDA按市场权重综合。
CT_20260803_P4,中国电信,中国电信股份有限公司,中国电信股份有限公司及其子公司,2034,Annual,VAL_H_COMPOSITE,H股综合合理价格,Valuation,Equity,10.284282321151386,HKD/share,HKD,1,Forecast,Bull,SRC_MODEL_P4_VALUATION,Medium,Phase 4 valuation model,,,,DCF、PE、PB、DDM和EV/EBITDA按市场权重综合。
CT_20260803_P4,中国电信,中国电信股份有限公司,中国电信股份有限公司及其子公司,2035,Annual,VAL_H_COMPOSITE,H股综合合理价格,Valuation,Equity,10.492573772448623,HKD/share,HKD,1,Forecast,Bull,SRC_MODEL_P4_VALUATION,Medium,Phase 4 valuation model,,,,DCF、PE、PB、DDM和EV/EBITDA按市场权重综合。
CT_20260803_P4,中国电信,中国电信股份有限公司,中国电信股份有限公司及其子公司,2030,Annual,IRR_H_2030,H股持有至2030年含分红年化回报,Valuation,Equity,0.23538170278907267,%,,1,Forecast,Bull,SRC_MODEL_P4_VALUATION,Medium,Phase 4 valuation model,,,,以2026年7月31日价格为初始投入；H股按港股通20%股息税。
CT_20260803_P4,中国电信,中国电信股份有限公司,中国电信股份有限公司及其子公司,2035,Annual,IRR_H_2035,H股持有至2035年含分红年化回报,Valuation,Equity,0.16116713457905407,%,,1,Forecast,Bull,SRC_MODEL_P4_VALUATION,Medium,Phase 4 valuation model,,,,以2026年7月31日价格为初始投入；H股按港股通20%股息税。
CT_20260803_P4,中国电信,中国电信股份有限公司,中国电信股份有限公司及其子公司,2030,Annual,SENS_PACKAGE_REVENUE_UP,仅渠道规范情景2030收入增量,Sensitivity,Pricing & Channel,0.0,RMB mn,RMB,1,Estimated,仅渠道规范,SRC_MODEL_P4_VALUATION,Low,Phase 4 valuation model,,,,涨价未获正式确认，仅为敏感性。
CT_20260803_P4,中国电信,中国电信股份有限公司,中国电信股份有限公司及其子公司,2030,Annual,SENS_PACKAGE_NP_UP,仅渠道规范情景2030净利润增量,Sensitivity,Pricing & Channel,376.17856,RMB mn,RMB,1,Estimated,仅渠道规范,SRC_MODEL_P4_VALUATION,Low,Phase 4 valuation model,,,,价格增量贡献利润率75%。
CT_20260803_P4,中国电信,中国电信股份有限公司,中国电信股份有限公司及其子公司,2026,Annual,SENS_PACKAGE_A_VALUE_UP,仅渠道规范A股合理价值增量,Sensitivity,Pricing & Channel,0.03164430941975832,RMB/share,RMB,1,Estimated,仅渠道规范,SRC_MODEL_P4_VALUATION,Low,Phase 4 valuation model,,,,
CT_20260803_P4,中国电信,中国电信股份有限公司,中国电信股份有限公司及其子公司,2026,Annual,SENS_PACKAGE_H_VALUE_UP,仅渠道规范H股合理价值增量,Sensitivity,Pricing & Channel,0.029260405088254175,HKD/share,HKD,1,Estimated,仅渠道规范,SRC_MODEL_P4_VALUATION,Low,Phase 4 valuation model,,,,
CT_20260803_P4,中国电信,中国电信股份有限公司,中国电信股份有限公司及其子公司,2030,Annual,SENS_PACKAGE_REVENUE_UP,温和情景2030收入增量,Sensitivity,Pricing & Channel,712.5318958488538,RMB mn,RMB,1,Estimated,温和,SRC_MODEL_P4_VALUATION,Low,Phase 4 valuation model,,,,涨价未获正式确认，仅为敏感性。
CT_20260803_P4,中国电信,中国电信股份有限公司,中国电信股份有限公司及其子公司,2030,Annual,SENS_PACKAGE_NP_UP,温和情景2030净利润增量,Sensitivity,Pricing & Channel,1544.2980412278064,RMB mn,RMB,1,Estimated,温和,SRC_MODEL_P4_VALUATION,Low,Phase 4 valuation model,,,,价格增量贡献利润率75%。
CT_20260803_P4,中国电信,中国电信股份有限公司,中国电信股份有限公司及其子公司,2026,Annual,SENS_PACKAGE_A_VALUE_UP,温和A股合理价值增量,Sensitivity,Pricing & Channel,0.1299671903985504,RMB/share,RMB,1,Estimated,温和,SRC_MODEL_P4_VALUATION,Low,Phase 4 valuation model,,,,
CT_20260803_P4,中国电信,中国电信股份有限公司,中国电信股份有限公司及其子公司,2026,Annual,SENS_PACKAGE_H_VALUE_UP,温和H股合理价值增量,Sensitivity,Pricing & Channel,0.12029090638382413,HKD/share,HKD,1,Estimated,温和,SRC_MODEL_P4_VALUATION,Low,Phase 4 valuation model,,,,
CT_20260803_P4,中国电信,中国电信股份有限公司,中国电信股份有限公司及其子公司,2030,Annual,SENS_PACKAGE_REVENUE_UP,中性情景2030收入增量,Sensitivity,Pricing & Channel,3005.5147400224764,RMB mn,RMB,1,Estimated,中性,SRC_MODEL_P4_VALUATION,Low,Phase 4 valuation model,,,,涨价未获正式确认，仅为敏感性。
CT_20260803_P4,中国电信,中国电信股份有限公司,中国电信股份有限公司及其子公司,2030,Annual,SENS_PACKAGE_NP_UP,中性情景2030净利润增量,Sensitivity,Pricing & Channel,3634.6106508031153,RMB mn,RMB,1,Estimated,中性,SRC_MODEL_P4_VALUATION,Low,Phase 4 valuation model,,,,价格增量贡献利润率75%。
CT_20260803_P4,中国电信,中国电信股份有限公司,中国电信股份有限公司及其子公司,2026,Annual,SENS_PACKAGE_A_VALUE_UP,中性A股合理价值增量,Sensitivity,Pricing & Channel,0.3059987790779473,RMB/share,RMB,1,Estimated,中性,SRC_MODEL_P4_VALUATION,Low,Phase 4 valuation model,,,,
CT_20260803_P4,中国电信,中国电信股份有限公司,中国电信股份有限公司及其子公司,2026,Annual,SENS_PACKAGE_H_VALUE_UP,中性H股合理价值增量,Sensitivity,Pricing & Channel,0.28343042126629636,HKD/share,HKD,1,Estimated,中性,SRC_MODEL_P4_VALUATION,Low,Phase 4 valuation model,,,,
CT_20260803_P4,中国电信,中国电信股份有限公司,中国电信股份有限公司及其子公司,2030,Annual,SENS_PACKAGE_REVENUE_UP,激进情景2030收入增量,Sensitivity,Pricing & Channel,4728.063153946886,RMB mn,RMB,1,Estimated,激进,SRC_MODEL_P4_VALUATION,Low,Phase 4 valuation model,,,,涨价未获正式确认，仅为敏感性。
CT_20260803_P4,中国电信,中国电信股份有限公司,中国电信股份有限公司及其子公司,2030,Annual,SENS_PACKAGE_NP_UP,激进情景2030净利润增量,Sensitivity,Pricing & Channel,5392.0747703280085,RMB mn,RMB,1,Estimated,激进,SRC_MODEL_P4_VALUATION,Low,Phase 4 valuation model,,,,价格增量贡献利润率75%。
CT_20260803_P4,中国电信,中国电信股份有限公司,中国电信股份有限公司及其子公司,2026,Annual,SENS_PACKAGE_A_VALUE_UP,激进A股合理价值增量,Sensitivity,Pricing & Channel,0.4539828523000735,RMB/share,RMB,1,Estimated,激进,SRC_MODEL_P4_VALUATION,Low,Phase 4 valuation model,,,,
CT_20260803_P4,中国电信,中国电信股份有限公司,中国电信股份有限公司及其子公司,2026,Annual,SENS_PACKAGE_H_VALUE_UP,激进H股合理价值增量,Sensitivity,Pricing & Channel,0.4205435263289146,HKD/share,HKD,1,Estimated,激进,SRC_MODEL_P4_VALUATION,Low,Phase 4 valuation model,,,,
CT_20260803_P5,中国电信,中国电信股份有限公司,中国电信股份有限公司及其子公司,2025,Annual,CF_FCFF_MODEL,2025模型FCFF,Audit,Model Integrity,44438.067057169625,RMB mn,RMB,1,Derived,Actual,SRC_MODEL_P5_AUDIT,High,Phase 5 consistency audit,,,,EBIT×(1-税率)+折旧-资本开支-营运资本增加；区别于CFO-Capex。
CT_20260803_P5,中国电信,中国电信股份有限公司,中国电信股份有限公司及其子公司,2026-08-03,Point-in-time,AUDIT_FORMULA_ERRORS,公式错误数量,Audit,Model Integrity,0,count,,1,Derived,Actual,SRC_MODEL_P5_AUDIT,High,Phase 5 consistency audit,,,,
CT_20260803_P5,中国电信,中国电信股份有限公司,中国电信股份有限公司及其子公司,2026-08-03,Point-in-time,AUDIT_SOURCE_COVERAGE,Source ID覆盖率,Audit,Model Integrity,1.0,%,,1,Derived,Actual,SRC_MODEL_P5_AUDIT,High,Phase 5 consistency audit,,,,缺失Source ID数量=0
CT_20260803_P5,中国电信,中国电信股份有限公司,中国电信股份有限公司及其子公司,2026-08-03,Point-in-time,AUDIT_DUPLICATE_KEYS,重复业务键数量,Audit,Model Integrity,0,count,,1,Derived,Actual,SRC_MODEL_P5_AUDIT,High,Phase 5 consistency audit,,,,
CT_20260803_P5,中国电信,中国电信股份有限公司,中国电信股份有限公司及其子公司,2026-08-03,Point-in-time,AUDIT_P3_FORECAST_DIFFS,Phase 3预测被改写数量,Audit,Model Integrity,0,count,,1,Derived,Actual,SRC_MODEL_P5_AUDIT,High,Phase 5 consistency audit,,,,
CT_20260803_P5,中国电信,中国电信股份有限公司,中国电信股份有限公司及其子公司,2026-08-03,Point-in-time,AUDIT_DCF_TERMINAL_SHARE,Base 2026 DCF终值占企业价值,Audit,Model Integrity,0.46737956441762885,%,,1,Derived,Actual,SRC_MODEL_P5_AUDIT,High,Phase 5 consistency audit,,,,
CT_20260803_P5,中国电信,中国电信股份有限公司,中国电信股份有限公司及其子公司,2026-08-03,Point-in-time,AUDIT_VALUATION_TIMING,综合合理价时间口径,Audit,Model Integrity,2026年末,text,,1,Derived,Actual,SRC_MODEL_P5_AUDIT,High,Phase 5 consistency audit,,,,
CT_20260803_P5,中国电信,中国电信股份有限公司,中国电信股份有限公司及其子公司,2026-08-03,Point-in-time,AUDIT_PACKAGE_BASE_OVERLAP,套餐及渠道敏感性重复计入Base,Audit,Model Integrity,0,flag,,1,Derived,Actual,SRC_MODEL_P5_AUDIT,High,Phase 5 consistency audit,,,,增值税影响已由2026Q1体现；统一涨价及额外渠道节省未进入Base。
