run_id,company,listed_entity,consolidation_scope,period,frequency,metric_id,metric_name,metric_group,business_module,value,unit,currency,scale,value_type,scenario,source_id,confidence,estimate_method,low_value,base_value,high_value,note
CU_PHASE1_20260803_V1,中国联通,A/H,Control/权益桥接,2025,Point,CTRL_RUN_ID,运行编号,Control,Equity Bridge,CU_PHASE1_20260803_V1,text,,1,Assumption,Actual,S_FRAMEWORK,High,,,,,
CU_PHASE1_20260803_V1,中国联通,A/H,Control/权益桥接,2025,Point,CTRL_LATEST_PERIOD,最新公开财务期,Control,Equity Bridge,2026Q1,text,,1,Assumption,Actual,S_A2026Q1,High,,,,,
CU_PHASE1_20260803_V1,中国联通,A/H,Control/权益桥接,2025,Point,MODEL_DISCOUNT_RATE,折现率/要求回报率,Control,Equity Bridge,0.11,%,CNY,1,Assumption,Actual,S_FRAMEWORK,High,,,,,
CU_PHASE1_20260803_V1,中国联通,A/H,Control/权益桥接,2025,Point,MODEL_TERMINAL_GROWTH,永续增长率,Control,Equity Bridge,0.02,%,CNY,1,Assumption,Actual,S_FRAMEWORK,High,,,,,
CU_PHASE1_20260803_V1,中国联通,A/H,Control/权益桥接,2025,Point,ENTITY_A_SHARES_OUT,A股总股本,Control,Equity Bridge,31264425327,shares,,1,Actual,Actual,S_A2025,High,,,,,2026注销事项在Phase 4前刷新。
CU_PHASE1_20260803_V1,中国联通,A/H,Control/权益桥接,2025,Point,ENTITY_H_SHARES_OUT,H股已发行股份,Control,Equity Bridge,30598000000,shares,,1,Estimated,Actual,S_H2025,High,,,,,约30.6十亿股。
CU_PHASE1_20260803_V1,中国联通,A/H,Control/权益桥接,2025,Point,ENTITY_GROUP_OWN_A_PCT,联通集团持有A股比例,Control,Equity Bridge,0.635,%,CNY,1,Actual,Actual,S_H2025,High,,,,,
CU_PHASE1_20260803_V1,中国联通,A/H,Control/权益桥接,2025,Point,ENTITY_A_OWN_BVI_PCT,A股持有联通BVI比例,Control,Equity Bridge,0.821,%,CNY,1,Actual,Actual,S_A2025,High,,,,,
CU_PHASE1_20260803_V1,中国联通,A/H,Control/权益桥接,2025,Point,ENTITY_BVI_OWN_H_PCT,联通BVI持有H股比例,Control,Equity Bridge,0.5352,%,CNY,1,Actual,Actual,S_A2025,High,,,,,
CU_PHASE1_20260803_V1,中国联通,A/H,Control/权益桥接,2025,Point,ENTITY_GROUP_BVI_OWN_H_PCT,集团BVI持有H股比例,Control,Equity Bridge,0.2641,%,CNY,1,Actual,Actual,S_A2025,High,,,,,
CU_PHASE1_20260803_V1,中国联通,A/H,Control/权益桥接,2025,Point,ENTITY_VOTE_CONTROL_H_PCT,合计控制H股表决权,Control,Equity Bridge,0.7993,%,CNY,1,Derived,Actual,S_A2025,High,53.52%+26.41%,,,,
CU_PHASE1_20260803_V1,中国联通,A/H,Control/权益桥接,2025,Point,ENTITY_A_EFFECTIVE_H_PCT,A股对H股有效经济权益,Control,Equity Bridge,0.4393992,%,CNY,1,Derived,Actual,S_A2025,High,82.10%×53.52%,,,,
CU_PHASE1_20260803_V1,中国联通,A/H,Control/权益桥接,2025,Point,ENTITY_H_NCI_PCT,H股经营主体少数股东经济权益,Control,Equity Bridge,0.5606008,%,CNY,1,Derived,Actual,S_A2025,High,1-43.93992%,,,,
CU_PHASE1_20260803_V1,中国联通,H,H股经营主体,2020,Annual,FIN_REV_TOTAL,营业收入,Financial,H Operating Entity,303.838,RMB bn,CNY,1000000000.0,Actual,Actual,S_H2020,High,,,,,
CU_PHASE1_20260803_V1,中国联通,H,H股经营主体,2021,Annual,FIN_REV_TOTAL,营业收入,Financial,H Operating Entity,327.854,RMB bn,CNY,1000000000.0,Actual,Actual,S_H2021,High,,,,,
CU_PHASE1_20260803_V1,中国联通,H,H股经营主体,2022,Annual,FIN_REV_TOTAL,营业收入,Financial,H Operating Entity,354.944,RMB bn,CNY,1000000000.0,Actual,Actual,S_H2022,High,,,,,
CU_PHASE1_20260803_V1,中国联通,H,H股经营主体,2023,Annual,FIN_REV_TOTAL,营业收入,Financial,H Operating Entity,372.597,RMB bn,CNY,1000000000.0,Actual,Actual,S_H2023,High,,,,,
CU_PHASE1_20260803_V1,中国联通,H,H股经营主体,2024,Annual,FIN_REV_TOTAL,营业收入,Financial,H Operating Entity,389.589,RMB bn,CNY,1000000000.0,Actual,Actual,S_H2024,High,,,,,
CU_PHASE1_20260803_V1,中国联通,H,H股经营主体,2025,Annual,FIN_REV_TOTAL,营业收入,Financial,H Operating Entity,392.223,RMB bn,CNY,1000000000.0,Actual,Actual,S_H2025,High,,,,,
CU_PHASE1_20260803_V1,中国联通,H,H股经营主体,2020,Annual,FIN_SERVICE_REV,服务收入,Financial,H Operating Entity,275.814,RMB bn,CNY,1000000000.0,Actual,Actual,S_H2020,High,,,,,
CU_PHASE1_20260803_V1,中国联通,H,H股经营主体,2021,Annual,FIN_SERVICE_REV,服务收入,Financial,H Operating Entity,296.153,RMB bn,CNY,1000000000.0,Actual,Actual,S_H2021,High,,,,,
CU_PHASE1_20260803_V1,中国联通,H,H股经营主体,2022,Annual,FIN_SERVICE_REV,服务收入,Financial,H Operating Entity,319.348,RMB bn,CNY,1000000000.0,Actual,Actual,S_H2022,High,,,,,
CU_PHASE1_20260803_V1,中国联通,H,H股经营主体,2023,Annual,FIN_SERVICE_REV,服务收入,Financial,H Operating Entity,335.17,RMB bn,CNY,1000000000.0,Actual,Actual,S_H2023,High,,,,,
CU_PHASE1_20260803_V1,中国联通,H,H股经营主体,2024,Annual,FIN_SERVICE_REV,服务收入,Financial,H Operating Entity,345.975,RMB bn,CNY,1000000000.0,Actual,Actual,S_H2024,High,,,,,
CU_PHASE1_20260803_V1,中国联通,H,H股经营主体,2025,Annual,FIN_SERVICE_REV,服务收入,Financial,H Operating Entity,347.738,RMB bn,CNY,1000000000.0,Actual,Actual,S_H2025,High,,,,,
CU_PHASE1_20260803_V1,中国联通,H,H股经营主体,2020,Annual,REV_TERMINAL,通信产品销售收入,Revenue,Statutory Service Mix,28.024,RMB bn,CNY,1000000000.0,Actual,Actual,S_H2020,High,,,,,
CU_PHASE1_20260803_V1,中国联通,H,H股经营主体,2021,Annual,REV_TERMINAL,通信产品销售收入,Revenue,Statutory Service Mix,31.701,RMB bn,CNY,1000000000.0,Actual,Actual,S_H2021,High,,,,,
CU_PHASE1_20260803_V1,中国联通,H,H股经营主体,2022,Annual,REV_TERMINAL,通信产品销售收入,Revenue,Statutory Service Mix,35.596,RMB bn,CNY,1000000000.0,Actual,Actual,S_H2022,High,,,,,
CU_PHASE1_20260803_V1,中国联通,H,H股经营主体,2023,Annual,REV_TERMINAL,通信产品销售收入,Revenue,Statutory Service Mix,37.427,RMB bn,CNY,1000000000.0,Actual,Actual,S_H2023,High,,,,,
CU_PHASE1_20260803_V1,中国联通,H,H股经营主体,2024,Annual,REV_TERMINAL,通信产品销售收入,Revenue,Statutory Service Mix,43.614,RMB bn,CNY,1000000000.0,Actual,Actual,S_H2024,High,,,,,
CU_PHASE1_20260803_V1,中国联通,H,H股经营主体,2025,Annual,REV_TERMINAL,通信产品销售收入,Revenue,Statutory Service Mix,44.485,RMB bn,CNY,1000000000.0,Actual,Actual,S_H2025,High,,,,,
CU_PHASE1_20260803_V1,中国联通,H,H股经营主体,2020,Annual,REV_VOICE,语音服务收入,Revenue,Statutory Service Mix,23.183,RMB bn,CNY,1000000000.0,Actual,Actual,S_H2020,High,,,,,
CU_PHASE1_20260803_V1,中国联通,H,H股经营主体,2021,Annual,REV_VOICE,语音服务收入,Revenue,Statutory Service Mix,22.039,RMB bn,CNY,1000000000.0,Actual,Actual,S_H2021,High,,,,,
CU_PHASE1_20260803_V1,中国联通,H,H股经营主体,2022,Annual,REV_VOICE,语音服务收入,Revenue,Statutory Service Mix,21.303,RMB bn,CNY,1000000000.0,Actual,Actual,S_H2022,High,,,,,
CU_PHASE1_20260803_V1,中国联通,H,H股经营主体,2023,Annual,REV_VOICE,语音服务收入,Revenue,Statutory Service Mix,21.207,RMB bn,CNY,1000000000.0,Actual,Actual,S_H2023,High,,,,,
CU_PHASE1_20260803_V1,中国联通,H,H股经营主体,2024,Annual,REV_VOICE,语音服务收入,Revenue,Statutory Service Mix,20.4,RMB bn,CNY,1000000000.0,Actual,Actual,S_H2024,High,,,,,
CU_PHASE1_20260803_V1,中国联通,H,H股经营主体,2025,Annual,REV_VOICE,语音服务收入,Revenue,Statutory Service Mix,19.557,RMB bn,CNY,1000000000.0,Actual,Actual,S_H2025,High,,,,,
CU_PHASE1_20260803_V1,中国联通,H,H股经营主体,2020,Annual,REV_BB_MOBILE_DATA,宽带及移动数据服务收入,Revenue,Statutory Service Mix,150.73,RMB bn,CNY,1000000000.0,Actual,Actual,S_H2020,High,,,,,
CU_PHASE1_20260803_V1,中国联通,H,H股经营主体,2021,Annual,REV_BB_MOBILE_DATA,宽带及移动数据服务收入,Revenue,Statutory Service Mix,155.918,RMB bn,CNY,1000000000.0,Actual,Actual,S_H2021,High,,,,,
CU_PHASE1_20260803_V1,中国联通,H,H股经营主体,2022,Annual,REV_BB_MOBILE_DATA,宽带及移动数据服务收入,Revenue,Statutory Service Mix,155.918,RMB bn,CNY,1000000000.0,Actual,Actual,S_H2022,High,,,,,
CU_PHASE1_20260803_V1,中国联通,H,H股经营主体,2023,Annual,REV_BB_MOBILE_DATA,宽带及移动数据服务收入,Revenue,Statutory Service Mix,154.748,RMB bn,CNY,1000000000.0,Actual,Actual,S_H2023,High,,,,,
CU_PHASE1_20260803_V1,中国联通,H,H股经营主体,2024,Annual,REV_BB_MOBILE_DATA,宽带及移动数据服务收入,Revenue,Statutory Service Mix,154.189,RMB bn,CNY,1000000000.0,Actual,Actual,S_H2024,High,,,,,
CU_PHASE1_20260803_V1,中国联通,H,H股经营主体,2025,Annual,REV_BB_MOBILE_DATA,宽带及移动数据服务收入,Revenue,Statutory Service Mix,153.221,RMB bn,CNY,1000000000.0,Actual,Actual,S_H2025,High,,,,,
CU_PHASE1_20260803_V1,中国联通,H,H股经营主体,2020,Annual,REV_DATA_INTERNET_APP,数据及互联网应用服务收入,Revenue,Statutory Service Mix,47.923,RMB bn,CNY,1000000000.0,Actual,Actual,S_H2020,High,,,,,
CU_PHASE1_20260803_V1,中国联通,H,H股经营主体,2021,Annual,REV_DATA_INTERNET_APP,数据及互联网应用服务收入,Revenue,Statutory Service Mix,60.833,RMB bn,CNY,1000000000.0,Actual,Actual,S_H2021,High,,,,,
CU_PHASE1_20260803_V1,中国联通,H,H股经营主体,2022,Annual,REV_DATA_INTERNET_APP,数据及互联网应用服务收入,Revenue,Statutory Service Mix,77.78,RMB bn,CNY,1000000000.0,Actual,Actual,S_H2022,High,,,,,
CU_PHASE1_20260803_V1,中国联通,H,H股经营主体,2023,Annual,REV_DATA_INTERNET_APP,数据及互联网应用服务收入,Revenue,Statutory Service Mix,89.645,RMB bn,CNY,1000000000.0,Actual,Actual,S_H2023,High,,,,,
CU_PHASE1_20260803_V1,中国联通,H,H股经营主体,2024,Annual,REV_DATA_INTERNET_APP,数据及互联网应用服务收入,Revenue,Statutory Service Mix,99.358,RMB bn,CNY,1000000000.0,Actual,Actual,S_H2024,High,,,,,
CU_PHASE1_20260803_V1,中国联通,H,H股经营主体,2025,Annual,REV_DATA_INTERNET_APP,数据及互联网应用服务收入,Revenue,Statutory Service Mix,103.559,RMB bn,CNY,1000000000.0,Actual,Actual,S_H2025,High,,,,,
CU_PHASE1_20260803_V1,中国联通,H,H股经营主体,2020,Annual,REV_OTHER_VAS,其他增值服务收入,Revenue,Statutory Service Mix,21.287,RMB bn,CNY,1000000000.0,Actual,Actual,S_H2020,High,,,,,
CU_PHASE1_20260803_V1,中国联通,H,H股经营主体,2021,Annual,REV_OTHER_VAS,其他增值服务收入,Revenue,Statutory Service Mix,22.444,RMB bn,CNY,1000000000.0,Actual,Actual,S_H2021,High,,,,,
CU_PHASE1_20260803_V1,中国联通,H,H股经营主体,2022,Annual,REV_OTHER_VAS,其他增值服务收入,Revenue,Statutory Service Mix,26.17,RMB bn,CNY,1000000000.0,Actual,Actual,S_H2022,High,,,,,
CU_PHASE1_20260803_V1,中国联通,H,H股经营主体,2023,Annual,REV_OTHER_VAS,其他增值服务收入,Revenue,Statutory Service Mix,29.19,RMB bn,CNY,1000000000.0,Actual,Actual,S_H2023,High,,,,,
CU_PHASE1_20260803_V1,中国联通,H,H股经营主体,2024,Annual,REV_OTHER_VAS,其他增值服务收入,Revenue,Statutory Service Mix,30.189,RMB bn,CNY,1000000000.0,Actual,Actual,S_H2024,High,,,,,
CU_PHASE1_20260803_V1,中国联通,H,H股经营主体,2025,Annual,REV_OTHER_VAS,其他增值服务收入,Revenue,Statutory Service Mix,30.627,RMB bn,CNY,1000000000.0,Actual,Actual,S_H2025,High,,,,,
CU_PHASE1_20260803_V1,中国联通,H,H股经营主体,2020,Annual,REV_INTERCONNECTION,网间结算收入,Revenue,Statutory Service Mix,12.307,RMB bn,CNY,1000000000.0,Actual,Actual,S_H2020,High,,,,,
CU_PHASE1_20260803_V1,中国联通,H,H股经营主体,2021,Annual,REV_INTERCONNECTION,网间结算收入,Revenue,Statutory Service Mix,12.542,RMB bn,CNY,1000000000.0,Actual,Actual,S_H2021,High,,,,,
CU_PHASE1_20260803_V1,中国联通,H,H股经营主体,2022,Annual,REV_INTERCONNECTION,网间结算收入,Revenue,Statutory Service Mix,12.947,RMB bn,CNY,1000000000.0,Actual,Actual,S_H2022,High,,,,,
CU_PHASE1_20260803_V1,中国联通,H,H股经营主体,2023,Annual,REV_INTERCONNECTION,网间结算收入,Revenue,Statutory Service Mix,12.878,RMB bn,CNY,1000000000.0,Actual,Actual,S_H2023,High,,,,,
CU_PHASE1_20260803_V1,中国联通,H,H股经营主体,2024,Annual,REV_INTERCONNECTION,网间结算收入,Revenue,Statutory Service Mix,12.602,RMB bn,CNY,1000000000.0,Actual,Actual,S_H2024,High,,,,,
CU_PHASE1_20260803_V1,中国联通,H,H股经营主体,2025,Annual,REV_INTERCONNECTION,网间结算收入,Revenue,Statutory Service Mix,12.3,RMB bn,CNY,1000000000.0,Actual,Actual,S_H2025,High,,,,,
CU_PHASE1_20260803_V1,中国联通,H,H股经营主体,2020,Annual,REV_TRANSMISSION_LINES,线路及数据传送收入,Revenue,Statutory Service Mix,16.519,RMB bn,CNY,1000000000.0,Actual,Actual,S_H2020,High,,,,,
CU_PHASE1_20260803_V1,中国联通,H,H股经营主体,2021,Annual,REV_TRANSMISSION_LINES,线路及数据传送收入,Revenue,Statutory Service Mix,17.894,RMB bn,CNY,1000000000.0,Actual,Actual,S_H2021,High,,,,,
CU_PHASE1_20260803_V1,中国联通,H,H股经营主体,2022,Annual,REV_TRANSMISSION_LINES,线路及数据传送收入,Revenue,Statutory Service Mix,20.448,RMB bn,CNY,1000000000.0,Actual,Actual,S_H2022,High,,,,,
CU_PHASE1_20260803_V1,中国联通,H,H股经营主体,2023,Annual,REV_TRANSMISSION_LINES,线路及数据传送收入,Revenue,Statutory Service Mix,22.666,RMB bn,CNY,1000000000.0,Actual,Actual,S_H2023,High,,,,,
CU_PHASE1_20260803_V1,中国联通,H,H股经营主体,2024,Annual,REV_TRANSMISSION_LINES,线路及数据传送收入,Revenue,Statutory Service Mix,24.26,RMB bn,CNY,1000000000.0,Actual,Actual,S_H2024,High,,,,,
CU_PHASE1_20260803_V1,中国联通,H,H股经营主体,2025,Annual,REV_TRANSMISSION_LINES,线路及数据传送收入,Revenue,Statutory Service Mix,24.191,RMB bn,CNY,1000000000.0,Actual,Actual,S_H2025,High,,,,,
CU_PHASE1_20260803_V1,中国联通,H,H股经营主体,2020,Annual,REV_OTHER_SERVICE,其他服务收入,Revenue,Statutory Service Mix,3.865,RMB bn,CNY,1000000000.0,Actual,Actual,S_H2020,High,,,,,
CU_PHASE1_20260803_V1,中国联通,H,H股经营主体,2021,Annual,REV_OTHER_SERVICE,其他服务收入,Revenue,Statutory Service Mix,4.483,RMB bn,CNY,1000000000.0,Actual,Actual,S_H2021,High,,,,,
CU_PHASE1_20260803_V1,中国联通,H,H股经营主体,2022,Annual,REV_OTHER_SERVICE,其他服务收入,Revenue,Statutory Service Mix,4.782,RMB bn,CNY,1000000000.0,Actual,Actual,S_H2022,High,,,,,
CU_PHASE1_20260803_V1,中国联通,H,H股经营主体,2023,Annual,REV_OTHER_SERVICE,其他服务收入,Revenue,Statutory Service Mix,4.836,RMB bn,CNY,1000000000.0,Actual,Actual,S_H2023,High,,,,,
CU_PHASE1_20260803_V1,中国联通,H,H股经营主体,2024,Annual,REV_OTHER_SERVICE,其他服务收入,Revenue,Statutory Service Mix,4.977,RMB bn,CNY,1000000000.0,Actual,Actual,S_H2024,High,,,,,
CU_PHASE1_20260803_V1,中国联通,H,H股经营主体,2025,Annual,REV_OTHER_SERVICE,其他服务收入,Revenue,Statutory Service Mix,4.283,RMB bn,CNY,1000000000.0,Actual,Actual,S_H2025,High,,,,,
CU_PHASE1_20260803_V1,中国联通,H,H股经营主体,2020,Annual,COST_OPERATING,经营成本,Cost,Group,292.72,RMB bn,CNY,1000000000.0,Actual,Actual,S_H2020,High,,,,,
CU_PHASE1_20260803_V1,中国联通,H,H股经营主体,2021,Annual,COST_OPERATING,经营成本,Cost,Group,317.18,RMB bn,CNY,1000000000.0,Actual,Actual,S_H2021,High,,,,,
CU_PHASE1_20260803_V1,中国联通,H,H股经营主体,2022,Annual,COST_OPERATING,经营成本,Cost,Group,342.6,RMB bn,CNY,1000000000.0,Actual,Actual,S_H2022,High,,,,,
CU_PHASE1_20260803_V1,中国联通,H,H股经营主体,2023,Annual,COST_OPERATING,经营成本,Cost,Group,357.63,RMB bn,CNY,1000000000.0,Actual,Actual,S_H2023,High,,,,,
CU_PHASE1_20260803_V1,中国联通,H,H股经营主体,2024,Annual,COST_OPERATING,经营成本,Cost,Group,373.56,RMB bn,CNY,1000000000.0,Actual,Actual,S_H2024,High,,,,,
CU_PHASE1_20260803_V1,中国联通,H,H股经营主体,2025,Annual,COST_OPERATING,经营成本,Cost,Group,373.63,RMB bn,CNY,1000000000.0,Actual,Actual,S_H2025,High,,,,,
CU_PHASE1_20260803_V1,中国联通,H,H股经营主体,2020,Annual,COST_INTERCONNECTION,网间结算成本,Cost,Group,10.57,RMB bn,CNY,1000000000.0,Actual,Actual,S_H2020,High,,,,,
CU_PHASE1_20260803_V1,中国联通,H,H股经营主体,2021,Annual,COST_INTERCONNECTION,网间结算成本,Cost,Group,11.56,RMB bn,CNY,1000000000.0,Actual,Actual,S_H2021,High,,,,,
CU_PHASE1_20260803_V1,中国联通,H,H股经营主体,2022,Annual,COST_INTERCONNECTION,网间结算成本,Cost,Group,10.95,RMB bn,CNY,1000000000.0,Actual,Actual,S_H2022,High,,,,,
CU_PHASE1_20260803_V1,中国联通,H,H股经营主体,2023,Annual,COST_INTERCONNECTION,网间结算成本,Cost,Group,11.29,RMB bn,CNY,1000000000.0,Actual,Actual,S_H2023,High,,,,,
CU_PHASE1_20260803_V1,中国联通,H,H股经营主体,2024,Annual,COST_INTERCONNECTION,网间结算成本,Cost,Group,11.22,RMB bn,CNY,1000000000.0,Actual,Actual,S_H2024,High,,,,,
CU_PHASE1_20260803_V1,中国联通,H,H股经营主体,2025,Annual,COST_INTERCONNECTION,网间结算成本,Cost,Group,11.04,RMB bn,CNY,1000000000.0,Actual,Actual,S_H2025,High,,,,,
CU_PHASE1_20260803_V1,中国联通,H,H股经营主体,2020,Annual,COST_DA,折旧摊销,Cost,Group,83.02,RMB bn,CNY,1000000000.0,Actual,Actual,S_H2020,High,,,,,
CU_PHASE1_20260803_V1,中国联通,H,H股经营主体,2021,Annual,COST_DA,折旧摊销,Cost,Group,85.65,RMB bn,CNY,1000000000.0,Actual,Actual,S_H2021,High,,,,,
CU_PHASE1_20260803_V1,中国联通,H,H股经营主体,2022,Annual,COST_DA,折旧摊销,Cost,Group,86.83,RMB bn,CNY,1000000000.0,Actual,Actual,S_H2022,High,,,,,
CU_PHASE1_20260803_V1,中国联通,H,H股经营主体,2023,Annual,COST_DA,折旧摊销,Cost,Group,84.85,RMB bn,CNY,1000000000.0,Actual,Actual,S_H2023,High,,,,,
CU_PHASE1_20260803_V1,中国联通,H,H股经营主体,2024,Annual,COST_DA,折旧摊销,Cost,Group,83.39,RMB bn,CNY,1000000000.0,Actual,Actual,S_H2024,High,,,,,
CU_PHASE1_20260803_V1,中国联通,H,H股经营主体,2025,Annual,COST_DA,折旧摊销,Cost,Group,80.83,RMB bn,CNY,1000000000.0,Actual,Actual,S_H2025,High,,,,,
CU_PHASE1_20260803_V1,中国联通,H,H股经营主体,2020,Annual,COST_NETWORK,网络运行及支撑成本,Cost,Group,46.29,RMB bn,CNY,1000000000.0,Actual,Actual,S_H2020,High,,,,,
CU_PHASE1_20260803_V1,中国联通,H,H股经营主体,2021,Annual,COST_NETWORK,网络运行及支撑成本,Cost,Group,53.09,RMB bn,CNY,1000000000.0,Actual,Actual,S_H2021,High,,,,,
CU_PHASE1_20260803_V1,中国联通,H,H股经营主体,2022,Annual,COST_NETWORK,网络运行及支撑成本,Cost,Group,56.42,RMB bn,CNY,1000000000.0,Actual,Actual,S_H2022,High,,,,,
CU_PHASE1_20260803_V1,中国联通,H,H股经营主体,2023,Annual,COST_NETWORK,网络运行及支撑成本,Cost,Group,60.03,RMB bn,CNY,1000000000.0,Actual,Actual,S_H2023,High,,,,,
CU_PHASE1_20260803_V1,中国联通,H,H股经营主体,2024,Annual,COST_NETWORK,网络运行及支撑成本,Cost,Group,64.32,RMB bn,CNY,1000000000.0,Actual,Actual,S_H2024,High,,,,,
CU_PHASE1_20260803_V1,中国联通,H,H股经营主体,2025,Annual,COST_NETWORK,网络运行及支撑成本,Cost,Group,65.23,RMB bn,CNY,1000000000.0,Actual,Actual,S_H2025,High,,,,,
CU_PHASE1_20260803_V1,中国联通,H,H股经营主体,2020,Annual,COST_EMPLOYEE,人工成本,Cost,Group,55.74,RMB bn,CNY,1000000000.0,Actual,Actual,S_H2020,High,,,,,
CU_PHASE1_20260803_V1,中国联通,H,H股经营主体,2021,Annual,COST_EMPLOYEE,人工成本,Cost,Group,58.94,RMB bn,CNY,1000000000.0,Actual,Actual,S_H2021,High,,,,,
CU_PHASE1_20260803_V1,中国联通,H,H股经营主体,2022,Annual,COST_EMPLOYEE,人工成本,Cost,Group,60.72,RMB bn,CNY,1000000000.0,Actual,Actual,S_H2022,High,,,,,
CU_PHASE1_20260803_V1,中国联通,H,H股经营主体,2023,Annual,COST_EMPLOYEE,人工成本,Cost,Group,62.94,RMB bn,CNY,1000000000.0,Actual,Actual,S_H2023,High,,,,,
CU_PHASE1_20260803_V1,中国联通,H,H股经营主体,2024,Annual,COST_EMPLOYEE,人工成本,Cost,Group,64.93,RMB bn,CNY,1000000000.0,Actual,Actual,S_H2024,High,,,,,
CU_PHASE1_20260803_V1,中国联通,H,H股经营主体,2025,Annual,COST_EMPLOYEE,人工成本,Cost,Group,66.55,RMB bn,CNY,1000000000.0,Actual,Actual,S_H2025,High,,,,,
CU_PHASE1_20260803_V1,中国联通,H,H股经营主体,2020,Annual,COST_PRODUCTS,销售通信产品成本,Cost,Group,26.86,RMB bn,CNY,1000000000.0,Actual,Actual,S_H2020,High,,,,,
CU_PHASE1_20260803_V1,中国联通,H,H股经营主体,2021,Annual,COST_PRODUCTS,销售通信产品成本,Cost,Group,30.68,RMB bn,CNY,1000000000.0,Actual,Actual,S_H2021,High,,,,,
CU_PHASE1_20260803_V1,中国联通,H,H股经营主体,2022,Annual,COST_PRODUCTS,销售通信产品成本,Cost,Group,34.72,RMB bn,CNY,1000000000.0,Actual,Actual,S_H2022,High,,,,,
CU_PHASE1_20260803_V1,中国联通,H,H股经营主体,2023,Annual,COST_PRODUCTS,销售通信产品成本,Cost,Group,36.4,RMB bn,CNY,1000000000.0,Actual,Actual,S_H2023,High,,,,,
CU_PHASE1_20260803_V1,中国联通,H,H股经营主体,2024,Annual,COST_PRODUCTS,销售通信产品成本,Cost,Group,42.47,RMB bn,CNY,1000000000.0,Actual,Actual,S_H2024,High,,,,,
CU_PHASE1_20260803_V1,中国联通,H,H股经营主体,2025,Annual,COST_PRODUCTS,销售通信产品成本,Cost,Group,42.94,RMB bn,CNY,1000000000.0,Actual,Actual,S_H2025,High,,,,,
CU_PHASE1_20260803_V1,中国联通,H,H股经营主体,2020,Annual,COST_SELLING,销售费用,Cost,Group,30.46,RMB bn,CNY,1000000000.0,Actual,Actual,S_H2020,High,,,,,
CU_PHASE1_20260803_V1,中国联通,H,H股经营主体,2021,Annual,COST_SELLING,销售费用,Cost,Group,32.21,RMB bn,CNY,1000000000.0,Actual,Actual,S_H2021,High,,,,,
CU_PHASE1_20260803_V1,中国联通,H,H股经营主体,2022,Annual,COST_SELLING,销售费用,Cost,Group,34.46,RMB bn,CNY,1000000000.0,Actual,Actual,S_H2022,High,,,,,
CU_PHASE1_20260803_V1,中国联通,H,H股经营主体,2023,Annual,COST_SELLING,销售费用,Cost,Group,35.83,RMB bn,CNY,1000000000.0,Actual,Actual,S_H2023,High,,,,,
CU_PHASE1_20260803_V1,中国联通,H,H股经营主体,2024,Annual,COST_SELLING,销售费用,Cost,Group,36.98,RMB bn,CNY,1000000000.0,Actual,Actual,S_H2024,High,,,,,
CU_PHASE1_20260803_V1,中国联通,H,H股经营主体,2025,Annual,COST_SELLING,销售费用,Cost,Group,37.41,RMB bn,CNY,1000000000.0,Actual,Actual,S_H2025,High,,,,,
CU_PHASE1_20260803_V1,中国联通,H,H股经营主体,2020,Annual,COST_GA_OTHER_COMBINED,管理及其他经营费用（合并口径）,Cost,Group,39.78,RMB bn,CNY,1000000000.0,Actual,Actual,S_H2020,High,,,,,
CU_PHASE1_20260803_V1,中国联通,H,H股经营主体,2021,Annual,COST_GA_OTHER_COMBINED,管理及其他经营费用（合并口径）,Cost,Group,45.05,RMB bn,CNY,1000000000.0,Actual,Actual,S_H2021,High,,,,,
CU_PHASE1_20260803_V1,中国联通,H,H股经营主体,2022,Annual,COST_GA_OTHER_COMBINED,管理及其他经营费用（合并口径）,Cost,Group,58.5,RMB bn,CNY,1000000000.0,Actual,Actual,S_H2022,High,,,,,
CU_PHASE1_20260803_V1,中国联通,H,H股经营主体,2023,Annual,COST_GA,管理费用,Cost,Group,5.53,RMB bn,CNY,1000000000.0,Actual,Actual,S_H2023,High,,,,,
CU_PHASE1_20260803_V1,中国联通,H,H股经营主体,2024,Annual,COST_GA,管理费用,Cost,Group,5.12,RMB bn,CNY,1000000000.0,Actual,Actual,S_H2024,High,,,,,
CU_PHASE1_20260803_V1,中国联通,H,H股经营主体,2025,Annual,COST_GA,管理费用,Cost,Group,5.0,RMB bn,CNY,1000000000.0,Actual,Actual,S_H2025,High,,,,,
CU_PHASE1_20260803_V1,中国联通,H,H股经营主体,2023,Annual,COST_OTHER_OPERATING,其他经营费用,Cost,Group,60.76,RMB bn,CNY,1000000000.0,Actual,Actual,S_H2023,High,,,,,
CU_PHASE1_20260803_V1,中国联通,H,H股经营主体,2024,Annual,COST_OTHER_OPERATING,其他经营费用,Cost,Group,65.13,RMB bn,CNY,1000000000.0,Actual,Actual,S_H2024,High,,,,,
CU_PHASE1_20260803_V1,中国联通,H,H股经营主体,2025,Annual,COST_OTHER_OPERATING,其他经营费用,Cost,Group,64.63,RMB bn,CNY,1000000000.0,Actual,Actual,S_H2025,High,,,,,
CU_PHASE1_20260803_V1,中国联通,H,H股经营主体,2020,Annual,FIN_PBT_H,税前利润（H）,Financial,H Operating Entity,16.027,RMB bn,CNY,1000000000.0,Actual,Actual,S_H2020,High,,,,,
CU_PHASE1_20260803_V1,中国联通,H,H股经营主体,2021,Annual,FIN_PBT_H,税前利润（H）,Financial,H Operating Entity,17.927,RMB bn,CNY,1000000000.0,Actual,Actual,S_H2021,High,,,,,
CU_PHASE1_20260803_V1,中国联通,H,H股经营主体,2022,Annual,FIN_PBT_H,税前利润（H）,Financial,H Operating Entity,20.588,RMB bn,CNY,1000000000.0,Actual,Actual,S_H2022,High,,,,,
CU_PHASE1_20260803_V1,中国联通,H,H股经营主体,2023,Annual,FIN_PBT_H,税前利润（H）,Financial,H Operating Entity,22.945,RMB bn,CNY,1000000000.0,Actual,Actual,S_H2023,High,,,,,
CU_PHASE1_20260803_V1,中国联通,H,H股经营主体,2024,Annual,FIN_PBT_H,税前利润（H）,Financial,H Operating Entity,25.254,RMB bn,CNY,1000000000.0,Actual,Actual,S_H2024,High,,,,,
CU_PHASE1_20260803_V1,中国联通,H,H股经营主体,2025,Annual,FIN_PBT_H,税前利润（H）,Financial,H Operating Entity,25.453,RMB bn,CNY,1000000000.0,Actual,Actual,S_H2025,High,,,,,
CU_PHASE1_20260803_V1,中国联通,H,H股经营主体,2020,Annual,FIN_TAX_H,所得税（H）,Financial,H Operating Entity,3.45,RMB bn,CNY,1000000000.0,Actual,Actual,S_H2020,High,,,,,
CU_PHASE1_20260803_V1,中国联通,H,H股经营主体,2021,Annual,FIN_TAX_H,所得税（H）,Financial,H Operating Entity,3.42,RMB bn,CNY,1000000000.0,Actual,Actual,S_H2021,High,,,,,
CU_PHASE1_20260803_V1,中国联通,H,H股经营主体,2022,Annual,FIN_TAX_H,所得税（H）,Financial,H Operating Entity,3.751,RMB bn,CNY,1000000000.0,Actual,Actual,S_H2022,High,,,,,
CU_PHASE1_20260803_V1,中国联通,H,H股经营主体,2023,Annual,FIN_TAX_H,所得税（H）,Financial,H Operating Entity,4.023,RMB bn,CNY,1000000000.0,Actual,Actual,S_H2023,High,,,,,
CU_PHASE1_20260803_V1,中国联通,H,H股经营主体,2024,Annual,FIN_TAX_H,所得税（H）,Financial,H Operating Entity,4.521,RMB bn,CNY,1000000000.0,Actual,Actual,S_H2024,High,,,,,
CU_PHASE1_20260803_V1,中国联通,H,H股经营主体,2025,Annual,FIN_TAX_H,所得税（H）,Financial,H Operating Entity,4.543,RMB bn,CNY,1000000000.0,Actual,Actual,S_H2025,High,,,,,
CU_PHASE1_20260803_V1,中国联通,H,H股经营主体,2020,Annual,FIN_NET_PROFIT_H_GROUP,净利润（H）,Financial,H Operating Entity,12.577,RMB bn,CNY,1000000000.0,Actual,Actual,S_H2020,High,,,,,
CU_PHASE1_20260803_V1,中国联通,H,H股经营主体,2021,Annual,FIN_NET_PROFIT_H_GROUP,净利润（H）,Financial,H Operating Entity,14.507,RMB bn,CNY,1000000000.0,Actual,Actual,S_H2021,High,,,,,
CU_PHASE1_20260803_V1,中国联通,H,H股经营主体,2022,Annual,FIN_NET_PROFIT_H_GROUP,净利润（H）,Financial,H Operating Entity,16.837,RMB bn,CNY,1000000000.0,Actual,Actual,S_H2022,High,,,,,
CU_PHASE1_20260803_V1,中国联通,H,H股经营主体,2023,Annual,FIN_NET_PROFIT_H_GROUP,净利润（H）,Financial,H Operating Entity,18.922,RMB bn,CNY,1000000000.0,Actual,Actual,S_H2023,High,,,,,
CU_PHASE1_20260803_V1,中国联通,H,H股经营主体,2024,Annual,FIN_NET_PROFIT_H_GROUP,净利润（H）,Financial,H Operating Entity,20.733,RMB bn,CNY,1000000000.0,Actual,Actual,S_H2024,High,,,,,
CU_PHASE1_20260803_V1,中国联通,H,H股经营主体,2025,Annual,FIN_NET_PROFIT_H_GROUP,净利润（H）,Financial,H Operating Entity,20.91,RMB bn,CNY,1000000000.0,Actual,Actual,S_H2025,High,,,,,
CU_PHASE1_20260803_V1,中国联通,H,H股经营主体,2020,Annual,FIN_NET_PROFIT_ATTR_H,H股股东应占利润,Financial,H Operating Entity,12.493,RMB bn,CNY,1000000000.0,Actual,Actual,S_H2020,High,,,,,
CU_PHASE1_20260803_V1,中国联通,H,H股经营主体,2021,Annual,FIN_NET_PROFIT_ATTR_H,H股股东应占利润,Financial,H Operating Entity,14.368,RMB bn,CNY,1000000000.0,Actual,Actual,S_H2021,High,,,,,
CU_PHASE1_20260803_V1,中国联通,H,H股经营主体,2022,Annual,FIN_NET_PROFIT_ATTR_H,H股股东应占利润,Financial,H Operating Entity,16.745,RMB bn,CNY,1000000000.0,Actual,Actual,S_H2022,High,,,,,
CU_PHASE1_20260803_V1,中国联通,H,H股经营主体,2023,Annual,FIN_NET_PROFIT_ATTR_H,H股股东应占利润,Financial,H Operating Entity,18.726,RMB bn,CNY,1000000000.0,Actual,Actual,S_H2023,High,,,,,
CU_PHASE1_20260803_V1,中国联通,H,H股经营主体,2024,Annual,FIN_NET_PROFIT_ATTR_H,H股股东应占利润,Financial,H Operating Entity,20.613,RMB bn,CNY,1000000000.0,Actual,Actual,S_H2024,High,,,,,
CU_PHASE1_20260803_V1,中国联通,H,H股经营主体,2025,Annual,FIN_NET_PROFIT_ATTR_H,H股股东应占利润,Financial,H Operating Entity,20.816,RMB bn,CNY,1000000000.0,Actual,Actual,S_H2025,High,,,,,
CU_PHASE1_20260803_V1,中国联通,H,H股经营主体,2020,Annual,FIN_NET_PROFIT_NCI_H,H股少数股东利润,Financial,H Operating Entity,0.084,RMB bn,CNY,1000000000.0,Actual,Actual,S_H2020,High,,,,,
CU_PHASE1_20260803_V1,中国联通,H,H股经营主体,2021,Annual,FIN_NET_PROFIT_NCI_H,H股少数股东利润,Financial,H Operating Entity,0.139,RMB bn,CNY,1000000000.0,Actual,Actual,S_H2021,High,,,,,
CU_PHASE1_20260803_V1,中国联通,H,H股经营主体,2022,Annual,FIN_NET_PROFIT_NCI_H,H股少数股东利润,Financial,H Operating Entity,0.092,RMB bn,CNY,1000000000.0,Actual,Actual,S_H2022,High,,,,,
CU_PHASE1_20260803_V1,中国联通,H,H股经营主体,2023,Annual,FIN_NET_PROFIT_NCI_H,H股少数股东利润,Financial,H Operating Entity,0.196,RMB bn,CNY,1000000000.0,Actual,Actual,S_H2023,High,,,,,
CU_PHASE1_20260803_V1,中国联通,H,H股经营主体,2024,Annual,FIN_NET_PROFIT_NCI_H,H股少数股东利润,Financial,H Operating Entity,0.12,RMB bn,CNY,1000000000.0,Actual,Actual,S_H2024,High,,,,,
CU_PHASE1_20260803_V1,中国联通,H,H股经营主体,2025,Annual,FIN_NET_PROFIT_NCI_H,H股少数股东利润,Financial,H Operating Entity,0.094,RMB bn,CNY,1000000000.0,Actual,Actual,S_H2025,High,,,,,
CU_PHASE1_20260803_V1,中国联通,H,H股经营主体,2020,Annual,FIN_EBITDA,EBITDA,Financial,H Operating Entity,94.14,RMB bn,CNY,1000000000.0,Actual,Actual,S_H2020,High,,,,,
CU_PHASE1_20260803_V1,中国联通,H,H股经营主体,2021,Annual,FIN_EBITDA,EBITDA,Financial,H Operating Entity,96.32,RMB bn,CNY,1000000000.0,Actual,Actual,S_H2021,High,,,,,
CU_PHASE1_20260803_V1,中国联通,H,H股经营主体,2022,Annual,FIN_EBITDA,EBITDA,Financial,H Operating Entity,99.169,RMB bn,CNY,1000000000.0,Actual,Actual,S_H2022,High,,,,,
CU_PHASE1_20260803_V1,中国联通,H,H股经营主体,2023,Annual,FIN_EBITDA,EBITDA,Financial,H Operating Entity,99.81,RMB bn,CNY,1000000000.0,Actual,Actual,S_H2023,High,,,,,
CU_PHASE1_20260803_V1,中国联通,H,H股经营主体,2024,Annual,FIN_EBITDA,EBITDA,Financial,H Operating Entity,99.42,RMB bn,CNY,1000000000.0,Actual,Actual,S_H2024,High,,,,,
CU_PHASE1_20260803_V1,中国联通,H,H股经营主体,2025,Annual,FIN_EBITDA,EBITDA,Financial,H Operating Entity,99.42,RMB bn,CNY,1000000000.0,Actual,Actual,S_H2025,High,,,,,
CU_PHASE1_20260803_V1,中国联通,H,H股经营主体,2020,Annual,CF_CFO_H,经营现金流（H）,Cash Flow,Group,105.55,RMB bn,CNY,1000000000.0,Actual,Actual,S_H2020,High,,,,,
CU_PHASE1_20260803_V1,中国联通,H,H股经营主体,2021,Annual,CF_CFO_H,经营现金流（H）,Cash Flow,Group,110.64,RMB bn,CNY,1000000000.0,Actual,Actual,S_H2021,High,,,,,
CU_PHASE1_20260803_V1,中国联通,H,H股经营主体,2022,Annual,CF_CFO_H,经营现金流（H）,Cash Flow,Group,100.54,RMB bn,CNY,1000000000.0,Actual,Actual,S_H2022,High,,,,,
CU_PHASE1_20260803_V1,中国联通,H,H股经营主体,2023,Annual,CF_CFO_H,经营现金流（H）,Cash Flow,Group,102.39,RMB bn,CNY,1000000000.0,Actual,Actual,S_H2023,High,,,,,
CU_PHASE1_20260803_V1,中国联通,H,H股经营主体,2024,Annual,CF_CFO_H,经营现金流（H）,Cash Flow,Group,89.4,RMB bn,CNY,1000000000.0,Actual,Actual,S_H2024,High,,,,,
CU_PHASE1_20260803_V1,中国联通,H,H股经营主体,2025,Annual,CF_CFO_H,经营现金流（H）,Cash Flow,Group,90.17,RMB bn,CNY,1000000000.0,Actual,Actual,S_H2025,High,,,,,
CU_PHASE1_20260803_V1,中国联通,H,H股经营主体,2020,Annual,CAPEX_TOTAL,资本开支,Capital,Group,67.65,RMB bn,CNY,1000000000.0,Actual,Actual,S_H2020,High,,,,,
CU_PHASE1_20260803_V1,中国联通,H,H股经营主体,2021,Annual,CAPEX_TOTAL,资本开支,Capital,Group,68.96,RMB bn,CNY,1000000000.0,Actual,Actual,S_H2021,High,,,,,
CU_PHASE1_20260803_V1,中国联通,H,H股经营主体,2022,Annual,CAPEX_TOTAL,资本开支,Capital,Group,74.2,RMB bn,CNY,1000000000.0,Actual,Actual,S_H2022,High,,,,,
CU_PHASE1_20260803_V1,中国联通,H,H股经营主体,2023,Annual,CAPEX_TOTAL,资本开支,Capital,Group,73.87,RMB bn,CNY,1000000000.0,Actual,Actual,S_H2023,High,,,,,
CU_PHASE1_20260803_V1,中国联通,H,H股经营主体,2024,Annual,CAPEX_TOTAL,资本开支,Capital,Group,61.37,RMB bn,CNY,1000000000.0,Actual,Actual,S_H2024,High,,,,,
CU_PHASE1_20260803_V1,中国联通,H,H股经营主体,2025,Annual,CAPEX_TOTAL,资本开支,Capital,Group,54.15,RMB bn,CNY,1000000000.0,Actual,Actual,S_H2025,High,,,,,
CU_PHASE1_20260803_V1,中国联通,H,H股经营主体,2020,Annual,FIN_FCF,自由现金流,Cash Flow,Group,37.9,RMB bn,CNY,1000000000.0,Actual,Actual,S_H2020,High,,,,,
CU_PHASE1_20260803_V1,中国联通,H,H股经营主体,2021,Annual,FIN_FCF,自由现金流,Cash Flow,Group,41.68,RMB bn,CNY,1000000000.0,Actual,Actual,S_H2021,High,,,,,
CU_PHASE1_20260803_V1,中国联通,H,H股经营主体,2022,Annual,FIN_FCF,自由现金流,Cash Flow,Group,26.34,RMB bn,CNY,1000000000.0,Actual,Actual,S_H2022,High,,,,,
CU_PHASE1_20260803_V1,中国联通,H,H股经营主体,2023,Annual,FIN_FCF,自由现金流,Cash Flow,Group,28.52,RMB bn,CNY,1000000000.0,Actual,Actual,S_H2023,High,,,,,
CU_PHASE1_20260803_V1,中国联通,H,H股经营主体,2024,Annual,FIN_FCF,自由现金流,Cash Flow,Group,28.03,RMB bn,CNY,1000000000.0,Actual,Actual,S_H2024,High,,,,,
CU_PHASE1_20260803_V1,中国联通,H,H股经营主体,2025,Annual,FIN_FCF,自由现金流,Cash Flow,Group,36.02,RMB bn,CNY,1000000000.0,Actual,Actual,S_H2025,High,,,,,
CU_PHASE1_20260803_V1,中国联通,H,H股经营主体,2020,Annual,DIV_DPS_H,H股每股股息,Dividend,H Dividend,0.164,RMB/share,CNY,1,Actual,Actual,S_H2020,High,,,,,
CU_PHASE1_20260803_V1,中国联通,H,H股经营主体,2021,Annual,DIV_DPS_H,H股每股股息,Dividend,H Dividend,0.216,RMB/share,CNY,1,Actual,Actual,S_H2021,High,,,,,
CU_PHASE1_20260803_V1,中国联通,H,H股经营主体,2022,Annual,DIV_DPS_H,H股每股股息,Dividend,H Dividend,0.274,RMB/share,CNY,1,Actual,Actual,S_H2022,High,,,,,
CU_PHASE1_20260803_V1,中国联通,H,H股经营主体,2023,Annual,DIV_DPS_H,H股每股股息,Dividend,H Dividend,0.3366,RMB/share,CNY,1,Actual,Actual,S_H2023,High,,,,,
CU_PHASE1_20260803_V1,中国联通,H,H股经营主体,2024,Annual,DIV_DPS_H,H股每股股息,Dividend,H Dividend,0.4043,RMB/share,CNY,1,Actual,Actual,S_H2024,High,,,,,
CU_PHASE1_20260803_V1,中国联通,H,H股经营主体,2025,Annual,DIV_DPS_H,H股每股股息,Dividend,H Dividend,0.417,RMB/share,CNY,1,Actual,Actual,S_H2025,High,,,,,
CU_PHASE1_20260803_V1,中国联通,H,H股经营主体,2020,Annual,FIN_EPS_H,H股每股收益,Financial,H Operating Entity,0.408,RMB/share,CNY,1,Actual,Actual,S_H2020,High,,,,,
CU_PHASE1_20260803_V1,中国联通,H,H股经营主体,2021,Annual,FIN_EPS_H,H股每股收益,Financial,H Operating Entity,0.47,RMB/share,CNY,1,Actual,Actual,S_H2021,High,,,,,
CU_PHASE1_20260803_V1,中国联通,H,H股经营主体,2022,Annual,FIN_EPS_H,H股每股收益,Financial,H Operating Entity,0.547,RMB/share,CNY,1,Actual,Actual,S_H2022,High,,,,,
CU_PHASE1_20260803_V1,中国联通,H,H股经营主体,2023,Annual,FIN_EPS_H,H股每股收益,Financial,H Operating Entity,0.612,RMB/share,CNY,1,Actual,Actual,S_H2023,High,,,,,
CU_PHASE1_20260803_V1,中国联通,H,H股经营主体,2024,Annual,FIN_EPS_H,H股每股收益,Financial,H Operating Entity,0.674,RMB/share,CNY,1,Actual,Actual,S_H2024,High,,,,,
CU_PHASE1_20260803_V1,中国联通,H,H股经营主体,2025,Annual,FIN_EPS_H,H股每股收益,Financial,H Operating Entity,0.68,RMB/share,CNY,1,Actual,Actual,S_H2025,High,,,,,
CU_PHASE1_20260803_V1,中国联通,H,H股经营主体,2020,Annual,BS_PPE_NET_H,固定资产净额（H）,Balance Sheet,H Operating Entity,364.187,RMB bn,CNY,1000000000.0,Actual,Actual,S_H2020,High,,,,,
CU_PHASE1_20260803_V1,中国联通,H,H股经营主体,2021,Annual,BS_PPE_NET_H,固定资产净额（H）,Balance Sheet,H Operating Entity,355.031,RMB bn,CNY,1000000000.0,Actual,Actual,S_H2021,High,,,,,
CU_PHASE1_20260803_V1,中国联通,H,H股经营主体,2022,Annual,BS_PPE_NET_H,固定资产净额（H）,Balance Sheet,H Operating Entity,352.433,RMB bn,CNY,1000000000.0,Actual,Actual,S_H2022,High,,,,,
CU_PHASE1_20260803_V1,中国联通,H,H股经营主体,2023,Annual,BS_PPE_NET_H,固定资产净额（H）,Balance Sheet,H Operating Entity,355.995,RMB bn,CNY,1000000000.0,Actual,Actual,S_H2023,High,,,,,
CU_PHASE1_20260803_V1,中国联通,H,H股经营主体,2024,Annual,BS_PPE_NET_H,固定资产净额（H）,Balance Sheet,H Operating Entity,351.53,RMB bn,CNY,1000000000.0,Actual,Actual,S_H2024,High,,,,,
CU_PHASE1_20260803_V1,中国联通,H,H股经营主体,2025,Annual,BS_PPE_NET_H,固定资产净额（H）,Balance Sheet,H Operating Entity,345.611,RMB bn,CNY,1000000000.0,Actual,Actual,S_H2025,High,,,,,
CU_PHASE1_20260803_V1,中国联通,H,H股经营主体,2020,Annual,BS_ROU_ASSET_H,使用权资产（H）,Balance Sheet,H Operating Entity,37.96,RMB bn,CNY,1000000000.0,Actual,Actual,S_H2020,High,,,,,
CU_PHASE1_20260803_V1,中国联通,H,H股经营主体,2021,Annual,BS_ROU_ASSET_H,使用权资产（H）,Balance Sheet,H Operating Entity,32.866,RMB bn,CNY,1000000000.0,Actual,Actual,S_H2021,High,,,,,
CU_PHASE1_20260803_V1,中国联通,H,H股经营主体,2022,Annual,BS_ROU_ASSET_H,使用权资产（H）,Balance Sheet,H Operating Entity,59.227,RMB bn,CNY,1000000000.0,Actual,Actual,S_H2022,High,,,,,
CU_PHASE1_20260803_V1,中国联通,H,H股经营主体,2023,Annual,BS_ROU_ASSET_H,使用权资产（H）,Balance Sheet,H Operating Entity,52.608,RMB bn,CNY,1000000000.0,Actual,Actual,S_H2023,High,,,,,
CU_PHASE1_20260803_V1,中国联通,H,H股经营主体,2024,Annual,BS_ROU_ASSET_H,使用权资产（H）,Balance Sheet,H Operating Entity,47.522,RMB bn,CNY,1000000000.0,Actual,Actual,S_H2024,High,,,,,
CU_PHASE1_20260803_V1,中国联通,H,H股经营主体,2025,Annual,BS_ROU_ASSET_H,使用权资产（H）,Balance Sheet,H Operating Entity,38.665,RMB bn,CNY,1000000000.0,Actual,Actual,S_H2025,High,,,,,
CU_PHASE1_20260803_V1,中国联通,H,H股经营主体,2020,Annual,BS_FINANCIAL_INVESTMENTS_H,公允价值金融资产（H）,Balance Sheet,H Operating Entity,27.682,RMB bn,CNY,1000000000.0,Actual,Actual,S_H2020,High,,,,,
CU_PHASE1_20260803_V1,中国联通,H,H股经营主体,2021,Annual,BS_FINANCIAL_INVESTMENTS_H,公允价值金融资产（H）,Balance Sheet,H Operating Entity,32.726,RMB bn,CNY,1000000000.0,Actual,Actual,S_H2021,High,,,,,
CU_PHASE1_20260803_V1,中国联通,H,H股经营主体,2022,Annual,BS_FINANCIAL_INVESTMENTS_H,公允价值金融资产（H）,Balance Sheet,H Operating Entity,23.702,RMB bn,CNY,1000000000.0,Actual,Actual,S_H2022,High,,,,,
CU_PHASE1_20260803_V1,中国联通,H,H股经营主体,2023,Annual,BS_FINANCIAL_INVESTMENTS_H,公允价值金融资产（H）,Balance Sheet,H Operating Entity,29.645,RMB bn,CNY,1000000000.0,Actual,Actual,S_H2023,High,,,,,
CU_PHASE1_20260803_V1,中国联通,H,H股经营主体,2024,Annual,BS_FINANCIAL_INVESTMENTS_H,公允价值金融资产（H）,Balance Sheet,H Operating Entity,13.817,RMB bn,CNY,1000000000.0,Actual,Actual,S_H2024,High,,,,,
CU_PHASE1_20260803_V1,中国联通,H,H股经营主体,2025,Annual,BS_FINANCIAL_INVESTMENTS_H,公允价值金融资产（H）,Balance Sheet,H Operating Entity,26.53,RMB bn,CNY,1000000000.0,Actual,Actual,S_H2025,High,,,,,
CU_PHASE1_20260803_V1,中国联通,H,H股经营主体,2020,Annual,BS_LONG_TERM_DEPOSITS_H,长期存款（H）,Balance Sheet,H Operating Entity,0,RMB bn,CNY,1000000000.0,Actual,Actual,S_H2020,High,,,,,
CU_PHASE1_20260803_V1,中国联通,H,H股经营主体,2021,Annual,BS_LONG_TERM_DEPOSITS_H,长期存款（H）,Balance Sheet,H Operating Entity,0,RMB bn,CNY,1000000000.0,Actual,Actual,S_H2021,High,,,,,
CU_PHASE1_20260803_V1,中国联通,H,H股经营主体,2022,Annual,BS_LONG_TERM_DEPOSITS_H,长期存款（H）,Balance Sheet,H Operating Entity,0,RMB bn,CNY,1000000000.0,Actual,Actual,S_H2022,High,,,,,
CU_PHASE1_20260803_V1,中国联通,H,H股经营主体,2023,Annual,BS_LONG_TERM_DEPOSITS_H,长期存款（H）,Balance Sheet,H Operating Entity,0,RMB bn,CNY,1000000000.0,Actual,Actual,S_H2023,High,,,,,
CU_PHASE1_20260803_V1,中国联通,H,H股经营主体,2024,Annual,BS_LONG_TERM_DEPOSITS_H,长期存款（H）,Balance Sheet,H Operating Entity,15.185,RMB bn,CNY,1000000000.0,Actual,Actual,S_H2024,High,,,,,
CU_PHASE1_20260803_V1,中国联通,H,H股经营主体,2025,Annual,BS_LONG_TERM_DEPOSITS_H,长期存款（H）,Balance Sheet,H Operating Entity,15.58,RMB bn,CNY,1000000000.0,Actual,Actual,S_H2025,High,,,,,
CU_PHASE1_20260803_V1,中国联通,H,H股经营主体,2020,Annual,BS_CASH_H,现金及现金等价物（H）,Balance Sheet,H Operating Entity,23.085,RMB bn,CNY,1000000000.0,Actual,Actual,S_H2020,High,,,,,
CU_PHASE1_20260803_V1,中国联通,H,H股经营主体,2021,Annual,BS_CASH_H,现金及现金等价物（H）,Balance Sheet,H Operating Entity,34.28,RMB bn,CNY,1000000000.0,Actual,Actual,S_H2021,High,,,,,
CU_PHASE1_20260803_V1,中国联通,H,H股经营主体,2022,Annual,BS_CASH_H,现金及现金等价物（H）,Balance Sheet,H Operating Entity,55.297,RMB bn,CNY,1000000000.0,Actual,Actual,S_H2022,High,,,,,
CU_PHASE1_20260803_V1,中国联通,H,H股经营主体,2023,Annual,BS_CASH_H,现金及现金等价物（H）,Balance Sheet,H Operating Entity,47.733,RMB bn,CNY,1000000000.0,Actual,Actual,S_H2023,High,,,,,
CU_PHASE1_20260803_V1,中国联通,H,H股经营主体,2024,Annual,BS_CASH_H,现金及现金等价物（H）,Balance Sheet,H Operating Entity,28.48,RMB bn,CNY,1000000000.0,Actual,Actual,S_H2024,High,,,,,
CU_PHASE1_20260803_V1,中国联通,H,H股经营主体,2025,Annual,BS_CASH_H,现金及现金等价物（H）,Balance Sheet,H Operating Entity,25.109,RMB bn,CNY,1000000000.0,Actual,Actual,S_H2025,High,,,,,
CU_PHASE1_20260803_V1,中国联通,H,H股经营主体,2020,Annual,BS_TOTAL_ASSETS_H,总资产（H）,Balance Sheet,H Operating Entity,580.616,RMB bn,CNY,1000000000.0,Actual,Actual,S_H2020,High,,,,,
CU_PHASE1_20260803_V1,中国联通,H,H股经营主体,2021,Annual,BS_TOTAL_ASSETS_H,总资产（H）,Balance Sheet,H Operating Entity,591.076,RMB bn,CNY,1000000000.0,Actual,Actual,S_H2021,High,,,,,
CU_PHASE1_20260803_V1,中国联通,H,H股经营主体,2022,Annual,BS_TOTAL_ASSETS_H,总资产（H）,Balance Sheet,H Operating Entity,642.663,RMB bn,CNY,1000000000.0,Actual,Actual,S_H2022,High,,,,,
CU_PHASE1_20260803_V1,中国联通,H,H股经营主体,2023,Annual,BS_TOTAL_ASSETS_H,总资产（H）,Balance Sheet,H Operating Entity,661.051,RMB bn,CNY,1000000000.0,Actual,Actual,S_H2023,High,,,,,
CU_PHASE1_20260803_V1,中国联通,H,H股经营主体,2024,Annual,BS_TOTAL_ASSETS_H,总资产（H）,Balance Sheet,H Operating Entity,671.237,RMB bn,CNY,1000000000.0,Actual,Actual,S_H2024,High,,,,,
CU_PHASE1_20260803_V1,中国联通,H,H股经营主体,2025,Annual,BS_TOTAL_ASSETS_H,总资产（H）,Balance Sheet,H Operating Entity,669.618,RMB bn,CNY,1000000000.0,Actual,Actual,S_H2025,High,,,,,
CU_PHASE1_20260803_V1,中国联通,H,H股经营主体,2020,Annual,BS_SHORT_LOANS_H,短期贷款（H）,Balance Sheet,H Operating Entity,0.74,RMB bn,CNY,1000000000.0,Actual,Actual,S_H2020,High,,,,,
CU_PHASE1_20260803_V1,中国联通,H,H股经营主体,2021,Annual,BS_SHORT_LOANS_H,短期贷款（H）,Balance Sheet,H Operating Entity,0.385,RMB bn,CNY,1000000000.0,Actual,Actual,S_H2021,High,,,,,
CU_PHASE1_20260803_V1,中国联通,H,H股经营主体,2022,Annual,BS_SHORT_LOANS_H,短期贷款（H）,Balance Sheet,H Operating Entity,0.502,RMB bn,CNY,1000000000.0,Actual,Actual,S_H2022,High,,,,,
CU_PHASE1_20260803_V1,中国联通,H,H股经营主体,2023,Annual,BS_SHORT_LOANS_H,短期贷款（H）,Balance Sheet,H Operating Entity,0.681,RMB bn,CNY,1000000000.0,Actual,Actual,S_H2023,High,,,,,
CU_PHASE1_20260803_V1,中国联通,H,H股经营主体,2024,Annual,BS_SHORT_LOANS_H,短期贷款（H）,Balance Sheet,H Operating Entity,0.711,RMB bn,CNY,1000000000.0,Actual,Actual,S_H2024,High,,,,,
CU_PHASE1_20260803_V1,中国联通,H,H股经营主体,2025,Annual,BS_SHORT_LOANS_H,短期贷款（H）,Balance Sheet,H Operating Entity,0.966,RMB bn,CNY,1000000000.0,Actual,Actual,S_H2025,High,,,,,
CU_PHASE1_20260803_V1,中国联通,H,H股经营主体,2020,Annual,BS_COMMERCIAL_PAPER_H,商业票据（H）,Balance Sheet,H Operating Entity,7.0,RMB bn,CNY,1000000000.0,Actual,Actual,S_H2020,High,,,,,
CU_PHASE1_20260803_V1,中国联通,H,H股经营主体,2021,Annual,BS_COMMERCIAL_PAPER_H,商业票据（H）,Balance Sheet,H Operating Entity,6.875,RMB bn,CNY,1000000000.0,Actual,Actual,S_H2021,High,,,,,
CU_PHASE1_20260803_V1,中国联通,H,H股经营主体,2022,Annual,BS_COMMERCIAL_PAPER_H,商业票据（H）,Balance Sheet,H Operating Entity,5.025,RMB bn,CNY,1000000000.0,Actual,Actual,S_H2022,High,,,,,
CU_PHASE1_20260803_V1,中国联通,H,H股经营主体,2023,Annual,BS_COMMERCIAL_PAPER_H,商业票据（H）,Balance Sheet,H Operating Entity,0,RMB bn,CNY,1000000000.0,Actual,Actual,S_H2023,High,,,,,
CU_PHASE1_20260803_V1,中国联通,H,H股经营主体,2024,Annual,BS_COMMERCIAL_PAPER_H,商业票据（H）,Balance Sheet,H Operating Entity,0,RMB bn,CNY,1000000000.0,Actual,Actual,S_H2024,High,,,,,
CU_PHASE1_20260803_V1,中国联通,H,H股经营主体,2025,Annual,BS_COMMERCIAL_PAPER_H,商业票据（H）,Balance Sheet,H Operating Entity,0,RMB bn,CNY,1000000000.0,Actual,Actual,S_H2025,High,,,,,
CU_PHASE1_20260803_V1,中国联通,H,H股经营主体,2020,Annual,BS_LONG_LOANS_H,长期贷款（H）,Balance Sheet,H Operating Entity,2.9,RMB bn,CNY,1000000000.0,Actual,Actual,S_H2020,High,,,,,
CU_PHASE1_20260803_V1,中国联通,H,H股经营主体,2021,Annual,BS_LONG_LOANS_H,长期贷款（H）,Balance Sheet,H Operating Entity,2.949,RMB bn,CNY,1000000000.0,Actual,Actual,S_H2021,High,,,,,
CU_PHASE1_20260803_V1,中国联通,H,H股经营主体,2022,Annual,BS_LONG_LOANS_H,长期贷款（H）,Balance Sheet,H Operating Entity,2.938,RMB bn,CNY,1000000000.0,Actual,Actual,S_H2022,High,,,,,
CU_PHASE1_20260803_V1,中国联通,H,H股经营主体,2023,Annual,BS_LONG_LOANS_H,长期贷款（H）,Balance Sheet,H Operating Entity,2.487,RMB bn,CNY,1000000000.0,Actual,Actual,S_H2023,High,,,,,
CU_PHASE1_20260803_V1,中国联通,H,H股经营主体,2024,Annual,BS_LONG_LOANS_H,长期贷款（H）,Balance Sheet,H Operating Entity,2.855,RMB bn,CNY,1000000000.0,Actual,Actual,S_H2024,High,,,,,
CU_PHASE1_20260803_V1,中国联通,H,H股经营主体,2025,Annual,BS_LONG_LOANS_H,长期贷款（H）,Balance Sheet,H Operating Entity,4.517,RMB bn,CNY,1000000000.0,Actual,Actual,S_H2025,High,,,,,
CU_PHASE1_20260803_V1,中国联通,H,H股经营主体,2020,Annual,BS_LEASE_LIABILITY_H,租赁负债（H）,Balance Sheet,H Operating Entity,27.961,RMB bn,CNY,1000000000.0,Actual,Actual,S_H2020,High,,,,,
CU_PHASE1_20260803_V1,中国联通,H,H股经营主体,2021,Annual,BS_LEASE_LIABILITY_H,租赁负债（H）,Balance Sheet,H Operating Entity,22.559,RMB bn,CNY,1000000000.0,Actual,Actual,S_H2021,High,,,,,
CU_PHASE1_20260803_V1,中国联通,H,H股经营主体,2022,Annual,BS_LEASE_LIABILITY_H,租赁负债（H）,Balance Sheet,H Operating Entity,48.924,RMB bn,CNY,1000000000.0,Actual,Actual,S_H2022,High,,,,,
CU_PHASE1_20260803_V1,中国联通,H,H股经营主体,2023,Annual,BS_LEASE_LIABILITY_H,租赁负债（H）,Balance Sheet,H Operating Entity,43.257,RMB bn,CNY,1000000000.0,Actual,Actual,S_H2023,High,,,,,
CU_PHASE1_20260803_V1,中国联通,H,H股经营主体,2024,Annual,BS_LEASE_LIABILITY_H,租赁负债（H）,Balance Sheet,H Operating Entity,37.641,RMB bn,CNY,1000000000.0,Actual,Actual,S_H2024,High,,,,,
CU_PHASE1_20260803_V1,中国联通,H,H股经营主体,2025,Annual,BS_LEASE_LIABILITY_H,租赁负债（H）,Balance Sheet,H Operating Entity,28.604,RMB bn,CNY,1000000000.0,Actual,Actual,S_H2025,High,,,,,
CU_PHASE1_20260803_V1,中国联通,H,H股经营主体,2020,Annual,BS_TOTAL_LIABILITIES_H,总负债（H）,Balance Sheet,H Operating Entity,253.096,RMB bn,CNY,1000000000.0,Actual,Actual,S_H2020,High,,,,,
CU_PHASE1_20260803_V1,中国联通,H,H股经营主体,2021,Annual,BS_TOTAL_LIABILITIES_H,总负债（H）,Balance Sheet,H Operating Entity,257.643,RMB bn,CNY,1000000000.0,Actual,Actual,S_H2021,High,,,,,
CU_PHASE1_20260803_V1,中国联通,H,H股经营主体,2022,Annual,BS_TOTAL_LIABILITIES_H,总负债（H）,Balance Sheet,H Operating Entity,299.127,RMB bn,CNY,1000000000.0,Actual,Actual,S_H2022,High,,,,,
CU_PHASE1_20260803_V1,中国联通,H,H股经营主体,2023,Annual,BS_TOTAL_LIABILITIES_H,总负债（H）,Balance Sheet,H Operating Entity,307.153,RMB bn,CNY,1000000000.0,Actual,Actual,S_H2023,High,,,,,
CU_PHASE1_20260803_V1,中国联通,H,H股经营主体,2024,Annual,BS_TOTAL_LIABILITIES_H,总负债（H）,Balance Sheet,H Operating Entity,307.667,RMB bn,CNY,1000000000.0,Actual,Actual,S_H2024,High,,,,,
CU_PHASE1_20260803_V1,中国联通,H,H股经营主体,2025,Annual,BS_TOTAL_LIABILITIES_H,总负债（H）,Balance Sheet,H Operating Entity,298.751,RMB bn,CNY,1000000000.0,Actual,Actual,S_H2025,High,,,,,
CU_PHASE1_20260803_V1,中国联通,H,H股经营主体,2020,Annual,BS_TOTAL_EQUITY_H,股东权益（H）,Balance Sheet,H Operating Entity,327.52,RMB bn,CNY,1000000000.0,Actual,Actual,S_H2020,High,,,,,
CU_PHASE1_20260803_V1,中国联通,H,H股经营主体,2021,Annual,BS_TOTAL_EQUITY_H,股东权益（H）,Balance Sheet,H Operating Entity,333.433,RMB bn,CNY,1000000000.0,Actual,Actual,S_H2021,High,,,,,
CU_PHASE1_20260803_V1,中国联通,H,H股经营主体,2022,Annual,BS_TOTAL_EQUITY_H,股东权益（H）,Balance Sheet,H Operating Entity,343.536,RMB bn,CNY,1000000000.0,Actual,Actual,S_H2022,High,,,,,
CU_PHASE1_20260803_V1,中国联通,H,H股经营主体,2023,Annual,BS_TOTAL_EQUITY_H,股东权益（H）,Balance Sheet,H Operating Entity,353.898,RMB bn,CNY,1000000000.0,Actual,Actual,S_H2023,High,,,,,
CU_PHASE1_20260803_V1,中国联通,H,H股经营主体,2024,Annual,BS_TOTAL_EQUITY_H,股东权益（H）,Balance Sheet,H Operating Entity,363.57,RMB bn,CNY,1000000000.0,Actual,Actual,S_H2024,High,,,,,
CU_PHASE1_20260803_V1,中国联通,H,H股经营主体,2025,Annual,BS_TOTAL_EQUITY_H,股东权益（H）,Balance Sheet,H Operating Entity,370.867,RMB bn,CNY,1000000000.0,Actual,Actual,S_H2025,High,,,,,
CU_PHASE1_20260803_V1,中国联通,H,H股经营主体,2020,Annual,OP_REGULAR_EMPLOYEES,正式员工,Operating,Employees,242121,people,CNY,1,Actual,Actual,S_H2020,High,,,,,
CU_PHASE1_20260803_V1,中国联通,H,H股经营主体,2021,Annual,OP_REGULAR_EMPLOYEES,正式员工,Operating,Employees,243381,people,CNY,1,Actual,Actual,S_H2021,High,,,,,
CU_PHASE1_20260803_V1,中国联通,H,H股经营主体,2022,Annual,OP_REGULAR_EMPLOYEES,正式员工,Operating,Employees,244658,people,CNY,1,Actual,Actual,S_H2022,High,,,,,
CU_PHASE1_20260803_V1,中国联通,H,H股经营主体,2023,Annual,OP_REGULAR_EMPLOYEES,正式员工,Operating,Employees,242891,people,CNY,1,Actual,Actual,S_H2023,High,,,,,
CU_PHASE1_20260803_V1,中国联通,H,H股经营主体,2024,Annual,OP_REGULAR_EMPLOYEES,正式员工,Operating,Employees,240617,people,CNY,1,Actual,Actual,S_H2024,High,,,,,
CU_PHASE1_20260803_V1,中国联通,H,H股经营主体,2025,Annual,OP_REGULAR_EMPLOYEES,正式员工,Operating,Employees,237251,people,CNY,1,Actual,Actual,S_H2025,High,,,,,
CU_PHASE1_20260803_V1,中国联通,H,H股经营主体,2020,Annual,OP_TEMP_EMPLOYEES,临时员工,Operating,Employees,12581,people,CNY,1,Actual,Actual,S_H2020,High,,,,,
CU_PHASE1_20260803_V1,中国联通,H,H股经营主体,2021,Annual,OP_TEMP_EMPLOYEES,临时员工,Operating,Employees,12606,people,CNY,1,Actual,Actual,S_H2021,High,,,,,
CU_PHASE1_20260803_V1,中国联通,H,H股经营主体,2022,Annual,OP_TEMP_EMPLOYEES,临时员工,Operating,Employees,10345,people,CNY,1,Actual,Actual,S_H2022,High,,,,,
CU_PHASE1_20260803_V1,中国联通,H,H股经营主体,2023,Annual,OP_TEMP_EMPLOYEES,临时员工,Operating,Employees,9882,people,CNY,1,Actual,Actual,S_H2023,High,,,,,
CU_PHASE1_20260803_V1,中国联通,H,H股经营主体,2024,Annual,OP_TEMP_EMPLOYEES,临时员工,Operating,Employees,9277,people,CNY,1,Actual,Actual,S_H2024,High,,,,,
CU_PHASE1_20260803_V1,中国联通,H,H股经营主体,2025,Annual,OP_TEMP_EMPLOYEES,临时员工,Operating,Employees,9179,people,CNY,1,Actual,Actual,S_H2025,High,,,,,
CU_PHASE1_20260803_V1,中国联通,H,H股经营主体,2020,Annual,FIN_EBITDA_MARGIN_SERVICE,EBITDA/服务收入,Derived,Group,0.3413169744828036,%,CNY,1,Derived,Actual,S_H2020,High,EBITDA÷服务收入,,,,
CU_PHASE1_20260803_V1,中国联通,H,H股经营主体,2020,Annual,CAPEX_RATE_SERVICE,资本开支/服务收入,Derived,Group,0.24527398899258196,%,CNY,1,Derived,Actual,S_H2020,High,资本开支÷服务收入,,,,
CU_PHASE1_20260803_V1,中国联通,H,H股经营主体,2020,Annual,FIN_FCF_MARGIN_SERVICE,自由现金流/服务收入,Derived,Group,0.13741144394410723,%,CNY,1,Derived,Actual,S_H2020,High,自由现金流÷服务收入,,,,
CU_PHASE1_20260803_V1,中国联通,H,H股经营主体,2020,Annual,DIV_PAYOUT_H,H股派息率,Derived,Group,0.4019607843137255,%,CNY,1,Derived,Actual,S_H2020,High,DPS÷EPS,,,,
CU_PHASE1_20260803_V1,中国联通,H,H股经营主体,2020,Annual,BS_NET_CASH_EX_LEASE_H,净现金及投资（不含租赁）,Derived,Group,40.126999999999995,RMB bn,CNY,1000000000.0,Derived,Actual,S_H2020,High,现金+金融资产+存款-借款,,,,
CU_PHASE1_20260803_V1,中国联通,H,H股经营主体,2020,Annual,BS_NET_CASH_INCL_LEASE_H,净现金及投资（含租赁）,Derived,Group,12.165999999999997,RMB bn,CNY,1000000000.0,Derived,Actual,S_H2020,High,上述净现金-租赁负债,,,,
CU_PHASE1_20260803_V1,中国联通,H,H股经营主体,2021,Annual,FIN_EBITDA_MARGIN_SERVICE,EBITDA/服务收入,Derived,Group,0.32523729288577186,%,CNY,1,Derived,Actual,S_H2021,High,EBITDA÷服务收入,,,,
CU_PHASE1_20260803_V1,中国联通,H,H股经营主体,2021,Annual,CAPEX_RATE_SERVICE,资本开支/服务收入,Derived,Group,0.232852613345129,%,CNY,1,Derived,Actual,S_H2021,High,资本开支÷服务收入,,,,
CU_PHASE1_20260803_V1,中国联通,H,H股经营主体,2021,Annual,FIN_FCF_MARGIN_SERVICE,自由现金流/服务收入,Derived,Group,0.1407380644464179,%,CNY,1,Derived,Actual,S_H2021,High,自由现金流÷服务收入,,,,
CU_PHASE1_20260803_V1,中国联通,H,H股经营主体,2021,Annual,DIV_PAYOUT_H,H股派息率,Derived,Group,0.4595744680851064,%,CNY,1,Derived,Actual,S_H2021,High,DPS÷EPS,,,,
CU_PHASE1_20260803_V1,中国联通,H,H股经营主体,2021,Annual,BS_NET_CASH_EX_LEASE_H,净现金及投资（不含租赁）,Derived,Group,56.797,RMB bn,CNY,1000000000.0,Derived,Actual,S_H2021,High,现金+金融资产+存款-借款,,,,
CU_PHASE1_20260803_V1,中国联通,H,H股经营主体,2021,Annual,BS_NET_CASH_INCL_LEASE_H,净现金及投资（含租赁）,Derived,Group,34.238,RMB bn,CNY,1000000000.0,Derived,Actual,S_H2021,High,上述净现金-租赁负债,,,,
CU_PHASE1_20260803_V1,中国联通,H,H股经营主体,2022,Annual,FIN_EBITDA_MARGIN_SERVICE,EBITDA/服务收入,Derived,Group,0.3105358417776219,%,CNY,1,Derived,Actual,S_H2022,High,EBITDA÷服务收入,,,,
CU_PHASE1_20260803_V1,中国联通,H,H股经营主体,2022,Annual,CAPEX_RATE_SERVICE,资本开支/服务收入,Derived,Group,0.23234840988514097,%,CNY,1,Derived,Actual,S_H2022,High,资本开支÷服务收入,,,,
CU_PHASE1_20260803_V1,中国联通,H,H股经营主体,2022,Annual,FIN_FCF_MARGIN_SERVICE,自由现金流/服务收入,Derived,Group,0.08248055412903792,%,CNY,1,Derived,Actual,S_H2022,High,自由现金流÷服务收入,,,,
CU_PHASE1_20260803_V1,中国联通,H,H股经营主体,2022,Annual,DIV_PAYOUT_H,H股派息率,Derived,Group,0.5009140767824497,%,CNY,1,Derived,Actual,S_H2022,High,DPS÷EPS,,,,
CU_PHASE1_20260803_V1,中国联通,H,H股经营主体,2022,Annual,BS_NET_CASH_EX_LEASE_H,净现金及投资（不含租赁）,Derived,Group,70.53399999999999,RMB bn,CNY,1000000000.0,Derived,Actual,S_H2022,High,现金+金融资产+存款-借款,,,,
CU_PHASE1_20260803_V1,中国联通,H,H股经营主体,2022,Annual,BS_NET_CASH_INCL_LEASE_H,净现金及投资（含租赁）,Derived,Group,21.609999999999992,RMB bn,CNY,1000000000.0,Derived,Actual,S_H2022,High,上述净现金-租赁负债,,,,
CU_PHASE1_20260803_V1,中国联通,H,H股经营主体,2023,Annual,FIN_EBITDA_MARGIN_SERVICE,EBITDA/服务收入,Derived,Group,0.29778918160933254,%,CNY,1,Derived,Actual,S_H2023,High,EBITDA÷服务收入,,,,
CU_PHASE1_20260803_V1,中国联通,H,H股经营主体,2023,Annual,CAPEX_RATE_SERVICE,资本开支/服务收入,Derived,Group,0.2203956201330668,%,CNY,1,Derived,Actual,S_H2023,High,资本开支÷服务收入,,,,
CU_PHASE1_20260803_V1,中国联通,H,H股经营主体,2023,Annual,FIN_FCF_MARGIN_SERVICE,自由现金流/服务收入,Derived,Group,0.08509114777575558,%,CNY,1,Derived,Actual,S_H2023,High,自由现金流÷服务收入,,,,
CU_PHASE1_20260803_V1,中国联通,H,H股经营主体,2023,Annual,DIV_PAYOUT_H,H股派息率,Derived,Group,0.55,%,CNY,1,Derived,Actual,S_H2023,High,DPS÷EPS,,,,
CU_PHASE1_20260803_V1,中国联通,H,H股经营主体,2023,Annual,BS_NET_CASH_EX_LEASE_H,净现金及投资（不含租赁）,Derived,Group,74.21,RMB bn,CNY,1000000000.0,Derived,Actual,S_H2023,High,现金+金融资产+存款-借款,,,,
CU_PHASE1_20260803_V1,中国联通,H,H股经营主体,2023,Annual,BS_NET_CASH_INCL_LEASE_H,净现金及投资（含租赁）,Derived,Group,30.952999999999996,RMB bn,CNY,1000000000.0,Derived,Actual,S_H2023,High,上述净现金-租赁负债,,,,
CU_PHASE1_20260803_V1,中国联通,H,H股经营主体,2024,Annual,FIN_EBITDA_MARGIN_SERVICE,EBITDA/服务收入,Derived,Group,0.28736180359852587,%,CNY,1,Derived,Actual,S_H2024,High,EBITDA÷服务收入,,,,
CU_PHASE1_20260803_V1,中国联通,H,H股经营主体,2024,Annual,CAPEX_RATE_SERVICE,资本开支/服务收入,Derived,Group,0.17738275886986052,%,CNY,1,Derived,Actual,S_H2024,High,资本开支÷服务收入,,,,
CU_PHASE1_20260803_V1,中国联通,H,H股经营主体,2024,Annual,FIN_FCF_MARGIN_SERVICE,自由现金流/服务收入,Derived,Group,0.08101741455307464,%,CNY,1,Derived,Actual,S_H2024,High,自由现金流÷服务收入,,,,
CU_PHASE1_20260803_V1,中国联通,H,H股经营主体,2024,Annual,DIV_PAYOUT_H,H股派息率,Derived,Group,0.5998516320474777,%,CNY,1,Derived,Actual,S_H2024,High,DPS÷EPS,,,,
CU_PHASE1_20260803_V1,中国联通,H,H股经营主体,2024,Annual,BS_NET_CASH_EX_LEASE_H,净现金及投资（不含租赁）,Derived,Group,53.916,RMB bn,CNY,1000000000.0,Derived,Actual,S_H2024,High,现金+金融资产+存款-借款,,,,
CU_PHASE1_20260803_V1,中国联通,H,H股经营主体,2024,Annual,BS_NET_CASH_INCL_LEASE_H,净现金及投资（含租赁）,Derived,Group,16.275,RMB bn,CNY,1000000000.0,Derived,Actual,S_H2024,High,上述净现金-租赁负债,,,,
CU_PHASE1_20260803_V1,中国联通,H,H股经营主体,2025,Annual,FIN_EBITDA_MARGIN_SERVICE,EBITDA/服务收入,Derived,Group,0.28590490541729696,%,CNY,1,Derived,Actual,S_H2025,High,EBITDA÷服务收入,,,,
CU_PHASE1_20260803_V1,中国联通,H,H股经营主体,2025,Annual,CAPEX_RATE_SERVICE,资本开支/服务收入,Derived,Group,0.15572068626379632,%,CNY,1,Derived,Actual,S_H2025,High,资本开支÷服务收入,,,,
CU_PHASE1_20260803_V1,中国联通,H,H股经营主体,2025,Annual,FIN_FCF_MARGIN_SERVICE,自由现金流/服务收入,Derived,Group,0.10358373258027596,%,CNY,1,Derived,Actual,S_H2025,High,自由现金流÷服务收入,,,,
CU_PHASE1_20260803_V1,中国联通,H,H股经营主体,2025,Annual,DIV_PAYOUT_H,H股派息率,Derived,Group,0.613235294117647,%,CNY,1,Derived,Actual,S_H2025,High,DPS÷EPS,,,,
CU_PHASE1_20260803_V1,中国联通,H,H股经营主体,2025,Annual,BS_NET_CASH_EX_LEASE_H,净现金及投资（不含租赁）,Derived,Group,61.736000000000004,RMB bn,CNY,1000000000.0,Derived,Actual,S_H2025,High,现金+金融资产+存款-借款,,,,
CU_PHASE1_20260803_V1,中国联通,H,H股经营主体,2025,Annual,BS_NET_CASH_INCL_LEASE_H,净现金及投资（含租赁）,Derived,Group,33.132000000000005,RMB bn,CNY,1000000000.0,Derived,Actual,S_H2025,High,上述净现金-租赁负债,,,,
CU_PHASE1_20260803_V1,中国联通,A,A股合并/归母,2020,Annual,FIN_REV_TOTAL_A,营业收入（A股）,Financial,A-share Bridge,303.838070591,RMB bn,CNY,1000000000.0,Actual,Actual,S_A2020,High,,,,,
CU_PHASE1_20260803_V1,中国联通,A,A股合并/归母,2021,Annual,FIN_REV_TOTAL_A,营业收入（A股）,Financial,A-share Bridge,327.854494119,RMB bn,CNY,1000000000.0,Actual,Actual,S_A2021,High,,,,,
CU_PHASE1_20260803_V1,中国联通,A,A股合并/归母,2022,Annual,FIN_REV_TOTAL_A,营业收入（A股）,Financial,A-share Bridge,354.943879228,RMB bn,CNY,1000000000.0,Actual,Actual,S_A2022,High,,,,,
CU_PHASE1_20260803_V1,中国联通,A,A股合并/归母,2023,Annual,FIN_REV_TOTAL_A,营业收入（A股）,Financial,A-share Bridge,372.596794135,RMB bn,CNY,1000000000.0,Actual,Actual,S_A2023,High,,,,,
CU_PHASE1_20260803_V1,中国联通,A,A股合并/归母,2024,Annual,FIN_REV_TOTAL_A,营业收入（A股）,Financial,A-share Bridge,389.589219642,RMB bn,CNY,1000000000.0,Actual,Actual,S_A2024,High,,,,,
CU_PHASE1_20260803_V1,中国联通,A,A股合并/归母,2025,Annual,FIN_REV_TOTAL_A,营业收入（A股）,Financial,A-share Bridge,392.22288056,RMB bn,CNY,1000000000.0,Actual,Actual,S_A2025,High,,,,,
CU_PHASE1_20260803_V1,中国联通,A,A股合并/归母,2020,Annual,FIN_PBT_A,利润总额（A股）,Financial,A-share Bridge,15.959508916,RMB bn,CNY,1000000000.0,Actual,Actual,S_A2020,High,,,,,
CU_PHASE1_20260803_V1,中国联通,A,A股合并/归母,2021,Annual,FIN_PBT_A,利润总额（A股）,Financial,A-share Bridge,17.807323798,RMB bn,CNY,1000000000.0,Actual,Actual,S_A2021,High,,,,,
CU_PHASE1_20260803_V1,中国联通,A,A股合并/归母,2022,Annual,FIN_PBT_A,利润总额（A股）,Financial,A-share Bridge,20.367453785,RMB bn,CNY,1000000000.0,Actual,Actual,S_A2022,High,,,,,
CU_PHASE1_20260803_V1,中国联通,A,A股合并/归母,2023,Annual,FIN_PBT_A,利润总额（A股）,Financial,A-share Bridge,22.709522469,RMB bn,CNY,1000000000.0,Actual,Actual,S_A2023,High,,,,,
CU_PHASE1_20260803_V1,中国联通,A,A股合并/归母,2024,Annual,FIN_PBT_A,利润总额（A股）,Financial,A-share Bridge,25.091515224,RMB bn,CNY,1000000000.0,Actual,Actual,S_A2024,High,,,,,
CU_PHASE1_20260803_V1,中国联通,A,A股合并/归母,2025,Annual,FIN_PBT_A,利润总额（A股）,Financial,A-share Bridge,25.302808365,RMB bn,CNY,1000000000.0,Actual,Actual,S_A2025,High,,,,,
CU_PHASE1_20260803_V1,中国联通,A,A股合并/归母,2020,Annual,FIN_NET_PROFIT_GROUP_A,合并净利润（A股）,Financial,A-share Bridge,12.524922876,RMB bn,CNY,1000000000.0,Actual,Actual,S_A2020,High,,,,,
CU_PHASE1_20260803_V1,中国联通,A,A股合并/归母,2021,Annual,FIN_NET_PROFIT_GROUP_A,合并净利润（A股）,Financial,A-share Bridge,14.416186638,RMB bn,CNY,1000000000.0,Actual,Actual,S_A2021,High,,,,,
CU_PHASE1_20260803_V1,中国联通,A,A股合并/归母,2022,Annual,FIN_NET_PROFIT_GROUP_A,合并净利润（A股）,Financial,A-share Bridge,16.651299177,RMB bn,CNY,1000000000.0,Actual,Actual,S_A2022,High,,,,,
CU_PHASE1_20260803_V1,中国联通,A,A股合并/归母,2023,Annual,FIN_NET_PROFIT_GROUP_A,合并净利润（A股）,Financial,A-share Bridge,18.712664904,RMB bn,CNY,1000000000.0,Actual,Actual,S_A2023,High,,,,,
CU_PHASE1_20260803_V1,中国联通,A,A股合并/归母,2024,Annual,FIN_NET_PROFIT_GROUP_A,合并净利润（A股）,Financial,A-share Bridge,20.60058426,RMB bn,CNY,1000000000.0,Actual,Actual,S_A2024,High,,,,,
CU_PHASE1_20260803_V1,中国联通,A,A股合并/归母,2025,Annual,FIN_NET_PROFIT_GROUP_A,合并净利润（A股）,Financial,A-share Bridge,20.787789422,RMB bn,CNY,1000000000.0,Actual,Actual,S_A2025,High,,,,,
CU_PHASE1_20260803_V1,中国联通,A,A股合并/归母,2020,Annual,FIN_NET_PROFIT_NCI_A,少数股东损益（A股）,Financial,A-share Bridge,7.003611368,RMB bn,CNY,1000000000.0,Actual,Actual,S_A2020,High,,,,,
CU_PHASE1_20260803_V1,中国联通,A,A股合并/归母,2021,Annual,FIN_NET_PROFIT_NCI_A,少数股东损益（A股）,Financial,A-share Bridge,8.110720885,RMB bn,CNY,1000000000.0,Actual,Actual,S_A2021,High,,,,,
CU_PHASE1_20260803_V1,中国联通,A,A股合并/归母,2022,Annual,FIN_NET_PROFIT_NCI_A,少数股东损益（A股）,Financial,A-share Bridge,9.351809603,RMB bn,CNY,1000000000.0,Actual,Actual,S_A2022,High,,,,,
CU_PHASE1_20260803_V1,中国联通,A,A股合并/归母,2023,Annual,FIN_NET_PROFIT_NCI_A,少数股东损益（A股）,Financial,A-share Bridge,10.539985648,RMB bn,CNY,1000000000.0,Actual,Actual,S_A2023,High,,,,,
CU_PHASE1_20260803_V1,中国联通,A,A股合并/归母,2024,Annual,FIN_NET_PROFIT_NCI_A,少数股东损益（A股）,Financial,A-share Bridge,11.570685242,RMB bn,CNY,1000000000.0,Actual,Actual,S_A2024,High,,,,,
CU_PHASE1_20260803_V1,中国联通,A,A股合并/归母,2025,Annual,FIN_NET_PROFIT_NCI_A,少数股东损益（A股）,Financial,A-share Bridge,11.661126852,RMB bn,CNY,1000000000.0,Actual,Actual,S_A2025,High,,,,,
CU_PHASE1_20260803_V1,中国联通,A,A股合并/归母,2020,Annual,FIN_NET_PROFIT_ATTR_A,A股归母净利润,Financial,A-share Bridge,5.521311508,RMB bn,CNY,1000000000.0,Actual,Actual,S_A2020,High,,,,,
CU_PHASE1_20260803_V1,中国联通,A,A股合并/归母,2021,Annual,FIN_NET_PROFIT_ATTR_A,A股归母净利润,Financial,A-share Bridge,6.305465753,RMB bn,CNY,1000000000.0,Actual,Actual,S_A2021,High,,,,,
CU_PHASE1_20260803_V1,中国联通,A,A股合并/归母,2022,Annual,FIN_NET_PROFIT_ATTR_A,A股归母净利润,Financial,A-share Bridge,7.299489574,RMB bn,CNY,1000000000.0,Actual,Actual,S_A2022,High,,,,,
CU_PHASE1_20260803_V1,中国联通,A,A股合并/归母,2023,Annual,FIN_NET_PROFIT_ATTR_A,A股归母净利润,Financial,A-share Bridge,8.172679256,RMB bn,CNY,1000000000.0,Actual,Actual,S_A2023,High,,,,,
CU_PHASE1_20260803_V1,中国联通,A,A股合并/归母,2024,Annual,FIN_NET_PROFIT_ATTR_A,A股归母净利润,Financial,A-share Bridge,9.029899018,RMB bn,CNY,1000000000.0,Actual,Actual,S_A2024,High,,,,,
CU_PHASE1_20260803_V1,中国联通,A,A股合并/归母,2025,Annual,FIN_NET_PROFIT_ATTR_A,A股归母净利润,Financial,A-share Bridge,9.12666257,RMB bn,CNY,1000000000.0,Actual,Actual,S_A2025,High,,,,,
CU_PHASE1_20260803_V1,中国联通,A,A股合并/归母,2020,Annual,CF_CFO_A,经营现金流（A股）,Cash Flow,A-share Bridge,107.333764603,RMB bn,CNY,1000000000.0,Actual,Actual,S_A2020,High,,,,,
CU_PHASE1_20260803_V1,中国联通,A,A股合并/归母,2021,Annual,CF_CFO_A,经营现金流（A股）,Cash Flow,A-share Bridge,111.971577348,RMB bn,CNY,1000000000.0,Actual,Actual,S_A2021,High,,,,,
CU_PHASE1_20260803_V1,中国联通,A,A股合并/归母,2022,Annual,CF_CFO_A,经营现金流（A股）,Cash Flow,A-share Bridge,101.708329006,RMB bn,CNY,1000000000.0,Actual,Actual,S_A2022,High,,,,,
CU_PHASE1_20260803_V1,中国联通,A,A股合并/归母,2023,Annual,CF_CFO_A,经营现金流（A股）,Cash Flow,A-share Bridge,104.34162898,RMB bn,CNY,1000000000.0,Actual,Actual,S_A2023,High,,,,,
CU_PHASE1_20260803_V1,中国联通,A,A股合并/归母,2024,Annual,CF_CFO_A,经营现金流（A股）,Cash Flow,A-share Bridge,91.255016708,RMB bn,CNY,1000000000.0,Actual,Actual,S_A2024,High,,,,,
CU_PHASE1_20260803_V1,中国联通,A,A股合并/归母,2025,Annual,CF_CFO_A,经营现金流（A股）,Cash Flow,A-share Bridge,91.410552538,RMB bn,CNY,1000000000.0,Actual,Actual,S_A2025,High,,,,,
CU_PHASE1_20260803_V1,中国联通,A,A股合并/归母,2020,Annual,BS_EQUITY_PARENT_A,A股归母净资产,Balance Sheet,A-share Bridge,147.708515154,RMB bn,CNY,1000000000.0,Actual,Actual,S_A2020,High,,,,,
CU_PHASE1_20260803_V1,中国联通,A,A股合并/归母,2021,Annual,BS_EQUITY_PARENT_A,A股归母净资产,Balance Sheet,A-share Bridge,149.217148845,RMB bn,CNY,1000000000.0,Actual,Actual,S_A2021,High,,,,,
CU_PHASE1_20260803_V1,中国联通,A,A股合并/归母,2022,Annual,BS_EQUITY_PARENT_A,A股归母净资产,Balance Sheet,A-share Bridge,154.370434728,RMB bn,CNY,1000000000.0,Actual,Actual,S_A2022,High,,,,,
CU_PHASE1_20260803_V1,中国联通,A,A股合并/归母,2023,Annual,BS_EQUITY_PARENT_A,A股归母净资产,Balance Sheet,A-share Bridge,159.240538414,RMB bn,CNY,1000000000.0,Actual,Actual,S_A2023,High,,,,,
CU_PHASE1_20260803_V1,中国联通,A,A股合并/归母,2024,Annual,BS_EQUITY_PARENT_A,A股归母净资产,Balance Sheet,A-share Bridge,164.846809431,RMB bn,CNY,1000000000.0,Actual,Actual,S_A2024,High,,,,,
CU_PHASE1_20260803_V1,中国联通,A,A股合并/归母,2025,Annual,BS_EQUITY_PARENT_A,A股归母净资产,Balance Sheet,A-share Bridge,168.591217309,RMB bn,CNY,1000000000.0,Actual,Actual,S_A2025,High,,,,,
CU_PHASE1_20260803_V1,中国联通,A,A股合并/归母,2020,Annual,BS_TOTAL_ASSETS_A,A股合并总资产,Balance Sheet,A-share Bridge,582.475430408,RMB bn,CNY,1000000000.0,Actual,Actual,S_A2020,High,,,,,
CU_PHASE1_20260803_V1,中国联通,A,A股合并/归母,2021,Annual,BS_TOTAL_ASSETS_A,A股合并总资产,Balance Sheet,A-share Bridge,593.284479854,RMB bn,CNY,1000000000.0,Actual,Actual,S_A2021,High,,,,,
CU_PHASE1_20260803_V1,中国联通,A,A股合并/归母,2022,Annual,BS_TOTAL_ASSETS_A,A股合并总资产,Balance Sheet,A-share Bridge,644.687027607,RMB bn,CNY,1000000000.0,Actual,Actual,S_A2022,High,,,,,
CU_PHASE1_20260803_V1,中国联通,A,A股合并/归母,2023,Annual,BS_TOTAL_ASSETS_A,A股合并总资产,Balance Sheet,A-share Bridge,662.844796563,RMB bn,CNY,1000000000.0,Actual,Actual,S_A2023,High,,,,,
CU_PHASE1_20260803_V1,中国联通,A,A股合并/归母,2024,Annual,BS_TOTAL_ASSETS_A,A股合并总资产,Balance Sheet,A-share Bridge,672.836701609,RMB bn,CNY,1000000000.0,Actual,Actual,S_A2024,High,,,,,
CU_PHASE1_20260803_V1,中国联通,A,A股合并/归母,2025,Annual,BS_TOTAL_ASSETS_A,A股合并总资产,Balance Sheet,A-share Bridge,671.056308815,RMB bn,CNY,1000000000.0,Actual,Actual,S_A2025,High,,,,,
CU_PHASE1_20260803_V1,中国联通,A,A股合并/归母,2020,Annual,FIN_EPS_A,A股EPS,Financial,A-share Bridge,0.178,CNY/share,CNY,1,Actual,Actual,S_A2020,High,,,,,
CU_PHASE1_20260803_V1,中国联通,A,A股合并/归母,2021,Annual,FIN_EPS_A,A股EPS,Financial,A-share Bridge,0.206,CNY/share,CNY,1,Actual,Actual,S_A2021,High,,,,,
CU_PHASE1_20260803_V1,中国联通,A,A股合并/归母,2022,Annual,FIN_EPS_A,A股EPS,Financial,A-share Bridge,0.234,CNY/share,CNY,1,Actual,Actual,S_A2022,High,,,,,
CU_PHASE1_20260803_V1,中国联通,A,A股合并/归母,2023,Annual,FIN_EPS_A,A股EPS,Financial,A-share Bridge,0.261,CNY/share,CNY,1,Actual,Actual,S_A2023,High,,,,,
CU_PHASE1_20260803_V1,中国联通,A,A股合并/归母,2024,Annual,FIN_EPS_A,A股EPS,Financial,A-share Bridge,0.2916,CNY/share,CNY,1,Actual,Actual,S_A2024,High,,,,,
CU_PHASE1_20260803_V1,中国联通,A,A股合并/归母,2025,Annual,FIN_EPS_A,A股EPS,Financial,A-share Bridge,0.2921,CNY/share,CNY,1,Actual,Actual,S_A2025,High,,,,,
CU_PHASE1_20260803_V1,中国联通,A,A股合并/归母,2020,Annual,FIN_ROE_A,A股ROE,Financial,A-share Bridge,0.0373,%,CNY,1,Actual,Actual,S_A2020,High,,,,,
CU_PHASE1_20260803_V1,中国联通,A,A股合并/归母,2021,Annual,FIN_ROE_A,A股ROE,Financial,A-share Bridge,0.0417,%,CNY,1,Actual,Actual,S_A2021,High,,,,,
CU_PHASE1_20260803_V1,中国联通,A,A股合并/归母,2022,Annual,FIN_ROE_A,A股ROE,Financial,A-share Bridge,0.0467,%,CNY,1,Actual,Actual,S_A2022,High,,,,,
CU_PHASE1_20260803_V1,中国联通,A,A股合并/归母,2023,Annual,FIN_ROE_A,A股ROE,Financial,A-share Bridge,0.0508,%,CNY,1,Actual,Actual,S_A2023,High,,,,,
CU_PHASE1_20260803_V1,中国联通,A,A股合并/归母,2024,Annual,FIN_ROE_A,A股ROE,Financial,A-share Bridge,0.0549,%,CNY,1,Actual,Actual,S_A2024,High,,,,,
CU_PHASE1_20260803_V1,中国联通,A,A股合并/归母,2025,Annual,FIN_ROE_A,A股ROE,Financial,A-share Bridge,0.0539,%,CNY,1,Actual,Actual,S_A2025,High,,,,,
CU_PHASE1_20260803_V1,中国联通,A,A股合并/归母,2020,Annual,DIV_DPS_A,A股DPS,Dividend,A-share Bridge,0.0669,CNY/share,CNY,1,Actual,Actual,S_A2020,High,,,,,
CU_PHASE1_20260803_V1,中国联通,A,A股合并/归母,2021,Annual,DIV_DPS_A,A股DPS,Dividend,A-share Bridge,0.0879,CNY/share,CNY,1,Actual,Actual,S_A2021,High,,,,,
CU_PHASE1_20260803_V1,中国联通,A,A股合并/归母,2022,Annual,DIV_DPS_A,A股DPS,Dividend,A-share Bridge,0.109,CNY/share,CNY,1,Actual,Actual,S_A2022,High,,,,,
CU_PHASE1_20260803_V1,中国联通,A,A股合并/归母,2023,Annual,DIV_DPS_A,A股DPS,Dividend,A-share Bridge,0.132,CNY/share,CNY,1,Actual,Actual,S_A2023,High,,,,,
CU_PHASE1_20260803_V1,中国联通,A,A股合并/归母,2024,Annual,DIV_DPS_A,A股DPS,Dividend,A-share Bridge,0.158,CNY/share,CNY,1,Actual,Actual,S_A2024,High,,,,,
CU_PHASE1_20260803_V1,中国联通,A,A股合并/归母,2025,Annual,DIV_DPS_A,A股DPS,Dividend,A-share Bridge,0.1635,CNY/share,CNY,1,Actual,Actual,S_A2025,High,,,,,
CU_PHASE1_20260803_V1,中国联通,A,A股归母,2020,Annual,DIV_PAYOUT_A,A股派息率,Dividend,A Dividend,0.3758426966292135,%,CNY,1,Derived,Actual,S_A2020,High,DPS÷EPS,,,,
CU_PHASE1_20260803_V1,中国联通,A,A股归母,2021,Annual,DIV_PAYOUT_A,A股派息率,Dividend,A Dividend,0.42669902912621366,%,CNY,1,Derived,Actual,S_A2021,High,DPS÷EPS,,,,
CU_PHASE1_20260803_V1,中国联通,A,A股归母,2022,Annual,DIV_PAYOUT_A,A股派息率,Dividend,A Dividend,0.46581196581196577,%,CNY,1,Derived,Actual,S_A2022,High,DPS÷EPS,,,,
CU_PHASE1_20260803_V1,中国联通,A,A股归母,2023,Annual,DIV_PAYOUT_A,A股派息率,Dividend,A Dividend,0.5057471264367817,%,CNY,1,Derived,Actual,S_A2023,High,DPS÷EPS,,,,
CU_PHASE1_20260803_V1,中国联通,A,A股归母,2024,Annual,DIV_PAYOUT_A,A股派息率,Dividend,A Dividend,0.5418381344307269,%,CNY,1,Derived,Actual,S_A2024,High,DPS÷EPS,,,,
CU_PHASE1_20260803_V1,中国联通,A,A股归母,2025,Annual,DIV_PAYOUT_A,A股派息率,Dividend,A Dividend,0.5597398151318042,%,CNY,1,Derived,Actual,S_A2025,High,DPS÷EPS,,,,
CU_PHASE1_20260803_V1,中国联通,A,A股合并/母公司,2025,Annual,BS_NCI_A,少数股东权益（A股）,Balance Sheet,A-share Bridge,207.909849976,RMB bn,CNY,1000000000.0,Actual,Actual,S_A2025,High,,,,,
CU_PHASE1_20260803_V1,中国联通,A,A股合并/母公司,2025,Annual,BS_EQUITY_TOTAL_A,股东权益合计（A股）,Balance Sheet,A-share Bridge,376.501067285,RMB bn,CNY,1000000000.0,Actual,Actual,S_A2025,High,,,,,
CU_PHASE1_20260803_V1,中国联通,A,A股合并/母公司,2025,Annual,BS_CASH_A,货币资金（A股）,Balance Sheet,A-share Bridge,46.856975264,RMB bn,CNY,1000000000.0,Actual,Actual,S_A2025,High,,,,,
CU_PHASE1_20260803_V1,中国联通,A,A股合并/母公司,2025,Annual,BS_AR_A,应收账款（A股）,Balance Sheet,A-share Bridge,64.75673834,RMB bn,CNY,1000000000.0,Actual,Actual,S_A2025,High,,,,,
CU_PHASE1_20260803_V1,中国联通,A,A股合并/母公司,2025,Annual,BS_CONTRACT_ASSET_A,合同资产（A股）,Balance Sheet,A-share Bridge,0.650168085,RMB bn,CNY,1000000000.0,Actual,Actual,S_A2025,High,,,,,
CU_PHASE1_20260803_V1,中国联通,A,A股合并/母公司,2025,Annual,BS_PPE_A,固定资产（A股）,Balance Sheet,A-share Bridge,314.123436522,RMB bn,CNY,1000000000.0,Actual,Actual,S_A2025,High,,,,,
CU_PHASE1_20260803_V1,中国联通,A,A股合并/母公司,2025,Annual,BS_CIP_A,在建工程（A股）,Balance Sheet,A-share Bridge,30.483582492,RMB bn,CNY,1000000000.0,Actual,Actual,S_A2025,High,,,,,
CU_PHASE1_20260803_V1,中国联通,A,A股合并/母公司,2025,Annual,BS_ROU_A,使用权资产（A股）,Balance Sheet,A-share Bridge,29.390732916,RMB bn,CNY,1000000000.0,Actual,Actual,S_A2025,High,,,,,
CU_PHASE1_20260803_V1,中国联通,A,A股合并/母公司,2025,Annual,BS_LEASE_LIABILITY_A,租赁负债（A股）,Balance Sheet,A-share Bridge,29.208875161,RMB bn,CNY,1000000000.0,Actual,Actual,S_A2025,High,,,,,一年内到期+长期
CU_PHASE1_20260803_V1,中国联通,A,A股合并/母公司,2025,Annual,DIV_BVI_TO_A,联通BVI向A股母公司可归属现金分红,Dividend,A-share Bridge,5.919405002,RMB bn,CNY,1000000000.0,Actual,Actual,S_A2025,High,,,,,现金分红链条锚点
CU_PHASE1_20260803_V1,中国联通,H,经营/运营,2020,Annual,OP_MOBILE_SUBS,移动计费用户,Operating,ToC Mobile,306,million,CNY,1,Actual,Actual,S_H2020,High,,,,,
CU_PHASE1_20260803_V1,中国联通,H,经营/运营,2020,Annual,OP_BROADBAND_SUBS,固网宽带用户,Operating,Home,86.1,million,CNY,1,Actual,Actual,S_H2020,High,,,,,
CU_PHASE1_20260803_V1,中国联通,H,经营/运营,2020,Annual,OP_MOBILE_NET_ADD,移动用户净增,Operating,ToC Mobile,-12.66,million,CNY,1,Actual,Actual,S_H2020,High,,,,,
CU_PHASE1_20260803_V1,中国联通,H,经营/运营,2020,Annual,OP_BROADBAND_NET_ADD,宽带用户净增,Operating,Home,2.62,million,CNY,1,Actual,Actual,S_H2020,High,,,,,
CU_PHASE1_20260803_V1,中国联通,H,经营/运营,2021,Annual,OP_MOBILE_SUBS,移动计费用户,Operating,ToC Mobile,317.3,million,CNY,1,Derived,Actual,S_H2021,Medium,2020+净增11.30,,,,
CU_PHASE1_20260803_V1,中国联通,H,经营/运营,2021,Annual,OP_BROADBAND_SUBS,固网宽带用户,Operating,Home,95.05,million,CNY,1,Actual,Actual,S_H2021,High,,,,,
CU_PHASE1_20260803_V1,中国联通,H,经营/运营,2021,Annual,OP_MOBILE_NET_ADD,移动用户净增,Operating,ToC Mobile,11.3,million,CNY,1,Actual,Actual,S_H2021,High,,,,,
CU_PHASE1_20260803_V1,中国联通,H,经营/运营,2021,Annual,OP_BROADBAND_NET_ADD,宽带用户净增,Operating,Home,8.95,million,CNY,1,Actual,Actual,S_H2021,High,,,,,
CU_PHASE1_20260803_V1,中国联通,H,经营/运营,2022,Annual,OP_MOBILE_SUBS,移动计费用户,Operating,ToC Mobile,322.4,million,CNY,1,Derived,Actual,S_H2022,Medium,2023-净增10.60,,,,
CU_PHASE1_20260803_V1,中国联通,H,经营/运营,2022,Annual,OP_BROADBAND_SUBS,固网宽带用户,Operating,Home,103.21,million,CNY,1,Derived,Actual,S_H2022,Medium,2023-净增9.79,,,,
CU_PHASE1_20260803_V1,中国联通,H,经营/运营,2022,Annual,OP_MOBILE_NET_ADD,移动用户净增,Operating,ToC Mobile,5.1,million,CNY,1,Actual,Actual,S_H2022,High,,,,,
CU_PHASE1_20260803_V1,中国联通,H,经营/运营,2022,Annual,OP_BROADBAND_NET_ADD,宽带用户净增,Operating,Home,8.16,million,CNY,1,Actual,Actual,S_H2022,High,,,,,
CU_PHASE1_20260803_V1,中国联通,H,经营/运营,2023,Annual,OP_MOBILE_SUBS,移动计费用户,Operating,ToC Mobile,333,million,CNY,1,Actual,Actual,S_H2023,High,取整披露,,,,
CU_PHASE1_20260803_V1,中国联通,H,经营/运营,2023,Annual,OP_BROADBAND_SUBS,固网宽带用户,Operating,Home,113,million,CNY,1,Actual,Actual,S_H2023,High,取整披露,,,,
CU_PHASE1_20260803_V1,中国联通,H,经营/运营,2023,Annual,OP_MOBILE_NET_ADD,移动用户净增,Operating,ToC Mobile,10.6,million,CNY,1,Actual,Actual,S_H2023,High,,,,,
CU_PHASE1_20260803_V1,中国联通,H,经营/运营,2023,Annual,OP_BROADBAND_NET_ADD,宽带用户净增,Operating,Home,9.79,million,CNY,1,Actual,Actual,S_H2023,High,,,,,
CU_PHASE1_20260803_V1,中国联通,H,经营/运营,2024,Annual,OP_MOBILE_SUBS,移动计费用户,Operating,ToC Mobile,343.68,million,CNY,1,Derived,Actual,S_H2024,Medium,2023+净增10.68,,,,
CU_PHASE1_20260803_V1,中国联通,H,经营/运营,2024,Annual,OP_BROADBAND_SUBS,固网宽带用户,Operating,Home,121.84,million,CNY,1,Derived,Actual,S_H2024,Medium,2023+净增8.84,,,,
CU_PHASE1_20260803_V1,中国联通,H,经营/运营,2024,Annual,OP_MOBILE_NET_ADD,移动用户净增,Operating,ToC Mobile,10.68,million,CNY,1,Actual,Actual,S_H2024,High,,,,,
CU_PHASE1_20260803_V1,中国联通,H,经营/运营,2024,Annual,OP_BROADBAND_NET_ADD,宽带用户净增,Operating,Home,8.84,million,CNY,1,Actual,Actual,S_H2024,High,,,,,
CU_PHASE1_20260803_V1,中国联通,H,经营/运营,2025,Annual,OP_MOBILE_SUBS,移动计费用户,Operating,ToC Mobile,357.0,million,CNY,1,Estimated,Actual,S_H2025,Medium,年报披露超过357,,,,
CU_PHASE1_20260803_V1,中国联通,H,经营/运营,2025,Annual,OP_BROADBAND_SUBS,固网宽带用户,Operating,Home,129.45,million,CNY,1,Derived,Actual,S_H2025,Medium,2024+净增7.61,,,,
CU_PHASE1_20260803_V1,中国联通,H,经营/运营,2025,Annual,OP_MOBILE_NET_ADD,移动用户净增,Operating,ToC Mobile,13.32,million,CNY,1,Actual,Actual,S_H2025,High,,,,,
CU_PHASE1_20260803_V1,中国联通,H,经营/运营,2025,Annual,OP_BROADBAND_NET_ADD,宽带用户净增,Operating,Home,7.61,million,CNY,1,Actual,Actual,S_H2025,High,,,,,
CU_PHASE1_20260803_V1,中国联通,H,经营/运营,2020,Annual,OP_MOBILE_ARPU,移动ARPU,Operating,ToC Mobile,42.1,RMB/month,CNY,1,Actual,Actual,S_H2020,High,,,,,
CU_PHASE1_20260803_V1,中国联通,H,经营/运营,2021,Annual,OP_MOBILE_ARPU,移动ARPU,Operating,ToC Mobile,43.9,RMB/month,CNY,1,Actual,Actual,S_H2021,High,,,,,
CU_PHASE1_20260803_V1,中国联通,H,经营/运营,2022,Annual,OP_MOBILE_ARPU,移动ARPU,Operating,ToC Mobile,44.3,RMB/month,CNY,1,Actual,Actual,S_H2022,High,,,,,
CU_PHASE1_20260803_V1,中国联通,H,经营/运营,2020,Annual,OP_BROADBAND_ARPU,宽带接入ARPU,Operating,Home,41.5,RMB/month,CNY,1,Actual,Actual,S_H2020,High,,,,,
CU_PHASE1_20260803_V1,中国联通,H,经营/运营,2021,Annual,OP_BROADBAND_ARPU,宽带接入ARPU,Operating,Home,41.3,RMB/month,CNY,1,Actual,Actual,S_H2021,High,,,,,
CU_PHASE1_20260803_V1,中国联通,H,经营/运营,2020,Annual,OP_INTEGRATED_PENETRATION,融合业务渗透率,Operating,Home,0.64,%,CNY,1,Actual,Actual,S_H2020,High,,,,,
CU_PHASE1_20260803_V1,中国联通,H,经营/运营,2021,Annual,OP_INTEGRATED_PENETRATION,融合业务渗透率,Operating,Home,0.715,%,CNY,1,Actual,Actual,S_H2021,High,,,,,
CU_PHASE1_20260803_V1,中国联通,H,经营/运营,2022,Annual,OP_INTEGRATED_PENETRATION,融合业务渗透率,Operating,Home,0.75,%,CNY,1,Actual,Actual,S_H2022,High,,,,,
CU_PHASE1_20260803_V1,中国联通,H,经营/运营,2023,Annual,OP_INTEGRATED_PENETRATION,融合业务渗透率,Operating,Home,0.76,%,CNY,1,Actual,Actual,S_H2023,High,,,,,
CU_PHASE1_20260803_V1,中国联通,H,经营/运营,2024,Annual,OP_INTEGRATED_PENETRATION,融合业务渗透率,Operating,Home,0.77,%,CNY,1,Actual,Actual,S_H2024,High,,,,,
CU_PHASE1_20260803_V1,中国联通,H,经营/运营,2025,Annual,OP_INTEGRATED_PENETRATION,融合业务渗透率,Operating,Home,0.783,%,CNY,1,Actual,Actual,S_H2025,High,,,,,
CU_PHASE1_20260803_V1,中国联通,H,经营/运营,2022,Annual,OP_INTEGRATED_ARPU_FLOOR,融合ARPU披露下限,Operating,Home,100,RMB/month,CNY,1,Estimated,Actual,S_H2022,Medium,披露百元以上，按下限,100,,,
CU_PHASE1_20260803_V1,中国联通,H,经营/运营,2023,Annual,OP_INTEGRATED_ARPU_FLOOR,融合ARPU披露下限,Operating,Home,100,RMB/month,CNY,1,Estimated,Actual,S_H2023,Medium,披露百元以上，按下限,100,,,
CU_PHASE1_20260803_V1,中国联通,H,经营/运营,2024,Annual,OP_INTEGRATED_ARPU_FLOOR,融合ARPU披露下限,Operating,Home,100,RMB/month,CNY,1,Estimated,Actual,S_H2024,Medium,披露百元以上，按下限,100,,,
CU_PHASE1_20260803_V1,中国联通,H,经营/运营,2025,Annual,OP_INTEGRATED_ARPU_FLOOR,融合ARPU披露下限,Operating,Home,100,RMB/month,CNY,1,Estimated,Actual,S_H2025,Medium,披露百元以上，按下限,100,,,
CU_PHASE1_20260803_V1,中国联通,H,经营/运营,2020,Annual,OP_5G_PACKAGE_SUBS,5G套餐用户,Operating,ToC Mobile,70.83,million,CNY,1,Actual,Actual,S_H2020,High,,,,,
CU_PHASE1_20260803_V1,中国联通,H,经营/运营,2021,Annual,OP_5G_PACKAGE_SUBS,5G套餐用户,Operating,ToC Mobile,155,million,CNY,1,Actual,Actual,S_H2021,High,,,,,
CU_PHASE1_20260803_V1,中国联通,H,经营/运营,2022,Annual,OP_5G_PACKAGE_SUBS,5G套餐用户,Operating,ToC Mobile,212.7,million,CNY,1,Actual,Actual,S_H2022,High,,,,,
CU_PHASE1_20260803_V1,中国联通,H,经营/运营,2025,Annual,OP_5G_NETWORK_SUBS,5G网络用户,Operating,ToC Mobile,232.18,million,CNY,1,Actual,Actual,S_OP2025M12,High,,,,,与套餐用户不同口径
CU_PHASE1_20260803_V1,中国联通,H,经营/运营,2020,Annual,OP_IOT_CONN,物联网连接数,Operating,IoT,240,million,CNY,1,Estimated,Actual,S_H2020,Medium,约2.4亿,,,,
CU_PHASE1_20260803_V1,中国联通,H,经营/运营,2021,Annual,OP_IOT_CONN,物联网连接数,Operating,IoT,300,million,CNY,1,Estimated,Actual,S_H2021,Medium,超过3亿按下限,,,,
CU_PHASE1_20260803_V1,中国联通,H,经营/运营,2022,Annual,OP_IOT_CONN,物联网连接数,Operating,IoT,386,million,CNY,1,Actual,Actual,S_H2022,High,,,,,
CU_PHASE1_20260803_V1,中国联通,H,经营/运营,2023,Annual,OP_IOT_CONN,物联网连接数,Operating,IoT,490,million,CNY,1,Actual,Actual,S_H2023,High,,,,,
CU_PHASE1_20260803_V1,中国联通,H,经营/运营,2024,Annual,OP_IOT_CONN,物联网连接数,Operating,IoT,621.67,million,CNY,1,Derived,Actual,S_H2024,Medium,2025-净增98.33,,,,
CU_PHASE1_20260803_V1,中国联通,H,经营/运营,2025,Annual,OP_IOT_CONN,物联网连接数,Operating,IoT,720,million,CNY,1,Actual,Actual,S_H2025,High,,,,,
CU_PHASE1_20260803_V1,中国联通,H,经营/运营,2024,Annual,OP_IOV_CONN,车联网连接数,Operating,IoT,76,million,CNY,1,Actual,Actual,S_H2024,High,,,,,
CU_PHASE1_20260803_V1,中国联通,H,经营/运营,2025,Annual,OP_NEV_NEW_CONN_SHARE,新能源汽车新增连接份额下限,Operating,IoT,0.65,%,CNY,1,Estimated,Actual,S_H2025,Medium,披露超过65%,0.65,,,
CU_PHASE1_20260803_V1,中国联通,H,经营/运营,2020,Annual,REV_IOT_TOTAL,物联网收入,Revenue,IoT,4.22,RMB bn,CNY,1,Actual,Actual,S_H2020,High,,,,,
CU_PHASE1_20260803_V1,中国联通,H,经营/运营,2021,Annual,REV_IOT_TOTAL,物联网收入,Revenue,IoT,6.06,RMB bn,CNY,1,Derived,Actual,S_H2021,Medium,2022÷1.42,,,,
CU_PHASE1_20260803_V1,中国联通,H,经营/运营,2022,Annual,REV_IOT_TOTAL,物联网收入,Revenue,IoT,8.6,RMB bn,CNY,1,Actual,Actual,S_H2022,High,,,,,
CU_PHASE1_20260803_V1,中国联通,H,经营/运营,2020,Annual,REV_CLOUD_ORIGINAL,联通云收入（原口径）,Revenue,Cloud,3.84,RMB bn,CNY,1,Actual,Actual,S_H2020,High,,,,,
CU_PHASE1_20260803_V1,中国联通,H,经营/运营,2021,Annual,REV_CLOUD_ORIGINAL,联通云收入（原口径）,Revenue,Cloud,16.3,RMB bn,CNY,1,Actual,Actual,S_H2021,High,,,,,
CU_PHASE1_20260803_V1,中国联通,H,经营/运营,2022,Annual,REV_CLOUD_ORIGINAL,联通云收入（原口径）,Revenue,Cloud,36.1,RMB bn,CNY,1,Actual,Actual,S_H2022,High,,,,,
CU_PHASE1_20260803_V1,中国联通,H,经营/运营,2023,Annual,REV_CLOUD_ORIGINAL,联通云收入（原口径）,Revenue,Cloud,51.0,RMB bn,CNY,1,Actual,Actual,S_H2023,High,,,,,
CU_PHASE1_20260803_V1,中国联通,H,经营/运营,2023,Annual,REV_CLOUD_RESTATED_SCOPE,联通云收入（优化口径可比基数）,Revenue,Cloud,58.58,RMB bn,CNY,1,Derived,Actual,S_H2024,Medium,68.6÷1.171,,,,含云IDC
CU_PHASE1_20260803_V1,中国联通,H,经营/运营,2024,Annual,REV_CLOUD_RESTATED_SCOPE,联通云收入（优化口径）,Revenue,Cloud,68.6,RMB bn,CNY,1,Actual,Actual,S_H2024,High,,,,,含云IDC，不能与IDC相加
CU_PHASE1_20260803_V1,中国联通,H,经营/运营,2025,Annual,REV_CLOUD_RESTATED_SCOPE,联通云收入（优化口径）,Revenue,Cloud,72.17,RMB bn,CNY,1,Derived,Actual,S_H2025,Medium,68.6×1.052,,,,含云IDC
CU_PHASE1_20260803_V1,中国联通,H,经营/运营,2022,Annual,REV_CDSA,CDSA收入,Revenue,Cloud,66.66,RMB bn,CNY,1,Actual,Actual,S_H2022,High,,,,,2025切换四赛道
CU_PHASE1_20260803_V1,中国联通,H,经营/运营,2023,Annual,REV_CDSA,CDSA收入,Revenue,Cloud,75.25,RMB bn,CNY,1,Actual,Actual,S_H2023,High,,,,,2025切换四赛道
CU_PHASE1_20260803_V1,中国联通,H,经营/运营,2024,Annual,REV_CDSA,CDSA收入,Revenue,Cloud,82.49,RMB bn,CNY,1,Actual,Actual,S_H2024,High,,,,,2025切换四赛道
CU_PHASE1_20260803_V1,中国联通,H,经营/运营,2023,Annual,REV_CC_RESTATED,连接与通信收入（重述）,Revenue,Connectivity,257.45,RMB bn,CNY,1,Actual,Actual,S_H2024,High,,,,,
CU_PHASE1_20260803_V1,中国联通,H,经营/运营,2024,Annual,REV_CC_RESTATED,连接与通信收入（重述）,Revenue,Connectivity,261.33,RMB bn,CNY,1,Actual,Actual,S_H2024,High,,,,,
CU_PHASE1_20260803_V1,中国联通,H,经营/运营,2020,Annual,REV_IDC_CLOUD_COMBINED,IDC及云计算收入（旧合并口径）,Revenue,Cloud,23.4,RMB bn,CNY,1,Actual,Actual,S_H2020,High,,,,,不可与后续口径直接拼接
CU_PHASE1_20260803_V1,中国联通,H,经营/运营,2024,Annual,REV_DATA_CENTRE,数据中心收入,Revenue,AI/AIDC,25.9,RMB bn,CNY,1,Actual,Actual,S_H2024,High,,,,,
CU_PHASE1_20260803_V1,中国联通,H,经营/运营,2025,Annual,REV_DATA_CENTRE,数据中心收入,Revenue,AI/AIDC,28.1,RMB bn,CNY,1,Actual,Actual,S_H2025,High,,,,,包含在优化口径联通云
CU_PHASE1_20260803_V1,中国联通,H,经营/运营,2025,Annual,REV_COMPUTE_POWER_FLOOR,算力业务收入下限,Revenue,AI/AIDC,52.16,RMB bn,CNY,1,Estimated,Actual,S_H2025,Medium,服务收入×15%,52.16,,,
CU_PHASE1_20260803_V1,中国联通,H,经营/运营,2025,Annual,REV_AI_GROWTH_FLOOR,AI收入增速下限,Revenue,AI/AIDC,1.4,%,CNY,1,Estimated,Actual,S_H2025,Medium,披露超过140%,1.4,,,
CU_PHASE1_20260803_V1,中国联通,H,经营/运营,2025,Annual,OP_AIDC_RACKS_FLOOR,标准机架下限,Operating,AI/AIDC,1.1,million racks,CNY,1,Estimated,Actual,S_H2025,Medium,披露超过110万,1.1,,,
CU_PHASE1_20260803_V1,中国联通,H,经营/运营,2025,Annual,OP_AIDC_UTILIZATION_FLOOR,数据中心利用率下限,Operating,AI/AIDC,0.72,%,CNY,1,Estimated,Actual,S_H2025,Medium,披露超过72%,0.72,,,
CU_PHASE1_20260803_V1,中国联通,H,经营/运营,2025,Annual,OP_AIDC_100MW_CAMPUSES,100MW级AIDC园区,Operating,AI/AIDC,7,count,CNY,1,Actual,Actual,S_H2025,High,,,,,
CU_PHASE1_20260803_V1,中国联通,H,经营/运营,2025,Annual,OP_INTELLIGENT_COMPUTE_SCALE,智算规模,Operating,AI/AIDC,45,EFLOPS,CNY,1,Actual,Actual,S_H2025,High,,,,,
CU_PHASE1_20260803_V1,中国联通,H,经营/运营,2025,Annual,REV_5G_PRIVATE_NETWORK,5G专网收入,Revenue,Enterprise,12.3,RMB bn,CNY,1,Actual,Actual,S_H2025,High,,,,,
CU_PHASE1_20260803_V1,中国联通,H,经营/运营,2025,Annual,REV_INTERNATIONAL,国际业务收入,Revenue,International,13.6,RMB bn,CNY,1,Actual,Actual,S_H2025,High,,,,,
CU_PHASE1_20260803_V1,中国联通,H,经营/运营,2025,Annual,SHARED_OPEX_SAVING_ANNUAL,可识别年化OPEX节省,Capital,Shared Network,1.35,RMB bn,CNY,1,Actual,Actual,S_H2025,High,,,,,超精简网络
CU_PHASE1_20260803_V1,中国联通,H,经营/运营,2020,Annual,SHARED_5G_INVESTMENT_SAVING_BOTH,5G共建共享累计投资节省（双方）,Capital,Shared Network,76,RMB bn,CNY,1,Actual,Actual,S_H2020,High,,,,,双方合计，不能全部归属联通
CU_PHASE1_20260803_V1,中国联通,H,经营/运营,2020,Annual,SHARED_4G_INVESTMENT_SAVING_BOTH,4G共建共享投资节省（双方）,Capital,Shared Network,9,RMB bn,CNY,1,Actual,Actual,S_H2020,High,,,,,双方合计
CU_PHASE1_20260803_V1,中国联通,H,经营/运营,2021,Annual,SHARED_NETWORK_SAVING_CUM_BOTH,4G/5G共建共享累计节省下限（双方）,Capital,Shared Network,210,RMB bn,CNY,1,Estimated,Actual,S_H2021,Medium,披露超过2100亿元,210,,,累计双方合计
CU_PHASE1_20260803_V1,中国联通,A,A股合并/运营,2026Q1,Quarter,FIN_REV_TOTAL_A_Q1,2026Q1营业收入,Financial,Group,102.8,RMB bn,CNY,1,Actual,Actual,S_A2026Q1,High,,,,,
CU_PHASE1_20260803_V1,中国联通,A,A股合并/运营,2026Q1,Quarter,FIN_PBT_A_Q1,2026Q1利润总额,Financial,Group,6.1,RMB bn,CNY,1,Actual,Actual,S_A2026Q1,High,,,,,
CU_PHASE1_20260803_V1,中国联通,A,A股合并/运营,2026Q1,Quarter,FIN_NET_PROFIT_ATTR_A_Q1,2026Q1A股归母净利润,Financial,A-share Bridge,2.1,RMB bn,CNY,1,Actual,Actual,S_A2026Q1,High,,,,,
CU_PHASE1_20260803_V1,中国联通,A,A股合并/运营,2026Q1,Quarter,OP_MOBILE_BB_NET_ADD_Q1,2026Q1移动及宽带用户净增下限,Operating,Connectivity,3.58,million,CNY,1,Estimated,Actual,S_A2026Q1,Medium,披露超过值按下限,3.58,,,
CU_PHASE1_20260803_V1,中国联通,A,A股合并/运营,2026Q1,Quarter,OP_IOT_CONN_Q1_FLOOR,2026Q1物联网连接下限,Operating,IoT,750,million,CNY,1,Estimated,Actual,S_A2026Q1,Medium,披露超过值按下限,750,,,
CU_PHASE1_20260803_V1,中国联通,A,A股合并/运营,2026Q1,Quarter,OP_IOT_NET_ADD_Q1,2026Q1物联网净增,Operating,IoT,32.03,million,CNY,1,Actual,Actual,S_A2026Q1,High,,,,,
CU_PHASE1_20260803_V1,中国联通,A,A股合并/运营,2026Q1,Quarter,REV_COMPUTE_Q1,2026Q1算力业务收入,Revenue,AI/AIDC,15.4,RMB bn,CNY,1,Actual,Actual,S_A2026Q1,High,,,,,
CU_PHASE1_20260803_V1,中国联通,A,A股合并/运营,2026Q1,Quarter,REV_COMPUTE_GROWTH_Q1,2026Q1算力收入增速,Revenue,AI/AIDC,0.083,%,CNY,1,Actual,Actual,S_A2026Q1,High,,,,,
CU_PHASE1_20260803_V1,中国联通,A,A股合并/运营,2026Q1,Quarter,REV_INTELLIGENT_DC_GROWTH_Q1,2026Q1智算中心收入增速,Revenue,AI/AIDC,0.117,%,CNY,1,Actual,Actual,S_A2026Q1,High,,,,,
CU_PHASE1_20260803_V1,中国联通,A,A股合并/运营,2026Q1,Quarter,OP_CLOUD_ENTERPRISE_CUSTOMERS_Q1,联通云政企大客户,Operating,Cloud,440,thousand,CNY,1,Actual,Actual,S_A2026Q1,High,,,,,
CU_PHASE1_20260803_V1,中国联通,A,A股合并/运营,2026Q1,Quarter,OP_CLOUD_AI_PAID_USERS_Q1,云智付费用户下限,Operating,AI/AIDC,110,million,CNY,1,Estimated,Actual,S_A2026Q1,Medium,披露超过值按下限,110,,,
CU_PHASE1_20260803_V1,中国联通,A,A股合并/运营,2026Q1,Quarter,REV_INTERNATIONAL_GROWTH_Q1,2026Q1国际业务收入增速,Revenue,International,0.149,%,CNY,1,Actual,Actual,S_A2026Q1,High,,,,,
CU_PHASE1_20260803_V1,中国联通,A,A股合并/运营,2026Q1,Quarter,REV_SECURITY_GROWTH_Q1,2026Q1安全业务收入增速,Revenue,Security,0.142,%,CNY,1,Actual,Actual,S_A2026Q1,High,,,,,
CU_PHASE1_20260803_V1,中国联通,H,经营主体,2026-01-01,Point,TAX_VAT_RATE_DATA_BROADBAND,移动数据/短信/宽带增值税率,Tax,Policy,0.09,%,CNY,1,Actual,Actual,S_H2025,High,,,,,由6%升至9%，影响收入和利润。
CU_PHASE1_20260803_V1,中国联通,H,经营主体,2025,Annual,TAX_VAT_RATE_PRIOR,调整前相关业务增值税率,Tax,Policy,0.06,%,CNY,1,Actual,Actual,S_H2025,High,,,,,
CU_PHASE1_20260803_V1,行业,N/A,中国通信业,2020,Annual,IND_TELECOM_REVENUE,全国电信业务收入,Industry,China Market,1.36,RMB tn,CNY,1,Actual,Actual,S_MIIT2020,High,,,,,
CU_PHASE1_20260803_V1,行业,N/A,中国通信业,2021,Annual,IND_TELECOM_REVENUE,全国电信业务收入,Industry,China Market,1.47,RMB tn,CNY,1,Actual,Actual,S_MIIT2021,High,,,,,
CU_PHASE1_20260803_V1,行业,N/A,中国通信业,2022,Annual,IND_TELECOM_REVENUE,全国电信业务收入,Industry,China Market,1.58,RMB tn,CNY,1,Actual,Actual,S_MIIT2022,High,,,,,
CU_PHASE1_20260803_V1,行业,N/A,中国通信业,2023,Annual,IND_TELECOM_REVENUE,全国电信业务收入,Industry,China Market,1.68,RMB tn,CNY,1,Actual,Actual,S_MIIT2023,High,,,,,
CU_PHASE1_20260803_V1,行业,N/A,中国通信业,2024,Annual,IND_TELECOM_REVENUE,全国电信业务收入,Industry,China Market,1.739,RMB tn,CNY,1,Derived,Actual,S_MIIT2024,Medium,434.8÷25%,,,,
CU_PHASE1_20260803_V1,行业,N/A,中国通信业,2025,Annual,IND_TELECOM_REVENUE,全国电信业务收入,Industry,China Market,1.75,RMB tn,CNY,1,Actual,Actual,S_MIIT2025,High,,,,,
CU_PHASE1_20260803_V1,行业,N/A,中国通信业,2020,Annual,IND_MOBILE_DATA_REVENUE,全国移动数据收入,Industry,China Market,620.4,RMB bn,CNY,1,Actual,Actual,S_MIIT2020,High,,,,,
CU_PHASE1_20260803_V1,行业,N/A,中国通信业,2022,Annual,IND_MOBILE_DATA_REVENUE,全国移动数据收入,Industry,China Market,639.7,RMB bn,CNY,1,Actual,Actual,S_MIIT2022,High,,,,,
CU_PHASE1_20260803_V1,行业,N/A,中国通信业,2025,Annual,IND_MOBILE_DATA_REVENUE,全国移动数据收入,Industry,China Market,609.7,RMB bn,CNY,1,Actual,Actual,S_MIIT2025,High,,,,,
CU_PHASE1_20260803_V1,行业,N/A,中国通信业,2022,Annual,IND_FIXED_BB_REVENUE,全国固定宽带接入收入,Industry,China Market,240.2,RMB bn,CNY,1,Actual,Actual,S_MIIT2022,High,,,,,
CU_PHASE1_20260803_V1,行业,N/A,中国通信业,2025,Annual,IND_FIXED_BB_REVENUE,全国固定宽带接入收入,Industry,China Market,289.6,RMB bn,CNY,1,Actual,Actual,S_MIIT2025,High,,,,,
CU_PHASE1_20260803_V1,行业,N/A,中国通信业,2024,Annual,IND_EMERGING_REVENUE,全国新兴业务收入,Industry,China Market,434.8,RMB bn,CNY,1,Actual,Actual,S_MIIT2024,High,,,,,
CU_PHASE1_20260803_V1,行业,N/A,中国通信业,2025,Annual,IND_EMERGING_REVENUE,全国新兴业务收入,Industry,China Market,450.8,RMB bn,CNY,1,Actual,Actual,S_MIIT2025,High,,,,,
CU_PHASE1_20260803_V1,行业,N/A,中国通信业,2025,Annual,IND_5G_USERS,全国5G用户,Industry,China Market,1204.13,million,CNY,1,Actual,Actual,S_MIIT2025,High,,,,,
CU_PHASE1_20260803_V1,行业,N/A,中国通信业,2025,Annual,IND_FIXED_BB_USERS,全国固定宽带用户,Industry,China Market,690.82,million,CNY,1,Actual,Actual,S_MIIT2025,High,,,,,
CU_PHASE1_20260803_V1,行业,N/A,中国通信业,2025,Annual,IND_IOT_CONN,全国移动物联网终端,Industry,China Market,2888,million,CNY,1,Actual,Actual,S_MIIT2025,High,,,,,
CU_PHASE1_20260803_V1,中国移动,Peer,同业轻量对标,2025,Annual,PEER_CM_REV_TOTAL,营业收入,Peer,Light Benchmark,1050.187,RMB bn,CNY,1,Actual,Actual,S_CM2025,High,,,,,
CU_PHASE1_20260803_V1,中国移动,Peer,同业轻量对标,2025,Annual,PEER_CM_SERVICE_REV,主营业务收入,Peer,Light Benchmark,895.53,RMB bn,CNY,1,Actual,Actual,S_CM2025,High,,,,,
CU_PHASE1_20260803_V1,中国移动,Peer,同业轻量对标,2025,Annual,PEER_CM_NET_PROFIT,归母净利润,Peer,Light Benchmark,137.095,RMB bn,CNY,1,Actual,Actual,S_CM2025,High,,,,,
CU_PHASE1_20260803_V1,中国移动,Peer,同业轻量对标,2025,Annual,PEER_CM_EBITDA,EBITDA,Peer,Light Benchmark,338.931,RMB bn,CNY,1,Actual,Actual,S_CM2025,High,,,,,
CU_PHASE1_20260803_V1,中国移动,Peer,同业轻量对标,2025,Annual,PEER_CM_CAPEX,资本开支,Peer,Light Benchmark,150.9,RMB bn,CNY,1,Actual,Actual,S_CM2025,High,,,,,
CU_PHASE1_20260803_V1,中国移动,Peer,同业轻量对标,2025,Annual,PEER_CM_FCF,自由现金流,Peer,Light Benchmark,82.0,RMB bn,CNY,1,Actual,Actual,S_CM2025,High,,,,,
CU_PHASE1_20260803_V1,中国移动,Peer,同业轻量对标,2025,Annual,PEER_CM_PAYOUT,派息率,Peer,Light Benchmark,0.75,%,CNY,1,Actual,Actual,S_CM2025,High,,,,,
CU_PHASE1_20260803_V1,中国移动,Peer,同业轻量对标,2025,Annual,PEER_CM_MOBILE_SUBS,移动用户,Peer,Light Benchmark,1005,million,CNY,1,Actual,Actual,S_CM2025,High,,,,,
CU_PHASE1_20260803_V1,中国移动,Peer,同业轻量对标,2025,Annual,PEER_CM_5G_NETWORK_SUBS,5G网络用户,Peer,Light Benchmark,642,million,CNY,1,Actual,Actual,S_CM2025,High,,,,,
CU_PHASE1_20260803_V1,中国移动,Peer,同业轻量对标,2025,Annual,PEER_CM_COMPUTE_REV,算力服务收入,Peer,Light Benchmark,89.8,RMB bn,CNY,1,Actual,Actual,S_CM2025,High,,,,,
CU_PHASE1_20260803_V1,中国电信,Peer,同业轻量对标,2025,Annual,PEER_CT_REV_TOTAL,营业收入,Peer,Light Benchmark,529.6,RMB bn,CNY,1,Actual,Actual,S_CT2025,High,,,,,
CU_PHASE1_20260803_V1,中国电信,Peer,同业轻量对标,2025,Annual,PEER_CT_SERVICE_REV,服务收入,Peer,Light Benchmark,485.4,RMB bn,CNY,1,Actual,Actual,S_CT2025,High,,,,,
CU_PHASE1_20260803_V1,中国电信,Peer,同业轻量对标,2025,Annual,PEER_CT_NET_PROFIT,归母净利润,Peer,Light Benchmark,33.2,RMB bn,CNY,1,Actual,Actual,S_CT2025,High,,,,,
CU_PHASE1_20260803_V1,中国电信,Peer,同业轻量对标,2025,Annual,PEER_CT_EBITDA,EBITDA,Peer,Light Benchmark,143.9,RMB bn,CNY,1,Actual,Actual,S_CT2025,High,,,,,
CU_PHASE1_20260803_V1,中国电信,Peer,同业轻量对标,2025,Annual,PEER_CT_CAPEX,资本开支,Peer,Light Benchmark,80.4,RMB bn,CNY,1,Actual,Actual,S_CT2025,High,,,,,
CU_PHASE1_20260803_V1,中国电信,Peer,同业轻量对标,2025,Annual,PEER_CT_FCF,自由现金流,Peer,Light Benchmark,44.7,RMB bn,CNY,1,Actual,Actual,S_CT2025,High,,,,,
CU_PHASE1_20260803_V1,中国电信,Peer,同业轻量对标,2025,Annual,PEER_CT_PAYOUT,派息率,Peer,Light Benchmark,0.75,%,CNY,1,Actual,Actual,S_CT2025,High,,,,,
CU_PHASE1_20260803_V1,中国电信,Peer,同业轻量对标,2025,Annual,PEER_CT_MOBILE_SUBS,移动用户,Peer,Light Benchmark,439,million,CNY,1,Actual,Actual,S_CT2025,High,,,,,
CU_PHASE1_20260803_V1,中国电信,Peer,同业轻量对标,2025,Annual,PEER_CT_BB_SUBS,宽带用户,Peer,Light Benchmark,201,million,CNY,1,Actual,Actual,S_CT2025,High,,,,,
CU_PHASE1_20260803_V1,中国电信,Peer,同业轻量对标,2025,Annual,PEER_CT_CLOUD_REV,天翼云收入,Peer,Light Benchmark,120.7,RMB bn,CNY,1,Actual,Actual,S_CT2025,High,,,,,
CU_PHASE1_20260803_V1,中国电信,Peer,同业轻量对标,2025,Annual,PEER_CT_AIDC_REV,AIDC收入,Peer,Light Benchmark,34.5,RMB bn,CNY,1,Actual,Actual,S_CT2025,High,,,,,
CU_PHASE2_20260803_V1,中国联通,H,H股经营主体,2020,Annual,DIAG_OPERATING_PROFIT_H,经营利润（H股经营主体）,Diagnostic,Historical Diagnosis,11.120000000000005,RMB bn,CNY,1,Derived,Actual,S_H2020,High,EBITDA－折旧摊销,,,,
CU_PHASE2_20260803_V1,中国联通,H,H股经营主体,2020,Annual,DIAG_EBITDA_MARGIN_SERVICE,EBITDA/服务收入,Diagnostic,Historical Diagnosis,0.3413169744828036,%,CNY,1,Derived,Actual,S_H2020,High,EBITDA÷服务收入,,,,
CU_PHASE2_20260803_V1,中国联通,H,H股经营主体,2020,Annual,DIAG_OPERATING_MARGIN,经营利润率,Diagnostic,Historical Diagnosis,0.0365984504900638,%,CNY,1,Derived,Actual,S_H2020,High,经营利润÷营业收入,,,,
CU_PHASE2_20260803_V1,中国联通,H,H股经营主体,2020,Annual,DIAG_CFO_MARGIN,经营现金流率,Diagnostic,Historical Diagnosis,0.3473890691750209,%,CNY,1,Derived,Actual,S_H2020,High,经营现金流÷营业收入,,,,
CU_PHASE2_20260803_V1,中国联通,H,H股经营主体,2020,Annual,DIAG_CAPEX_DA_RATIO,资本开支/折旧摊销,Diagnostic,Historical Diagnosis,0.8148638882197062,x,CNY,1,Derived,Actual,S_H2020,High,资本开支÷折旧摊销,,,,
CU_PHASE2_20260803_V1,中国联通,H,H股经营主体,2020,Annual,DIAG_AR_DAYS,应收账款周转天数代理,Diagnostic,Historical Diagnosis,19.565541505670783,days,CNY,1,Derived,Actual,S_H2020,Medium,期末应收账款÷营业收入×365,,,,
CU_PHASE2_20260803_V1,中国联通,H,H股经营主体,2020,Annual,DIAG_ECL_TO_REVENUE,ECL及存货减值/收入,Diagnostic,Historical Diagnosis,0.018378214706521234,%,CNY,1,Derived,Actual,S_H2020,High,ECL及存货减值÷营业收入,,,,
CU_PHASE2_20260803_V1,中国联通,H,H股经营主体,2020,Annual,DIAG_NETWORK_COST_RATE,网络运行成本率,Diagnostic,Historical Diagnosis,0.15235092384757665,%,CNY,1,Derived,Actual,S_H2020,High,网络运行成本÷营业收入,,,,
CU_PHASE2_20260803_V1,中国联通,H,H股经营主体,2020,Annual,DIAG_EMPLOYEE_COST_RATE,人工成本率,Diagnostic,Historical Diagnosis,0.18345302430900676,%,CNY,1,Derived,Actual,S_H2020,High,人工成本÷营业收入,,,,
CU_PHASE2_20260803_V1,中国联通,H,H股经营主体,2020,Annual,DIAG_SELLING_COST_RATE,销售费用率,Diagnostic,Historical Diagnosis,0.10025079154022867,%,CNY,1,Derived,Actual,S_H2020,High,销售费用÷营业收入,,,,
CU_PHASE2_20260803_V1,中国联通,H,H股经营主体,2020,Annual,DIAG_GA_OTHER_RATE,管理及其他经营成本率,Diagnostic,Historical Diagnosis,0.1309250324185915,%,CNY,1,Derived,Actual,S_H2020,High,管理及其他经营成本÷营业收入,,,,
CU_PHASE2_20260803_V1,中国联通,H,H股经营主体,2020,Annual,DIAG_PRODUCT_GROSS_MARGIN,通信产品销售毛利率,Diagnostic,Historical Diagnosis,0.04153582643448478,%,CNY,1,Derived,Actual,S_H2020,High,产品收入减产品成本÷产品收入,,,,
CU_PHASE2_20260803_V1,中国联通,H,H股经营主体,2020,Annual,DIAG_REVENUE_PER_EMPLOYEE,人均营业收入,Diagnostic,Historical Diagnosis,1.2549014748823935,RMB mn/person,CNY,1,Derived,Actual,S_H2020,High,营业收入÷正式员工,,,,
CU_PHASE2_20260803_V1,中国联通,H,H股经营主体,2020,Annual,DIAG_EMPLOYEE_COST_PER_PERSON,人均人工成本,Diagnostic,Historical Diagnosis,230.2154707770082,RMB/person,CNY,1,Derived,Actual,S_H2020,High,人工成本÷正式员工,,,,
CU_PHASE2_20260803_V1,中国联通,H,H股经营主体,2021,Annual,DIAG_OPERATING_PROFIT_H,经营利润（H股经营主体）,Diagnostic,Historical Diagnosis,10.669999999999987,RMB bn,CNY,1,Derived,Actual,S_H2021,High,EBITDA－折旧摊销,,,,
CU_PHASE2_20260803_V1,中国联通,H,H股经营主体,2021,Annual,DIAG_EBITDA_MARGIN_SERVICE,EBITDA/服务收入,Diagnostic,Historical Diagnosis,0.32523729288577186,%,CNY,1,Derived,Actual,S_H2021,High,EBITDA÷服务收入,,,,
CU_PHASE2_20260803_V1,中国联通,H,H股经营主体,2021,Annual,DIAG_OPERATING_MARGIN,经营利润率,Diagnostic,Historical Diagnosis,0.03254497428733518,%,CNY,1,Derived,Actual,S_H2021,High,经营利润÷营业收入,,,,
CU_PHASE2_20260803_V1,中国联通,H,H股经营主体,2021,Annual,DIAG_CFO_MARGIN,经营现金流率,Diagnostic,Historical Diagnosis,0.33746728726811326,%,CNY,1,Derived,Actual,S_H2021,High,经营现金流÷营业收入,,,,
CU_PHASE2_20260803_V1,中国联通,H,H股经营主体,2021,Annual,DIAG_CAPEX_DA_RATIO,资本开支/折旧摊销,Diagnostic,Historical Diagnosis,0.8051371862230005,x,CNY,1,Derived,Actual,S_H2021,High,资本开支÷折旧摊销,,,,
CU_PHASE2_20260803_V1,中国联通,H,H股经营主体,2021,Annual,DIAG_AR_DAYS,应收账款周转天数代理,Diagnostic,Historical Diagnosis,19.991535866574758,days,CNY,1,Derived,Actual,S_H2021,Medium,期末应收账款÷营业收入×365,,,,
CU_PHASE2_20260803_V1,中国联通,H,H股经营主体,2021,Annual,DIAG_ECL_TO_REVENUE,ECL及存货减值/收入,Diagnostic,Historical Diagnosis,0.010068506103326482,%,CNY,1,Derived,Actual,S_H2021,High,ECL及存货减值÷营业收入,,,,
CU_PHASE2_20260803_V1,中国联通,H,H股经营主体,2021,Annual,DIAG_NETWORK_COST_RATE,网络运行成本率,Diagnostic,Historical Diagnosis,0.1619318355121487,%,CNY,1,Derived,Actual,S_H2021,High,网络运行成本÷营业收入,,,,
CU_PHASE2_20260803_V1,中国联通,H,H股经营主体,2021,Annual,DIAG_EMPLOYEE_COST_RATE,人工成本率,Diagnostic,Historical Diagnosis,0.17977514381401477,%,CNY,1,Derived,Actual,S_H2021,High,人工成本÷营业收入,,,,
CU_PHASE2_20260803_V1,中国联通,H,H股经营主体,2021,Annual,DIAG_SELLING_COST_RATE,销售费用率,Diagnostic,Historical Diagnosis,0.09824495049625749,%,CNY,1,Derived,Actual,S_H2021,High,销售费用÷营业收入,,,,
CU_PHASE2_20260803_V1,中国联通,H,H股经营主体,2021,Annual,DIAG_GA_OTHER_RATE,管理及其他经营成本率,Diagnostic,Historical Diagnosis,0.13740872461522508,%,CNY,1,Derived,Actual,S_H2021,High,管理及其他经营成本÷营业收入,,,,
CU_PHASE2_20260803_V1,中国联通,H,H股经营主体,2021,Annual,DIAG_PRODUCT_GROSS_MARGIN,通信产品销售毛利率,Diagnostic,Historical Diagnosis,0.032207185893189515,%,CNY,1,Derived,Actual,S_H2021,High,产品收入减产品成本÷产品收入,,,,
CU_PHASE2_20260803_V1,中国联通,H,H股经营主体,2021,Annual,DIAG_REVENUE_PER_EMPLOYEE,人均营业收入,Diagnostic,Historical Diagnosis,1.3470813251650704,RMB mn/person,CNY,1,Derived,Actual,S_H2021,High,营业收入÷正式员工,,,,
CU_PHASE2_20260803_V1,中国联通,H,H股经营主体,2021,Annual,DIAG_EMPLOYEE_COST_PER_PERSON,人均人工成本,Diagnostic,Historical Diagnosis,242.17173896072413,RMB/person,CNY,1,Derived,Actual,S_H2021,High,人工成本÷正式员工,,,,
CU_PHASE2_20260803_V1,中国联通,H,H股经营主体,2022,Annual,DIAG_OPERATING_PROFIT_H,经营利润（H股经营主体）,Diagnostic,Historical Diagnosis,12.338999999999999,RMB bn,CNY,1,Derived,Actual,S_H2022,High,EBITDA－折旧摊销,,,,
CU_PHASE2_20260803_V1,中国联通,H,H股经营主体,2022,Annual,DIAG_EBITDA_MARGIN_SERVICE,EBITDA/服务收入,Diagnostic,Historical Diagnosis,0.3105358417776219,%,CNY,1,Derived,Actual,S_H2022,High,EBITDA÷服务收入,,,,
CU_PHASE2_20260803_V1,中国联通,H,H股经营主体,2022,Annual,DIAG_OPERATING_MARGIN,经营利润率,Diagnostic,Historical Diagnosis,0.03476323025604038,%,CNY,1,Derived,Actual,S_H2022,High,经营利润÷营业收入,,,,
CU_PHASE2_20260803_V1,中国联通,H,H股经营主体,2022,Annual,DIAG_CFO_MARGIN,经营现金流率,Diagnostic,Historical Diagnosis,0.2832559502344032,%,CNY,1,Derived,Actual,S_H2022,High,经营现金流÷营业收入,,,,
CU_PHASE2_20260803_V1,中国联通,H,H股经营主体,2022,Annual,DIAG_CAPEX_DA_RATIO,资本开支/折旧摊销,Diagnostic,Historical Diagnosis,0.854543360589658,x,CNY,1,Derived,Actual,S_H2022,High,资本开支÷折旧摊销,,,,
CU_PHASE2_20260803_V1,中国联通,H,H股经营主体,2022,Annual,DIAG_AR_DAYS,应收账款周转天数代理,Diagnostic,Historical Diagnosis,27.07698960962856,days,CNY,1,Derived,Actual,S_H2022,Medium,期末应收账款÷营业收入×365,,,,
CU_PHASE2_20260803_V1,中国联通,H,H股经营主体,2022,Annual,DIAG_ECL_TO_REVENUE,ECL及存货减值/收入,Diagnostic,Historical Diagnosis,0.01949039848539488,%,CNY,1,Derived,Actual,S_H2022,High,ECL及存货减值÷营业收入,,,,
CU_PHASE2_20260803_V1,中国联通,H,H股经营主体,2022,Annual,DIAG_NETWORK_COST_RATE,网络运行成本率,Diagnostic,Historical Diagnosis,0.1589546520014425,%,CNY,1,Derived,Actual,S_H2022,High,网络运行成本÷营业收入,,,,
CU_PHASE2_20260803_V1,中国联通,H,H股经营主体,2022,Annual,DIAG_EMPLOYEE_COST_RATE,人工成本率,Diagnostic,Historical Diagnosis,0.17106923909123692,%,CNY,1,Derived,Actual,S_H2022,High,人工成本÷营业收入,,,,
CU_PHASE2_20260803_V1,中国联通,H,H股经营主体,2022,Annual,DIAG_SELLING_COST_RATE,销售费用率,Diagnostic,Historical Diagnosis,0.09708573746844572,%,CNY,1,Derived,Actual,S_H2022,High,销售费用÷营业收入,,,,
CU_PHASE2_20260803_V1,中国联通,H,H股经营主体,2022,Annual,DIAG_GA_OTHER_RATE,管理及其他经营成本率,Diagnostic,Historical Diagnosis,0.16481473133790117,%,CNY,1,Derived,Actual,S_H2022,High,管理及其他经营成本÷营业收入,,,,
CU_PHASE2_20260803_V1,中国联通,H,H股经营主体,2022,Annual,DIAG_PRODUCT_GROSS_MARGIN,通信产品销售毛利率,Diagnostic,Historical Diagnosis,0.024609506686144447,%,CNY,1,Derived,Actual,S_H2022,High,产品收入减产品成本÷产品收入,,,,
CU_PHASE2_20260803_V1,中国联通,H,H股经营主体,2022,Annual,DIAG_REVENUE_PER_EMPLOYEE,人均营业收入,Diagnostic,Historical Diagnosis,1.4507761855324575,RMB mn/person,CNY,1,Derived,Actual,S_H2022,High,营业收入÷正式员工,,,,
CU_PHASE2_20260803_V1,中国联通,H,H股经营主体,2022,Annual,DIAG_EMPLOYEE_COST_PER_PERSON,人均人工成本,Diagnostic,Historical Diagnosis,248.18317815072467,RMB/person,CNY,1,Derived,Actual,S_H2022,High,人工成本÷正式员工,,,,
CU_PHASE2_20260803_V1,中国联通,H,H股经营主体,2023,Annual,DIAG_OPERATING_PROFIT_H,经营利润（H股经营主体）,Diagnostic,Historical Diagnosis,14.960000000000008,RMB bn,CNY,1,Derived,Actual,S_H2023,High,EBITDA－折旧摊销,,,,
CU_PHASE2_20260803_V1,中国联通,H,H股经营主体,2023,Annual,DIAG_EBITDA_MARGIN_SERVICE,EBITDA/服务收入,Diagnostic,Historical Diagnosis,0.29778918160933254,%,CNY,1,Derived,Actual,S_H2023,High,EBITDA÷服务收入,,,,
CU_PHASE2_20260803_V1,中国联通,H,H股经营主体,2023,Annual,DIAG_OPERATING_MARGIN,经营利润率,Diagnostic,Historical Diagnosis,0.040150618496659955,%,CNY,1,Derived,Actual,S_H2023,High,经营利润÷营业收入,,,,
CU_PHASE2_20260803_V1,中国联通,H,H股经营主体,2023,Annual,DIAG_CFO_MARGIN,经营现金流率,Diagnostic,Historical Diagnosis,0.2748009243230622,%,CNY,1,Derived,Actual,S_H2023,High,经营现金流÷营业收入,,,,
CU_PHASE2_20260803_V1,中国联通,H,H股经营主体,2023,Annual,DIAG_CAPEX_DA_RATIO,资本开支/折旧摊销,Diagnostic,Historical Diagnosis,0.8705951679434297,x,CNY,1,Derived,Actual,S_H2023,High,资本开支÷折旧摊销,,,,
CU_PHASE2_20260803_V1,中国联通,H,H股经营主体,2023,Annual,DIAG_AR_DAYS,应收账款周转天数代理,Diagnostic,Historical Diagnosis,37.90309637490372,days,CNY,1,Derived,Actual,S_H2023,Medium,期末应收账款÷营业收入×365,,,,
CU_PHASE2_20260803_V1,中国联通,H,H股经营主体,2023,Annual,DIAG_ECL_TO_REVENUE,ECL及存货减值/收入,Diagnostic,Historical Diagnosis,0.01705864513133493,%,CNY,1,Derived,Actual,S_H2023,High,ECL及存货减值÷营业收入,,,,
CU_PHASE2_20260803_V1,中国联通,H,H股经营主体,2023,Annual,DIAG_NETWORK_COST_RATE,网络运行成本率,Diagnostic,Historical Diagnosis,0.1611124083124663,%,CNY,1,Derived,Actual,S_H2023,High,网络运行成本÷营业收入,,,,
CU_PHASE2_20260803_V1,中国联通,H,H股经营主体,2023,Annual,DIAG_EMPLOYEE_COST_RATE,人工成本率,Diagnostic,Historical Diagnosis,0.16892245509223103,%,CNY,1,Derived,Actual,S_H2023,High,人工成本÷营业收入,,,,
CU_PHASE2_20260803_V1,中国联通,H,H股经营主体,2023,Annual,DIAG_SELLING_COST_RATE,销售费用率,Diagnostic,Historical Diagnosis,0.09616287839139875,%,CNY,1,Derived,Actual,S_H2023,High,销售费用÷营业收入,,,,
CU_PHASE2_20260803_V1,中国联通,H,H股经营主体,2023,Annual,DIAG_GA_OTHER_RATE,管理及其他经营成本率,Diagnostic,Historical Diagnosis,0.1779134024160152,%,CNY,1,Derived,Actual,S_H2023,High,管理及其他经营成本÷营业收入,,,,
CU_PHASE2_20260803_V1,中国联通,H,H股经营主体,2023,Annual,DIAG_PRODUCT_GROSS_MARGIN,通信产品销售毛利率,Diagnostic,Historical Diagnosis,0.027440083362278597,%,CNY,1,Derived,Actual,S_H2023,High,产品收入减产品成本÷产品收入,,,,
CU_PHASE2_20260803_V1,中国联通,H,H股经营主体,2023,Annual,DIAG_REVENUE_PER_EMPLOYEE,人均营业收入,Diagnostic,Historical Diagnosis,1.5340090822632375,RMB mn/person,CNY,1,Derived,Actual,S_H2023,High,营业收入÷正式员工,,,,
CU_PHASE2_20260803_V1,中国联通,H,H股经营主体,2023,Annual,DIAG_EMPLOYEE_COST_PER_PERSON,人均人工成本,Diagnostic,Historical Diagnosis,259.12858030968624,RMB/person,CNY,1,Derived,Actual,S_H2023,High,人工成本÷正式员工,,,,
CU_PHASE2_20260803_V1,中国联通,H,H股经营主体,2024,Annual,DIAG_OPERATING_PROFIT_H,经营利润（H股经营主体）,Diagnostic,Historical Diagnosis,16.03,RMB bn,CNY,1,Derived,Actual,S_H2024,High,EBITDA－折旧摊销,,,,
CU_PHASE2_20260803_V1,中国联通,H,H股经营主体,2024,Annual,DIAG_EBITDA_MARGIN_SERVICE,EBITDA/服务收入,Diagnostic,Historical Diagnosis,0.28736180359852587,%,CNY,1,Derived,Actual,S_H2024,High,EBITDA÷服务收入,,,,
CU_PHASE2_20260803_V1,中国联通,H,H股经营主体,2024,Annual,DIAG_OPERATING_MARGIN,经营利润率,Diagnostic,Historical Diagnosis,0.0411459255779809,%,CNY,1,Derived,Actual,S_H2024,High,经营利润÷营业收入,,,,
CU_PHASE2_20260803_V1,中国联通,H,H股经营主体,2024,Annual,DIAG_CFO_MARGIN,经营现金流率,Diagnostic,Historical Diagnosis,0.22947259804563272,%,CNY,1,Derived,Actual,S_H2024,High,经营现金流÷营业收入,,,,
CU_PHASE2_20260803_V1,中国联通,H,H股经营主体,2024,Annual,DIAG_CAPEX_DA_RATIO,资本开支/折旧摊销,Diagnostic,Historical Diagnosis,0.735939561098453,x,CNY,1,Derived,Actual,S_H2024,High,资本开支÷折旧摊销,,,,
CU_PHASE2_20260803_V1,中国联通,H,H股经营主体,2024,Annual,DIAG_AR_DAYS,应收账款周转天数代理,Diagnostic,Historical Diagnosis,50.3388186011412,days,CNY,1,Derived,Actual,S_H2024,Medium,期末应收账款÷营业收入×365,,,,
CU_PHASE2_20260803_V1,中国联通,H,H股经营主体,2024,Annual,DIAG_ECL_TO_REVENUE,ECL及存货减值/收入,Diagnostic,Historical Diagnosis,0.01867352517653219,%,CNY,1,Derived,Actual,S_H2024,High,ECL及存货减值÷营业收入,,,,
CU_PHASE2_20260803_V1,中国联通,H,H股经营主体,2024,Annual,DIAG_NETWORK_COST_RATE,网络运行成本率,Diagnostic,Historical Diagnosis,0.16509706382880418,%,CNY,1,Derived,Actual,S_H2024,High,网络运行成本÷营业收入,,,,
CU_PHASE2_20260803_V1,中国联通,H,H股经营主体,2024,Annual,DIAG_EMPLOYEE_COST_RATE,人工成本率,Diagnostic,Historical Diagnosis,0.16666281645529007,%,CNY,1,Derived,Actual,S_H2024,High,人工成本÷营业收入,,,,
CU_PHASE2_20260803_V1,中国联通,H,H股经营主体,2024,Annual,DIAG_SELLING_COST_RATE,销售费用率,Diagnostic,Historical Diagnosis,0.09492054447122479,%,CNY,1,Derived,Actual,S_H2024,High,销售费用÷营业收入,,,,
CU_PHASE2_20260803_V1,中国联通,H,H股经营主体,2024,Annual,DIAG_GA_OTHER_RATE,管理及其他经营成本率,Diagnostic,Historical Diagnosis,0.1803182328043143,%,CNY,1,Derived,Actual,S_H2024,High,管理及其他经营成本÷营业收入,,,,
CU_PHASE2_20260803_V1,中国联通,H,H股经营主体,2024,Annual,DIAG_PRODUCT_GROSS_MARGIN,通信产品销售毛利率,Diagnostic,Historical Diagnosis,0.026230109597835522,%,CNY,1,Derived,Actual,S_H2024,High,产品收入减产品成本÷产品收入,,,,
CU_PHASE2_20260803_V1,中国联通,H,H股经营主体,2024,Annual,DIAG_REVENUE_PER_EMPLOYEE,人均营业收入,Diagnostic,Historical Diagnosis,1.6191249994805021,RMB mn/person,CNY,1,Derived,Actual,S_H2024,High,营业收入÷正式员工,,,,
CU_PHASE2_20260803_V1,中国联通,H,H股经营主体,2024,Annual,DIAG_EMPLOYEE_COST_PER_PERSON,人均人工成本,Diagnostic,Historical Diagnosis,269.8479326065906,RMB/person,CNY,1,Derived,Actual,S_H2024,High,人工成本÷正式员工,,,,
CU_PHASE2_20260803_V1,中国联通,H,H股经营主体,2025,Annual,DIAG_OPERATING_PROFIT_H,经营利润（H股经营主体）,Diagnostic,Historical Diagnosis,18.590000000000003,RMB bn,CNY,1,Derived,Actual,S_H2025,High,EBITDA－折旧摊销,,,,
CU_PHASE2_20260803_V1,中国联通,H,H股经营主体,2025,Annual,DIAG_EBITDA_MARGIN_SERVICE,EBITDA/服务收入,Diagnostic,Historical Diagnosis,0.28590490541729696,%,CNY,1,Derived,Actual,S_H2025,High,EBITDA÷服务收入,,,,
CU_PHASE2_20260803_V1,中国联通,H,H股经营主体,2025,Annual,DIAG_OPERATING_MARGIN,经营利润率,Diagnostic,Historical Diagnosis,0.04739650657916543,%,CNY,1,Derived,Actual,S_H2025,High,经营利润÷营业收入,,,,
CU_PHASE2_20260803_V1,中国联通,H,H股经营主体,2025,Annual,DIAG_CFO_MARGIN,经营现金流率,Diagnostic,Historical Diagnosis,0.22989472825407994,%,CNY,1,Derived,Actual,S_H2025,High,经营现金流÷营业收入,,,,
CU_PHASE2_20260803_V1,中国联通,H,H股经营主体,2025,Annual,DIAG_CAPEX_DA_RATIO,资本开支/折旧摊销,Diagnostic,Historical Diagnosis,0.6699245329704318,x,CNY,1,Derived,Actual,S_H2025,High,资本开支÷折旧摊销,,,,
CU_PHASE2_20260803_V1,中国联通,H,H股经营主体,2025,Annual,DIAG_AR_DAYS,应收账款周转天数代理,Diagnostic,Historical Diagnosis,61.413558103425856,days,CNY,1,Derived,Actual,S_H2025,Medium,期末应收账款÷营业收入×365,,,,
CU_PHASE2_20260803_V1,中国联通,H,H股经营主体,2025,Annual,DIAG_ECL_TO_REVENUE,ECL及存货减值/收入,Diagnostic,Historical Diagnosis,0.01411441960313393,%,CNY,1,Derived,Actual,S_H2025,High,ECL及存货减值÷营业收入,,,,
CU_PHASE2_20260803_V1,中国联通,H,H股经营主体,2025,Annual,DIAG_NETWORK_COST_RATE,网络运行成本率,Diagnostic,Historical Diagnosis,0.1663084520795568,%,CNY,1,Derived,Actual,S_H2025,High,网络运行成本÷营业收入,,,,
CU_PHASE2_20260803_V1,中国联通,H,H股经营主体,2025,Annual,DIAG_EMPLOYEE_COST_RATE,人工成本率,Diagnostic,Historical Diagnosis,0.16967388449937917,%,CNY,1,Derived,Actual,S_H2025,High,人工成本÷营业收入,,,,
CU_PHASE2_20260803_V1,中国联通,H,H股经营主体,2025,Annual,DIAG_SELLING_COST_RATE,销售费用率,Diagnostic,Historical Diagnosis,0.09537941426178474,%,CNY,1,Derived,Actual,S_H2025,High,销售费用÷营业收入,,,,
CU_PHASE2_20260803_V1,中国联通,H,H股经营主体,2025,Annual,DIAG_GA_OTHER_RATE,管理及其他经营成本率,Diagnostic,Historical Diagnosis,0.17752656014563142,%,CNY,1,Derived,Actual,S_H2025,High,管理及其他经营成本÷营业收入,,,,
CU_PHASE2_20260803_V1,中国联通,H,H股经营主体,2025,Annual,DIAG_PRODUCT_GROSS_MARGIN,通信产品销售毛利率,Diagnostic,Historical Diagnosis,0.0347308081375745,%,CNY,1,Derived,Actual,S_H2025,High,产品收入减产品成本÷产品收入,,,,
CU_PHASE2_20260803_V1,中国联通,H,H股经营主体,2025,Annual,DIAG_REVENUE_PER_EMPLOYEE,人均营业收入,Diagnostic,Historical Diagnosis,1.6531985112813012,RMB mn/person,CNY,1,Derived,Actual,S_H2025,High,营业收入÷正式员工,,,,
CU_PHASE2_20260803_V1,中国联通,H,H股经营主体,2025,Annual,DIAG_EMPLOYEE_COST_PER_PERSON,人均人工成本,Diagnostic,Historical Diagnosis,280.50461325768913,RMB/person,CNY,1,Derived,Actual,S_H2025,High,人工成本÷正式员工,,,,
CU_PHASE2_20260803_V1,中国联通,A/H,集团桥接,2020-2025,Multi-year,DIAG_REVENUE_CAGR_2020_25,营业收入CAGR（2020—2025）,Diagnostic,Profit Bridge,0.05239358880745715,%,CNY,1,Derived,Actual,S_H2020/S_H2025,High,2020与2025营业收入,,,,
CU_PHASE2_20260803_V1,中国联通,A/H,集团桥接,2020-2025,Multi-year,DIAG_SERVICE_CAGR_2020_25,服务收入CAGR（2020—2025）,Diagnostic,Profit Bridge,0.047435210587489784,%,CNY,1,Derived,Actual,S_H2020/S_H2025,High,2020与2025服务收入,,,,
CU_PHASE2_20260803_V1,中国联通,A/H,集团桥接,2020-2025,Multi-year,DIAG_EBITDA_CAGR_2020_25,EBITDA CAGR（2020—2025）,Diagnostic,Profit Bridge,0.01097382848102968,%,CNY,1,Derived,Actual,S_H2020/S_H2025,High,2020与2025 EBITDA,,,,
CU_PHASE2_20260803_V1,中国联通,A/H,集团桥接,2020-2025,Multi-year,DIAG_OPERATING_PROFIT_CAGR_2020_25,经营利润CAGR（2020—2025）,Diagnostic,Profit Bridge,0.10824280519692575,%,CNY,1,Derived,Actual,S_H2020/S_H2025,High,经营利润=EBITDA-折旧,,,,
CU_PHASE2_20260803_V1,中国联通,A/H,集团桥接,2020-2025,Multi-year,DIAG_A_PROFIT_CAGR_2020_25,A股归母净利润CAGR（2020—2025）,Diagnostic,Profit Bridge,0.10574236358314781,%,CNY,1,Derived,Actual,S_H2020/S_H2025,High,A股归母净利润,,,,
CU_PHASE2_20260803_V1,中国联通,A/H,集团桥接,2020-2025,Multi-year,DIAG_BRIDGE_EBITDA_INCREASE,2020—2025 EBITDA增量,Diagnostic,Profit Bridge,5.280000000000001,RMB bn,CNY,1,Derived,Actual,S_H2020/S_H2025,High,2025减2020,,,,
CU_PHASE2_20260803_V1,中国联通,A/H,集团桥接,2020-2025,Multi-year,DIAG_BRIDGE_DA_BENEFIT,2020—2025折旧下降贡献,Diagnostic,Profit Bridge,2.1899999999999977,RMB bn,CNY,1,Derived,Actual,S_H2020/S_H2025,High,2020折旧减2025折旧,,,,
CU_PHASE2_20260803_V1,中国联通,A/H,集团桥接,2020-2025,Multi-year,DIAG_BRIDGE_OPERATING_PROFIT,2020—2025经营利润增量,Diagnostic,Profit Bridge,7.469999999999999,RMB bn,CNY,1,Derived,Actual,S_H2020/S_H2025,High,EBITDA增量+折旧下降,,,,
CU_PHASE2_20260803_V1,中国联通,A/H,集团桥接,2020-2025,Multi-year,DIAG_BRIDGE_FINANCE,净财务收益改善,Diagnostic,Profit Bridge,0.88,RMB bn,CNY,1,Derived,Actual,S_H2020/S_H2025,High,2025减2020,,,,
CU_PHASE2_20260803_V1,中国联通,A/H,集团桥接,2020-2025,Multi-year,DIAG_BRIDGE_ASSOCIATES,联营企业利润增量,Diagnostic,Profit Bridge,1.08,RMB bn,CNY,1,Derived,Actual,S_H2020/S_H2025,High,2025减2020,,,,
CU_PHASE2_20260803_V1,中国联通,A/H,集团桥接,2020-2025,Multi-year,DIAG_BRIDGE_JV,合营企业利润增量,Diagnostic,Profit Bridge,0.703,RMB bn,CNY,1,Derived,Actual,S_H2020/S_H2025,High,2025减2020,,,,
CU_PHASE2_20260803_V1,中国联通,A/H,集团桥接,2020-2025,Multi-year,DIAG_BRIDGE_OTHER_INCOME,其他收益变化,Diagnostic,Profit Bridge,-0.7010000000000001,RMB bn,CNY,1,Derived,Actual,S_H2020/S_H2025,High,2025减2020,,,,
CU_PHASE2_20260803_V1,中国联通,A/H,集团桥接,2020-2025,Multi-year,DIAG_BRIDGE_PBT,税前利润增量,Diagnostic,Profit Bridge,9.425999999999998,RMB bn,CNY,1,Derived,Actual,S_H2020/S_H2025,High,2025减2020,,,,
CU_PHASE2_20260803_V1,中国联通,A/H,集团桥接,2020-2025,Multi-year,DIAG_BRIDGE_H_PROFIT,H股股东应占利润增量,Diagnostic,Profit Bridge,8.322999999999999,RMB bn,CNY,1,Derived,Actual,S_H2020/S_H2025,High,2025减2020,,,,
CU_PHASE2_20260803_V1,中国联通,A/H,集团桥接,2020-2025,Multi-year,DIAG_BRIDGE_A_PROFIT,A股归母净利润增量,Diagnostic,Profit Bridge,3.6053510620000004,RMB bn,CNY,1,Derived,Actual,S_H2020/S_H2025,High,2025减2020,,,,
CU_PHASE2_20260803_V1,中国联通,H,H股经营主体,2020,Annual,BS_AR_H_AS_REPORTED,应收账款净额（H股历史披露）,Credit Risk,Enterprise Projects,16.287,RMB bn,CNY,1,Actual,Actual,S_H2020,High,,,,,
CU_PHASE2_20260803_V1,中国联通,H,H股经营主体,2021,Annual,BS_AR_H_AS_REPORTED,应收账款净额（H股历史披露）,Credit Risk,Enterprise Projects,17.957,RMB bn,CNY,1,Actual,Actual,S_H2021,High,,,,,
CU_PHASE2_20260803_V1,中国联通,H,H股经营主体,2022,Annual,BS_AR_H_AS_REPORTED,应收账款净额（H股历史披露）,Credit Risk,Enterprise Projects,26.331,RMB bn,CNY,1,Actual,Actual,S_H2022,High,,,,,
CU_PHASE2_20260803_V1,中国联通,H,H股经营主体,2023,Annual,BS_AR_H_AS_REPORTED,应收账款净额（H股历史披露）,Credit Risk,Enterprise Projects,38.692,RMB bn,CNY,1,Actual,Actual,S_H2023,High,,,,,
CU_PHASE2_20260803_V1,中国联通,H,H股经营主体,2024,Annual,BS_AR_H_AS_REPORTED,应收账款净额（H股历史披露）,Credit Risk,Enterprise Projects,53.73,RMB bn,CNY,1,Actual,Actual,S_H2024,High,,,,,2024年在2025年报中重述为588.74亿元；历史序列保留各年原披露值。
CU_PHASE2_20260803_V1,中国联通,H,H股经营主体,2025,Annual,BS_AR_H_AS_REPORTED,应收账款净额（H股历史披露）,Credit Risk,Enterprise Projects,65.994,RMB bn,CNY,1,Actual,Actual,S_H2025,High,,,,,
CU_PHASE2_20260803_V1,中国联通,H,H股经营主体,2020,Annual,COST_ECL_WRITE_DOWN,ECL及存货减值损失,Credit Risk,Enterprise Projects,5.584,RMB bn,CNY,1,Actual,Actual,S_H2020,High,,,,,
CU_PHASE2_20260803_V1,中国联通,H,H股经营主体,2021,Annual,COST_ECL_WRITE_DOWN,ECL及存货减值损失,Credit Risk,Enterprise Projects,3.301,RMB bn,CNY,1,Actual,Actual,S_H2021,High,,,,,
CU_PHASE2_20260803_V1,中国联通,H,H股经营主体,2022,Annual,COST_ECL_WRITE_DOWN,ECL及存货减值损失,Credit Risk,Enterprise Projects,6.918,RMB bn,CNY,1,Actual,Actual,S_H2022,High,,,,,
CU_PHASE2_20260803_V1,中国联通,H,H股经营主体,2023,Annual,COST_ECL_WRITE_DOWN,ECL及存货减值损失,Credit Risk,Enterprise Projects,6.356,RMB bn,CNY,1,Actual,Actual,S_H2023,High,,,,,
CU_PHASE2_20260803_V1,中国联通,H,H股经营主体,2024,Annual,COST_ECL_WRITE_DOWN,ECL及存货减值损失,Credit Risk,Enterprise Projects,7.275,RMB bn,CNY,1,Actual,Actual,S_H2024,High,,,,,
CU_PHASE2_20260803_V1,中国联通,H,H股经营主体,2025,Annual,COST_ECL_WRITE_DOWN,ECL及存货减值损失,Credit Risk,Enterprise Projects,5.536,RMB bn,CNY,1,Actual,Actual,S_H2025,High,,,,,
CU_PHASE2_20260803_V1,中国联通,H,H股经营主体,2025,Annual,BS_AR_2024_RESTATED,2024年应收账款重述值,Credit Risk,Enterprise Projects,58.874,RMB bn,CNY,1,Actual,Actual,S_H2025,High,2025年报重述,,,,为与A股列报对齐，不影响资产总额和利润现金流。
CU_PHASE2_20260803_V1,中国联通,H,H股经营主体,2025,Annual,BS_AR_GROSS_2025,2025年应收账款账面原值,Credit Risk,Enterprise Projects,93.79,RMB bn,CNY,1,Actual,Actual,S_H2025,High,年报应收账款注释,,,,
CU_PHASE2_20260803_V1,中国联通,H,H股经营主体,2025,Annual,BS_AR_ALLOWANCE_2025,2025年应收账款信用损失准备,Credit Risk,Enterprise Projects,27.985,RMB bn,CNY,1,Actual,Actual,S_H2025,High,年报应收账款注释,,,,
CU_PHASE2_20260803_V1,中国联通,H,H股经营主体,2025,Annual,BS_AR_ALLOWANCE_RATE_2025,2025年信用损失准备/应收原值,Credit Risk,Enterprise Projects,0.2983793581405267,%,CNY,1,Derived,Actual,S_H2025,High,损失准备÷应收原值,,,,
CU_PHASE2_20260803_V1,中国联通,H,H股经营主体,2025,Annual,BS_AR_NET_OVER_1Y_2025,2025年账龄超过一年应收净额,Credit Risk,Enterprise Projects,13.0,RMB bn,CNY,1,Derived,Actual,S_H2025,High,年报账龄分析,,,,
CU_PHASE2_20260803_V1,中国联通,H,H股经营主体,2025,Annual,BS_MAJOR_CORP_AR_OVER_1Y_GROSS_2025,重大企业客户逾期超过一年应收原值,Credit Risk,Enterprise Projects,29.823999999999998,RMB bn,CNY,1,Derived,Actual,S_H2025,High,1–2年+2–3年+3年以上,,,,
CU_PHASE2_20260803_V1,中国联通,H,H股经营主体,2025,Annual,BS_MAJOR_CORP_AR_OVER_1Y_ALLOWANCE_2025,重大企业客户逾期超过一年减值准备,Credit Risk,Enterprise Projects,18.060000000000002,RMB bn,CNY,1,Derived,Actual,S_H2025,High,对应账龄减值准备加总,,,,
CU_PHASE2_20260803_V1,中国联通,A/H,市场与业务诊断,2024,Annual,DIAG_COMPUTE_REVENUE_2024,2024年算力业务收入,Diagnostic,Demand & Competition,49.474425,RMB bn,CNY,1,Derived,Actual,S_H2024/S_H2025_PRESENTATION,High,服务收入×14.3%,,,,
CU_PHASE2_20260803_V1,中国联通,A/H,市场与业务诊断,2025,Annual,DIAG_COMPUTE_REVENUE_2025,2025年算力业务收入,Diagnostic,Demand & Competition,53.551652,RMB bn,CNY,1,Derived,Actual,S_H2025_PRESENTATION,High,服务收入×15.4%,,,,
CU_PHASE2_20260803_V1,中国联通,A/H,市场与业务诊断,2024,Annual,DIAG_COMPUTE_SERVICE_2024,2024年算力服务收入,Diagnostic,Demand & Competition,23.574424999999998,RMB bn,CNY,1,Derived,Actual,S_H2024/S_H2025_PRESENTATION,High,算力业务－数据中心,,,,
CU_PHASE2_20260803_V1,中国联通,A/H,市场与业务诊断,2025,Annual,DIAG_COMPUTE_SERVICE_2025,2025年算力服务收入,Diagnostic,Demand & Competition,25.451651999999996,RMB bn,CNY,1,Derived,Actual,S_H2025_PRESENTATION,High,算力业务－数据中心,,,,
CU_PHASE2_20260803_V1,中国联通,A/H,市场与业务诊断,2025,Annual,DIAG_COMPUTE_REVENUE_GROWTH_2025,2025年算力业务收入增速,Diagnostic,Demand & Competition,0.08241080113614263,%,CNY,1,Derived,Actual,S_H2025_PRESENTATION,High,2025÷2024－1,,,,
CU_PHASE2_20260803_V1,中国联通,A/H,市场与业务诊断,2025,Annual,DIAG_AIDC_OCCUPIED_CAPACITY_GROWTH,AIDC已占用标准机架增长代理,Diagnostic,Demand & Competition,0.16129032258064524,%,CNY,1,Derived,Actual,S_H2025_PRESENTATION,High,机架×利用率同比,,,,
CU_PHASE2_20260803_V1,中国联通,A/H,市场与业务诊断,2025,Annual,DIAG_AIDC_UNIT_REVENUE_CHANGE,单位已占用标准机架收入变化代理,Diagnostic,Demand & Competition,-0.0657443157443156,%,CNY,1,Derived,Actual,S_H2025_PRESENTATION,Medium,数据中心收入÷已占用标准机架同比,,,,该值为推断：2024机架约100万、利用率68.2%；2025机架至少110万、利用率72%。
CU_PHASE2_20260803_V1,行业,N/A,市场与业务诊断,2025H1,Half-year,IND_COMPUTE_RACKS_2025H1,全国在用算力中心标准机架,Diagnostic,Demand & Competition,10.85,million racks,CNY,1,Actual,Actual,S_CAICT_2026_COMPUTE,High,信通院披露,,,,
CU_PHASE2_20260803_V1,中国联通,A/H,市场与业务诊断,2025,Annual,DIAG_UNICOM_RACK_SHARE,联通标准机架占全国在用机架粗略比例,Diagnostic,Demand & Competition,0.10138248847926268,%,CNY,1,Derived,Actual,S_H2025_PRESENTATION/S_CAICT_2026_COMPUTE,Medium,公司机架下限÷全国机架,,,,机架定义与时点不完全一致，仅作为规模边界。
CU_PHASE2_20260803_V1,中国联通,A/H,市场与业务诊断,2025,Annual,DIAG_IOT_MARKET_SHARE,联通IoT连接占全国移动IoT终端比例,Diagnostic,Demand & Competition,0.24930747922437674,%,CNY,1,Derived,Actual,S_H2025_PRESENTATION/S_NBS_2025_TELECOM,High,联通连接÷全国连接,,,,
CU_PHASE2_20260803_V1,中国联通,A/H,市场与业务诊断,2025,Annual,DIAG_BROADBAND_MARKET_SHARE,联通固网宽带用户占全国比例,Diagnostic,Demand & Competition,0.18738600503749164,%,CNY,1,Derived,Actual,S_H2025/S_NBS_2025_TELECOM,High,联通宽带用户÷全国宽带用户,,,,
CU_PHASE2_20260803_V1,中国联通,A/H,市场与业务诊断,2025,Annual,DIAG_IOV_SHARE_OF_IOT,车联网连接占联通IoT比例,Diagnostic,Demand & Competition,0.13194444444444445,%,CNY,1,Derived,Actual,S_H2025_PRESENTATION,High,车联网连接下限÷IoT连接,,,,
CU_PHASE2_20260803_V1,中国联通,A/H,市场与业务诊断,2025,Annual,DIAG_A_DIVIDEND_CASH_COVERAGE,BVI分红对A股现金分红覆盖倍数,Diagnostic,Demand & Competition,1.1580034355396203,x,CNY,1,Derived,Actual,S_A2025,High,BVI可归属分红÷A股现金分红,,,,
CU_PHASE2_20260803_V1,中国联通,A/H,2026Q1校验,2026Q1,Quarter,DIAG_Q1_SERVICE_REVENUE,2026Q1服务收入,Diagnostic,Latest Validation,90.058,RMB bn,CNY,1,Actual,Actual,S_A2026Q1/S_Q1_2026_CONTEXT,High,,,,,公开季报口径
CU_PHASE2_20260803_V1,中国联通,A/H,2026Q1校验,2026Q1,Quarter,DIAG_Q1_H_ATTR_PROFIT,2026Q1 H股股东应占利润,Diagnostic,Latest Validation,4.885,RMB bn,CNY,1,Actual,Actual,S_Q1_2026_CONTEXT,High,,,,,H股经营主体口径
CU_PHASE2_20260803_V1,中国联通,A/H,2026Q1校验,2026Q1,Quarter,DIAG_Q1_A_ATTR_PROFIT,2026Q1 A股归母净利润,Diagnostic,Latest Validation,2.137,RMB bn,CNY,1,Actual,Actual,S_A2026Q1,High,,,,,A股归母口径
CU_PHASE2_20260803_V1,中国联通,A/H,2026Q1校验,2026Q1,Quarter,DIAG_Q1_SERVICE_GROWTH,2026Q1服务收入增速,Diagnostic,Latest Validation,-0.009,%,CNY,1,Actual,Actual,S_Q1_2026_CONTEXT,High,,,,,
CU_PHASE2_20260803_V1,中国联通,A/H,2026Q1校验,2026Q1,Quarter,DIAG_Q1_H_PROFIT_GROWTH,2026Q1 H股利润增速,Diagnostic,Latest Validation,-0.176,%,CNY,1,Actual,Actual,S_Q1_2026_CONTEXT,High,,,,,
CU_PHASE2_20260803_V1,中国联通,A/H,2026Q1校验,2026Q1,Quarter,DIAG_Q1_A_PROFIT_GROWTH,2026Q1 A股归母利润增速,Diagnostic,Latest Validation,-0.18,%,CNY,1,Actual,Actual,S_A2026Q1,High,,,,,
CU_PHASE2_20260803_V1,中国联通,A/H,税率影响估算,2026,Annual,DIAG_VAT_REVENUE_HIT_2026,2026年VAT调整营业收入影响,Diagnostic,Tax Impact,2.4770642201834914,RMB bn,CNY,1,Estimated,Actual,S_VAT_2026/S_H2025,Medium,受影响净收入×含税定价比例×[1-1.06/1.09],1.541284403669728,2.4770642201834914,3.522935779816521,区间不是公司指引；实际影响取决于合同是否含税、客户结构、提价和业务组合。
CU_PHASE2_20260803_V1,中国联通,A/H,税率影响估算,2026,Annual,DIAG_VAT_H_PROFIT_HIT_2026,2026年VAT调整H股税后利润影响,Diagnostic,Tax Impact,2.0361467889908296,RMB bn,CNY,1,Estimated,Actual,S_VAT_2026/S_H2025,Medium,收入影响×(1-17.8%所得税率),1.2669357798165164,2.0361467889908296,2.89585321100918,区间不是公司指引；实际影响取决于合同是否含税、客户结构、提价和业务组合。
CU_PHASE2_20260803_V1,中国联通,A/H,税率影响估算,2026,Annual,DIAG_VAT_A_PROFIT_HIT_2026,2026年VAT调整A股归母利润影响,Diagnostic,Tax Impact,0.8946812701651393,RMB bn,CNY,1,Estimated,Actual,S_VAT_2026/S_H2025,Medium,H股税后影响×A股有效经济权益,0.5566905681027534,0.8946812701651393,1.272435584234865,区间不是公司指引；实际影响取决于合同是否含税、客户结构、提价和业务组合。
CU_PHASE2_20260803_V1,中国联通,A/H,Phase 3驱动先验,2026-2030,Annual,DRV_TOC_REVENUE_GROWTH,ToC移动收入增速,Driver,Scenario Inputs,0.0,%,CNY,1,Assumption,Base,Phase2_Derived,Medium,Phase 2历史、行业与最新季度综合设定,-0.015,0.0,0.01,传统移动数据收入饱和；2026另计VAT一次性影响。
CU_PHASE2_20260803_V1,中国联通,A/H,Phase 3驱动先验,2026-2030,Annual,DRV_HOME_REVENUE_GROWTH,家庭宽带与智慧家庭收入增速,Driver,Scenario Inputs,0.035,%,CNY,1,Assumption,Base,Phase2_Derived,Medium,Phase 2历史、行业与最新季度综合设定,0.01,0.035,0.055,宽带用户仍增，主要依靠融合、千兆和FTTR。
CU_PHASE2_20260803_V1,中国联通,A/H,Phase 3驱动先验,2026-2030,Annual,DRV_ENTERPRISE_CONNECTIVITY_GROWTH,企业连接与传统网络收入增速,Driver,Scenario Inputs,0.03,%,CNY,1,Assumption,Base,Phase2_Derived,Medium,Phase 2历史、行业与最新季度综合设定,0.0,0.03,0.06,传统线路趋稳，5G专网提供增量。
CU_PHASE2_20260803_V1,中国联通,A/H,Phase 3驱动先验,2026-2030,Annual,DRV_CLOUD_DIGITAL_GROWTH,非AI云与数字化收入增速,Driver,Scenario Inputs,0.06,%,CNY,1,Assumption,Base,Phase2_Derived,Medium,Phase 2历史、行业与最新季度综合设定,0.02,0.06,0.1,联通云2025增长约5.2%，项目型收入利润率受约束。
CU_PHASE2_20260803_V1,中国联通,A/H,Phase 3驱动先验,2026-2030,Annual,DRV_COMPUTE_REVENUE_GROWTH,算力业务收入增速,Driver,Scenario Inputs,0.09,%,CNY,1,Assumption,Base,Phase2_Derived,Medium,Phase 2历史、行业与最新季度综合设定,0.04,0.09,0.15,2025约8.2%，2026Q1约8.3%。
CU_PHASE2_20260803_V1,中国联通,A/H,Phase 3驱动先验,2026-2030,Annual,DRV_AIDC_UTILIZATION,AIDC利用率,Driver,Scenario Inputs,0.75,%,CNY,1,Assumption,Base,Phase2_Derived,Medium,Phase 2历史、行业与最新季度综合设定,0.68,0.75,0.8,2025披露超过72%；新增容量可能短期稀释利用率。
CU_PHASE2_20260803_V1,中国联通,A/H,Phase 3驱动先验,2026-2030,Annual,DRV_AIDC_OCCUPIED_UNIT_REV_GROWTH,单位已占用机架收入增速,Driver,Scenario Inputs,-0.03,%,CNY,1,Assumption,Base,Phase2_Derived,Medium,Phase 2历史、行业与最新季度综合设定,-0.06,-0.03,0.0,2025推断同比下降约6.6%，反映价格与结构压力。
CU_PHASE2_20260803_V1,中国联通,A/H,Phase 3驱动先验,2026-2030,Annual,DRV_AI_CONTRIBUTION_MARGIN,AI/算力增量贡献利润率,Driver,Scenario Inputs,0.1,%,CNY,1,Assumption,Base,Phase2_Derived,Medium,Phase 2历史、行业与最新季度综合设定,0.03,0.1,0.17,扣除直接设备、电力、交付、折旧和减值后的区间。
CU_PHASE2_20260803_V1,中国联通,A/H,Phase 3驱动先验,2026-2030,Annual,DRV_IOT_REVENUE_GROWTH,物联网收入增速,Driver,Scenario Inputs,0.08,%,CNY,1,Assumption,Base,Phase2_Derived,Medium,Phase 2历史、行业与最新季度综合设定,0.04,0.08,0.12,连接量高增长但ARPU低，车联网平台化决定上行空间。
CU_PHASE2_20260803_V1,中国联通,A/H,Phase 3驱动先验,2026-2030,Annual,DRV_NETWORK_COST_RATE_CHANGE,网络成本率年度变化,Driver,Scenario Inputs,0.0,pct,CNY,1,Assumption,Base,Phase2_Derived,Medium,Phase 2历史、行业与最新季度综合设定,0.002,0.0,-0.0015,能源和算力成本与超精简网络节省相互抵消。
CU_PHASE2_20260803_V1,中国联通,A/H,Phase 3驱动先验,2026-2030,Annual,DRV_EMPLOYEE_COST_RATE_IMPROVEMENT,人工成本率年度改善,Driver,Scenario Inputs,0.001,pct,CNY,1,Assumption,Base,Phase2_Derived,Medium,Phase 2历史、行业与最新季度综合设定,0.0,0.001,0.002,以自然减员和结构优化为主，不假设大裁员。
CU_PHASE2_20260803_V1,中国联通,A/H,Phase 3驱动先验,2026-2030,Annual,DRV_SELLING_COST_RATE_IMPROVEMENT,销售费用率年度改善,Driver,Scenario Inputs,0.001,pct,CNY,1,Assumption,Base,Phase2_Derived,Medium,Phase 2历史、行业与最新季度综合设定,0.0,0.001,0.002,集中化和线上渠道可继续改善。
CU_PHASE2_20260803_V1,中国联通,A/H,Phase 3驱动先验,2026-2030,Annual,DRV_AR_DAYS,应收账款天数,Driver,Scenario Inputs,65.0,days,CNY,1,Assumption,Base,Phase2_Derived,Medium,Phase 2历史、行业与最新季度综合设定,75.0,65.0,55.0,2025代理值约61天；政企项目回款是核心变量。
CU_PHASE2_20260803_V1,中国联通,A/H,Phase 3驱动先验,2026-2030,Annual,DRV_ECL_LOSS,ECL及存货减值损失,Driver,Scenario Inputs,5.8,RMB bn,CNY,1,Assumption,Base,Phase2_Derived,Medium,Phase 2历史、行业与最新季度综合设定,7.5,5.8,4.5,2022—2025在55—73亿元区间。
CU_PHASE2_20260803_V1,中国联通,A/H,Phase 3驱动先验,2026-2030,Annual,DRV_CAPEX_SERVICE_RATE,资本开支/服务收入,Driver,Scenario Inputs,0.145,%,CNY,1,Assumption,Base,Phase2_Derived,Medium,Phase 2历史、行业与最新季度综合设定,0.17,0.145,0.155,2026指引约500亿元；牛市情景为增长性投资增加。
CU_PHASE2_20260803_V1,中国联通,A/H,Phase 3驱动先验,2026-2030,Annual,DRV_DA_GROWTH,折旧摊销增速,Driver,Scenario Inputs,-0.015,%,CNY,1,Assumption,Base,Phase2_Derived,Medium,Phase 2历史、行业与最新季度综合设定,0.0,-0.015,-0.025,短期受低资本开支影响下降，长期需与算力投资滚动匹配。
CU_PHASE2_20260803_V1,中国联通,A/H,Phase 3驱动先验,2026-2030,Annual,DRV_H_PAYOUT_RATIO,H股派息率,Driver,Scenario Inputs,0.63,%,CNY,1,Assumption,Base,Phase2_Derived,Medium,Phase 2历史、行业与最新季度综合设定,0.6,0.63,0.66,2025为61.3%，需以FCF覆盖。
CU_PHASE2_20260803_V1,中国联通,A/H,Phase 3驱动先验,2026-2030,Annual,DRV_VAT_A_PROFIT_HIT_2026,2026 VAT对A股归母利润影响,Driver,Scenario Inputs,0.8946812701651393,RMB bn,CNY,1,Assumption,Base,Phase2_Derived,Medium,Phase 2历史、行业与最新季度综合设定,1.272435584234865,0.8946812701651393,0.5566905681027534,Bear为影响较大；Bull为较多合同转嫁或业务组合抵消。
CU_PHASE2_20260803_V1,中国联通,A/H,证伪阈值,Ongoing,Point,WATCH_COMPUTE_GROWTH,算力收入增速,Watch,Falsification,0.08,%,CNY,1,Assumption,Stress,Phase2_Derived,Medium,,,,,低于8%连续两个报告期，增长引擎不足。
CU_PHASE2_20260803_V1,中国联通,A/H,证伪阈值,Ongoing,Point,WATCH_AIDC_UTILIZATION,AIDC利用率,Watch,Falsification,0.7,%,CNY,1,Assumption,Stress,Phase2_Derived,Medium,,,,,跌破70%且新增资本开支上升，需下调算力回报。
CU_PHASE2_20260803_V1,中国联通,A/H,证伪阈值,Ongoing,Point,WATCH_AR_DAYS,应收账款天数,Watch,Falsification,70,days,CNY,1,Assumption,Stress,Phase2_Derived,Medium,,,,,超过70天，政企现金转化恶化。
CU_PHASE2_20260803_V1,中国联通,A/H,证伪阈值,Ongoing,Point,WATCH_ECL_LOSS,年度减值损失,Watch,Falsification,7.0,RMB bn,CNY,1,Assumption,Stress,Phase2_Derived,Medium,,,,,超过70亿元，利润质量恶化。
CU_PHASE2_20260803_V1,中国联通,A/H,证伪阈值,Ongoing,Point,WATCH_FCF,自由现金流,Watch,Falsification,30.0,RMB bn,CNY,1,Assumption,Stress,Phase2_Derived,Medium,,,,,低于300亿元，分红和估值支撑变弱。
CU_PHASE2_20260803_V1,中国联通,A/H,证伪阈值,Ongoing,Point,WATCH_CAPEX,资本开支,Watch,Falsification,55.0,RMB bn,CNY,1,Assumption,Stress,Phase2_Derived,Medium,,,,,高于550亿元且利用率不升，投资效率下降。
CU_PHASE2_20260803_V1,中国联通,A/H,证伪阈值,Ongoing,Point,WATCH_INTEGRATED_ARPU,融合ARPU,Watch,Falsification,100.0,RMB/month,CNY,1,Assumption,Stress,Phase2_Derived,Medium,,,,,跌破百元，家庭与融合业务价值下滑。
CU_PHASE2_20260803_V1,中国联通,A/H,证伪阈值,Ongoing,Point,WATCH_A_DIV_COVERAGE,BVI分红/A股现金分红,Watch,Falsification,1.0,x,CNY,1,Assumption,Stress,Phase2_Derived,Medium,,,,,低于1倍，A股分红需依赖母公司存量现金。
CU_PHASE3_20260803_V1,中国联通,A/H,Forecast,2025,Annual,FC_REV_TOC,ToC移动收入,Revenue,ToC Mobile,162.7,RMB bn,CNY,1,Forecast,Bear,Phase3_Model,Medium,Phase 3 formula model,,,,2025收入模块为互斥估算桥接；法定服务收入与总收入仍为实际值。
CU_PHASE3_20260803_V1,中国联通,A/H,Forecast,2025,Annual,FC_REV_HOME,家庭宽带与智慧家庭收入,Revenue,Home,40.7,RMB bn,CNY,1,Forecast,Bear,Phase3_Model,Medium,Phase 3 formula model,,,,2025收入模块为互斥估算桥接；法定服务收入与总收入仍为实际值。
CU_PHASE3_20260803_V1,中国联通,A/H,Forecast,2025,Annual,FC_REV_ENTERPRISE,企业连接与传统网络收入,Revenue,Enterprise Connectivity,40.8,RMB bn,CNY,1,Forecast,Bear,Phase3_Model,Medium,Phase 3 formula model,,,,2025收入模块为互斥估算桥接；法定服务收入与总收入仍为实际值。
CU_PHASE3_20260803_V1,中国联通,A/H,Forecast,2025,Annual,FC_REV_NONAI_DIGITAL,非AI云与数字化收入,Revenue,Cloud & Digital,37.5,RMB bn,CNY,1,Forecast,Bear,Phase3_Model,Medium,Phase 3 formula model,,,,2025收入模块为互斥估算桥接；法定服务收入与总收入仍为实际值。
CU_PHASE3_20260803_V1,中国联通,A/H,Forecast,2025,Annual,FC_REV_AI_AIDC,AI/AIDC与算力收入,Revenue,AI/AIDC,53.55,RMB bn,CNY,1,Forecast,Bear,Phase3_Model,Medium,Phase 3 formula model,,,,2025收入模块为互斥估算桥接；法定服务收入与总收入仍为实际值。
CU_PHASE3_20260803_V1,中国联通,A/H,Forecast,2025,Annual,FC_REV_IOT,物联网收入,Revenue,IoT,12.488,RMB bn,CNY,1,Forecast,Bear,Phase3_Model,Medium,Phase 3 formula model,,,,2025收入模块为互斥估算桥接；法定服务收入与总收入仍为实际值。
CU_PHASE3_20260803_V1,中国联通,A/H,Forecast,2025,Annual,FC_SERVICE_REV,服务收入,Revenue,Group,347.738,RMB bn,CNY,1,Forecast,Bear,Phase3_Model,Medium,Phase 3 formula model,,,,
CU_PHASE3_20260803_V1,中国联通,A/H,Forecast,2025,Annual,FC_REV_TERMINAL,终端及其他销售收入,Revenue,Terminal,44.485,RMB bn,CNY,1,Forecast,Bear,Phase3_Model,Medium,Phase 3 formula model,,,,2025收入模块为互斥估算桥接；法定服务收入与总收入仍为实际值。
CU_PHASE3_20260803_V1,中国联通,A/H,Forecast,2025,Annual,FC_REV_TOTAL,营业收入,Revenue,Group,392.22299999999996,RMB bn,CNY,1,Forecast,Bear,Phase3_Model,Medium,Phase 3 formula model,,,,
CU_PHASE3_20260803_V1,中国联通,A/H,Forecast,2025,Annual,FC_EBITDA,EBITDA,Financial,Group,99.423,RMB bn,CNY,1,Forecast,Bear,Phase3_Model,Medium,Phase 3 formula model,,,,
CU_PHASE3_20260803_V1,中国联通,A/H,Forecast,2025,Annual,FC_DA,折旧摊销,Cost,Group,80.83,RMB bn,CNY,1,Forecast,Bear,Phase3_Model,Medium,Phase 3 formula model,,,,
CU_PHASE3_20260803_V1,中国联通,A/H,Forecast,2025,Annual,FC_EBIT,EBIT,Financial,Group,18.593000000000004,RMB bn,CNY,1,Forecast,Bear,Phase3_Model,Medium,Phase 3 formula model,,,,
CU_PHASE3_20260803_V1,中国联通,A/H,Forecast,2025,Annual,FC_PBT,税前利润,Financial,Group,25.461000000000006,RMB bn,CNY,1,Forecast,Bear,Phase3_Model,Medium,Phase 3 formula model,,,,
CU_PHASE3_20260803_V1,中国联通,A/H,Forecast,2025,Annual,FC_H_ATTR_PROFIT,H股股东应占利润,Financial,H-share,20.816,RMB bn,CNY,1,Forecast,Bear,Phase3_Model,Medium,Phase 3 formula model,,,,
CU_PHASE3_20260803_V1,中国联通,A/H,Forecast,2025,Annual,FC_A_ATTR_PROFIT,A股归母净利润,Financial,A-share,9.12666257,RMB bn,CNY,1,Forecast,Bear,Phase3_Model,Medium,Phase 3 formula model,,,,
CU_PHASE3_20260803_V1,中国联通,A/H,Forecast,2025,Annual,FC_CFO,经营现金流,Cash Flow,Group,90.17,RMB bn,CNY,1,Forecast,Bear,Phase3_Model,Medium,Phase 3 formula model,,,,
CU_PHASE3_20260803_V1,中国联通,A/H,Forecast,2025,Annual,FC_CAPEX,资本开支,Capital,Group,54.15,RMB bn,CNY,1,Forecast,Bear,Phase3_Model,Medium,Phase 3 formula model,,,,
CU_PHASE3_20260803_V1,中国联通,A/H,Forecast,2025,Annual,FC_FCF,自由现金流,Cash Flow,Group,36.02,RMB bn,CNY,1,Forecast,Bear,Phase3_Model,Medium,Phase 3 formula model,,,,
CU_PHASE3_20260803_V1,中国联通,A/H,Forecast,2025,Annual,FC_H_DPS,H股DPS,Dividend,H-share,0.417,RMB/share,CNY,1,Forecast,Bear,Phase3_Model,Medium,Phase 3 formula model,,,,
CU_PHASE3_20260803_V1,中国联通,A/H,Forecast,2025,Annual,FC_A_DPS,A股DPS,Dividend,A-share,0.1635,CNY/share,CNY,1,Forecast,Bear,Phase3_Model,Medium,Phase 3 formula model,,,,
CU_PHASE3_20260803_V1,中国联通,A/H,Forecast,2025,Annual,FC_AR,应收账款,Balance Sheet,Working Capital,65.994,RMB bn,CNY,1,Forecast,Bear,Phase3_Model,Medium,Phase 3 formula model,,,,
CU_PHASE3_20260803_V1,中国联通,A/H,Forecast,2025,Annual,FC_AR_DAYS,应收账款天数,Balance Sheet,Working Capital,61.413558103425856,days,CNY,1,Forecast,Bear,Phase3_Model,Medium,Phase 3 formula model,,,,
CU_PHASE3_20260803_V1,中国联通,A/H,Forecast,2026,Annual,FC_REV_TOC,ToC移动收入,Revenue,ToC Mobile,157.44109999999998,RMB bn,CNY,1,Forecast,Bear,Phase3_Model,Medium,Phase 3 formula model,,,,
CU_PHASE3_20260803_V1,中国联通,A/H,Forecast,2026,Annual,FC_REV_HOME,家庭宽带与智慧家庭收入,Revenue,Home,40.40240000000001,RMB bn,CNY,1,Forecast,Bear,Phase3_Model,Medium,Phase 3 formula model,,,,
CU_PHASE3_20260803_V1,中国联通,A/H,Forecast,2026,Annual,FC_REV_ENTERPRISE,企业连接与传统网络收入,Revenue,Enterprise Connectivity,40.8,RMB bn,CNY,1,Forecast,Bear,Phase3_Model,Medium,Phase 3 formula model,,,,
CU_PHASE3_20260803_V1,中国联通,A/H,Forecast,2026,Annual,FC_REV_NONAI_DIGITAL,非AI云与数字化收入,Revenue,Cloud & Digital,38.25,RMB bn,CNY,1,Forecast,Bear,Phase3_Model,Medium,Phase 3 formula model,,,,
CU_PHASE3_20260803_V1,中国联通,A/H,Forecast,2026,Annual,FC_REV_AI_AIDC,AI/AIDC与算力收入,Revenue,AI/AIDC,55.692,RMB bn,CNY,1,Forecast,Bear,Phase3_Model,Medium,Phase 3 formula model,,,,
CU_PHASE3_20260803_V1,中国联通,A/H,Forecast,2026,Annual,FC_REV_IOT,物联网收入,Revenue,IoT,12.98752,RMB bn,CNY,1,Forecast,Bear,Phase3_Model,Medium,Phase 3 formula model,,,,
CU_PHASE3_20260803_V1,中国联通,A/H,Forecast,2026,Annual,FC_SERVICE_REV,服务收入,Revenue,Group,345.57302,RMB bn,CNY,1,Forecast,Bear,Phase3_Model,Medium,Phase 3 formula model,,,,
CU_PHASE3_20260803_V1,中国联通,A/H,Forecast,2026,Annual,FC_REV_TERMINAL,终端及其他销售收入,Revenue,Terminal,43.15045,RMB bn,CNY,1,Forecast,Bear,Phase3_Model,Medium,Phase 3 formula model,,,,
CU_PHASE3_20260803_V1,中国联通,A/H,Forecast,2026,Annual,FC_REV_TOTAL,营业收入,Revenue,Group,388.72346999999996,RMB bn,CNY,1,Forecast,Bear,Phase3_Model,Medium,Phase 3 formula model,,,,
CU_PHASE3_20260803_V1,中国联通,A/H,Forecast,2026,Annual,FC_EBITDA,EBITDA,Financial,Group,93.03110758999998,RMB bn,CNY,1,Forecast,Bear,Phase3_Model,Medium,Phase 3 formula model,,,,
CU_PHASE3_20260803_V1,中国联通,A/H,Forecast,2026,Annual,FC_DA,折旧摊销,Cost,Group,81.13235,RMB bn,CNY,1,Forecast,Bear,Phase3_Model,Medium,Phase 3 formula model,,,,
CU_PHASE3_20260803_V1,中国联通,A/H,Forecast,2026,Annual,FC_EBIT,EBIT,Financial,Group,11.898757589999974,RMB bn,CNY,1,Forecast,Bear,Phase3_Model,Medium,Phase 3 formula model,,,,
CU_PHASE3_20260803_V1,中国联通,A/H,Forecast,2026,Annual,FC_PBT,税前利润,Financial,Group,17.898757589999974,RMB bn,CNY,1,Forecast,Bear,Phase3_Model,Medium,Phase 3 formula model,,,,
CU_PHASE3_20260803_V1,中国联通,A/H,Forecast,2026,Annual,FC_H_ATTR_PROFIT,H股股东应占利润,Financial,H-share,14.521843742388654,RMB bn,CNY,1,Forecast,Bear,Phase3_Model,Medium,Phase 3 formula model,,,,
CU_PHASE3_20260803_V1,中国联通,A/H,Forecast,2026,Annual,FC_A_ATTR_PROFIT,A股归母净利润,Financial,A-share,6.3681247498847195,RMB bn,CNY,1,Forecast,Bear,Phase3_Model,Medium,Phase 3 formula model,,,,
CU_PHASE3_20260803_V1,中国联通,A/H,Forecast,2026,Annual,FC_CFO,经营现金流,Cash Flow,Group,88.7978043631834,RMB bn,CNY,1,Forecast,Bear,Phase3_Model,Medium,Phase 3 formula model,,,,
CU_PHASE3_20260803_V1,中国联通,A/H,Forecast,2026,Annual,FC_CAPEX,资本开支,Capital,Group,55.0,RMB bn,CNY,1,Forecast,Bear,Phase3_Model,Medium,Phase 3 formula model,,,,
CU_PHASE3_20260803_V1,中国联通,A/H,Forecast,2026,Annual,FC_FCF,自由现金流,Cash Flow,Group,33.7978043631834,RMB bn,CNY,1,Forecast,Bear,Phase3_Model,Medium,Phase 3 formula model,,,,
CU_PHASE3_20260803_V1,中国联通,A/H,Forecast,2026,Annual,FC_H_DPS,H股DPS,Dividend,H-share,0.28476064597140965,RMB/share,CNY,1,Forecast,Bear,Phase3_Model,Medium,Phase 3 formula model,,,,
CU_PHASE3_20260803_V1,中国联通,A/H,Forecast,2026,Annual,FC_A_DPS,A股DPS,Dividend,A-share,0.11143540957752199,CNY/share,CNY,1,Forecast,Bear,Phase3_Model,Medium,Phase 3 formula model,,,,
CU_PHASE3_20260803_V1,中国联通,A/H,Forecast,2026,Annual,FC_AR,应收账款,Balance Sheet,Working Capital,68.29908268166643,RMB bn,CNY,1,Forecast,Bear,Phase3_Model,Medium,Phase 3 formula model,,,,
CU_PHASE3_20260803_V1,中国联通,A/H,Forecast,2026,Annual,FC_AR_DAYS,应收账款天数,Balance Sheet,Working Capital,64.13084648274068,days,CNY,1,Forecast,Bear,Phase3_Model,Medium,Phase 3 formula model,,,,
CU_PHASE3_20260803_V1,中国联通,A/H,Forecast,2027,Annual,FC_REV_TOC,ToC移动收入,Revenue,ToC Mobile,155.07948349999998,RMB bn,CNY,1,Forecast,Bear,Phase3_Model,Medium,Phase 3 formula model,,,,
CU_PHASE3_20260803_V1,中国联通,A/H,Forecast,2027,Annual,FC_REV_HOME,家庭宽带与智慧家庭收入,Revenue,Home,40.80642400000001,RMB bn,CNY,1,Forecast,Bear,Phase3_Model,Medium,Phase 3 formula model,,,,
CU_PHASE3_20260803_V1,中国联通,A/H,Forecast,2027,Annual,FC_REV_ENTERPRISE,企业连接与传统网络收入,Revenue,Enterprise Connectivity,40.8,RMB bn,CNY,1,Forecast,Bear,Phase3_Model,Medium,Phase 3 formula model,,,,
CU_PHASE3_20260803_V1,中国联通,A/H,Forecast,2027,Annual,FC_REV_NONAI_DIGITAL,非AI云与数字化收入,Revenue,Cloud & Digital,39.015,RMB bn,CNY,1,Forecast,Bear,Phase3_Model,Medium,Phase 3 formula model,,,,
CU_PHASE3_20260803_V1,中国联通,A/H,Forecast,2027,Annual,FC_REV_AI_AIDC,AI/AIDC与算力收入,Revenue,AI/AIDC,57.91968,RMB bn,CNY,1,Forecast,Bear,Phase3_Model,Medium,Phase 3 formula model,,,,
CU_PHASE3_20260803_V1,中国联通,A/H,Forecast,2027,Annual,FC_REV_IOT,物联网收入,Revenue,IoT,13.507020800000001,RMB bn,CNY,1,Forecast,Bear,Phase3_Model,Medium,Phase 3 formula model,,,,
CU_PHASE3_20260803_V1,中国联通,A/H,Forecast,2027,Annual,FC_SERVICE_REV,服务收入,Revenue,Group,347.12760829999996,RMB bn,CNY,1,Forecast,Bear,Phase3_Model,Medium,Phase 3 formula model,,,,
CU_PHASE3_20260803_V1,中国联通,A/H,Forecast,2027,Annual,FC_REV_TERMINAL,终端及其他销售收入,Revenue,Terminal,42.287441,RMB bn,CNY,1,Forecast,Bear,Phase3_Model,Medium,Phase 3 formula model,,,,
CU_PHASE3_20260803_V1,中国联通,A/H,Forecast,2027,Annual,FC_REV_TOTAL,营业收入,Revenue,Group,389.41504929999996,RMB bn,CNY,1,Forecast,Bear,Phase3_Model,Medium,Phase 3 formula model,,,,
CU_PHASE3_20260803_V1,中国联通,A/H,Forecast,2027,Annual,FC_EBITDA,EBITDA,Financial,Group,93.52408176314998,RMB bn,CNY,1,Forecast,Bear,Phase3_Model,Medium,Phase 3 formula model,,,,
CU_PHASE3_20260803_V1,中国联通,A/H,Forecast,2027,Annual,FC_DA,折旧摊销,Cost,Group,81.516762,RMB bn,CNY,1,Forecast,Bear,Phase3_Model,Medium,Phase 3 formula model,,,,
CU_PHASE3_20260803_V1,中国联通,A/H,Forecast,2027,Annual,FC_EBIT,EBIT,Financial,Group,12.00731976314998,RMB bn,CNY,1,Forecast,Bear,Phase3_Model,Medium,Phase 3 formula model,,,,
CU_PHASE3_20260803_V1,中国联通,A/H,Forecast,2027,Annual,FC_PBT,税前利润,Financial,Group,18.00731976314998,RMB bn,CNY,1,Forecast,Bear,Phase3_Model,Medium,Phase 3 formula model,,,,
CU_PHASE3_20260803_V1,中国联通,A/H,Forecast,2027,Annual,FC_H_ATTR_PROFIT,H股股东应占利润,Financial,H-share,14.609923761735882,RMB bn,CNY,1,Forecast,Bear,Phase3_Model,Medium,Phase 3 formula model,,,,
CU_PHASE3_20260803_V1,中国联通,A/H,Forecast,2027,Annual,FC_A_ATTR_PROFIT,A股归母净利润,Financial,A-share,6.406749635341801,RMB bn,CNY,1,Forecast,Bear,Phase3_Model,Medium,Phase 3 formula model,,,,
CU_PHASE3_20260803_V1,中国联通,A/H,Forecast,2027,Annual,FC_CFO,经营现金流,Cash Flow,Group,88.98450343807721,RMB bn,CNY,1,Forecast,Bear,Phase3_Model,Medium,Phase 3 formula model,,,,
CU_PHASE3_20260803_V1,中国联通,A/H,Forecast,2027,Annual,FC_CAPEX,资本开支,Capital,Group,59.011693410999996,RMB bn,CNY,1,Forecast,Bear,Phase3_Model,Medium,Phase 3 formula model,,,,
CU_PHASE3_20260803_V1,中国联通,A/H,Forecast,2027,Annual,FC_FCF,自由现金流,Cash Flow,Group,29.972810027077216,RMB bn,CNY,1,Forecast,Bear,Phase3_Model,Medium,Phase 3 formula model,,,,
CU_PHASE3_20260803_V1,中国联通,A/H,Forecast,2027,Annual,FC_H_DPS,H股DPS,Dividend,H-share,0.2864878180613612,RMB/share,CNY,1,Forecast,Bear,Phase3_Model,Medium,Phase 3 formula model,,,,
CU_PHASE3_20260803_V1,中国联通,A/H,Forecast,2027,Annual,FC_A_DPS,A股DPS,Dividend,A-share,0.11211130398911824,CNY/share,CNY,1,Forecast,Bear,Phase3_Model,Medium,Phase 3 formula model,,,,
CU_PHASE3_20260803_V1,中国联通,A/H,Forecast,2027,Annual,FC_AR,应收账款,Balance Sheet,Working Capital,71.3196431038915,RMB bn,CNY,1,Forecast,Bear,Phase3_Model,Medium,Phase 3 formula model,,,,
CU_PHASE3_20260803_V1,中国联通,A/H,Forecast,2027,Annual,FC_AR_DAYS,应收账款天数,Balance Sheet,Working Capital,66.84813486205552,days,CNY,1,Forecast,Bear,Phase3_Model,Medium,Phase 3 formula model,,,,
CU_PHASE3_20260803_V1,中国联通,A/H,Forecast,2028,Annual,FC_REV_TOC,ToC移动收入,Revenue,ToC Mobile,152.7532912475,RMB bn,CNY,1,Forecast,Bear,Phase3_Model,Medium,Phase 3 formula model,,,,
CU_PHASE3_20260803_V1,中国联通,A/H,Forecast,2028,Annual,FC_REV_HOME,家庭宽带与智慧家庭收入,Revenue,Home,41.21448824000001,RMB bn,CNY,1,Forecast,Bear,Phase3_Model,Medium,Phase 3 formula model,,,,
CU_PHASE3_20260803_V1,中国联通,A/H,Forecast,2028,Annual,FC_REV_ENTERPRISE,企业连接与传统网络收入,Revenue,Enterprise Connectivity,40.8,RMB bn,CNY,1,Forecast,Bear,Phase3_Model,Medium,Phase 3 formula model,,,,
CU_PHASE3_20260803_V1,中国联通,A/H,Forecast,2028,Annual,FC_REV_NONAI_DIGITAL,非AI云与数字化收入,Revenue,Cloud & Digital,39.795300000000005,RMB bn,CNY,1,Forecast,Bear,Phase3_Model,Medium,Phase 3 formula model,,,,
CU_PHASE3_20260803_V1,中国联通,A/H,Forecast,2028,Annual,FC_REV_AI_AIDC,AI/AIDC与算力收入,Revenue,AI/AIDC,60.2364672,RMB bn,CNY,1,Forecast,Bear,Phase3_Model,Medium,Phase 3 formula model,,,,
CU_PHASE3_20260803_V1,中国联通,A/H,Forecast,2028,Annual,FC_REV_IOT,物联网收入,Revenue,IoT,14.047301632000002,RMB bn,CNY,1,Forecast,Bear,Phase3_Model,Medium,Phase 3 formula model,,,,
CU_PHASE3_20260803_V1,中国联通,A/H,Forecast,2028,Annual,FC_SERVICE_REV,服务收入,Revenue,Group,348.8468483195,RMB bn,CNY,1,Forecast,Bear,Phase3_Model,Medium,Phase 3 formula model,,,,
CU_PHASE3_20260803_V1,中国联通,A/H,Forecast,2028,Annual,FC_REV_TERMINAL,终端及其他销售收入,Revenue,Terminal,41.44169218,RMB bn,CNY,1,Forecast,Bear,Phase3_Model,Medium,Phase 3 formula model,,,,
CU_PHASE3_20260803_V1,中国联通,A/H,Forecast,2028,Annual,FC_REV_TOTAL,营业收入,Revenue,Group,390.2885404995,RMB bn,CNY,1,Forecast,Bear,Phase3_Model,Medium,Phase 3 formula model,,,,
CU_PHASE3_20260803_V1,中国联通,A/H,Forecast,2028,Annual,FC_EBITDA,EBITDA,Financial,Group,94.06081651722803,RMB bn,CNY,1,Forecast,Bear,Phase3_Model,Medium,Phase 3 formula model,,,,
CU_PHASE3_20260803_V1,中国联通,A/H,Forecast,2028,Annual,FC_DA,折旧摊销,Cost,Group,82.371882716375,RMB bn,CNY,1,Forecast,Bear,Phase3_Model,Medium,Phase 3 formula model,,,,
CU_PHASE3_20260803_V1,中国联通,A/H,Forecast,2028,Annual,FC_EBIT,EBIT,Financial,Group,11.688933800853036,RMB bn,CNY,1,Forecast,Bear,Phase3_Model,Medium,Phase 3 formula model,,,,
CU_PHASE3_20260803_V1,中国联通,A/H,Forecast,2028,Annual,FC_PBT,税前利润,Financial,Group,17.688933800853036,RMB bn,CNY,1,Forecast,Bear,Phase3_Model,Medium,Phase 3 formula model,,,,
CU_PHASE3_20260803_V1,中国联通,A/H,Forecast,2028,Annual,FC_H_ATTR_PROFIT,H股股东应占利润,Financial,H-share,14.351606882980596,RMB bn,CNY,1,Forecast,Bear,Phase3_Model,Medium,Phase 3 formula model,,,,
CU_PHASE3_20260803_V1,中国联通,A/H,Forecast,2028,Annual,FC_A_ATTR_PROFIT,A股归母净利润,Financial,A-share,6.293472413929975,RMB bn,CNY,1,Forecast,Bear,Phase3_Model,Medium,Phase 3 formula model,,,,
CU_PHASE3_20260803_V1,中国联通,A/H,Forecast,2028,Annual,FC_CFO,经营现金流,Cash Flow,Group,89.56215250578636,RMB bn,CNY,1,Forecast,Bear,Phase3_Model,Medium,Phase 3 formula model,,,,
CU_PHASE3_20260803_V1,中国联通,A/H,Forecast,2028,Annual,FC_CAPEX,资本开支,Capital,Group,59.303964214315,RMB bn,CNY,1,Forecast,Bear,Phase3_Model,Medium,Phase 3 formula model,,,,
CU_PHASE3_20260803_V1,中国联通,A/H,Forecast,2028,Annual,FC_FCF,自由现金流,Cash Flow,Group,30.258188291471356,RMB bn,CNY,1,Forecast,Bear,Phase3_Model,Medium,Phase 3 formula model,,,,
CU_PHASE3_20260803_V1,中国联通,A/H,Forecast,2028,Annual,FC_H_DPS,H股DPS,Dividend,H-share,0.2814224501532243,RMB/share,CNY,1,Forecast,Bear,Phase3_Model,Medium,Phase 3 formula model,,,,
CU_PHASE3_20260803_V1,中国联通,A/H,Forecast,2028,Annual,FC_A_DPS,A股DPS,Dividend,A-share,0.11012907310332112,CNY/share,CNY,1,Forecast,Bear,Phase3_Model,Medium,Phase 3 formula model,,,,
CU_PHASE3_20260803_V1,中国联通,A/H,Forecast,2028,Annual,FC_AR,应收账款,Balance Sheet,Working Capital,74.38517124960117,RMB bn,CNY,1,Forecast,Bear,Phase3_Model,Medium,Phase 3 formula model,,,,
CU_PHASE3_20260803_V1,中国联通,A/H,Forecast,2028,Annual,FC_AR_DAYS,应收账款天数,Balance Sheet,Working Capital,69.56542324137034,days,CNY,1,Forecast,Bear,Phase3_Model,Medium,Phase 3 formula model,,,,
CU_PHASE3_20260803_V1,中国联通,A/H,Forecast,2029,Annual,FC_REV_TOC,ToC移动收入,Revenue,ToC Mobile,150.46199187878747,RMB bn,CNY,1,Forecast,Bear,Phase3_Model,Medium,Phase 3 formula model,,,,
CU_PHASE3_20260803_V1,中国联通,A/H,Forecast,2029,Annual,FC_REV_HOME,家庭宽带与智慧家庭收入,Revenue,Home,41.62663312240001,RMB bn,CNY,1,Forecast,Bear,Phase3_Model,Medium,Phase 3 formula model,,,,
CU_PHASE3_20260803_V1,中国联通,A/H,Forecast,2029,Annual,FC_REV_ENTERPRISE,企业连接与传统网络收入,Revenue,Enterprise Connectivity,40.8,RMB bn,CNY,1,Forecast,Bear,Phase3_Model,Medium,Phase 3 formula model,,,,
CU_PHASE3_20260803_V1,中国联通,A/H,Forecast,2029,Annual,FC_REV_NONAI_DIGITAL,非AI云与数字化收入,Revenue,Cloud & Digital,40.59120600000001,RMB bn,CNY,1,Forecast,Bear,Phase3_Model,Medium,Phase 3 formula model,,,,
CU_PHASE3_20260803_V1,中国联通,A/H,Forecast,2029,Annual,FC_REV_AI_AIDC,AI/AIDC与算力收入,Revenue,AI/AIDC,62.645925888,RMB bn,CNY,1,Forecast,Bear,Phase3_Model,Medium,Phase 3 formula model,,,,
CU_PHASE3_20260803_V1,中国联通,A/H,Forecast,2029,Annual,FC_REV_IOT,物联网收入,Revenue,IoT,14.609193697280002,RMB bn,CNY,1,Forecast,Bear,Phase3_Model,Medium,Phase 3 formula model,,,,
CU_PHASE3_20260803_V1,中国联通,A/H,Forecast,2029,Annual,FC_SERVICE_REV,服务收入,Revenue,Group,350.7349505864675,RMB bn,CNY,1,Forecast,Bear,Phase3_Model,Medium,Phase 3 formula model,,,,
CU_PHASE3_20260803_V1,中国联通,A/H,Forecast,2029,Annual,FC_REV_TERMINAL,终端及其他销售收入,Revenue,Terminal,40.612858336399995,RMB bn,CNY,1,Forecast,Bear,Phase3_Model,Medium,Phase 3 formula model,,,,
CU_PHASE3_20260803_V1,中国联通,A/H,Forecast,2029,Annual,FC_REV_TOTAL,营业收入,Revenue,Group,391.3478089228675,RMB bn,CNY,1,Forecast,Bear,Phase3_Model,Medium,Phase 3 formula model,,,,
CU_PHASE3_20260803_V1,中国联通,A/H,Forecast,2029,Annual,FC_EBITDA,EBITDA,Financial,Group,94.64215196977415,RMB bn,CNY,1,Forecast,Bear,Phase3_Model,Medium,Phase 3 formula model,,,,
CU_PHASE3_20260803_V1,中国联通,A/H,Forecast,2029,Annual,FC_DA,折旧摊销,Cost,Group,83.19512762585437,RMB bn,CNY,1,Forecast,Bear,Phase3_Model,Medium,Phase 3 formula model,,,,
CU_PHASE3_20260803_V1,中国联通,A/H,Forecast,2029,Annual,FC_EBIT,EBIT,Financial,Group,11.447024343919779,RMB bn,CNY,1,Forecast,Bear,Phase3_Model,Medium,Phase 3 formula model,,,,
CU_PHASE3_20260803_V1,中国联通,A/H,Forecast,2029,Annual,FC_PBT,税前利润,Financial,Group,17.44702434391978,RMB bn,CNY,1,Forecast,Bear,Phase3_Model,Medium,Phase 3 formula model,,,,
CU_PHASE3_20260803_V1,中国联通,A/H,Forecast,2029,Annual,FC_H_ATTR_PROFIT,H股股东应占利润,Financial,H-share,14.155337878513294,RMB bn,CNY,1,Forecast,Bear,Phase3_Model,Medium,Phase 3 formula model,,,,
CU_PHASE3_20260803_V1,中国联通,A/H,Forecast,2029,Annual,FC_A_ATTR_PROFIT,A股归母净利润,Financial,A-share,6.207404451269341,RMB bn,CNY,1,Forecast,Bear,Phase3_Model,Medium,Phase 3 formula model,,,,
CU_PHASE3_20260803_V1,中国联通,A/H,Forecast,2029,Annual,FC_CFO,经营现金流,Cash Flow,Group,90.16832281173342,RMB bn,CNY,1,Forecast,Bear,Phase3_Model,Medium,Phase 3 formula model,,,,
CU_PHASE3_20260803_V1,中国联通,A/H,Forecast,2029,Annual,FC_CAPEX,资本开支,Capital,Group,59.62494159969948,RMB bn,CNY,1,Forecast,Bear,Phase3_Model,Medium,Phase 3 formula model,,,,
CU_PHASE3_20260803_V1,中国联通,A/H,Forecast,2029,Annual,FC_FCF,自由现金流,Cash Flow,Group,30.543381212033935,RMB bn,CNY,1,Forecast,Bear,Phase3_Model,Medium,Phase 3 formula model,,,,
CU_PHASE3_20260803_V1,中国联通,A/H,Forecast,2029,Annual,FC_H_DPS,H股DPS,Dividend,H-share,0.2775737867542969,RMB/share,CNY,1,Forecast,Bear,Phase3_Model,Medium,Phase 3 formula model,,,,
CU_PHASE3_20260803_V1,中国联通,A/H,Forecast,2029,Annual,FC_A_DPS,A股DPS,Dividend,A-share,0.1086229753041591,CNY/share,CNY,1,Forecast,Bear,Phase3_Model,Medium,Phase 3 formula model,,,,
CU_PHASE3_20260803_V1,中国联通,A/H,Forecast,2029,Annual,FC_AR,应收账款,Balance Sheet,Working Capital,77.50049538564011,RMB bn,CNY,1,Forecast,Bear,Phase3_Model,Medium,Phase 3 formula model,,,,
CU_PHASE3_20260803_V1,中国联通,A/H,Forecast,2029,Annual,FC_AR_DAYS,应收账款天数,Balance Sheet,Working Capital,72.28271162068518,days,CNY,1,Forecast,Bear,Phase3_Model,Medium,Phase 3 formula model,,,,
CU_PHASE3_20260803_V1,中国联通,A/H,Forecast,2030,Annual,FC_REV_TOC,ToC移动收入,Revenue,ToC Mobile,148.20506200060566,RMB bn,CNY,1,Forecast,Bear,Phase3_Model,Medium,Phase 3 formula model,,,,
CU_PHASE3_20260803_V1,中国联通,A/H,Forecast,2030,Annual,FC_REV_HOME,家庭宽带与智慧家庭收入,Revenue,Home,42.04289945362401,RMB bn,CNY,1,Forecast,Bear,Phase3_Model,Medium,Phase 3 formula model,,,,
CU_PHASE3_20260803_V1,中国联通,A/H,Forecast,2030,Annual,FC_REV_ENTERPRISE,企业连接与传统网络收入,Revenue,Enterprise Connectivity,40.8,RMB bn,CNY,1,Forecast,Bear,Phase3_Model,Medium,Phase 3 formula model,,,,
CU_PHASE3_20260803_V1,中国联通,A/H,Forecast,2030,Annual,FC_REV_NONAI_DIGITAL,非AI云与数字化收入,Revenue,Cloud & Digital,41.40303012000001,RMB bn,CNY,1,Forecast,Bear,Phase3_Model,Medium,Phase 3 formula model,,,,
CU_PHASE3_20260803_V1,中国联通,A/H,Forecast,2030,Annual,FC_REV_AI_AIDC,AI/AIDC与算力收入,Revenue,AI/AIDC,65.15176292352,RMB bn,CNY,1,Forecast,Bear,Phase3_Model,Medium,Phase 3 formula model,,,,
CU_PHASE3_20260803_V1,中国联通,A/H,Forecast,2030,Annual,FC_REV_IOT,物联网收入,Revenue,IoT,15.193561445171202,RMB bn,CNY,1,Forecast,Bear,Phase3_Model,Medium,Phase 3 formula model,,,,
CU_PHASE3_20260803_V1,中国联通,A/H,Forecast,2030,Annual,FC_SERVICE_REV,服务收入,Revenue,Group,352.7963159429209,RMB bn,CNY,1,Forecast,Bear,Phase3_Model,Medium,Phase 3 formula model,,,,
CU_PHASE3_20260803_V1,中国联通,A/H,Forecast,2030,Annual,FC_REV_TERMINAL,终端及其他销售收入,Revenue,Terminal,39.80060116967199,RMB bn,CNY,1,Forecast,Bear,Phase3_Model,Medium,Phase 3 formula model,,,,
CU_PHASE3_20260803_V1,中国联通,A/H,Forecast,2030,Annual,FC_REV_TOTAL,营业收入,Revenue,Group,392.59691711259285,RMB bn,CNY,1,Forecast,Bear,Phase3_Model,Medium,Phase 3 formula model,,,,
CU_PHASE3_20260803_V1,中国联通,A/H,Forecast,2030,Annual,FC_EBITDA,EBITDA,Financial,Group,95.26896560081235,RMB bn,CNY,1,Forecast,Bear,Phase3_Model,Medium,Phase 3 formula model,,,,
CU_PHASE3_20260803_V1,中国联通,A/H,Forecast,2030,Annual,FC_DA,折旧摊销,Cost,Group,83.99263511574846,RMB bn,CNY,1,Forecast,Bear,Phase3_Model,Medium,Phase 3 formula model,,,,
CU_PHASE3_20260803_V1,中国联通,A/H,Forecast,2030,Annual,FC_EBIT,EBIT,Financial,Group,11.276330485063895,RMB bn,CNY,1,Forecast,Bear,Phase3_Model,Medium,Phase 3 formula model,,,,
CU_PHASE3_20260803_V1,中国联通,A/H,Forecast,2030,Annual,FC_PBT,税前利润,Financial,Group,17.276330485063895,RMB bn,CNY,1,Forecast,Bear,Phase3_Model,Medium,Phase 3 formula model,,,,
CU_PHASE3_20260803_V1,中国联通,A/H,Forecast,2030,Annual,FC_H_ATTR_PROFIT,H股股东应占利润,Financial,H-share,14.016848403273102,RMB bn,CNY,1,Forecast,Bear,Phase3_Model,Medium,Phase 3 formula model,,,,
CU_PHASE3_20260803_V1,中国联通,A/H,Forecast,2030,Annual,FC_A_ATTR_PROFIT,A股归母净利润,Financial,A-share,6.146673990969639,RMB bn,CNY,1,Forecast,Bear,Phase3_Model,Medium,Phase 3 formula model,,,,
CU_PHASE3_20260803_V1,中国联通,A/H,Forecast,2030,Annual,FC_CFO,经营现金流,Cash Flow,Group,90.80480285265271,RMB bn,CNY,1,Forecast,Bear,Phase3_Model,Medium,Phase 3 formula model,,,,
CU_PHASE3_20260803_V1,中国联通,A/H,Forecast,2030,Annual,FC_CAPEX,资本开支,Capital,Group,59.97537371029656,RMB bn,CNY,1,Forecast,Bear,Phase3_Model,Medium,Phase 3 formula model,,,,
CU_PHASE3_20260803_V1,中国联通,A/H,Forecast,2030,Annual,FC_FCF,自由现金流,Cash Flow,Group,30.829429142356155,RMB bn,CNY,1,Forecast,Bear,Phase3_Model,Medium,Phase 3 formula model,,,,
CU_PHASE3_20260803_V1,中国联通,A/H,Forecast,2030,Annual,FC_H_DPS,H股DPS,Dividend,H-share,0.2748581293536787,RMB/share,CNY,1,Forecast,Bear,Phase3_Model,Medium,Phase 3 formula model,,,,
CU_PHASE3_20260803_V1,中国联通,A/H,Forecast,2030,Annual,FC_A_DPS,A股DPS,Dividend,A-share,0.1075602568457226,CNY/share,CNY,1,Forecast,Bear,Phase3_Model,Medium,Phase 3 formula model,,,,
CU_PHASE3_20260803_V1,中国联通,A/H,Forecast,2030,Annual,FC_AR,应收账款,Balance Sheet,Working Capital,80.67059940669716,RMB bn,CNY,1,Forecast,Bear,Phase3_Model,Medium,Phase 3 formula model,,,,
CU_PHASE3_20260803_V1,中国联通,A/H,Forecast,2030,Annual,FC_AR_DAYS,应收账款天数,Balance Sheet,Working Capital,75.0,days,CNY,1,Forecast,Bear,Phase3_Model,Medium,Phase 3 formula model,,,,
CU_PHASE3_20260803_V1,中国联通,A/H,Forecast,2031,Annual,FC_REV_TOC,ToC移动收入,Revenue,ToC Mobile,148.20506200060566,RMB bn,CNY,1,Forecast,Bear,Phase3_Model,Medium,Phase 3 formula model,,,,
CU_PHASE3_20260803_V1,中国联通,A/H,Forecast,2031,Annual,FC_REV_HOME,家庭宽带与智慧家庭收入,Revenue,Home,42.04289945362401,RMB bn,CNY,1,Forecast,Bear,Phase3_Model,Medium,Phase 3 formula model,,,,
CU_PHASE3_20260803_V1,中国联通,A/H,Forecast,2031,Annual,FC_REV_ENTERPRISE,企业连接与传统网络收入,Revenue,Enterprise Connectivity,40.8,RMB bn,CNY,1,Forecast,Bear,Phase3_Model,Medium,Phase 3 formula model,,,,
CU_PHASE3_20260803_V1,中国联通,A/H,Forecast,2031,Annual,FC_REV_NONAI_DIGITAL,非AI云与数字化收入,Revenue,Cloud & Digital,41.40303012000001,RMB bn,CNY,1,Forecast,Bear,Phase3_Model,Medium,Phase 3 formula model,,,,
CU_PHASE3_20260803_V1,中国联通,A/H,Forecast,2031,Annual,FC_REV_AI_AIDC,AI/AIDC与算力收入,Revenue,AI/AIDC,65.15176292352,RMB bn,CNY,1,Forecast,Bear,Phase3_Model,Medium,Phase 3 formula model,,,,
CU_PHASE3_20260803_V1,中国联通,A/H,Forecast,2031,Annual,FC_REV_IOT,物联网收入,Revenue,IoT,15.193561445171202,RMB bn,CNY,1,Forecast,Bear,Phase3_Model,Medium,Phase 3 formula model,,,,
CU_PHASE3_20260803_V1,中国联通,A/H,Forecast,2031,Annual,FC_SERVICE_REV,服务收入,Revenue,Group,352.7963159429209,RMB bn,CNY,1,Forecast,Bear,Phase3_Model,Medium,Phase 3 formula model,,,,
CU_PHASE3_20260803_V1,中国联通,A/H,Forecast,2031,Annual,FC_REV_TERMINAL,终端及其他销售收入,Revenue,Terminal,39.80060116967199,RMB bn,CNY,1,Forecast,Bear,Phase3_Model,Medium,Phase 3 formula model,,,,
CU_PHASE3_20260803_V1,中国联通,A/H,Forecast,2031,Annual,FC_REV_TOTAL,营业收入,Revenue,Group,392.59691711259285,RMB bn,CNY,1,Forecast,Bear,Phase3_Model,Medium,Phase 3 formula model,,,,
CU_PHASE3_20260803_V1,中国联通,A/H,Forecast,2031,Annual,FC_EBITDA,EBITDA,Financial,Group,95.26896560081235,RMB bn,CNY,1,Forecast,Bear,Phase3_Model,Medium,Phase 3 formula model,,,,
CU_PHASE3_20260803_V1,中国联通,A/H,Forecast,2031,Annual,FC_DA,折旧摊销,Cost,Group,84.77014602027566,RMB bn,CNY,1,Forecast,Bear,Phase3_Model,Medium,Phase 3 formula model,,,,
CU_PHASE3_20260803_V1,中国联通,A/H,Forecast,2031,Annual,FC_EBIT,EBIT,Financial,Group,10.49881958053669,RMB bn,CNY,1,Forecast,Bear,Phase3_Model,Medium,Phase 3 formula model,,,,
CU_PHASE3_20260803_V1,中国联通,A/H,Forecast,2031,Annual,FC_PBT,税前利润,Financial,Group,16.49881958053669,RMB bn,CNY,1,Forecast,Bear,Phase3_Model,Medium,Phase 3 formula model,,,,
CU_PHASE3_20260803_V1,中国联通,A/H,Forecast,2031,Annual,FC_H_ATTR_PROFIT,H股股东应占利润,Financial,H-share,13.386028537325783,RMB bn,CNY,1,Forecast,Bear,Phase3_Model,Medium,Phase 3 formula model,,,,
CU_PHASE3_20260803_V1,中国联通,A/H,Forecast,2031,Annual,FC_A_ATTR_PROFIT,A股归母净利润,Financial,A-share,5.870046610017162,RMB bn,CNY,1,Forecast,Bear,Phase3_Model,Medium,Phase 3 formula model,,,,
CU_PHASE3_20260803_V1,中国联通,A/H,Forecast,2031,Annual,FC_CFO,经营现金流,Cash Flow,Group,92.21668397841306,RMB bn,CNY,1,Forecast,Bear,Phase3_Model,Medium,Phase 3 formula model,,,,
CU_PHASE3_20260803_V1,中国联通,A/H,Forecast,2031,Annual,FC_CAPEX,资本开支,Capital,Group,56.447410550867346,RMB bn,CNY,1,Forecast,Bear,Phase3_Model,Medium,Phase 3 formula model,,,,
CU_PHASE3_20260803_V1,中国联通,A/H,Forecast,2031,Annual,FC_FCF,自由现金流,Cash Flow,Group,35.76927342754571,RMB bn,CNY,1,Forecast,Bear,Phase3_Model,Medium,Phase 3 formula model,,,,
CU_PHASE3_20260803_V1,中国联通,A/H,Forecast,2031,Annual,FC_H_DPS,H股DPS,Dividend,H-share,0.262488303888995,RMB/share,CNY,1,Forecast,Bear,Phase3_Model,Medium,Phase 3 formula model,,,,
CU_PHASE3_20260803_V1,中国联通,A/H,Forecast,2031,Annual,FC_A_DPS,A股DPS,Dividend,A-share,0.10271957191765888,CNY/share,CNY,1,Forecast,Bear,Phase3_Model,Medium,Phase 3 formula model,,,,
CU_PHASE3_20260803_V1,中国联通,A/H,Forecast,2031,Annual,FC_AR,应收账款,Balance Sheet,Working Capital,80.67059940669716,RMB bn,CNY,1,Forecast,Bear,Phase3_Model,Medium,Phase 3 formula model,,,,
CU_PHASE3_20260803_V1,中国联通,A/H,Forecast,2031,Annual,FC_AR_DAYS,应收账款天数,Balance Sheet,Working Capital,75.0,days,CNY,1,Forecast,Bear,Phase3_Model,Medium,Phase 3 formula model,,,,
CU_PHASE3_20260803_V1,中国联通,A/H,Forecast,2032,Annual,FC_REV_TOC,ToC移动收入,Revenue,ToC Mobile,148.20506200060566,RMB bn,CNY,1,Forecast,Bear,Phase3_Model,Medium,Phase 3 formula model,,,,
CU_PHASE3_20260803_V1,中国联通,A/H,Forecast,2032,Annual,FC_REV_HOME,家庭宽带与智慧家庭收入,Revenue,Home,42.04289945362401,RMB bn,CNY,1,Forecast,Bear,Phase3_Model,Medium,Phase 3 formula model,,,,
CU_PHASE3_20260803_V1,中国联通,A/H,Forecast,2032,Annual,FC_REV_ENTERPRISE,企业连接与传统网络收入,Revenue,Enterprise Connectivity,40.8,RMB bn,CNY,1,Forecast,Bear,Phase3_Model,Medium,Phase 3 formula model,,,,
CU_PHASE3_20260803_V1,中国联通,A/H,Forecast,2032,Annual,FC_REV_NONAI_DIGITAL,非AI云与数字化收入,Revenue,Cloud & Digital,41.40303012000001,RMB bn,CNY,1,Forecast,Bear,Phase3_Model,Medium,Phase 3 formula model,,,,
CU_PHASE3_20260803_V1,中国联通,A/H,Forecast,2032,Annual,FC_REV_AI_AIDC,AI/AIDC与算力收入,Revenue,AI/AIDC,65.15176292352,RMB bn,CNY,1,Forecast,Bear,Phase3_Model,Medium,Phase 3 formula model,,,,
CU_PHASE3_20260803_V1,中国联通,A/H,Forecast,2032,Annual,FC_REV_IOT,物联网收入,Revenue,IoT,15.193561445171202,RMB bn,CNY,1,Forecast,Bear,Phase3_Model,Medium,Phase 3 formula model,,,,
CU_PHASE3_20260803_V1,中国联通,A/H,Forecast,2032,Annual,FC_SERVICE_REV,服务收入,Revenue,Group,352.7963159429209,RMB bn,CNY,1,Forecast,Bear,Phase3_Model,Medium,Phase 3 formula model,,,,
CU_PHASE3_20260803_V1,中国联通,A/H,Forecast,2032,Annual,FC_REV_TERMINAL,终端及其他销售收入,Revenue,Terminal,39.80060116967199,RMB bn,CNY,1,Forecast,Bear,Phase3_Model,Medium,Phase 3 formula model,,,,
CU_PHASE3_20260803_V1,中国联通,A/H,Forecast,2032,Annual,FC_REV_TOTAL,营业收入,Revenue,Group,392.59691711259285,RMB bn,CNY,1,Forecast,Bear,Phase3_Model,Medium,Phase 3 formula model,,,,
CU_PHASE3_20260803_V1,中国联通,A/H,Forecast,2032,Annual,FC_EBITDA,EBITDA,Financial,Group,95.26896560081235,RMB bn,CNY,1,Forecast,Bear,Phase3_Model,Medium,Phase 3 formula model,,,,
CU_PHASE3_20260803_V1,中国联通,A/H,Forecast,2032,Annual,FC_DA,折旧摊销,Cost,Group,85.04446065751202,RMB bn,CNY,1,Forecast,Bear,Phase3_Model,Medium,Phase 3 formula model,,,,
CU_PHASE3_20260803_V1,中国联通,A/H,Forecast,2032,Annual,FC_EBIT,EBIT,Financial,Group,10.224504943300332,RMB bn,CNY,1,Forecast,Bear,Phase3_Model,Medium,Phase 3 formula model,,,,
CU_PHASE3_20260803_V1,中国联通,A/H,Forecast,2032,Annual,FC_PBT,税前利润,Financial,Group,16.22450494330033,RMB bn,CNY,1,Forecast,Bear,Phase3_Model,Medium,Phase 3 formula model,,,,
CU_PHASE3_20260803_V1,中国联通,A/H,Forecast,2032,Annual,FC_H_ATTR_PROFIT,H股股东应占利润,Financial,H-share,13.163468156910216,RMB bn,CNY,1,Forecast,Bear,Phase3_Model,Medium,Phase 3 formula model,,,,
CU_PHASE3_20260803_V1,中国联通,A/H,Forecast,2032,Annual,FC_A_ATTR_PROFIT,A股归母净利润,Financial,A-share,5.7724493426170795,RMB bn,CNY,1,Forecast,Bear,Phase3_Model,Medium,Phase 3 formula model,,,,
CU_PHASE3_20260803_V1,中国联通,A/H,Forecast,2032,Annual,FC_CFO,经营现金流,Cash Flow,Group,92.26743218630179,RMB bn,CNY,1,Forecast,Bear,Phase3_Model,Medium,Phase 3 formula model,,,,
CU_PHASE3_20260803_V1,中国联通,A/H,Forecast,2032,Annual,FC_CAPEX,资本开支,Capital,Group,56.447410550867346,RMB bn,CNY,1,Forecast,Bear,Phase3_Model,Medium,Phase 3 formula model,,,,
CU_PHASE3_20260803_V1,中国联通,A/H,Forecast,2032,Annual,FC_FCF,自由现金流,Cash Flow,Group,35.82002163543444,RMB bn,CNY,1,Forecast,Bear,Phase3_Model,Medium,Phase 3 formula model,,,,
CU_PHASE3_20260803_V1,中国联通,A/H,Forecast,2032,Annual,FC_H_DPS,H股DPS,Dividend,H-share,0.25812408961847605,RMB/share,CNY,1,Forecast,Bear,Phase3_Model,Medium,Phase 3 formula model,,,,
CU_PHASE3_20260803_V1,中国联通,A/H,Forecast,2032,Annual,FC_A_DPS,A股DPS,Dividend,A-share,0.10101172354886366,CNY/share,CNY,1,Forecast,Bear,Phase3_Model,Medium,Phase 3 formula model,,,,
CU_PHASE3_20260803_V1,中国联通,A/H,Forecast,2032,Annual,FC_AR,应收账款,Balance Sheet,Working Capital,80.67059940669716,RMB bn,CNY,1,Forecast,Bear,Phase3_Model,Medium,Phase 3 formula model,,,,
CU_PHASE3_20260803_V1,中国联通,A/H,Forecast,2032,Annual,FC_AR_DAYS,应收账款天数,Balance Sheet,Working Capital,75.0,days,CNY,1,Forecast,Bear,Phase3_Model,Medium,Phase 3 formula model,,,,
CU_PHASE3_20260803_V1,中国联通,A/H,Forecast,2033,Annual,FC_REV_TOC,ToC移动收入,Revenue,ToC Mobile,148.20506200060566,RMB bn,CNY,1,Forecast,Bear,Phase3_Model,Medium,Phase 3 formula model,,,,
CU_PHASE3_20260803_V1,中国联通,A/H,Forecast,2033,Annual,FC_REV_HOME,家庭宽带与智慧家庭收入,Revenue,Home,42.04289945362401,RMB bn,CNY,1,Forecast,Bear,Phase3_Model,Medium,Phase 3 formula model,,,,
CU_PHASE3_20260803_V1,中国联通,A/H,Forecast,2033,Annual,FC_REV_ENTERPRISE,企业连接与传统网络收入,Revenue,Enterprise Connectivity,40.8,RMB bn,CNY,1,Forecast,Bear,Phase3_Model,Medium,Phase 3 formula model,,,,
CU_PHASE3_20260803_V1,中国联通,A/H,Forecast,2033,Annual,FC_REV_NONAI_DIGITAL,非AI云与数字化收入,Revenue,Cloud & Digital,41.40303012000001,RMB bn,CNY,1,Forecast,Bear,Phase3_Model,Medium,Phase 3 formula model,,,,
CU_PHASE3_20260803_V1,中国联通,A/H,Forecast,2033,Annual,FC_REV_AI_AIDC,AI/AIDC与算力收入,Revenue,AI/AIDC,65.15176292352,RMB bn,CNY,1,Forecast,Bear,Phase3_Model,Medium,Phase 3 formula model,,,,
CU_PHASE3_20260803_V1,中国联通,A/H,Forecast,2033,Annual,FC_REV_IOT,物联网收入,Revenue,IoT,15.193561445171202,RMB bn,CNY,1,Forecast,Bear,Phase3_Model,Medium,Phase 3 formula model,,,,
CU_PHASE3_20260803_V1,中国联通,A/H,Forecast,2033,Annual,FC_SERVICE_REV,服务收入,Revenue,Group,352.7963159429209,RMB bn,CNY,1,Forecast,Bear,Phase3_Model,Medium,Phase 3 formula model,,,,
CU_PHASE3_20260803_V1,中国联通,A/H,Forecast,2033,Annual,FC_REV_TERMINAL,终端及其他销售收入,Revenue,Terminal,39.80060116967199,RMB bn,CNY,1,Forecast,Bear,Phase3_Model,Medium,Phase 3 formula model,,,,
CU_PHASE3_20260803_V1,中国联通,A/H,Forecast,2033,Annual,FC_REV_TOTAL,营业收入,Revenue,Group,392.59691711259285,RMB bn,CNY,1,Forecast,Bear,Phase3_Model,Medium,Phase 3 formula model,,,,
CU_PHASE3_20260803_V1,中国联通,A/H,Forecast,2033,Annual,FC_EBITDA,EBITDA,Financial,Group,95.26896560081235,RMB bn,CNY,1,Forecast,Bear,Phase3_Model,Medium,Phase 3 formula model,,,,
CU_PHASE3_20260803_V1,中国联通,A/H,Forecast,2033,Annual,FC_DA,折旧摊销,Cost,Group,85.29683012376947,RMB bn,CNY,1,Forecast,Bear,Phase3_Model,Medium,Phase 3 formula model,,,,
CU_PHASE3_20260803_V1,中国联通,A/H,Forecast,2033,Annual,FC_EBIT,EBIT,Financial,Group,9.972135477042883,RMB bn,CNY,1,Forecast,Bear,Phase3_Model,Medium,Phase 3 formula model,,,,
CU_PHASE3_20260803_V1,中国联通,A/H,Forecast,2033,Annual,FC_PBT,税前利润,Financial,Group,15.972135477042883,RMB bn,CNY,1,Forecast,Bear,Phase3_Model,Medium,Phase 3 formula model,,,,
CU_PHASE3_20260803_V1,中国联通,A/H,Forecast,2033,Annual,FC_H_ATTR_PROFIT,H股股东应占利润,Financial,H-share,12.958712606927897,RMB bn,CNY,1,Forecast,Bear,Phase3_Model,Medium,Phase 3 formula model,,,,
CU_PHASE3_20260803_V1,中国联通,A/H,Forecast,2033,Annual,FC_A_ATTR_PROFIT,A股归母净利润,Financial,A-share,5.682659856609004,RMB bn,CNY,1,Forecast,Bear,Phase3_Model,Medium,Phase 3 formula model,,,,
CU_PHASE3_20260803_V1,中国联通,A/H,Forecast,2033,Annual,FC_CFO,经营现金流,Cash Flow,Group,92.31412053755942,RMB bn,CNY,1,Forecast,Bear,Phase3_Model,Medium,Phase 3 formula model,,,,
CU_PHASE3_20260803_V1,中国联通,A/H,Forecast,2033,Annual,FC_CAPEX,资本开支,Capital,Group,56.447410550867346,RMB bn,CNY,1,Forecast,Bear,Phase3_Model,Medium,Phase 3 formula model,,,,
CU_PHASE3_20260803_V1,中国联通,A/H,Forecast,2033,Annual,FC_FCF,自由现金流,Cash Flow,Group,35.86670998669207,RMB bn,CNY,1,Forecast,Bear,Phase3_Model,Medium,Phase 3 formula model,,,,
CU_PHASE3_20260803_V1,中国联通,A/H,Forecast,2033,Annual,FC_H_DPS,H股DPS,Dividend,H-share,0.2541090124895986,RMB/share,CNY,1,Forecast,Bear,Phase3_Model,Medium,Phase 3 formula model,,,,
CU_PHASE3_20260803_V1,中国联通,A/H,Forecast,2033,Annual,FC_A_DPS,A股DPS,Dividend,A-share,0.09944050304957207,CNY/share,CNY,1,Forecast,Bear,Phase3_Model,Medium,Phase 3 formula model,,,,
CU_PHASE3_20260803_V1,中国联通,A/H,Forecast,2033,Annual,FC_AR,应收账款,Balance Sheet,Working Capital,80.67059940669716,RMB bn,CNY,1,Forecast,Bear,Phase3_Model,Medium,Phase 3 formula model,,,,
CU_PHASE3_20260803_V1,中国联通,A/H,Forecast,2033,Annual,FC_AR_DAYS,应收账款天数,Balance Sheet,Working Capital,75.0,days,CNY,1,Forecast,Bear,Phase3_Model,Medium,Phase 3 formula model,,,,
CU_PHASE3_20260803_V1,中国联通,A/H,Forecast,2034,Annual,FC_REV_TOC,ToC移动收入,Revenue,ToC Mobile,148.20506200060566,RMB bn,CNY,1,Forecast,Bear,Phase3_Model,Medium,Phase 3 formula model,,,,
CU_PHASE3_20260803_V1,中国联通,A/H,Forecast,2034,Annual,FC_REV_HOME,家庭宽带与智慧家庭收入,Revenue,Home,42.04289945362401,RMB bn,CNY,1,Forecast,Bear,Phase3_Model,Medium,Phase 3 formula model,,,,
CU_PHASE3_20260803_V1,中国联通,A/H,Forecast,2034,Annual,FC_REV_ENTERPRISE,企业连接与传统网络收入,Revenue,Enterprise Connectivity,40.8,RMB bn,CNY,1,Forecast,Bear,Phase3_Model,Medium,Phase 3 formula model,,,,
CU_PHASE3_20260803_V1,中国联通,A/H,Forecast,2034,Annual,FC_REV_NONAI_DIGITAL,非AI云与数字化收入,Revenue,Cloud & Digital,41.40303012000001,RMB bn,CNY,1,Forecast,Bear,Phase3_Model,Medium,Phase 3 formula model,,,,
CU_PHASE3_20260803_V1,中国联通,A/H,Forecast,2034,Annual,FC_REV_AI_AIDC,AI/AIDC与算力收入,Revenue,AI/AIDC,65.15176292352,RMB bn,CNY,1,Forecast,Bear,Phase3_Model,Medium,Phase 3 formula model,,,,
CU_PHASE3_20260803_V1,中国联通,A/H,Forecast,2034,Annual,FC_REV_IOT,物联网收入,Revenue,IoT,15.193561445171202,RMB bn,CNY,1,Forecast,Bear,Phase3_Model,Medium,Phase 3 formula model,,,,
CU_PHASE3_20260803_V1,中国联通,A/H,Forecast,2034,Annual,FC_SERVICE_REV,服务收入,Revenue,Group,352.7963159429209,RMB bn,CNY,1,Forecast,Bear,Phase3_Model,Medium,Phase 3 formula model,,,,
CU_PHASE3_20260803_V1,中国联通,A/H,Forecast,2034,Annual,FC_REV_TERMINAL,终端及其他销售收入,Revenue,Terminal,39.80060116967199,RMB bn,CNY,1,Forecast,Bear,Phase3_Model,Medium,Phase 3 formula model,,,,
CU_PHASE3_20260803_V1,中国联通,A/H,Forecast,2034,Annual,FC_REV_TOTAL,营业收入,Revenue,Group,392.59691711259285,RMB bn,CNY,1,Forecast,Bear,Phase3_Model,Medium,Phase 3 formula model,,,,
CU_PHASE3_20260803_V1,中国联通,A/H,Forecast,2034,Annual,FC_EBITDA,EBITDA,Financial,Group,95.26896560081235,RMB bn,CNY,1,Forecast,Bear,Phase3_Model,Medium,Phase 3 formula model,,,,
CU_PHASE3_20260803_V1,中国联通,A/H,Forecast,2034,Annual,FC_DA,折旧摊销,Cost,Group,85.52901003272632,RMB bn,CNY,1,Forecast,Bear,Phase3_Model,Medium,Phase 3 formula model,,,,
CU_PHASE3_20260803_V1,中国联通,A/H,Forecast,2034,Annual,FC_EBIT,EBIT,Financial,Group,9.739955568086032,RMB bn,CNY,1,Forecast,Bear,Phase3_Model,Medium,Phase 3 formula model,,,,
CU_PHASE3_20260803_V1,中国联通,A/H,Forecast,2034,Annual,FC_PBT,税前利润,Financial,Group,15.739955568086032,RMB bn,CNY,1,Forecast,Bear,Phase3_Model,Medium,Phase 3 formula model,,,,
CU_PHASE3_20260803_V1,中国联通,A/H,Forecast,2034,Annual,FC_H_ATTR_PROFIT,H股股东应占利润,Financial,H-share,12.77033750094416,RMB bn,CNY,1,Forecast,Bear,Phase3_Model,Medium,Phase 3 formula model,,,,
CU_PHASE3_20260803_V1,中国联通,A/H,Forecast,2034,Annual,FC_A_ATTR_PROFIT,A股归母净利润,Financial,A-share,5.600053529481574,RMB bn,CNY,1,Forecast,Bear,Phase3_Model,Medium,Phase 3 formula model,,,,
CU_PHASE3_20260803_V1,中国联通,A/H,Forecast,2034,Annual,FC_CFO,经营现金流,Cash Flow,Group,92.35707382071644,RMB bn,CNY,1,Forecast,Bear,Phase3_Model,Medium,Phase 3 formula model,,,,
CU_PHASE3_20260803_V1,中国联通,A/H,Forecast,2034,Annual,FC_CAPEX,资本开支,Capital,Group,56.447410550867346,RMB bn,CNY,1,Forecast,Bear,Phase3_Model,Medium,Phase 3 formula model,,,,
CU_PHASE3_20260803_V1,中国联通,A/H,Forecast,2034,Annual,FC_FCF,自由现金流,Cash Flow,Group,35.90966326984909,RMB bn,CNY,1,Forecast,Bear,Phase3_Model,Medium,Phase 3 formula model,,,,
CU_PHASE3_20260803_V1,中国联通,A/H,Forecast,2034,Annual,FC_H_DPS,H股DPS,Dividend,H-share,0.25041514153103134,RMB/share,CNY,1,Forecast,Bear,Phase3_Model,Medium,Phase 3 formula model,,,,
CU_PHASE3_20260803_V1,中国联通,A/H,Forecast,2034,Annual,FC_A_DPS,A股DPS,Dividend,A-share,0.09799498019022376,CNY/share,CNY,1,Forecast,Bear,Phase3_Model,Medium,Phase 3 formula model,,,,
CU_PHASE3_20260803_V1,中国联通,A/H,Forecast,2034,Annual,FC_AR,应收账款,Balance Sheet,Working Capital,80.67059940669716,RMB bn,CNY,1,Forecast,Bear,Phase3_Model,Medium,Phase 3 formula model,,,,
CU_PHASE3_20260803_V1,中国联通,A/H,Forecast,2034,Annual,FC_AR_DAYS,应收账款天数,Balance Sheet,Working Capital,75.0,days,CNY,1,Forecast,Bear,Phase3_Model,Medium,Phase 3 formula model,,,,
CU_PHASE3_20260803_V1,中国联通,A/H,Forecast,2035,Annual,FC_REV_TOC,ToC移动收入,Revenue,ToC Mobile,148.20506200060566,RMB bn,CNY,1,Forecast,Bear,Phase3_Model,Medium,Phase 3 formula model,,,,
CU_PHASE3_20260803_V1,中国联通,A/H,Forecast,2035,Annual,FC_REV_HOME,家庭宽带与智慧家庭收入,Revenue,Home,42.04289945362401,RMB bn,CNY,1,Forecast,Bear,Phase3_Model,Medium,Phase 3 formula model,,,,
CU_PHASE3_20260803_V1,中国联通,A/H,Forecast,2035,Annual,FC_REV_ENTERPRISE,企业连接与传统网络收入,Revenue,Enterprise Connectivity,40.8,RMB bn,CNY,1,Forecast,Bear,Phase3_Model,Medium,Phase 3 formula model,,,,
CU_PHASE3_20260803_V1,中国联通,A/H,Forecast,2035,Annual,FC_REV_NONAI_DIGITAL,非AI云与数字化收入,Revenue,Cloud & Digital,41.40303012000001,RMB bn,CNY,1,Forecast,Bear,Phase3_Model,Medium,Phase 3 formula model,,,,
CU_PHASE3_20260803_V1,中国联通,A/H,Forecast,2035,Annual,FC_REV_AI_AIDC,AI/AIDC与算力收入,Revenue,AI/AIDC,65.15176292352,RMB bn,CNY,1,Forecast,Bear,Phase3_Model,Medium,Phase 3 formula model,,,,
CU_PHASE3_20260803_V1,中国联通,A/H,Forecast,2035,Annual,FC_REV_IOT,物联网收入,Revenue,IoT,15.193561445171202,RMB bn,CNY,1,Forecast,Bear,Phase3_Model,Medium,Phase 3 formula model,,,,
CU_PHASE3_20260803_V1,中国联通,A/H,Forecast,2035,Annual,FC_SERVICE_REV,服务收入,Revenue,Group,352.7963159429209,RMB bn,CNY,1,Forecast,Bear,Phase3_Model,Medium,Phase 3 formula model,,,,
CU_PHASE3_20260803_V1,中国联通,A/H,Forecast,2035,Annual,FC_REV_TERMINAL,终端及其他销售收入,Revenue,Terminal,39.80060116967199,RMB bn,CNY,1,Forecast,Bear,Phase3_Model,Medium,Phase 3 formula model,,,,
CU_PHASE3_20260803_V1,中国联通,A/H,Forecast,2035,Annual,FC_REV_TOTAL,营业收入,Revenue,Group,392.59691711259285,RMB bn,CNY,1,Forecast,Bear,Phase3_Model,Medium,Phase 3 formula model,,,,
CU_PHASE3_20260803_V1,中国联通,A/H,Forecast,2035,Annual,FC_EBITDA,EBITDA,Financial,Group,95.26896560081235,RMB bn,CNY,1,Forecast,Bear,Phase3_Model,Medium,Phase 3 formula model,,,,
CU_PHASE3_20260803_V1,中国联通,A/H,Forecast,2035,Annual,FC_DA,折旧摊销,Cost,Group,85.74261554896663,RMB bn,CNY,1,Forecast,Bear,Phase3_Model,Medium,Phase 3 formula model,,,,
CU_PHASE3_20260803_V1,中国联通,A/H,Forecast,2035,Annual,FC_EBIT,EBIT,Financial,Group,9.526350051845725,RMB bn,CNY,1,Forecast,Bear,Phase3_Model,Medium,Phase 3 formula model,,,,
CU_PHASE3_20260803_V1,中国联通,A/H,Forecast,2035,Annual,FC_PBT,税前利润,Financial,Group,15.526350051845725,RMB bn,CNY,1,Forecast,Bear,Phase3_Model,Medium,Phase 3 formula model,,,,
CU_PHASE3_20260803_V1,中国联通,A/H,Forecast,2035,Annual,FC_H_ATTR_PROFIT,H股股东应占利润,Financial,H-share,12.597032403439123,RMB bn,CNY,1,Forecast,Bear,Phase3_Model,Medium,Phase 3 formula model,,,,
CU_PHASE3_20260803_V1,中国联通,A/H,Forecast,2035,Annual,FC_A_ATTR_PROFIT,A股归母净利润,Financial,A-share,5.524055708524337,RMB bn,CNY,1,Forecast,Bear,Phase3_Model,Medium,Phase 3 formula model,,,,
CU_PHASE3_20260803_V1,中国联通,A/H,Forecast,2035,Annual,FC_CFO,经营现金流,Cash Flow,Group,92.39659084122088,RMB bn,CNY,1,Forecast,Bear,Phase3_Model,Medium,Phase 3 formula model,,,,
CU_PHASE3_20260803_V1,中国联通,A/H,Forecast,2035,Annual,FC_CAPEX,资本开支,Capital,Group,56.447410550867346,RMB bn,CNY,1,Forecast,Bear,Phase3_Model,Medium,Phase 3 formula model,,,,
CU_PHASE3_20260803_V1,中国联通,A/H,Forecast,2035,Annual,FC_FCF,自由现金流,Cash Flow,Group,35.94918029035354,RMB bn,CNY,1,Forecast,Bear,Phase3_Model,Medium,Phase 3 formula model,,,,
CU_PHASE3_20260803_V1,中国联通,A/H,Forecast,2035,Annual,FC_H_DPS,H股DPS,Dividend,H-share,0.2470167802491494,RMB/share,CNY,1,Forecast,Bear,Phase3_Model,Medium,Phase 3 formula model,,,,
CU_PHASE3_20260803_V1,中国联通,A/H,Forecast,2035,Annual,FC_A_DPS,A股DPS,Dividend,A-share,0.0966650991596233,CNY/share,CNY,1,Forecast,Bear,Phase3_Model,Medium,Phase 3 formula model,,,,
CU_PHASE3_20260803_V1,中国联通,A/H,Forecast,2035,Annual,FC_AR,应收账款,Balance Sheet,Working Capital,80.67059940669716,RMB bn,CNY,1,Forecast,Bear,Phase3_Model,Medium,Phase 3 formula model,,,,
CU_PHASE3_20260803_V1,中国联通,A/H,Forecast,2035,Annual,FC_AR_DAYS,应收账款天数,Balance Sheet,Working Capital,75.0,days,CNY,1,Forecast,Bear,Phase3_Model,Medium,Phase 3 formula model,,,,
CU_PHASE3_20260803_V1,中国联通,A/H,Forecast,2025,Annual,FC_REV_TOC,ToC移动收入,Revenue,ToC Mobile,162.7,RMB bn,CNY,1,Forecast,Base,Phase3_Model,Medium,Phase 3 formula model,,,,2025收入模块为互斥估算桥接；法定服务收入与总收入仍为实际值。
CU_PHASE3_20260803_V1,中国联通,A/H,Forecast,2025,Annual,FC_REV_HOME,家庭宽带与智慧家庭收入,Revenue,Home,40.7,RMB bn,CNY,1,Forecast,Base,Phase3_Model,Medium,Phase 3 formula model,,,,2025收入模块为互斥估算桥接；法定服务收入与总收入仍为实际值。
CU_PHASE3_20260803_V1,中国联通,A/H,Forecast,2025,Annual,FC_REV_ENTERPRISE,企业连接与传统网络收入,Revenue,Enterprise Connectivity,40.8,RMB bn,CNY,1,Forecast,Base,Phase3_Model,Medium,Phase 3 formula model,,,,2025收入模块为互斥估算桥接；法定服务收入与总收入仍为实际值。
CU_PHASE3_20260803_V1,中国联通,A/H,Forecast,2025,Annual,FC_REV_NONAI_DIGITAL,非AI云与数字化收入,Revenue,Cloud & Digital,37.5,RMB bn,CNY,1,Forecast,Base,Phase3_Model,Medium,Phase 3 formula model,,,,2025收入模块为互斥估算桥接；法定服务收入与总收入仍为实际值。
CU_PHASE3_20260803_V1,中国联通,A/H,Forecast,2025,Annual,FC_REV_AI_AIDC,AI/AIDC与算力收入,Revenue,AI/AIDC,53.55,RMB bn,CNY,1,Forecast,Base,Phase3_Model,Medium,Phase 3 formula model,,,,2025收入模块为互斥估算桥接；法定服务收入与总收入仍为实际值。
CU_PHASE3_20260803_V1,中国联通,A/H,Forecast,2025,Annual,FC_REV_IOT,物联网收入,Revenue,IoT,12.488,RMB bn,CNY,1,Forecast,Base,Phase3_Model,Medium,Phase 3 formula model,,,,2025收入模块为互斥估算桥接；法定服务收入与总收入仍为实际值。
CU_PHASE3_20260803_V1,中国联通,A/H,Forecast,2025,Annual,FC_SERVICE_REV,服务收入,Revenue,Group,347.738,RMB bn,CNY,1,Forecast,Base,Phase3_Model,Medium,Phase 3 formula model,,,,
CU_PHASE3_20260803_V1,中国联通,A/H,Forecast,2025,Annual,FC_REV_TERMINAL,终端及其他销售收入,Revenue,Terminal,44.485,RMB bn,CNY,1,Forecast,Base,Phase3_Model,Medium,Phase 3 formula model,,,,2025收入模块为互斥估算桥接；法定服务收入与总收入仍为实际值。
CU_PHASE3_20260803_V1,中国联通,A/H,Forecast,2025,Annual,FC_REV_TOTAL,营业收入,Revenue,Group,392.22299999999996,RMB bn,CNY,1,Forecast,Base,Phase3_Model,Medium,Phase 3 formula model,,,,
CU_PHASE3_20260803_V1,中国联通,A/H,Forecast,2025,Annual,FC_EBITDA,EBITDA,Financial,Group,99.423,RMB bn,CNY,1,Forecast,Base,Phase3_Model,Medium,Phase 3 formula model,,,,
CU_PHASE3_20260803_V1,中国联通,A/H,Forecast,2025,Annual,FC_DA,折旧摊销,Cost,Group,80.83,RMB bn,CNY,1,Forecast,Base,Phase3_Model,Medium,Phase 3 formula model,,,,
CU_PHASE3_20260803_V1,中国联通,A/H,Forecast,2025,Annual,FC_EBIT,EBIT,Financial,Group,18.593000000000004,RMB bn,CNY,1,Forecast,Base,Phase3_Model,Medium,Phase 3 formula model,,,,
CU_PHASE3_20260803_V1,中国联通,A/H,Forecast,2025,Annual,FC_PBT,税前利润,Financial,Group,25.461000000000006,RMB bn,CNY,1,Forecast,Base,Phase3_Model,Medium,Phase 3 formula model,,,,
CU_PHASE3_20260803_V1,中国联通,A/H,Forecast,2025,Annual,FC_H_ATTR_PROFIT,H股股东应占利润,Financial,H-share,20.816,RMB bn,CNY,1,Forecast,Base,Phase3_Model,Medium,Phase 3 formula model,,,,
CU_PHASE3_20260803_V1,中国联通,A/H,Forecast,2025,Annual,FC_A_ATTR_PROFIT,A股归母净利润,Financial,A-share,9.12666257,RMB bn,CNY,1,Forecast,Base,Phase3_Model,Medium,Phase 3 formula model,,,,
CU_PHASE3_20260803_V1,中国联通,A/H,Forecast,2025,Annual,FC_CFO,经营现金流,Cash Flow,Group,90.17,RMB bn,CNY,1,Forecast,Base,Phase3_Model,Medium,Phase 3 formula model,,,,
CU_PHASE3_20260803_V1,中国联通,A/H,Forecast,2025,Annual,FC_CAPEX,资本开支,Capital,Group,54.15,RMB bn,CNY,1,Forecast,Base,Phase3_Model,Medium,Phase 3 formula model,,,,
CU_PHASE3_20260803_V1,中国联通,A/H,Forecast,2025,Annual,FC_FCF,自由现金流,Cash Flow,Group,36.02,RMB bn,CNY,1,Forecast,Base,Phase3_Model,Medium,Phase 3 formula model,,,,
CU_PHASE3_20260803_V1,中国联通,A/H,Forecast,2025,Annual,FC_H_DPS,H股DPS,Dividend,H-share,0.417,RMB/share,CNY,1,Forecast,Base,Phase3_Model,Medium,Phase 3 formula model,,,,
CU_PHASE3_20260803_V1,中国联通,A/H,Forecast,2025,Annual,FC_A_DPS,A股DPS,Dividend,A-share,0.1635,CNY/share,CNY,1,Forecast,Base,Phase3_Model,Medium,Phase 3 formula model,,,,
CU_PHASE3_20260803_V1,中国联通,A/H,Forecast,2025,Annual,FC_AR,应收账款,Balance Sheet,Working Capital,65.994,RMB bn,CNY,1,Forecast,Base,Phase3_Model,Medium,Phase 3 formula model,,,,
CU_PHASE3_20260803_V1,中国联通,A/H,Forecast,2025,Annual,FC_AR_DAYS,应收账款天数,Balance Sheet,Working Capital,61.413558103425856,days,CNY,1,Forecast,Base,Phase3_Model,Medium,Phase 3 formula model,,,,
CU_PHASE3_20260803_V1,中国联通,A/H,Forecast,2026,Annual,FC_REV_TOC,ToC移动收入,Revenue,ToC Mobile,160.7184,RMB bn,CNY,1,Forecast,Base,Phase3_Model,Medium,Phase 3 formula model,,,,
CU_PHASE3_20260803_V1,中国联通,A/H,Forecast,2026,Annual,FC_REV_HOME,家庭宽带与智慧家庭收入,Revenue,Home,41.222100000000005,RMB bn,CNY,1,Forecast,Base,Phase3_Model,Medium,Phase 3 formula model,,,,
CU_PHASE3_20260803_V1,中国联通,A/H,Forecast,2026,Annual,FC_REV_ENTERPRISE,企业连接与传统网络收入,Revenue,Enterprise Connectivity,41.616,RMB bn,CNY,1,Forecast,Base,Phase3_Model,Medium,Phase 3 formula model,,,,
CU_PHASE3_20260803_V1,中国联通,A/H,Forecast,2026,Annual,FC_REV_NONAI_DIGITAL,非AI云与数字化收入,Revenue,Cloud & Digital,39.0,RMB bn,CNY,1,Forecast,Base,Phase3_Model,Medium,Phase 3 formula model,,,,
CU_PHASE3_20260803_V1,中国联通,A/H,Forecast,2026,Annual,FC_REV_AI_AIDC,AI/AIDC与算力收入,Revenue,AI/AIDC,57.834,RMB bn,CNY,1,Forecast,Base,Phase3_Model,Medium,Phase 3 formula model,,,,
CU_PHASE3_20260803_V1,中国联通,A/H,Forecast,2026,Annual,FC_REV_IOT,物联网收入,Revenue,IoT,13.362160000000001,RMB bn,CNY,1,Forecast,Base,Phase3_Model,Medium,Phase 3 formula model,,,,
CU_PHASE3_20260803_V1,中国联通,A/H,Forecast,2026,Annual,FC_SERVICE_REV,服务收入,Revenue,Group,353.75266,RMB bn,CNY,1,Forecast,Base,Phase3_Model,Medium,Phase 3 formula model,,,,
CU_PHASE3_20260803_V1,中国联通,A/H,Forecast,2026,Annual,FC_REV_TERMINAL,终端及其他销售收入,Revenue,Terminal,44.04015,RMB bn,CNY,1,Forecast,Base,Phase3_Model,Medium,Phase 3 formula model,,,,
CU_PHASE3_20260803_V1,中国联通,A/H,Forecast,2026,Annual,FC_REV_TOTAL,营业收入,Revenue,Group,397.79281000000003,RMB bn,CNY,1,Forecast,Base,Phase3_Model,Medium,Phase 3 formula model,,,,
CU_PHASE3_20260803_V1,中国联通,A/H,Forecast,2026,Annual,FC_EBITDA,EBITDA,Financial,Group,98.638144238,RMB bn,CNY,1,Forecast,Base,Phase3_Model,Medium,Phase 3 formula model,,,,
CU_PHASE3_20260803_V1,中国联通,A/H,Forecast,2026,Annual,FC_DA,折旧摊销,Cost,Group,81.13235,RMB bn,CNY,1,Forecast,Base,Phase3_Model,Medium,Phase 3 formula model,,,,
CU_PHASE3_20260803_V1,中国联通,A/H,Forecast,2026,Annual,FC_EBIT,EBIT,Financial,Group,17.505794237999993,RMB bn,CNY,1,Forecast,Base,Phase3_Model,Medium,Phase 3 formula model,,,,
CU_PHASE3_20260803_V1,中国联通,A/H,Forecast,2026,Annual,FC_PBT,税前利润,Financial,Group,24.005794237999993,RMB bn,CNY,1,Forecast,Base,Phase3_Model,Medium,Phase 3 formula model,,,,
CU_PHASE3_20260803_V1,中国联通,A/H,Forecast,2026,Annual,FC_H_ATTR_PROFIT,H股股东应占利润,Financial,H-share,19.596169894421777,RMB bn,CNY,1,Forecast,Base,Phase3_Model,Medium,Phase 3 formula model,,,,
CU_PHASE3_20260803_V1,中国联通,A/H,Forecast,2026,Annual,FC_A_ATTR_PROFIT,A股归母净利润,Financial,A-share,8.593320291923668,RMB bn,CNY,1,Forecast,Base,Phase3_Model,Medium,Phase 3 formula model,,,,
CU_PHASE3_20260803_V1,中国联通,A/H,Forecast,2026,Annual,FC_CFO,经营现金流,Cash Flow,Group,93.6295461956553,RMB bn,CNY,1,Forecast,Base,Phase3_Model,Medium,Phase 3 formula model,,,,
CU_PHASE3_20260803_V1,中国联通,A/H,Forecast,2026,Annual,FC_CAPEX,资本开支,Capital,Group,50.0,RMB bn,CNY,1,Forecast,Base,Phase3_Model,Medium,Phase 3 formula model,,,,
CU_PHASE3_20260803_V1,中国联通,A/H,Forecast,2026,Annual,FC_FCF,自由现金流,Cash Flow,Group,43.629546195655294,RMB bn,CNY,1,Forecast,Base,Phase3_Model,Medium,Phase 3 formula model,,,,
CU_PHASE3_20260803_V1,中国联通,A/H,Forecast,2026,Annual,FC_H_DPS,H股DPS,Dividend,H-share,0.40347692769088567,RMB/share,CNY,1,Forecast,Base,Phase3_Model,Medium,Phase 3 formula model,,,,
CU_PHASE3_20260803_V1,中国联通,A/H,Forecast,2026,Annual,FC_A_DPS,A股DPS,Dividend,A-share,0.1578926629378003,CNY/share,CNY,1,Forecast,Base,Phase3_Model,Medium,Phase 3 formula model,,,,
CU_PHASE3_20260803_V1,中国联通,A/H,Forecast,2026,Annual,FC_AR,应收账款,Balance Sheet,Working Capital,67.71288769876175,RMB bn,CNY,1,Forecast,Base,Phase3_Model,Medium,Phase 3 formula model,,,,
CU_PHASE3_20260803_V1,中国联通,A/H,Forecast,2026,Annual,FC_AR_DAYS,应收账款天数,Balance Sheet,Working Capital,62.13084648274069,days,CNY,1,Forecast,Base,Phase3_Model,Medium,Phase 3 formula model,,,,
CU_PHASE3_20260803_V1,中国联通,A/H,Forecast,2027,Annual,FC_REV_TOC,ToC移动收入,Revenue,ToC Mobile,160.7184,RMB bn,CNY,1,Forecast,Base,Phase3_Model,Medium,Phase 3 formula model,,,,
CU_PHASE3_20260803_V1,中国联通,A/H,Forecast,2027,Annual,FC_REV_HOME,家庭宽带与智慧家庭收入,Revenue,Home,42.6648735,RMB bn,CNY,1,Forecast,Base,Phase3_Model,Medium,Phase 3 formula model,,,,
CU_PHASE3_20260803_V1,中国联通,A/H,Forecast,2027,Annual,FC_REV_ENTERPRISE,企业连接与传统网络收入,Revenue,Enterprise Connectivity,42.86448,RMB bn,CNY,1,Forecast,Base,Phase3_Model,Medium,Phase 3 formula model,,,,
CU_PHASE3_20260803_V1,中国联通,A/H,Forecast,2027,Annual,FC_REV_NONAI_DIGITAL,非AI云与数字化收入,Revenue,Cloud & Digital,41.34,RMB bn,CNY,1,Forecast,Base,Phase3_Model,Medium,Phase 3 formula model,,,,
CU_PHASE3_20260803_V1,中国联通,A/H,Forecast,2027,Annual,FC_REV_AI_AIDC,AI/AIDC与算力收入,Revenue,AI/AIDC,63.039060000000006,RMB bn,CNY,1,Forecast,Base,Phase3_Model,Medium,Phase 3 formula model,,,,
CU_PHASE3_20260803_V1,中国联通,A/H,Forecast,2027,Annual,FC_REV_IOT,物联网收入,Revenue,IoT,14.431132800000002,RMB bn,CNY,1,Forecast,Base,Phase3_Model,Medium,Phase 3 formula model,,,,
CU_PHASE3_20260803_V1,中国联通,A/H,Forecast,2027,Annual,FC_SERVICE_REV,服务收入,Revenue,Group,365.0579463,RMB bn,CNY,1,Forecast,Base,Phase3_Model,Medium,Phase 3 formula model,,,,
CU_PHASE3_20260803_V1,中国联通,A/H,Forecast,2027,Annual,FC_REV_TERMINAL,终端及其他销售收入,Revenue,Terminal,44.04015,RMB bn,CNY,1,Forecast,Base,Phase3_Model,Medium,Phase 3 formula model,,,,
CU_PHASE3_20260803_V1,中国联通,A/H,Forecast,2027,Annual,FC_REV_TOTAL,营业收入,Revenue,Group,409.0980963,RMB bn,CNY,1,Forecast,Base,Phase3_Model,Medium,Phase 3 formula model,,,,
CU_PHASE3_20260803_V1,中国联通,A/H,Forecast,2027,Annual,FC_EBITDA,EBITDA,Financial,Group,103.16063243761499,RMB bn,CNY,1,Forecast,Base,Phase3_Model,Medium,Phase 3 formula model,,,,
CU_PHASE3_20260803_V1,中国联通,A/H,Forecast,2027,Annual,FC_DA,折旧摊销,Cost,Group,80.891762,RMB bn,CNY,1,Forecast,Base,Phase3_Model,Medium,Phase 3 formula model,,,,
CU_PHASE3_20260803_V1,中国联通,A/H,Forecast,2027,Annual,FC_EBIT,EBIT,Financial,Group,22.268870437614993,RMB bn,CNY,1,Forecast,Base,Phase3_Model,Medium,Phase 3 formula model,,,,
CU_PHASE3_20260803_V1,中国联通,A/H,Forecast,2027,Annual,FC_PBT,税前利润,Financial,Group,28.768870437614993,RMB bn,CNY,1,Forecast,Base,Phase3_Model,Medium,Phase 3 formula model,,,,
CU_PHASE3_20260803_V1,中国联通,A/H,Forecast,2027,Annual,FC_H_ATTR_PROFIT,H股股东应占利润,Financial,H-share,23.484316626929495,RMB bn,CNY,1,Forecast,Base,Phase3_Model,Medium,Phase 3 formula model,,,,
CU_PHASE3_20260803_V1,中国联通,A/H,Forecast,2027,Annual,FC_A_ATTR_PROFIT,A股归母净利润,Financial,A-share,10.298351958542678,RMB bn,CNY,1,Forecast,Base,Phase3_Model,Medium,Phase 3 formula model,,,,
CU_PHASE3_20260803_V1,中国联通,A/H,Forecast,2027,Annual,FC_CFO,经营现金流,Cash Flow,Group,96.89089513635165,RMB bn,CNY,1,Forecast,Base,Phase3_Model,Medium,Phase 3 formula model,,,,
CU_PHASE3_20260803_V1,中国联通,A/H,Forecast,2027,Annual,FC_CAPEX,资本开支,Capital,Group,52.9334022135,RMB bn,CNY,1,Forecast,Base,Phase3_Model,Medium,Phase 3 formula model,,,,
CU_PHASE3_20260803_V1,中国联通,A/H,Forecast,2027,Annual,FC_FCF,自由现金流,Cash Flow,Group,43.95749292285164,RMB bn,CNY,1,Forecast,Base,Phase3_Model,Medium,Phase 3 formula model,,,,
CU_PHASE3_20260803_V1,中国联通,A/H,Forecast,2027,Annual,FC_H_DPS,H股DPS,Dividend,H-share,0.48353223985115307,RMB/share,CNY,1,Forecast,Base,Phase3_Model,Medium,Phase 3 formula model,,,,
CU_PHASE3_20260803_V1,中国联通,A/H,Forecast,2027,Annual,FC_A_DPS,A股DPS,Dividend,A-share,0.18922071555196474,CNY/share,CNY,1,Forecast,Base,Phase3_Model,Medium,Phase 3 formula model,,,,
CU_PHASE3_20260803_V1,中国联通,A/H,Forecast,2027,Annual,FC_AR,应收账款,Balance Sheet,Working Capital,70.44123925499336,RMB bn,CNY,1,Forecast,Base,Phase3_Model,Medium,Phase 3 formula model,,,,
CU_PHASE3_20260803_V1,中国联通,A/H,Forecast,2027,Annual,FC_AR_DAYS,应收账款天数,Balance Sheet,Working Capital,62.84813486205552,days,CNY,1,Forecast,Base,Phase3_Model,Medium,Phase 3 formula model,,,,
CU_PHASE3_20260803_V1,中国联通,A/H,Forecast,2028,Annual,FC_REV_TOC,ToC移动收入,Revenue,ToC Mobile,160.7184,RMB bn,CNY,1,Forecast,Base,Phase3_Model,Medium,Phase 3 formula model,,,,
CU_PHASE3_20260803_V1,中国联通,A/H,Forecast,2028,Annual,FC_REV_HOME,家庭宽带与智慧家庭收入,Revenue,Home,44.158144072499994,RMB bn,CNY,1,Forecast,Base,Phase3_Model,Medium,Phase 3 formula model,,,,
CU_PHASE3_20260803_V1,中国联通,A/H,Forecast,2028,Annual,FC_REV_ENTERPRISE,企业连接与传统网络收入,Revenue,Enterprise Connectivity,44.1504144,RMB bn,CNY,1,Forecast,Base,Phase3_Model,Medium,Phase 3 formula model,,,,
CU_PHASE3_20260803_V1,中国联通,A/H,Forecast,2028,Annual,FC_REV_NONAI_DIGITAL,非AI云与数字化收入,Revenue,Cloud & Digital,43.82040000000001,RMB bn,CNY,1,Forecast,Base,Phase3_Model,Medium,Phase 3 formula model,,,,
CU_PHASE3_20260803_V1,中国联通,A/H,Forecast,2028,Annual,FC_REV_AI_AIDC,AI/AIDC与算力收入,Revenue,AI/AIDC,68.7125754,RMB bn,CNY,1,Forecast,Base,Phase3_Model,Medium,Phase 3 formula model,,,,
CU_PHASE3_20260803_V1,中国联通,A/H,Forecast,2028,Annual,FC_REV_IOT,物联网收入,Revenue,IoT,15.585623424000003,RMB bn,CNY,1,Forecast,Base,Phase3_Model,Medium,Phase 3 formula model,,,,
CU_PHASE3_20260803_V1,中国联通,A/H,Forecast,2028,Annual,FC_SERVICE_REV,服务收入,Revenue,Group,377.1455572965,RMB bn,CNY,1,Forecast,Base,Phase3_Model,Medium,Phase 3 formula model,,,,
CU_PHASE3_20260803_V1,中国联通,A/H,Forecast,2028,Annual,FC_REV_TERMINAL,终端及其他销售收入,Revenue,Terminal,44.04015,RMB bn,CNY,1,Forecast,Base,Phase3_Model,Medium,Phase 3 formula model,,,,
CU_PHASE3_20260803_V1,中国联通,A/H,Forecast,2028,Annual,FC_REV_TOTAL,营业收入,Revenue,Group,421.1857072965,RMB bn,CNY,1,Forecast,Base,Phase3_Model,Medium,Phase 3 formula model,,,,
CU_PHASE3_20260803_V1,中国联通,A/H,Forecast,2028,Annual,FC_EBITDA,EBITDA,Financial,Group,107.99090846703945,RMB bn,CNY,1,Forecast,Base,Phase3_Model,Medium,Phase 3 formula model,,,,
CU_PHASE3_20260803_V1,中国联通,A/H,Forecast,2028,Annual,FC_DA,折旧摊销,Cost,Group,81.03709631668751,RMB bn,CNY,1,Forecast,Base,Phase3_Model,Medium,Phase 3 formula model,,,,
CU_PHASE3_20260803_V1,中国联通,A/H,Forecast,2028,Annual,FC_EBIT,EBIT,Financial,Group,26.953812150351936,RMB bn,CNY,1,Forecast,Base,Phase3_Model,Medium,Phase 3 formula model,,,,
CU_PHASE3_20260803_V1,中国联通,A/H,Forecast,2028,Annual,FC_PBT,税前利润,Financial,Group,33.453812150351936,RMB bn,CNY,1,Forecast,Base,Phase3_Model,Medium,Phase 3 formula model,,,,
CU_PHASE3_20260803_V1,中国联通,A/H,Forecast,2028,Annual,FC_H_ATTR_PROFIT,H股股东应占利润,Financial,H-share,27.30868139645379,RMB bn,CNY,1,Forecast,Base,Phase3_Model,Medium,Phase 3 formula model,,,,
CU_PHASE3_20260803_V1,中国联通,A/H,Forecast,2028,Annual,FC_A_ATTR_PROFIT,A股归母净利润,Financial,A-share,11.975413933139363,RMB bn,CNY,1,Forecast,Base,Phase3_Model,Medium,Phase 3 formula model,,,,
CU_PHASE3_20260803_V1,中国联通,A/H,Forecast,2028,Annual,FC_CFO,经营现金流,Cash Flow,Group,100.80561086140582,RMB bn,CNY,1,Forecast,Base,Phase3_Model,Medium,Phase 3 formula model,,,,
CU_PHASE3_20260803_V1,中国联通,A/H,Forecast,2028,Annual,FC_CAPEX,资本开支,Capital,Group,54.6861058079925,RMB bn,CNY,1,Forecast,Base,Phase3_Model,Medium,Phase 3 formula model,,,,
CU_PHASE3_20260803_V1,中国联通,A/H,Forecast,2028,Annual,FC_FCF,自由现金流,Cash Flow,Group,46.11950505341333,RMB bn,CNY,1,Forecast,Base,Phase3_Model,Medium,Phase 3 formula model,,,,
CU_PHASE3_20260803_V1,中国联通,A/H,Forecast,2028,Annual,FC_H_DPS,H股DPS,Dividend,H-share,0.5622743081170628,RMB/share,CNY,1,Forecast,Base,Phase3_Model,Medium,Phase 3 formula model,,,,
CU_PHASE3_20260803_V1,中国联通,A/H,Forecast,2028,Annual,FC_A_DPS,A股DPS,Dividend,A-share,0.22003485631309308,CNY/share,CNY,1,Forecast,Base,Phase3_Model,Medium,Phase 3 formula model,,,,
CU_PHASE3_20260803_V1,中国联通,A/H,Forecast,2028,Annual,FC_AR,应收账款,Balance Sheet,Working Capital,73.35026780141904,RMB bn,CNY,1,Forecast,Base,Phase3_Model,Medium,Phase 3 formula model,,,,
CU_PHASE3_20260803_V1,中国联通,A/H,Forecast,2028,Annual,FC_AR_DAYS,应收账款天数,Balance Sheet,Working Capital,63.56542324137034,days,CNY,1,Forecast,Base,Phase3_Model,Medium,Phase 3 formula model,,,,
CU_PHASE3_20260803_V1,中国联通,A/H,Forecast,2029,Annual,FC_REV_TOC,ToC移动收入,Revenue,ToC Mobile,160.7184,RMB bn,CNY,1,Forecast,Base,Phase3_Model,Medium,Phase 3 formula model,,,,
CU_PHASE3_20260803_V1,中国联通,A/H,Forecast,2029,Annual,FC_REV_HOME,家庭宽带与智慧家庭收入,Revenue,Home,45.70367911503749,RMB bn,CNY,1,Forecast,Base,Phase3_Model,Medium,Phase 3 formula model,,,,
CU_PHASE3_20260803_V1,中国联通,A/H,Forecast,2029,Annual,FC_REV_ENTERPRISE,企业连接与传统网络收入,Revenue,Enterprise Connectivity,45.474926832,RMB bn,CNY,1,Forecast,Base,Phase3_Model,Medium,Phase 3 formula model,,,,
CU_PHASE3_20260803_V1,中国联通,A/H,Forecast,2029,Annual,FC_REV_NONAI_DIGITAL,非AI云与数字化收入,Revenue,Cloud & Digital,46.44962400000001,RMB bn,CNY,1,Forecast,Base,Phase3_Model,Medium,Phase 3 formula model,,,,
CU_PHASE3_20260803_V1,中国联通,A/H,Forecast,2029,Annual,FC_REV_AI_AIDC,AI/AIDC与算力收入,Revenue,AI/AIDC,74.89670718600001,RMB bn,CNY,1,Forecast,Base,Phase3_Model,Medium,Phase 3 formula model,,,,
CU_PHASE3_20260803_V1,中国联通,A/H,Forecast,2029,Annual,FC_REV_IOT,物联网收入,Revenue,IoT,16.832473297920004,RMB bn,CNY,1,Forecast,Base,Phase3_Model,Medium,Phase 3 formula model,,,,
CU_PHASE3_20260803_V1,中国联通,A/H,Forecast,2029,Annual,FC_SERVICE_REV,服务收入,Revenue,Group,390.0758104309575,RMB bn,CNY,1,Forecast,Base,Phase3_Model,Medium,Phase 3 formula model,,,,
CU_PHASE3_20260803_V1,中国联通,A/H,Forecast,2029,Annual,FC_REV_TERMINAL,终端及其他销售收入,Revenue,Terminal,44.04015,RMB bn,CNY,1,Forecast,Base,Phase3_Model,Medium,Phase 3 formula model,,,,
CU_PHASE3_20260803_V1,中国联通,A/H,Forecast,2029,Annual,FC_REV_TOTAL,营业收入,Revenue,Group,434.1159604309575,RMB bn,CNY,1,Forecast,Base,Phase3_Model,Medium,Phase 3 formula model,,,,
CU_PHASE3_20260803_V1,中国联通,A/H,Forecast,2029,Annual,FC_EBITDA,EBITDA,Financial,Group,113.15353286251985,RMB bn,CNY,1,Forecast,Base,Phase3_Model,Medium,Phase 3 formula model,,,,
CU_PHASE3_20260803_V1,中国联通,A/H,Forecast,2029,Annual,FC_DA,折旧摊销,Cost,Group,81.38989183735157,RMB bn,CNY,1,Forecast,Base,Phase3_Model,Medium,Phase 3 formula model,,,,
CU_PHASE3_20260803_V1,中国联通,A/H,Forecast,2029,Annual,FC_EBIT,EBIT,Financial,Group,31.763641025168283,RMB bn,CNY,1,Forecast,Base,Phase3_Model,Medium,Phase 3 formula model,,,,
CU_PHASE3_20260803_V1,中国联通,A/H,Forecast,2029,Annual,FC_PBT,税前利润,Financial,Group,38.26364102516828,RMB bn,CNY,1,Forecast,Base,Phase3_Model,Medium,Phase 3 formula model,,,,
CU_PHASE3_20260803_V1,中国联通,A/H,Forecast,2029,Annual,FC_H_ATTR_PROFIT,H股股东应占利润,Financial,H-share,31.23499280525512,RMB bn,CNY,1,Forecast,Base,Phase3_Model,Medium,Phase 3 formula model,,,,
CU_PHASE3_20260803_V1,中国联通,A/H,Forecast,2029,Annual,FC_A_ATTR_PROFIT,A股归母净利润,Financial,A-share,13.697181588933587,RMB bn,CNY,1,Forecast,Base,Phase3_Model,Medium,Phase 3 formula model,,,,
CU_PHASE3_20260803_V1,中国联通,A/H,Forecast,2029,Annual,FC_CFO,经营现金流,Cash Flow,Group,105.02410120752154,RMB bn,CNY,1,Forecast,Base,Phase3_Model,Medium,Phase 3 formula model,,,,
CU_PHASE3_20260803_V1,中国联通,A/H,Forecast,2029,Annual,FC_CAPEX,资本开支,Capital,Group,56.56099251248884,RMB bn,CNY,1,Forecast,Base,Phase3_Model,Medium,Phase 3 formula model,,,,
CU_PHASE3_20260803_V1,中国联通,A/H,Forecast,2029,Annual,FC_FCF,自由现金流,Cash Flow,Group,48.4631086950327,RMB bn,CNY,1,Forecast,Base,Phase3_Model,Medium,Phase 3 formula model,,,,
CU_PHASE3_20260803_V1,中国联通,A/H,Forecast,2029,Annual,FC_H_DPS,H股DPS,Dividend,H-share,0.6431154149719174,RMB/share,CNY,1,Forecast,Base,Phase3_Model,Medium,Phase 3 formula model,,,,
CU_PHASE3_20260803_V1,中国联通,A/H,Forecast,2029,Annual,FC_A_DPS,A股DPS,Dividend,A-share,0.2516704140368082,CNY/share,CNY,1,Forecast,Base,Phase3_Model,Medium,Phase 3 formula model,,,,
CU_PHASE3_20260803_V1,中国联通,A/H,Forecast,2029,Annual,FC_AR,应收账款,Balance Sheet,Working Capital,76.4552084775891,RMB bn,CNY,1,Forecast,Base,Phase3_Model,Medium,Phase 3 formula model,,,,
CU_PHASE3_20260803_V1,中国联通,A/H,Forecast,2029,Annual,FC_AR_DAYS,应收账款天数,Balance Sheet,Working Capital,64.28271162068518,days,CNY,1,Forecast,Base,Phase3_Model,Medium,Phase 3 formula model,,,,
CU_PHASE3_20260803_V1,中国联通,A/H,Forecast,2030,Annual,FC_REV_TOC,ToC移动收入,Revenue,ToC Mobile,160.7184,RMB bn,CNY,1,Forecast,Base,Phase3_Model,Medium,Phase 3 formula model,,,,
CU_PHASE3_20260803_V1,中国联通,A/H,Forecast,2030,Annual,FC_REV_HOME,家庭宽带与智慧家庭收入,Revenue,Home,47.3033078840638,RMB bn,CNY,1,Forecast,Base,Phase3_Model,Medium,Phase 3 formula model,,,,
CU_PHASE3_20260803_V1,中国联通,A/H,Forecast,2030,Annual,FC_REV_ENTERPRISE,企业连接与传统网络收入,Revenue,Enterprise Connectivity,46.83917463696,RMB bn,CNY,1,Forecast,Base,Phase3_Model,Medium,Phase 3 formula model,,,,
CU_PHASE3_20260803_V1,中国联通,A/H,Forecast,2030,Annual,FC_REV_NONAI_DIGITAL,非AI云与数字化收入,Revenue,Cloud & Digital,49.23660144000001,RMB bn,CNY,1,Forecast,Base,Phase3_Model,Medium,Phase 3 formula model,,,,
CU_PHASE3_20260803_V1,中国联通,A/H,Forecast,2030,Annual,FC_REV_AI_AIDC,AI/AIDC与算力收入,Revenue,AI/AIDC,81.63741083274002,RMB bn,CNY,1,Forecast,Base,Phase3_Model,Medium,Phase 3 formula model,,,,
CU_PHASE3_20260803_V1,中国联通,A/H,Forecast,2030,Annual,FC_REV_IOT,物联网收入,Revenue,IoT,18.179071161753605,RMB bn,CNY,1,Forecast,Base,Phase3_Model,Medium,Phase 3 formula model,,,,
CU_PHASE3_20260803_V1,中国联通,A/H,Forecast,2030,Annual,FC_SERVICE_REV,服务收入,Revenue,Group,403.9139659555174,RMB bn,CNY,1,Forecast,Base,Phase3_Model,Medium,Phase 3 formula model,,,,
CU_PHASE3_20260803_V1,中国联通,A/H,Forecast,2030,Annual,FC_REV_TERMINAL,终端及其他销售收入,Revenue,Terminal,44.04015,RMB bn,CNY,1,Forecast,Base,Phase3_Model,Medium,Phase 3 formula model,,,,
CU_PHASE3_20260803_V1,中国联通,A/H,Forecast,2030,Annual,FC_REV_TOTAL,营业收入,Revenue,Group,447.9541159555174,RMB bn,CNY,1,Forecast,Base,Phase3_Model,Medium,Phase 3 formula model,,,,
CU_PHASE3_20260803_V1,中国联通,A/H,Forecast,2030,Annual,FC_EBITDA,EBITDA,Financial,Group,118.67514617079519,RMB bn,CNY,1,Forecast,Base,Phase3_Model,Medium,Phase 3 formula model,,,,
CU_PHASE3_20260803_V1,中国联通,A/H,Forecast,2030,Annual,FC_DA,折旧摊销,Cost,Group,81.94882455442455,RMB bn,CNY,1,Forecast,Base,Phase3_Model,Medium,Phase 3 formula model,,,,
CU_PHASE3_20260803_V1,中国联通,A/H,Forecast,2030,Annual,FC_EBIT,EBIT,Financial,Group,36.72632161637064,RMB bn,CNY,1,Forecast,Base,Phase3_Model,Medium,Phase 3 formula model,,,,
CU_PHASE3_20260803_V1,中国联通,A/H,Forecast,2030,Annual,FC_PBT,税前利润,Financial,Group,43.22632161637064,RMB bn,CNY,1,Forecast,Base,Phase3_Model,Medium,Phase 3 formula model,,,,
CU_PHASE3_20260803_V1,中国联通,A/H,Forecast,2030,Annual,FC_H_ATTR_PROFIT,H股股东应占利润,Financial,H-share,35.286078598659515,RMB bn,CNY,1,Forecast,Base,Phase3_Model,Medium,Phase 3 formula model,,,,
CU_PHASE3_20260803_V1,中国联通,A/H,Forecast,2030,Annual,FC_A_ATTR_PROFIT,A股归母净利润,Financial,A-share,15.473665357973337,RMB bn,CNY,1,Forecast,Base,Phase3_Model,Medium,Phase 3 formula model,,,,
CU_PHASE3_20260803_V1,中国联通,A/H,Forecast,2030,Annual,FC_CFO,经营现金流,Cash Flow,Group,109.56743135624453,RMB bn,CNY,1,Forecast,Base,Phase3_Model,Medium,Phase 3 formula model,,,,
CU_PHASE3_20260803_V1,中国联通,A/H,Forecast,2030,Annual,FC_CAPEX,资本开支,Capital,Group,58.56752506355002,RMB bn,CNY,1,Forecast,Base,Phase3_Model,Medium,Phase 3 formula model,,,,
CU_PHASE3_20260803_V1,中国联通,A/H,Forecast,2030,Annual,FC_FCF,自由现金流,Cash Flow,Group,50.999906292694504,RMB bn,CNY,1,Forecast,Base,Phase3_Model,Medium,Phase 3 formula model,,,,
CU_PHASE3_20260803_V1,中国联通,A/H,Forecast,2030,Annual,FC_H_DPS,H股DPS,Dividend,H-share,0.7265255741275736,RMB/share,CNY,1,Forecast,Base,Phase3_Model,Medium,Phase 3 formula model,,,,
CU_PHASE3_20260803_V1,中国联通,A/H,Forecast,2030,Annual,FC_A_DPS,A股DPS,Dividend,A-share,0.2843113192318683,CNY/share,CNY,1,Forecast,Base,Phase3_Model,Medium,Phase 3 formula model,,,,
CU_PHASE3_20260803_V1,中国联通,A/H,Forecast,2030,Annual,FC_AR,应收账款,Balance Sheet,Working Capital,79.77265078659899,RMB bn,CNY,1,Forecast,Base,Phase3_Model,Medium,Phase 3 formula model,,,,
CU_PHASE3_20260803_V1,中国联通,A/H,Forecast,2030,Annual,FC_AR_DAYS,应收账款天数,Balance Sheet,Working Capital,65.0,days,CNY,1,Forecast,Base,Phase3_Model,Medium,Phase 3 formula model,,,,
CU_PHASE3_20260803_V1,中国联通,A/H,Forecast,2031,Annual,FC_REV_TOC,ToC移动收入,Revenue,ToC Mobile,162.325584,RMB bn,CNY,1,Forecast,Base,Phase3_Model,Medium,Phase 3 formula model,,,,
CU_PHASE3_20260803_V1,中国联通,A/H,Forecast,2031,Annual,FC_REV_HOME,家庭宽带与智慧家庭收入,Revenue,Home,47.776340962904435,RMB bn,CNY,1,Forecast,Base,Phase3_Model,Medium,Phase 3 formula model,,,,
CU_PHASE3_20260803_V1,中国联通,A/H,Forecast,2031,Annual,FC_REV_ENTERPRISE,企业连接与传统网络收入,Revenue,Enterprise Connectivity,47.3075663833296,RMB bn,CNY,1,Forecast,Base,Phase3_Model,Medium,Phase 3 formula model,,,,
CU_PHASE3_20260803_V1,中国联通,A/H,Forecast,2031,Annual,FC_REV_NONAI_DIGITAL,非AI云与数字化收入,Revenue,Cloud & Digital,49.728967454400006,RMB bn,CNY,1,Forecast,Base,Phase3_Model,Medium,Phase 3 formula model,,,,
CU_PHASE3_20260803_V1,中国联通,A/H,Forecast,2031,Annual,FC_REV_AI_AIDC,AI/AIDC与算力收入,Revenue,AI/AIDC,82.45378494106741,RMB bn,CNY,1,Forecast,Base,Phase3_Model,Medium,Phase 3 formula model,,,,
CU_PHASE3_20260803_V1,中国联通,A/H,Forecast,2031,Annual,FC_REV_IOT,物联网收入,Revenue,IoT,18.360861873371142,RMB bn,CNY,1,Forecast,Base,Phase3_Model,Medium,Phase 3 formula model,,,,
CU_PHASE3_20260803_V1,中国联通,A/H,Forecast,2031,Annual,FC_SERVICE_REV,服务收入,Revenue,Group,407.95310561507256,RMB bn,CNY,1,Forecast,Base,Phase3_Model,Medium,Phase 3 formula model,,,,
CU_PHASE3_20260803_V1,中国联通,A/H,Forecast,2031,Annual,FC_REV_TERMINAL,终端及其他销售收入,Revenue,Terminal,44.4805515,RMB bn,CNY,1,Forecast,Base,Phase3_Model,Medium,Phase 3 formula model,,,,
CU_PHASE3_20260803_V1,中国联通,A/H,Forecast,2031,Annual,FC_REV_TOTAL,营业收入,Revenue,Group,452.4336571150726,RMB bn,CNY,1,Forecast,Base,Phase3_Model,Medium,Phase 3 formula model,,,,
CU_PHASE3_20260803_V1,中国联通,A/H,Forecast,2031,Annual,FC_EBITDA,EBITDA,Financial,Group,119.86189763250314,RMB bn,CNY,1,Forecast,Base,Phase3_Model,Medium,Phase 3 formula model,,,,
CU_PHASE3_20260803_V1,中国联通,A/H,Forecast,2031,Annual,FC_DA,折旧摊销,Cost,Group,82.71385922301434,RMB bn,CNY,1,Forecast,Base,Phase3_Model,Medium,Phase 3 formula model,,,,
CU_PHASE3_20260803_V1,中国联通,A/H,Forecast,2031,Annual,FC_EBIT,EBIT,Financial,Group,37.148038409488805,RMB bn,CNY,1,Forecast,Base,Phase3_Model,Medium,Phase 3 formula model,,,,
CU_PHASE3_20260803_V1,中国联通,A/H,Forecast,2031,Annual,FC_PBT,税前利润,Financial,Group,43.648038409488805,RMB bn,CNY,1,Forecast,Base,Phase3_Model,Medium,Phase 3 formula model,,,,
CU_PHASE3_20260803_V1,中国联通,A/H,Forecast,2031,Annual,FC_H_ATTR_PROFIT,H股股东应占利润,Financial,H-share,35.63033023404981,RMB bn,CNY,1,Forecast,Base,Phase3_Model,Medium,Phase 3 formula model,,,,
CU_PHASE3_20260803_V1,中国联通,A/H,Forecast,2031,Annual,FC_A_ATTR_PROFIT,A股归母净利润,Financial,A-share,15.624626723376142,RMB bn,CNY,1,Forecast,Base,Phase3_Model,Medium,Phase 3 formula model,,,,
CU_PHASE3_20260803_V1,中国联通,A/H,Forecast,2031,Annual,FC_CFO,经营现金流,Cash Flow,Group,111.68616011564875,RMB bn,CNY,1,Forecast,Base,Phase3_Model,Medium,Phase 3 formula model,,,,
CU_PHASE3_20260803_V1,中国联通,A/H,Forecast,2031,Annual,FC_CAPEX,资本开支,Capital,Group,59.15320031418552,RMB bn,CNY,1,Forecast,Base,Phase3_Model,Medium,Phase 3 formula model,,,,
CU_PHASE3_20260803_V1,中国联通,A/H,Forecast,2031,Annual,FC_FCF,自由现金流,Cash Flow,Group,52.53295980146323,RMB bn,CNY,1,Forecast,Base,Phase3_Model,Medium,Phase 3 formula model,,,,
CU_PHASE3_20260803_V1,中国联通,A/H,Forecast,2031,Annual,FC_H_DPS,H股DPS,Dividend,H-share,0.7336135710651474,RMB/share,CNY,1,Forecast,Base,Phase3_Model,Medium,Phase 3 formula model,,,,
CU_PHASE3_20260803_V1,中国联通,A/H,Forecast,2031,Annual,FC_A_DPS,A股DPS,Dividend,A-share,0.2870850657203562,CNY/share,CNY,1,Forecast,Base,Phase3_Model,Medium,Phase 3 formula model,,,,
CU_PHASE3_20260803_V1,中国联通,A/H,Forecast,2031,Annual,FC_AR,应收账款,Balance Sheet,Working Capital,80.57037729446499,RMB bn,CNY,1,Forecast,Base,Phase3_Model,Medium,Phase 3 formula model,,,,
CU_PHASE3_20260803_V1,中国联通,A/H,Forecast,2031,Annual,FC_AR_DAYS,应收账款天数,Balance Sheet,Working Capital,65.0,days,CNY,1,Forecast,Base,Phase3_Model,Medium,Phase 3 formula model,,,,
CU_PHASE3_20260803_V1,中国联通,A/H,Forecast,2032,Annual,FC_REV_TOC,ToC移动收入,Revenue,ToC Mobile,163.94883984,RMB bn,CNY,1,Forecast,Base,Phase3_Model,Medium,Phase 3 formula model,,,,
CU_PHASE3_20260803_V1,中国联通,A/H,Forecast,2032,Annual,FC_REV_HOME,家庭宽带与智慧家庭收入,Revenue,Home,48.254104372533476,RMB bn,CNY,1,Forecast,Base,Phase3_Model,Medium,Phase 3 formula model,,,,
CU_PHASE3_20260803_V1,中国联通,A/H,Forecast,2032,Annual,FC_REV_ENTERPRISE,企业连接与传统网络收入,Revenue,Enterprise Connectivity,47.7806420471629,RMB bn,CNY,1,Forecast,Base,Phase3_Model,Medium,Phase 3 formula model,,,,
CU_PHASE3_20260803_V1,中国联通,A/H,Forecast,2032,Annual,FC_REV_NONAI_DIGITAL,非AI云与数字化收入,Revenue,Cloud & Digital,50.226257128944006,RMB bn,CNY,1,Forecast,Base,Phase3_Model,Medium,Phase 3 formula model,,,,
CU_PHASE3_20260803_V1,中国联通,A/H,Forecast,2032,Annual,FC_REV_AI_AIDC,AI/AIDC与算力收入,Revenue,AI/AIDC,83.27832279047809,RMB bn,CNY,1,Forecast,Base,Phase3_Model,Medium,Phase 3 formula model,,,,
CU_PHASE3_20260803_V1,中国联通,A/H,Forecast,2032,Annual,FC_REV_IOT,物联网收入,Revenue,IoT,18.544470492104853,RMB bn,CNY,1,Forecast,Base,Phase3_Model,Medium,Phase 3 formula model,,,,
CU_PHASE3_20260803_V1,中国联通,A/H,Forecast,2032,Annual,FC_SERVICE_REV,服务收入,Revenue,Group,412.0326366712233,RMB bn,CNY,1,Forecast,Base,Phase3_Model,Medium,Phase 3 formula model,,,,
CU_PHASE3_20260803_V1,中国联通,A/H,Forecast,2032,Annual,FC_REV_TERMINAL,终端及其他销售收入,Revenue,Terminal,44.925357014999996,RMB bn,CNY,1,Forecast,Base,Phase3_Model,Medium,Phase 3 formula model,,,,
CU_PHASE3_20260803_V1,中国联通,A/H,Forecast,2032,Annual,FC_REV_TOTAL,营业收入,Revenue,Group,456.95799368622335,RMB bn,CNY,1,Forecast,Base,Phase3_Model,Medium,Phase 3 formula model,,,,
CU_PHASE3_20260803_V1,中国联通,A/H,Forecast,2032,Annual,FC_EBITDA,EBITDA,Financial,Group,121.06051660882815,RMB bn,CNY,1,Forecast,Base,Phase3_Model,Medium,Phase 3 formula model,,,,
CU_PHASE3_20260803_V1,中国联通,A/H,Forecast,2032,Annual,FC_DA,折旧摊销,Cost,Group,83.49090052444637,RMB bn,CNY,1,Forecast,Base,Phase3_Model,Medium,Phase 3 formula model,,,,
CU_PHASE3_20260803_V1,中国联通,A/H,Forecast,2032,Annual,FC_EBIT,EBIT,Financial,Group,37.56961608438178,RMB bn,CNY,1,Forecast,Base,Phase3_Model,Medium,Phase 3 formula model,,,,
CU_PHASE3_20260803_V1,中国联通,A/H,Forecast,2032,Annual,FC_PBT,税前利润,Financial,Group,44.06961608438178,RMB bn,CNY,1,Forecast,Base,Phase3_Model,Medium,Phase 3 formula model,,,,
CU_PHASE3_20260803_V1,中国联通,A/H,Forecast,2032,Annual,FC_H_ATTR_PROFIT,H股股东应占利润,Financial,H-share,35.97446830584169,RMB bn,CNY,1,Forecast,Base,Phase3_Model,Medium,Phase 3 formula model,,,,
CU_PHASE3_20260803_V1,中国联通,A/H,Forecast,2032,Annual,FC_A_ATTR_PROFIT,A股归母净利润,Financial,A-share,15.775538288824169,RMB bn,CNY,1,Forecast,Base,Phase3_Model,Medium,Phase 3 formula model,,,,
CU_PHASE3_20260803_V1,中国联通,A/H,Forecast,2032,Annual,FC_CFO,经营现金流,Cash Flow,Group,112.80570420446158,RMB bn,CNY,1,Forecast,Base,Phase3_Model,Medium,Phase 3 formula model,,,,
CU_PHASE3_20260803_V1,中国联通,A/H,Forecast,2032,Annual,FC_CAPEX,资本开支,Capital,Group,59.744732317327376,RMB bn,CNY,1,Forecast,Base,Phase3_Model,Medium,Phase 3 formula model,,,,
CU_PHASE3_20260803_V1,中国联通,A/H,Forecast,2032,Annual,FC_FCF,自由现金流,Cash Flow,Group,53.0609718871342,RMB bn,CNY,1,Forecast,Base,Phase3_Model,Medium,Phase 3 formula model,,,,
CU_PHASE3_20260803_V1,中国联通,A/H,Forecast,2032,Annual,FC_H_DPS,H股DPS,Dividend,H-share,0.740699229775811,RMB/share,CNY,1,Forecast,Base,Phase3_Model,Medium,Phase 3 formula model,,,,
CU_PHASE3_20260803_V1,中国联通,A/H,Forecast,2032,Annual,FC_A_DPS,A股DPS,Dividend,A-share,0.289857897190294,CNY/share,CNY,1,Forecast,Base,Phase3_Model,Medium,Phase 3 formula model,,,,
CU_PHASE3_20260803_V1,中国联通,A/H,Forecast,2032,Annual,FC_AR,应收账款,Balance Sheet,Working Capital,81.37608106740964,RMB bn,CNY,1,Forecast,Base,Phase3_Model,Medium,Phase 3 formula model,,,,
CU_PHASE3_20260803_V1,中国联通,A/H,Forecast,2032,Annual,FC_AR_DAYS,应收账款天数,Balance Sheet,Working Capital,65.0,days,CNY,1,Forecast,Base,Phase3_Model,Medium,Phase 3 formula model,,,,
CU_PHASE3_20260803_V1,中国联通,A/H,Forecast,2033,Annual,FC_REV_TOC,ToC移动收入,Revenue,ToC Mobile,165.5883282384,RMB bn,CNY,1,Forecast,Base,Phase3_Model,Medium,Phase 3 formula model,,,,
CU_PHASE3_20260803_V1,中国联通,A/H,Forecast,2033,Annual,FC_REV_HOME,家庭宽带与智慧家庭收入,Revenue,Home,48.73664541625881,RMB bn,CNY,1,Forecast,Base,Phase3_Model,Medium,Phase 3 formula model,,,,
CU_PHASE3_20260803_V1,中国联通,A/H,Forecast,2033,Annual,FC_REV_ENTERPRISE,企业连接与传统网络收入,Revenue,Enterprise Connectivity,48.25844846763453,RMB bn,CNY,1,Forecast,Base,Phase3_Model,Medium,Phase 3 formula model,,,,
CU_PHASE3_20260803_V1,中国联通,A/H,Forecast,2033,Annual,FC_REV_NONAI_DIGITAL,非AI云与数字化收入,Revenue,Cloud & Digital,50.72851970023345,RMB bn,CNY,1,Forecast,Base,Phase3_Model,Medium,Phase 3 formula model,,,,
CU_PHASE3_20260803_V1,中国联通,A/H,Forecast,2033,Annual,FC_REV_AI_AIDC,AI/AIDC与算力收入,Revenue,AI/AIDC,84.11110601838287,RMB bn,CNY,1,Forecast,Base,Phase3_Model,Medium,Phase 3 formula model,,,,
CU_PHASE3_20260803_V1,中国联通,A/H,Forecast,2033,Annual,FC_REV_IOT,物联网收入,Revenue,IoT,18.729915197025903,RMB bn,CNY,1,Forecast,Base,Phase3_Model,Medium,Phase 3 formula model,,,,
CU_PHASE3_20260803_V1,中国联通,A/H,Forecast,2033,Annual,FC_SERVICE_REV,服务收入,Revenue,Group,416.1529630379356,RMB bn,CNY,1,Forecast,Base,Phase3_Model,Medium,Phase 3 formula model,,,,
CU_PHASE3_20260803_V1,中国联通,A/H,Forecast,2033,Annual,FC_REV_TERMINAL,终端及其他销售收入,Revenue,Terminal,45.374610585149995,RMB bn,CNY,1,Forecast,Base,Phase3_Model,Medium,Phase 3 formula model,,,,
CU_PHASE3_20260803_V1,中国联通,A/H,Forecast,2033,Annual,FC_REV_TOTAL,营业收入,Revenue,Group,461.5275736230856,RMB bn,CNY,1,Forecast,Base,Phase3_Model,Medium,Phase 3 formula model,,,,
CU_PHASE3_20260803_V1,中国联通,A/H,Forecast,2033,Annual,FC_EBITDA,EBITDA,Financial,Group,122.27112177491642,RMB bn,CNY,1,Forecast,Base,Phase3_Model,Medium,Phase 3 formula model,,,,
CU_PHASE3_20260803_V1,中国联通,A/H,Forecast,2033,Annual,FC_DA,折旧摊销,Cost,Group,84.27972002215658,RMB bn,CNY,1,Forecast,Base,Phase3_Model,Medium,Phase 3 formula model,,,,
CU_PHASE3_20260803_V1,中国联通,A/H,Forecast,2033,Annual,FC_EBIT,EBIT,Financial,Group,37.99140175275984,RMB bn,CNY,1,Forecast,Base,Phase3_Model,Medium,Phase 3 formula model,,,,
CU_PHASE3_20260803_V1,中国联通,A/H,Forecast,2033,Annual,FC_PBT,税前利润,Financial,Group,44.49140175275984,RMB bn,CNY,1,Forecast,Base,Phase3_Model,Medium,Phase 3 formula model,,,,
CU_PHASE3_20260803_V1,中国联通,A/H,Forecast,2033,Annual,FC_H_ATTR_PROFIT,H股股东应占利润,Financial,H-share,36.31877616479539,RMB bn,CNY,1,Forecast,Base,Phase3_Model,Medium,Phase 3 formula model,,,,
CU_PHASE3_20260803_V1,中国联通,A/H,Forecast,2033,Annual,FC_A_ATTR_PROFIT,A股归母净利润,Financial,A-share,15.926524309406581,RMB bn,CNY,1,Forecast,Base,Phase3_Model,Medium,Phase 3 formula model,,,,
CU_PHASE3_20260803_V1,中国联通,A/H,Forecast,2033,Annual,FC_CFO,经营现金流,Cash Flow,Group,113.93716513515001,RMB bn,CNY,1,Forecast,Base,Phase3_Model,Medium,Phase 3 formula model,,,,
CU_PHASE3_20260803_V1,中国联通,A/H,Forecast,2033,Annual,FC_CAPEX,资本开支,Capital,Group,60.34217964050065,RMB bn,CNY,1,Forecast,Base,Phase3_Model,Medium,Phase 3 formula model,,,,
CU_PHASE3_20260803_V1,中国联通,A/H,Forecast,2033,Annual,FC_FCF,自由现金流,Cash Flow,Group,53.59498549464936,RMB bn,CNY,1,Forecast,Base,Phase3_Model,Medium,Phase 3 formula model,,,,
CU_PHASE3_20260803_V1,中国联通,A/H,Forecast,2033,Annual,FC_H_DPS,H股DPS,Dividend,H-share,0.7477883843329988,RMB/share,CNY,1,Forecast,Base,Phase3_Model,Medium,Phase 3 formula model,,,,
CU_PHASE3_20260803_V1,中国联通,A/H,Forecast,2033,Annual,FC_A_DPS,A股DPS,Dividend,A-share,0.2926320966901712,CNY/share,CNY,1,Forecast,Base,Phase3_Model,Medium,Phase 3 formula model,,,,
CU_PHASE3_20260803_V1,中国联通,A/H,Forecast,2033,Annual,FC_AR,应收账款,Balance Sheet,Working Capital,82.18984187808374,RMB bn,CNY,1,Forecast,Base,Phase3_Model,Medium,Phase 3 formula model,,,,
CU_PHASE3_20260803_V1,中国联通,A/H,Forecast,2033,Annual,FC_AR_DAYS,应收账款天数,Balance Sheet,Working Capital,65.0,days,CNY,1,Forecast,Base,Phase3_Model,Medium,Phase 3 formula model,,,,
CU_PHASE3_20260803_V1,中国联通,A/H,Forecast,2034,Annual,FC_REV_TOC,ToC移动收入,Revenue,ToC Mobile,167.244211520784,RMB bn,CNY,1,Forecast,Base,Phase3_Model,Medium,Phase 3 formula model,,,,
CU_PHASE3_20260803_V1,中国联通,A/H,Forecast,2034,Annual,FC_REV_HOME,家庭宽带与智慧家庭收入,Revenue,Home,49.2240118704214,RMB bn,CNY,1,Forecast,Base,Phase3_Model,Medium,Phase 3 formula model,,,,
CU_PHASE3_20260803_V1,中国联通,A/H,Forecast,2034,Annual,FC_REV_ENTERPRISE,企业连接与传统网络收入,Revenue,Enterprise Connectivity,48.741032952310874,RMB bn,CNY,1,Forecast,Base,Phase3_Model,Medium,Phase 3 formula model,,,,
CU_PHASE3_20260803_V1,中国联通,A/H,Forecast,2034,Annual,FC_REV_NONAI_DIGITAL,非AI云与数字化收入,Revenue,Cloud & Digital,51.23580489723578,RMB bn,CNY,1,Forecast,Base,Phase3_Model,Medium,Phase 3 formula model,,,,
CU_PHASE3_20260803_V1,中国联通,A/H,Forecast,2034,Annual,FC_REV_AI_AIDC,AI/AIDC与算力收入,Revenue,AI/AIDC,84.9522170785667,RMB bn,CNY,1,Forecast,Base,Phase3_Model,Medium,Phase 3 formula model,,,,
CU_PHASE3_20260803_V1,中国联通,A/H,Forecast,2034,Annual,FC_REV_IOT,物联网收入,Revenue,IoT,18.91721434899616,RMB bn,CNY,1,Forecast,Base,Phase3_Model,Medium,Phase 3 formula model,,,,
CU_PHASE3_20260803_V1,中国联通,A/H,Forecast,2034,Annual,FC_SERVICE_REV,服务收入,Revenue,Group,420.3144926683149,RMB bn,CNY,1,Forecast,Base,Phase3_Model,Medium,Phase 3 formula model,,,,
CU_PHASE3_20260803_V1,中国联通,A/H,Forecast,2034,Annual,FC_REV_TERMINAL,终端及其他销售收入,Revenue,Terminal,45.828356691001495,RMB bn,CNY,1,Forecast,Base,Phase3_Model,Medium,Phase 3 formula model,,,,
CU_PHASE3_20260803_V1,中国联通,A/H,Forecast,2034,Annual,FC_REV_TOTAL,营业收入,Revenue,Group,466.1428493593164,RMB bn,CNY,1,Forecast,Base,Phase3_Model,Medium,Phase 3 formula model,,,,
CU_PHASE3_20260803_V1,中国联通,A/H,Forecast,2034,Annual,FC_EBITDA,EBITDA,Financial,Group,123.4938329926656,RMB bn,CNY,1,Forecast,Base,Phase3_Model,Medium,Phase 3 formula model,,,,
CU_PHASE3_20260803_V1,中国联通,A/H,Forecast,2034,Annual,FC_DA,折旧摊销,Cost,Group,85.08011487544664,RMB bn,CNY,1,Forecast,Base,Phase3_Model,Medium,Phase 3 formula model,,,,
CU_PHASE3_20260803_V1,中国联通,A/H,Forecast,2034,Annual,FC_EBIT,EBIT,Financial,Group,38.41371811721896,RMB bn,CNY,1,Forecast,Base,Phase3_Model,Medium,Phase 3 formula model,,,,
CU_PHASE3_20260803_V1,中国联通,A/H,Forecast,2034,Annual,FC_PBT,税前利润,Financial,Group,44.91371811721896,RMB bn,CNY,1,Forecast,Base,Phase3_Model,Medium,Phase 3 formula model,,,,
CU_PHASE3_20260803_V1,中国联通,A/H,Forecast,2034,Annual,FC_H_ATTR_PROFIT,H股股东应占利润,Financial,H-share,36.66351723626701,RMB bn,CNY,1,Forecast,Base,Phase3_Model,Medium,Phase 3 formula model,,,,
CU_PHASE3_20260803_V1,中国联通,A/H,Forecast,2034,Annual,FC_A_ATTR_PROFIT,A股归母净利润,Financial,A-share,16.077700302516334,RMB bn,CNY,1,Forecast,Base,Phase3_Model,Medium,Phase 3 formula model,,,,
CU_PHASE3_20260803_V1,中国联通,A/H,Forecast,2034,Annual,FC_CFO,经营现金流,Cash Flow,Group,115.08060436405385,RMB bn,CNY,1,Forecast,Base,Phase3_Model,Medium,Phase 3 formula model,,,,
CU_PHASE3_20260803_V1,中国联通,A/H,Forecast,2034,Annual,FC_CAPEX,资本开支,Capital,Group,60.94560143690566,RMB bn,CNY,1,Forecast,Base,Phase3_Model,Medium,Phase 3 formula model,,,,
CU_PHASE3_20260803_V1,中国联通,A/H,Forecast,2034,Annual,FC_FCF,自由现金流,Cash Flow,Group,54.13500292714819,RMB bn,CNY,1,Forecast,Base,Phase3_Model,Medium,Phase 3 formula model,,,,
CU_PHASE3_20260803_V1,中国联通,A/H,Forecast,2034,Annual,FC_H_DPS,H股DPS,Dividend,H-share,0.7548864585544225,RMB/share,CNY,1,Forecast,Base,Phase3_Model,Medium,Phase 3 formula model,,,,
CU_PHASE3_20260803_V1,中国联通,A/H,Forecast,2034,Annual,FC_A_DPS,A股DPS,Dividend,A-share,0.29540978672306784,CNY/share,CNY,1,Forecast,Base,Phase3_Model,Medium,Phase 3 formula model,,,,
CU_PHASE3_20260803_V1,中国联通,A/H,Forecast,2034,Annual,FC_AR,应收账款,Balance Sheet,Working Capital,83.01174029686456,RMB bn,CNY,1,Forecast,Base,Phase3_Model,Medium,Phase 3 formula model,,,,
CU_PHASE3_20260803_V1,中国联通,A/H,Forecast,2034,Annual,FC_AR_DAYS,应收账款天数,Balance Sheet,Working Capital,65.0,days,CNY,1,Forecast,Base,Phase3_Model,Medium,Phase 3 formula model,,,,
CU_PHASE3_20260803_V1,中国联通,A/H,Forecast,2035,Annual,FC_REV_TOC,ToC移动收入,Revenue,ToC Mobile,168.91665363599185,RMB bn,CNY,1,Forecast,Base,Phase3_Model,Medium,Phase 3 formula model,,,,
CU_PHASE3_20260803_V1,中国联通,A/H,Forecast,2035,Annual,FC_REV_HOME,家庭宽带与智慧家庭收入,Revenue,Home,49.71625198912562,RMB bn,CNY,1,Forecast,Base,Phase3_Model,Medium,Phase 3 formula model,,,,
CU_PHASE3_20260803_V1,中国联通,A/H,Forecast,2035,Annual,FC_REV_ENTERPRISE,企业连接与传统网络收入,Revenue,Enterprise Connectivity,49.22844328183398,RMB bn,CNY,1,Forecast,Base,Phase3_Model,Medium,Phase 3 formula model,,,,
CU_PHASE3_20260803_V1,中国联通,A/H,Forecast,2035,Annual,FC_REV_NONAI_DIGITAL,非AI云与数字化收入,Revenue,Cloud & Digital,51.74816294620814,RMB bn,CNY,1,Forecast,Base,Phase3_Model,Medium,Phase 3 formula model,,,,
CU_PHASE3_20260803_V1,中国联通,A/H,Forecast,2035,Annual,FC_REV_AI_AIDC,AI/AIDC与算力收入,Revenue,AI/AIDC,85.80173924935237,RMB bn,CNY,1,Forecast,Base,Phase3_Model,Medium,Phase 3 formula model,,,,
CU_PHASE3_20260803_V1,中国联通,A/H,Forecast,2035,Annual,FC_REV_IOT,物联网收入,Revenue,IoT,19.106386492486124,RMB bn,CNY,1,Forecast,Base,Phase3_Model,Medium,Phase 3 formula model,,,,
CU_PHASE3_20260803_V1,中国联通,A/H,Forecast,2035,Annual,FC_SERVICE_REV,服务收入,Revenue,Group,424.51763759499806,RMB bn,CNY,1,Forecast,Base,Phase3_Model,Medium,Phase 3 formula model,,,,
CU_PHASE3_20260803_V1,中国联通,A/H,Forecast,2035,Annual,FC_REV_TERMINAL,终端及其他销售收入,Revenue,Terminal,46.28664025791151,RMB bn,CNY,1,Forecast,Base,Phase3_Model,Medium,Phase 3 formula model,,,,
CU_PHASE3_20260803_V1,中国联通,A/H,Forecast,2035,Annual,FC_REV_TOTAL,营业收入,Revenue,Group,470.8042778529096,RMB bn,CNY,1,Forecast,Base,Phase3_Model,Medium,Phase 3 formula model,,,,
CU_PHASE3_20260803_V1,中国联通,A/H,Forecast,2035,Annual,FC_EBITDA,EBITDA,Financial,Group,124.72877132259231,RMB bn,CNY,1,Forecast,Base,Phase3_Model,Medium,Phase 3 formula model,,,,
CU_PHASE3_20260803_V1,中国联通,A/H,Forecast,2035,Annual,FC_DA,折旧摊销,Cost,Group,85.89190586502413,RMB bn,CNY,1,Forecast,Base,Phase3_Model,Medium,Phase 3 formula model,,,,
CU_PHASE3_20260803_V1,中国联通,A/H,Forecast,2035,Annual,FC_EBIT,EBIT,Financial,Group,38.83686545756818,RMB bn,CNY,1,Forecast,Base,Phase3_Model,Medium,Phase 3 formula model,,,,
CU_PHASE3_20260803_V1,中国联通,A/H,Forecast,2035,Annual,FC_PBT,税前利润,Financial,Group,45.33686545756818,RMB bn,CNY,1,Forecast,Base,Phase3_Model,Medium,Phase 3 formula model,,,,
CU_PHASE3_20260803_V1,中国联通,A/H,Forecast,2035,Annual,FC_H_ATTR_PROFIT,H股股东应占利润,Financial,H-share,37.00893664166748,RMB bn,CNY,1,Forecast,Base,Phase3_Model,Medium,Phase 3 formula model,,,,
CU_PHASE3_20260803_V1,中国联通,A/H,Forecast,2035,Annual,FC_A_ATTR_PROFIT,A股归母净利润,Financial,A-share,16.22917375889298,RMB bn,CNY,1,Forecast,Base,Phase3_Model,Medium,Phase 3 formula model,,,,
CU_PHASE3_20260803_V1,中国联通,A/H,Forecast,2035,Annual,FC_CFO,经营现金流,Cash Flow,Group,116.23608857904257,RMB bn,CNY,1,Forecast,Base,Phase3_Model,Medium,Phase 3 formula model,,,,
CU_PHASE3_20260803_V1,中国联通,A/H,Forecast,2035,Annual,FC_CAPEX,资本开支,Capital,Group,61.55505745127471,RMB bn,CNY,1,Forecast,Base,Phase3_Model,Medium,Phase 3 formula model,,,,
CU_PHASE3_20260803_V1,中国联通,A/H,Forecast,2035,Annual,FC_FCF,自由现金流,Cash Flow,Group,54.68103112776786,RMB bn,CNY,1,Forecast,Base,Phase3_Model,Medium,Phase 3 formula model,,,,
CU_PHASE3_20260803_V1,中国联通,A/H,Forecast,2035,Annual,FC_H_DPS,H股DPS,Dividend,H-share,0.7619984993872317,RMB/share,CNY,1,Forecast,Base,Phase3_Model,Medium,Phase 3 formula model,,,,
CU_PHASE3_20260803_V1,中国联通,A/H,Forecast,2035,Annual,FC_A_DPS,A股DPS,Dividend,A-share,0.2981929423112727,CNY/share,CNY,1,Forecast,Base,Phase3_Model,Medium,Phase 3 formula model,,,,
CU_PHASE3_20260803_V1,中国联通,A/H,Forecast,2035,Annual,FC_AR,应收账款,Balance Sheet,Working Capital,83.84185769983321,RMB bn,CNY,1,Forecast,Base,Phase3_Model,Medium,Phase 3 formula model,,,,
CU_PHASE3_20260803_V1,中国联通,A/H,Forecast,2035,Annual,FC_AR_DAYS,应收账款天数,Balance Sheet,Working Capital,65.0,days,CNY,1,Forecast,Base,Phase3_Model,Medium,Phase 3 formula model,,,,
CU_PHASE3_20260803_V1,中国联通,A/H,Forecast,2025,Annual,FC_REV_TOC,ToC移动收入,Revenue,ToC Mobile,162.7,RMB bn,CNY,1,Forecast,Bull,Phase3_Model,Medium,Phase 3 formula model,,,,2025收入模块为互斥估算桥接；法定服务收入与总收入仍为实际值。
CU_PHASE3_20260803_V1,中国联通,A/H,Forecast,2025,Annual,FC_REV_HOME,家庭宽带与智慧家庭收入,Revenue,Home,40.7,RMB bn,CNY,1,Forecast,Bull,Phase3_Model,Medium,Phase 3 formula model,,,,2025收入模块为互斥估算桥接；法定服务收入与总收入仍为实际值。
CU_PHASE3_20260803_V1,中国联通,A/H,Forecast,2025,Annual,FC_REV_ENTERPRISE,企业连接与传统网络收入,Revenue,Enterprise Connectivity,40.8,RMB bn,CNY,1,Forecast,Bull,Phase3_Model,Medium,Phase 3 formula model,,,,2025收入模块为互斥估算桥接；法定服务收入与总收入仍为实际值。
CU_PHASE3_20260803_V1,中国联通,A/H,Forecast,2025,Annual,FC_REV_NONAI_DIGITAL,非AI云与数字化收入,Revenue,Cloud & Digital,37.5,RMB bn,CNY,1,Forecast,Bull,Phase3_Model,Medium,Phase 3 formula model,,,,2025收入模块为互斥估算桥接；法定服务收入与总收入仍为实际值。
CU_PHASE3_20260803_V1,中国联通,A/H,Forecast,2025,Annual,FC_REV_AI_AIDC,AI/AIDC与算力收入,Revenue,AI/AIDC,53.55,RMB bn,CNY,1,Forecast,Bull,Phase3_Model,Medium,Phase 3 formula model,,,,2025收入模块为互斥估算桥接；法定服务收入与总收入仍为实际值。
CU_PHASE3_20260803_V1,中国联通,A/H,Forecast,2025,Annual,FC_REV_IOT,物联网收入,Revenue,IoT,12.488,RMB bn,CNY,1,Forecast,Bull,Phase3_Model,Medium,Phase 3 formula model,,,,2025收入模块为互斥估算桥接；法定服务收入与总收入仍为实际值。
CU_PHASE3_20260803_V1,中国联通,A/H,Forecast,2025,Annual,FC_SERVICE_REV,服务收入,Revenue,Group,347.738,RMB bn,CNY,1,Forecast,Bull,Phase3_Model,Medium,Phase 3 formula model,,,,
CU_PHASE3_20260803_V1,中国联通,A/H,Forecast,2025,Annual,FC_REV_TERMINAL,终端及其他销售收入,Revenue,Terminal,44.485,RMB bn,CNY,1,Forecast,Bull,Phase3_Model,Medium,Phase 3 formula model,,,,2025收入模块为互斥估算桥接；法定服务收入与总收入仍为实际值。
CU_PHASE3_20260803_V1,中国联通,A/H,Forecast,2025,Annual,FC_REV_TOTAL,营业收入,Revenue,Group,392.22299999999996,RMB bn,CNY,1,Forecast,Bull,Phase3_Model,Medium,Phase 3 formula model,,,,
CU_PHASE3_20260803_V1,中国联通,A/H,Forecast,2025,Annual,FC_EBITDA,EBITDA,Financial,Group,99.423,RMB bn,CNY,1,Forecast,Bull,Phase3_Model,Medium,Phase 3 formula model,,,,
CU_PHASE3_20260803_V1,中国联通,A/H,Forecast,2025,Annual,FC_DA,折旧摊销,Cost,Group,80.83,RMB bn,CNY,1,Forecast,Bull,Phase3_Model,Medium,Phase 3 formula model,,,,
CU_PHASE3_20260803_V1,中国联通,A/H,Forecast,2025,Annual,FC_EBIT,EBIT,Financial,Group,18.593000000000004,RMB bn,CNY,1,Forecast,Bull,Phase3_Model,Medium,Phase 3 formula model,,,,
CU_PHASE3_20260803_V1,中国联通,A/H,Forecast,2025,Annual,FC_PBT,税前利润,Financial,Group,25.461000000000006,RMB bn,CNY,1,Forecast,Bull,Phase3_Model,Medium,Phase 3 formula model,,,,
CU_PHASE3_20260803_V1,中国联通,A/H,Forecast,2025,Annual,FC_H_ATTR_PROFIT,H股股东应占利润,Financial,H-share,20.816,RMB bn,CNY,1,Forecast,Bull,Phase3_Model,Medium,Phase 3 formula model,,,,
CU_PHASE3_20260803_V1,中国联通,A/H,Forecast,2025,Annual,FC_A_ATTR_PROFIT,A股归母净利润,Financial,A-share,9.12666257,RMB bn,CNY,1,Forecast,Bull,Phase3_Model,Medium,Phase 3 formula model,,,,
CU_PHASE3_20260803_V1,中国联通,A/H,Forecast,2025,Annual,FC_CFO,经营现金流,Cash Flow,Group,90.17,RMB bn,CNY,1,Forecast,Bull,Phase3_Model,Medium,Phase 3 formula model,,,,
CU_PHASE3_20260803_V1,中国联通,A/H,Forecast,2025,Annual,FC_CAPEX,资本开支,Capital,Group,54.15,RMB bn,CNY,1,Forecast,Bull,Phase3_Model,Medium,Phase 3 formula model,,,,
CU_PHASE3_20260803_V1,中国联通,A/H,Forecast,2025,Annual,FC_FCF,自由现金流,Cash Flow,Group,36.02,RMB bn,CNY,1,Forecast,Bull,Phase3_Model,Medium,Phase 3 formula model,,,,
CU_PHASE3_20260803_V1,中国联通,A/H,Forecast,2025,Annual,FC_H_DPS,H股DPS,Dividend,H-share,0.417,RMB/share,CNY,1,Forecast,Bull,Phase3_Model,Medium,Phase 3 formula model,,,,
CU_PHASE3_20260803_V1,中国联通,A/H,Forecast,2025,Annual,FC_A_DPS,A股DPS,Dividend,A-share,0.1635,CNY/share,CNY,1,Forecast,Bull,Phase3_Model,Medium,Phase 3 formula model,,,,
CU_PHASE3_20260803_V1,中国联通,A/H,Forecast,2025,Annual,FC_AR,应收账款,Balance Sheet,Working Capital,65.994,RMB bn,CNY,1,Forecast,Bull,Phase3_Model,Medium,Phase 3 formula model,,,,
CU_PHASE3_20260803_V1,中国联通,A/H,Forecast,2025,Annual,FC_AR_DAYS,应收账款天数,Balance Sheet,Working Capital,61.413558103425856,days,CNY,1,Forecast,Bull,Phase3_Model,Medium,Phase 3 formula model,,,,
CU_PHASE3_20260803_V1,中国联通,A/H,Forecast,2026,Annual,FC_REV_TOC,ToC移动收入,Revenue,ToC Mobile,162.28069999999997,RMB bn,CNY,1,Forecast,Bull,Phase3_Model,Medium,Phase 3 formula model,,,,
CU_PHASE3_20260803_V1,中国联通,A/H,Forecast,2026,Annual,FC_REV_HOME,家庭宽带与智慧家庭收入,Revenue,Home,42.019800000000004,RMB bn,CNY,1,Forecast,Bull,Phase3_Model,Medium,Phase 3 formula model,,,,
CU_PHASE3_20260803_V1,中国联通,A/H,Forecast,2026,Annual,FC_REV_ENTERPRISE,企业连接与传统网络收入,Revenue,Enterprise Connectivity,42.431999999999995,RMB bn,CNY,1,Forecast,Bull,Phase3_Model,Medium,Phase 3 formula model,,,,
CU_PHASE3_20260803_V1,中国联通,A/H,Forecast,2026,Annual,FC_REV_NONAI_DIGITAL,非AI云与数字化收入,Revenue,Cloud & Digital,40.5,RMB bn,CNY,1,Forecast,Bull,Phase3_Model,Medium,Phase 3 formula model,,,,
CU_PHASE3_20260803_V1,中国联通,A/H,Forecast,2026,Annual,FC_REV_AI_AIDC,AI/AIDC与算力收入,Revenue,AI/AIDC,59.976,RMB bn,CNY,1,Forecast,Bull,Phase3_Model,Medium,Phase 3 formula model,,,,
CU_PHASE3_20260803_V1,中国联通,A/H,Forecast,2026,Annual,FC_REV_IOT,物联网收入,Revenue,IoT,13.7368,RMB bn,CNY,1,Forecast,Bull,Phase3_Model,Medium,Phase 3 formula model,,,,
CU_PHASE3_20260803_V1,中国联通,A/H,Forecast,2026,Annual,FC_SERVICE_REV,服务收入,Revenue,Group,360.9453,RMB bn,CNY,1,Forecast,Bull,Phase3_Model,Medium,Phase 3 formula model,,,,
CU_PHASE3_20260803_V1,中国联通,A/H,Forecast,2026,Annual,FC_REV_TERMINAL,终端及其他销售收入,Revenue,Terminal,44.92985,RMB bn,CNY,1,Forecast,Bull,Phase3_Model,Medium,Phase 3 formula model,,,,
CU_PHASE3_20260803_V1,中国联通,A/H,Forecast,2026,Annual,FC_REV_TOTAL,营业收入,Revenue,Group,405.87514999999996,RMB bn,CNY,1,Forecast,Bull,Phase3_Model,Medium,Phase 3 formula model,,,,
CU_PHASE3_20260803_V1,中国联通,A/H,Forecast,2026,Annual,FC_EBITDA,EBITDA,Financial,Group,104.40296102499997,RMB bn,CNY,1,Forecast,Bull,Phase3_Model,Medium,Phase 3 formula model,,,,
CU_PHASE3_20260803_V1,中国联通,A/H,Forecast,2026,Annual,FC_DA,折旧摊销,Cost,Group,81.13235,RMB bn,CNY,1,Forecast,Bull,Phase3_Model,Medium,Phase 3 formula model,,,,
CU_PHASE3_20260803_V1,中国联通,A/H,Forecast,2026,Annual,FC_EBIT,EBIT,Financial,Group,23.270611024999965,RMB bn,CNY,1,Forecast,Bull,Phase3_Model,Medium,Phase 3 formula model,,,,
CU_PHASE3_20260803_V1,中国联通,A/H,Forecast,2026,Annual,FC_PBT,税前利润,Financial,Group,30.270611024999965,RMB bn,CNY,1,Forecast,Bull,Phase3_Model,Medium,Phase 3 formula model,,,,
CU_PHASE3_20260803_V1,中国联通,A/H,Forecast,2026,Annual,FC_H_ATTR_PROFIT,H股股东应占利润,Financial,H-share,24.86087445219466,RMB bn,CNY,1,Forecast,Bull,Phase3_Model,Medium,Phase 3 formula model,,,,
CU_PHASE3_20260803_V1,中国联通,A/H,Forecast,2026,Annual,FC_A_ATTR_PROFIT,A股归母净利润,Financial,A-share,10.902000648903583,RMB bn,CNY,1,Forecast,Bull,Phase3_Model,Medium,Phase 3 formula model,,,,
CU_PHASE3_20260803_V1,中国联通,A/H,Forecast,2026,Annual,FC_CFO,经营现金流,Cash Flow,Group,98.75732317966951,RMB bn,CNY,1,Forecast,Bull,Phase3_Model,Medium,Phase 3 formula model,,,,
CU_PHASE3_20260803_V1,中国联通,A/H,Forecast,2026,Annual,FC_CAPEX,资本开支,Capital,Group,52.0,RMB bn,CNY,1,Forecast,Bull,Phase3_Model,Medium,Phase 3 formula model,,,,
CU_PHASE3_20260803_V1,中国联通,A/H,Forecast,2026,Annual,FC_FCF,自由现金流,Cash Flow,Group,46.75732317966951,RMB bn,CNY,1,Forecast,Bull,Phase3_Model,Medium,Phase 3 formula model,,,,
CU_PHASE3_20260803_V1,中国联通,A/H,Forecast,2026,Annual,FC_H_DPS,H股DPS,Dividend,H-share,0.5362499881838184,RMB/share,CNY,1,Forecast,Bull,Phase3_Model,Medium,Phase 3 formula model,,,,
CU_PHASE3_20260803_V1,中国联通,A/H,Forecast,2026,Annual,FC_A_DPS,A股DPS,Dividend,A-share,0.20985075681842935,CNY/share,CNY,1,Forecast,Bull,Phase3_Model,Medium,Phase 3 formula model,,,,
CU_PHASE3_20260803_V1,中国联通,A/H,Forecast,2026,Annual,FC_AR,应收账款,Balance Sheet,Working Capital,66.86470228988863,RMB bn,CNY,1,Forecast,Bull,Phase3_Model,Medium,Phase 3 formula model,,,,
CU_PHASE3_20260803_V1,中国联通,A/H,Forecast,2026,Annual,FC_AR_DAYS,应收账款天数,Balance Sheet,Working Capital,60.13084648274069,days,CNY,1,Forecast,Bull,Phase3_Model,Medium,Phase 3 formula model,,,,
CU_PHASE3_20260803_V1,中国联通,A/H,Forecast,2027,Annual,FC_REV_TOC,ToC移动收入,Revenue,ToC Mobile,163.90350699999996,RMB bn,CNY,1,Forecast,Bull,Phase3_Model,Medium,Phase 3 formula model,,,,
CU_PHASE3_20260803_V1,中国联通,A/H,Forecast,2027,Annual,FC_REV_HOME,家庭宽带与智慧家庭收入,Revenue,Home,44.330889,RMB bn,CNY,1,Forecast,Bull,Phase3_Model,Medium,Phase 3 formula model,,,,
CU_PHASE3_20260803_V1,中国联通,A/H,Forecast,2027,Annual,FC_REV_ENTERPRISE,企业连接与传统网络收入,Revenue,Enterprise Connectivity,44.97792,RMB bn,CNY,1,Forecast,Bull,Phase3_Model,Medium,Phase 3 formula model,,,,
CU_PHASE3_20260803_V1,中国联通,A/H,Forecast,2027,Annual,FC_REV_NONAI_DIGITAL,非AI云与数字化收入,Revenue,Cloud & Digital,44.550000000000004,RMB bn,CNY,1,Forecast,Bull,Phase3_Model,Medium,Phase 3 formula model,,,,
CU_PHASE3_20260803_V1,中国联通,A/H,Forecast,2027,Annual,FC_REV_AI_AIDC,AI/AIDC与算力收入,Revenue,AI/AIDC,68.9724,RMB bn,CNY,1,Forecast,Bull,Phase3_Model,Medium,Phase 3 formula model,,,,
CU_PHASE3_20260803_V1,中国联通,A/H,Forecast,2027,Annual,FC_REV_IOT,物联网收入,Revenue,IoT,15.385216000000002,RMB bn,CNY,1,Forecast,Bull,Phase3_Model,Medium,Phase 3 formula model,,,,
CU_PHASE3_20260803_V1,中国联通,A/H,Forecast,2027,Annual,FC_SERVICE_REV,服务收入,Revenue,Group,382.11993199999995,RMB bn,CNY,1,Forecast,Bull,Phase3_Model,Medium,Phase 3 formula model,,,,
CU_PHASE3_20260803_V1,中国联通,A/H,Forecast,2027,Annual,FC_REV_TERMINAL,终端及其他销售收入,Revenue,Terminal,45.828447000000004,RMB bn,CNY,1,Forecast,Bull,Phase3_Model,Medium,Phase 3 formula model,,,,
CU_PHASE3_20260803_V1,中国联通,A/H,Forecast,2027,Annual,FC_REV_TOTAL,营业收入,Revenue,Group,427.948379,RMB bn,CNY,1,Forecast,Bull,Phase3_Model,Medium,Phase 3 formula model,,,,
CU_PHASE3_20260803_V1,中国联通,A/H,Forecast,2027,Annual,FC_EBITDA,EBITDA,Financial,Group,113.16873306775,RMB bn,CNY,1,Forecast,Bull,Phase3_Model,Medium,Phase 3 formula model,,,,
CU_PHASE3_20260803_V1,中国联通,A/H,Forecast,2027,Annual,FC_DA,折旧摊销,Cost,Group,81.141762,RMB bn,CNY,1,Forecast,Bull,Phase3_Model,Medium,Phase 3 formula model,,,,
CU_PHASE3_20260803_V1,中国联通,A/H,Forecast,2027,Annual,FC_EBIT,EBIT,Financial,Group,32.02697106775,RMB bn,CNY,1,Forecast,Bull,Phase3_Model,Medium,Phase 3 formula model,,,,
CU_PHASE3_20260803_V1,中国联通,A/H,Forecast,2027,Annual,FC_PBT,税前利润,Financial,Group,39.09697106775,RMB bn,CNY,1,Forecast,Bull,Phase3_Model,Medium,Phase 3 formula model,,,,
CU_PHASE3_20260803_V1,中国联通,A/H,Forecast,2027,Annual,FC_H_ATTR_PROFIT,H股股东应占利润,Financial,H-share,32.109853625804725,RMB bn,CNY,1,Forecast,Bull,Phase3_Model,Medium,Phase 3 formula model,,,,
CU_PHASE3_20260803_V1,中国联通,A/H,Forecast,2027,Annual,FC_A_ATTR_PROFIT,A股归母净利润,Financial,A-share,14.080825907305103,RMB bn,CNY,1,Forecast,Bull,Phase3_Model,Medium,Phase 3 formula model,,,,
CU_PHASE3_20260803_V1,中国联通,A/H,Forecast,2027,Annual,FC_CFO,经营现金流,Cash Flow,Group,105.47377947546285,RMB bn,CNY,1,Forecast,Bull,Phase3_Model,Medium,Phase 3 formula model,,,,
CU_PHASE3_20260803_V1,中国联通,A/H,Forecast,2027,Annual,FC_CAPEX,资本开支,Capital,Group,59.228589459999995,RMB bn,CNY,1,Forecast,Bull,Phase3_Model,Medium,Phase 3 formula model,,,,
CU_PHASE3_20260803_V1,中国联通,A/H,Forecast,2027,Annual,FC_FCF,自由现金流,Cash Flow,Group,46.24519001546285,RMB bn,CNY,1,Forecast,Bull,Phase3_Model,Medium,Phase 3 formula model,,,,
CU_PHASE3_20260803_V1,中国联通,A/H,Forecast,2027,Annual,FC_H_DPS,H股DPS,Dividend,H-share,0.6926107390362481,RMB/share,CNY,1,Forecast,Bull,Phase3_Model,Medium,Phase 3 formula model,,,,
CU_PHASE3_20260803_V1,中国联通,A/H,Forecast,2027,Annual,FC_A_DPS,A股DPS,Dividend,A-share,0.27103942372024126,CNY/share,CNY,1,Forecast,Bull,Phase3_Model,Medium,Phase 3 formula model,,,,
CU_PHASE3_20260803_V1,中国联通,A/H,Forecast,2027,Annual,FC_AR,应收账款,Balance Sheet,Working Capital,68.99716142846587,RMB bn,CNY,1,Forecast,Bull,Phase3_Model,Medium,Phase 3 formula model,,,,
CU_PHASE3_20260803_V1,中国联通,A/H,Forecast,2027,Annual,FC_AR_DAYS,应收账款天数,Balance Sheet,Working Capital,58.84813486205552,days,CNY,1,Forecast,Bull,Phase3_Model,Medium,Phase 3 formula model,,,,
CU_PHASE3_20260803_V1,中国联通,A/H,Forecast,2028,Annual,FC_REV_TOC,ToC移动收入,Revenue,ToC Mobile,165.54254206999997,RMB bn,CNY,1,Forecast,Bull,Phase3_Model,Medium,Phase 3 formula model,,,,
CU_PHASE3_20260803_V1,中国联通,A/H,Forecast,2028,Annual,FC_REV_HOME,家庭宽带与智慧家庭收入,Revenue,Home,46.769087895,RMB bn,CNY,1,Forecast,Bull,Phase3_Model,Medium,Phase 3 formula model,,,,
CU_PHASE3_20260803_V1,中国联通,A/H,Forecast,2028,Annual,FC_REV_ENTERPRISE,企业连接与传统网络收入,Revenue,Enterprise Connectivity,47.6765952,RMB bn,CNY,1,Forecast,Bull,Phase3_Model,Medium,Phase 3 formula model,,,,
CU_PHASE3_20260803_V1,中国联通,A/H,Forecast,2028,Annual,FC_REV_NONAI_DIGITAL,非AI云与数字化收入,Revenue,Cloud & Digital,49.00500000000001,RMB bn,CNY,1,Forecast,Bull,Phase3_Model,Medium,Phase 3 formula model,,,,
CU_PHASE3_20260803_V1,中国联通,A/H,Forecast,2028,Annual,FC_REV_AI_AIDC,AI/AIDC与算力收入,Revenue,AI/AIDC,79.31825999999998,RMB bn,CNY,1,Forecast,Bull,Phase3_Model,Medium,Phase 3 formula model,,,,
CU_PHASE3_20260803_V1,中国联通,A/H,Forecast,2028,Annual,FC_REV_IOT,物联网收入,Revenue,IoT,17.23144192,RMB bn,CNY,1,Forecast,Bull,Phase3_Model,Medium,Phase 3 formula model,,,,
CU_PHASE3_20260803_V1,中国联通,A/H,Forecast,2028,Annual,FC_SERVICE_REV,服务收入,Revenue,Group,405.542927085,RMB bn,CNY,1,Forecast,Bull,Phase3_Model,Medium,Phase 3 formula model,,,,
CU_PHASE3_20260803_V1,中国联通,A/H,Forecast,2028,Annual,FC_REV_TERMINAL,终端及其他销售收入,Revenue,Terminal,46.74501594,RMB bn,CNY,1,Forecast,Bull,Phase3_Model,Medium,Phase 3 formula model,,,,
CU_PHASE3_20260803_V1,中国联通,A/H,Forecast,2028,Annual,FC_REV_TOTAL,营业收入,Revenue,Group,452.28794302499995,RMB bn,CNY,1,Forecast,Bull,Phase3_Model,Medium,Phase 3 formula model,,,,
CU_PHASE3_20260803_V1,中国联通,A/H,Forecast,2028,Annual,FC_EBITDA,EBITDA,Financial,Group,122.92361155987493,RMB bn,CNY,1,Forecast,Bull,Phase3_Model,Medium,Phase 3 formula model,,,,
CU_PHASE3_20260803_V1,中国联通,A/H,Forecast,2028,Annual,FC_DA,折旧摊销,Cost,Group,82.0539947225,RMB bn,CNY,1,Forecast,Bull,Phase3_Model,Medium,Phase 3 formula model,,,,
CU_PHASE3_20260803_V1,中国联通,A/H,Forecast,2028,Annual,FC_EBIT,EBIT,Financial,Group,40.869616837374934,RMB bn,CNY,1,Forecast,Bull,Phase3_Model,Medium,Phase 3 formula model,,,,
CU_PHASE3_20260803_V1,中国联通,A/H,Forecast,2028,Annual,FC_PBT,税前利润,Financial,Group,48.01031683737494,RMB bn,CNY,1,Forecast,Bull,Phase3_Model,Medium,Phase 3 formula model,,,,
CU_PHASE3_20260803_V1,中国联通,A/H,Forecast,2028,Annual,FC_H_ATTR_PROFIT,H股股东应占利润,Financial,H-share,39.43027308957557,RMB bn,CNY,1,Forecast,Bull,Phase3_Model,Medium,Phase 3 formula model,,,,
CU_PHASE3_20260803_V1,中国联通,A/H,Forecast,2028,Annual,FC_A_ATTR_PROFIT,A股归母净利润,Financial,A-share,17.290979190438353,RMB bn,CNY,1,Forecast,Bull,Phase3_Model,Medium,Phase 3 formula model,,,,
CU_PHASE3_20260803_V1,中国联通,A/H,Forecast,2028,Annual,FC_CFO,经营现金流,Cash Flow,Group,113.58790699463529,RMB bn,CNY,1,Forecast,Bull,Phase3_Model,Medium,Phase 3 formula model,,,,
CU_PHASE3_20260803_V1,中国联通,A/H,Forecast,2028,Annual,FC_CAPEX,资本开支,Capital,Group,62.85915369817499,RMB bn,CNY,1,Forecast,Bull,Phase3_Model,Medium,Phase 3 formula model,,,,
CU_PHASE3_20260803_V1,中国联通,A/H,Forecast,2028,Annual,FC_FCF,自由现金流,Cash Flow,Group,50.7287532964603,RMB bn,CNY,1,Forecast,Bull,Phase3_Model,Medium,Phase 3 formula model,,,,
CU_PHASE3_20260803_V1,中国联通,A/H,Forecast,2028,Annual,FC_H_DPS,H股DPS,Dividend,H-share,0.8505124596091208,RMB/share,CNY,1,Forecast,Bull,Phase3_Model,Medium,Phase 3 formula model,,,,
CU_PHASE3_20260803_V1,中国联通,A/H,Forecast,2028,Annual,FC_A_DPS,A股DPS,Dividend,A-share,0.33283111844339536,CNY/share,CNY,1,Forecast,Bull,Phase3_Model,Medium,Phase 3 formula model,,,,
CU_PHASE3_20260803_V1,中国联通,A/H,Forecast,2028,Annual,FC_AR,应收账款,Balance Sheet,Working Capital,71.33190922521347,RMB bn,CNY,1,Forecast,Bull,Phase3_Model,Medium,Phase 3 formula model,,,,
CU_PHASE3_20260803_V1,中国联通,A/H,Forecast,2028,Annual,FC_AR_DAYS,应收账款天数,Balance Sheet,Working Capital,57.56542324137034,days,CNY,1,Forecast,Bull,Phase3_Model,Medium,Phase 3 formula model,,,,
CU_PHASE3_20260803_V1,中国联通,A/H,Forecast,2029,Annual,FC_REV_TOC,ToC移动收入,Revenue,ToC Mobile,167.19796749069997,RMB bn,CNY,1,Forecast,Bull,Phase3_Model,Medium,Phase 3 formula model,,,,
CU_PHASE3_20260803_V1,中国联通,A/H,Forecast,2029,Annual,FC_REV_HOME,家庭宽带与智慧家庭收入,Revenue,Home,49.341387729225,RMB bn,CNY,1,Forecast,Bull,Phase3_Model,Medium,Phase 3 formula model,,,,
CU_PHASE3_20260803_V1,中国联通,A/H,Forecast,2029,Annual,FC_REV_ENTERPRISE,企业连接与传统网络收入,Revenue,Enterprise Connectivity,50.53719091200001,RMB bn,CNY,1,Forecast,Bull,Phase3_Model,Medium,Phase 3 formula model,,,,
CU_PHASE3_20260803_V1,中国联通,A/H,Forecast,2029,Annual,FC_REV_NONAI_DIGITAL,非AI云与数字化收入,Revenue,Cloud & Digital,53.90550000000002,RMB bn,CNY,1,Forecast,Bull,Phase3_Model,Medium,Phase 3 formula model,,,,
CU_PHASE3_20260803_V1,中国联通,A/H,Forecast,2029,Annual,FC_REV_AI_AIDC,AI/AIDC与算力收入,Revenue,AI/AIDC,91.21599899999997,RMB bn,CNY,1,Forecast,Bull,Phase3_Model,Medium,Phase 3 formula model,,,,
CU_PHASE3_20260803_V1,中国联通,A/H,Forecast,2029,Annual,FC_REV_IOT,物联网收入,Revenue,IoT,19.299214950400003,RMB bn,CNY,1,Forecast,Bull,Phase3_Model,Medium,Phase 3 formula model,,,,
CU_PHASE3_20260803_V1,中国联通,A/H,Forecast,2029,Annual,FC_SERVICE_REV,服务收入,Revenue,Group,431.49726008232494,RMB bn,CNY,1,Forecast,Bull,Phase3_Model,Medium,Phase 3 formula model,,,,
CU_PHASE3_20260803_V1,中国联通,A/H,Forecast,2029,Annual,FC_REV_TERMINAL,终端及其他销售收入,Revenue,Terminal,47.679916258800006,RMB bn,CNY,1,Forecast,Bull,Phase3_Model,Medium,Phase 3 formula model,,,,
CU_PHASE3_20260803_V1,中国联通,A/H,Forecast,2029,Annual,FC_REV_TOTAL,营业收入,Revenue,Group,479.17717634112495,RMB bn,CNY,1,Forecast,Bull,Phase3_Model,Medium,Phase 3 formula model,,,,
CU_PHASE3_20260803_V1,中国联通,A/H,Forecast,2029,Annual,FC_EBITDA,EBITDA,Financial,Group,133.79892722538858,RMB bn,CNY,1,Forecast,Bull,Phase3_Model,Medium,Phase 3 formula model,,,,
CU_PHASE3_20260803_V1,中国联通,A/H,Forecast,2029,Annual,FC_DA,折旧摊销,Cost,Group,83.34706935697187,RMB bn,CNY,1,Forecast,Bull,Phase3_Model,Medium,Phase 3 formula model,,,,
CU_PHASE3_20260803_V1,中国联通,A/H,Forecast,2029,Annual,FC_EBIT,EBIT,Financial,Group,50.45185786841671,RMB bn,CNY,1,Forecast,Bull,Phase3_Model,Medium,Phase 3 formula model,,,,
CU_PHASE3_20260803_V1,中国联通,A/H,Forecast,2029,Annual,FC_PBT,税前利润,Financial,Group,57.66396486841671,RMB bn,CNY,1,Forecast,Bull,Phase3_Model,Medium,Phase 3 formula model,,,,
CU_PHASE3_20260803_V1,中国联通,A/H,Forecast,2029,Annual,FC_H_ATTR_PROFIT,H股股东应占利润,Financial,H-share,47.358693546869794,RMB bn,CNY,1,Forecast,Bull,Phase3_Model,Medium,Phase 3 formula model,,,,
CU_PHASE3_20260803_V1,中国联通,A/H,Forecast,2029,Annual,FC_A_ATTR_PROFIT,A股归母净利润,Financial,A-share,20.76775331342467,RMB bn,CNY,1,Forecast,Bull,Phase3_Model,Medium,Phase 3 formula model,,,,
CU_PHASE3_20260803_V1,中国联通,A/H,Forecast,2029,Annual,FC_CFO,经营现金流,Cash Flow,Group,122.68500026216216,RMB bn,CNY,1,Forecast,Bull,Phase3_Model,Medium,Phase 3 formula model,,,,
CU_PHASE3_20260803_V1,中国联通,A/H,Forecast,2029,Annual,FC_CAPEX,资本开支,Capital,Group,66.88207531276036,RMB bn,CNY,1,Forecast,Bull,Phase3_Model,Medium,Phase 3 formula model,,,,
CU_PHASE3_20260803_V1,中国联通,A/H,Forecast,2029,Annual,FC_FCF,自由现金流,Cash Flow,Group,55.8029249494018,RMB bn,CNY,1,Forecast,Bull,Phase3_Model,Medium,Phase 3 formula model,,,,
CU_PHASE3_20260803_V1,中国联通,A/H,Forecast,2029,Annual,FC_H_DPS,H股DPS,Dividend,H-share,1.0215287842647907,RMB/share,CNY,1,Forecast,Bull,Phase3_Model,Medium,Phase 3 formula model,,,,
CU_PHASE3_20260803_V1,中国联通,A/H,Forecast,2029,Annual,FC_A_DPS,A股DPS,Dividend,A-share,0.3997549523792138,CNY/share,CNY,1,Forecast,Bull,Phase3_Model,Medium,Phase 3 formula model,,,,
CU_PHASE3_20260803_V1,中国联通,A/H,Forecast,2029,Annual,FC_AR,应收账款,Balance Sheet,Working Capital,73.88874200334723,RMB bn,CNY,1,Forecast,Bull,Phase3_Model,Medium,Phase 3 formula model,,,,
CU_PHASE3_20260803_V1,中国联通,A/H,Forecast,2029,Annual,FC_AR_DAYS,应收账款天数,Balance Sheet,Working Capital,56.28271162068517,days,CNY,1,Forecast,Bull,Phase3_Model,Medium,Phase 3 formula model,,,,
CU_PHASE3_20260803_V1,中国联通,A/H,Forecast,2030,Annual,FC_REV_TOC,ToC移动收入,Revenue,ToC Mobile,168.86994716560696,RMB bn,CNY,1,Forecast,Bull,Phase3_Model,Medium,Phase 3 formula model,,,,
CU_PHASE3_20260803_V1,中国联通,A/H,Forecast,2030,Annual,FC_REV_HOME,家庭宽带与智慧家庭收入,Revenue,Home,52.05516405433237,RMB bn,CNY,1,Forecast,Bull,Phase3_Model,Medium,Phase 3 formula model,,,,
CU_PHASE3_20260803_V1,中国联通,A/H,Forecast,2030,Annual,FC_REV_ENTERPRISE,企业连接与传统网络收入,Revenue,Enterprise Connectivity,53.56942236672001,RMB bn,CNY,1,Forecast,Bull,Phase3_Model,Medium,Phase 3 formula model,,,,
CU_PHASE3_20260803_V1,中国联通,A/H,Forecast,2030,Annual,FC_REV_NONAI_DIGITAL,非AI云与数字化收入,Revenue,Cloud & Digital,59.29605000000002,RMB bn,CNY,1,Forecast,Bull,Phase3_Model,Medium,Phase 3 formula model,,,,
CU_PHASE3_20260803_V1,中国联通,A/H,Forecast,2030,Annual,FC_REV_AI_AIDC,AI/AIDC与算力收入,Revenue,AI/AIDC,104.89839884999995,RMB bn,CNY,1,Forecast,Bull,Phase3_Model,Medium,Phase 3 formula model,,,,
CU_PHASE3_20260803_V1,中国联通,A/H,Forecast,2030,Annual,FC_REV_IOT,物联网收入,Revenue,IoT,21.615120744448006,RMB bn,CNY,1,Forecast,Bull,Phase3_Model,Medium,Phase 3 formula model,,,,
CU_PHASE3_20260803_V1,中国联通,A/H,Forecast,2030,Annual,FC_SERVICE_REV,服务收入,Revenue,Group,460.30410318110734,RMB bn,CNY,1,Forecast,Bull,Phase3_Model,Medium,Phase 3 formula model,,,,
CU_PHASE3_20260803_V1,中国联通,A/H,Forecast,2030,Annual,FC_REV_TERMINAL,终端及其他销售收入,Revenue,Terminal,48.63351458397601,RMB bn,CNY,1,Forecast,Bull,Phase3_Model,Medium,Phase 3 formula model,,,,
CU_PHASE3_20260803_V1,中国联通,A/H,Forecast,2030,Annual,FC_REV_TOTAL,营业收入,Revenue,Group,508.93761776508336,RMB bn,CNY,1,Forecast,Bull,Phase3_Model,Medium,Phase 3 formula model,,,,
CU_PHASE3_20260803_V1,中国联通,A/H,Forecast,2030,Annual,FC_EBITDA,EBITDA,Financial,Group,145.94471432346705,RMB bn,CNY,1,Forecast,Bull,Phase3_Model,Medium,Phase 3 formula model,,,,
CU_PHASE3_20260803_V1,中国联通,A/H,Forecast,2030,Annual,FC_DA,折旧摊销,Cost,Group,85.03956322250916,RMB bn,CNY,1,Forecast,Bull,Phase3_Model,Medium,Phase 3 formula model,,,,
CU_PHASE3_20260803_V1,中国联通,A/H,Forecast,2030,Annual,FC_EBIT,EBIT,Financial,Group,60.905151100957895,RMB bn,CNY,1,Forecast,Bull,Phase3_Model,Medium,Phase 3 formula model,,,,
CU_PHASE3_20260803_V1,中国联通,A/H,Forecast,2030,Annual,FC_PBT,税前利润,Financial,Group,68.18937917095789,RMB bn,CNY,1,Forecast,Bull,Phase3_Model,Medium,Phase 3 formula model,,,,
CU_PHASE3_20260803_V1,中国联通,A/H,Forecast,2030,Annual,FC_H_ATTR_PROFIT,H股股东应占利润,Financial,H-share,56.00308474586808,RMB bn,CNY,1,Forecast,Bull,Phase3_Model,Medium,Phase 3 formula model,,,,
CU_PHASE3_20260803_V1,中国联通,A/H,Forecast,2030,Annual,FC_A_ATTR_PROFIT,A股归母净利润,Financial,A-share,24.558495213596906,RMB bn,CNY,1,Forecast,Bull,Phase3_Model,Medium,Phase 3 formula model,,,,
CU_PHASE3_20260803_V1,中国联通,A/H,Forecast,2030,Annual,FC_CFO,经营现金流,Cash Flow,Group,132.89137774021205,RMB bn,CNY,1,Forecast,Bull,Phase3_Model,Medium,Phase 3 formula model,,,,
CU_PHASE3_20260803_V1,中国联通,A/H,Forecast,2030,Annual,FC_CAPEX,资本开支,Capital,Group,71.34713599307163,RMB bn,CNY,1,Forecast,Bull,Phase3_Model,Medium,Phase 3 formula model,,,,
CU_PHASE3_20260803_V1,中国联通,A/H,Forecast,2030,Annual,FC_FCF,自由现金流,Cash Flow,Group,61.54424174714042,RMB bn,CNY,1,Forecast,Bull,Phase3_Model,Medium,Phase 3 formula model,,,,
CU_PHASE3_20260803_V1,中国联通,A/H,Forecast,2030,Annual,FC_H_DPS,H股DPS,Dividend,H-share,1.2079886244941804,RMB/share,CNY,1,Forecast,Bull,Phase3_Model,Medium,Phase 3 formula model,,,,
CU_PHASE3_20260803_V1,中国联通,A/H,Forecast,2030,Annual,FC_A_DPS,A股DPS,Dividend,A-share,0.4727222986739948,CNY/share,CNY,1,Forecast,Bull,Phase3_Model,Medium,Phase 3 formula model,,,,
CU_PHASE3_20260803_V1,中国联通,A/H,Forecast,2030,Annual,FC_AR,应收账款,Balance Sheet,Working Capital,76.68923007419063,RMB bn,CNY,1,Forecast,Bull,Phase3_Model,Medium,Phase 3 formula model,,,,
CU_PHASE3_20260803_V1,中国联通,A/H,Forecast,2030,Annual,FC_AR_DAYS,应收账款天数,Balance Sheet,Working Capital,55.0,days,CNY,1,Forecast,Bull,Phase3_Model,Medium,Phase 3 formula model,,,,
CU_PHASE3_20260803_V1,中国联通,A/H,Forecast,2031,Annual,FC_REV_TOC,ToC移动收入,Revenue,ToC Mobile,172.2473461089191,RMB bn,CNY,1,Forecast,Bull,Phase3_Model,Medium,Phase 3 formula model,,,,
CU_PHASE3_20260803_V1,中国联通,A/H,Forecast,2031,Annual,FC_REV_HOME,家庭宽带与智慧家庭收入,Revenue,Home,53.09626733541902,RMB bn,CNY,1,Forecast,Bull,Phase3_Model,Medium,Phase 3 formula model,,,,
CU_PHASE3_20260803_V1,中国联通,A/H,Forecast,2031,Annual,FC_REV_ENTERPRISE,企业连接与传统网络收入,Revenue,Enterprise Connectivity,54.64081081405441,RMB bn,CNY,1,Forecast,Bull,Phase3_Model,Medium,Phase 3 formula model,,,,
CU_PHASE3_20260803_V1,中国联通,A/H,Forecast,2031,Annual,FC_REV_NONAI_DIGITAL,非AI云与数字化收入,Revenue,Cloud & Digital,60.48197100000002,RMB bn,CNY,1,Forecast,Bull,Phase3_Model,Medium,Phase 3 formula model,,,,
CU_PHASE3_20260803_V1,中国联通,A/H,Forecast,2031,Annual,FC_REV_AI_AIDC,AI/AIDC与算力收入,Revenue,AI/AIDC,106.99636682699995,RMB bn,CNY,1,Forecast,Bull,Phase3_Model,Medium,Phase 3 formula model,,,,
CU_PHASE3_20260803_V1,中国联通,A/H,Forecast,2031,Annual,FC_REV_IOT,物联网收入,Revenue,IoT,22.04742315933697,RMB bn,CNY,1,Forecast,Bull,Phase3_Model,Medium,Phase 3 formula model,,,,
CU_PHASE3_20260803_V1,中国联通,A/H,Forecast,2031,Annual,FC_SERVICE_REV,服务收入,Revenue,Group,469.5101852447295,RMB bn,CNY,1,Forecast,Bull,Phase3_Model,Medium,Phase 3 formula model,,,,
CU_PHASE3_20260803_V1,中国联通,A/H,Forecast,2031,Annual,FC_REV_TERMINAL,终端及其他销售收入,Revenue,Terminal,49.60618487565553,RMB bn,CNY,1,Forecast,Bull,Phase3_Model,Medium,Phase 3 formula model,,,,
CU_PHASE3_20260803_V1,中国联通,A/H,Forecast,2031,Annual,FC_REV_TOTAL,营业收入,Revenue,Group,519.116370120385,RMB bn,CNY,1,Forecast,Bull,Phase3_Model,Medium,Phase 3 formula model,,,,
CU_PHASE3_20260803_V1,中国联通,A/H,Forecast,2031,Annual,FC_EBITDA,EBITDA,Financial,Group,148.86360860993636,RMB bn,CNY,1,Forecast,Bull,Phase3_Model,Medium,Phase 3 formula model,,,,
CU_PHASE3_20260803_V1,中国联通,A/H,Forecast,2031,Annual,FC_DA,折旧摊销,Cost,Group,87.15479016384239,RMB bn,CNY,1,Forecast,Bull,Phase3_Model,Medium,Phase 3 formula model,,,,
CU_PHASE3_20260803_V1,中国联通,A/H,Forecast,2031,Annual,FC_EBIT,EBIT,Financial,Group,61.70881844609397,RMB bn,CNY,1,Forecast,Bull,Phase3_Model,Medium,Phase 3 formula model,,,,
CU_PHASE3_20260803_V1,中国联通,A/H,Forecast,2031,Annual,FC_PBT,税前利润,Financial,Group,69.06588879679397,RMB bn,CNY,1,Forecast,Bull,Phase3_Model,Medium,Phase 3 formula model,,,,
CU_PHASE3_20260803_V1,中国联通,A/H,Forecast,2031,Annual,FC_H_ATTR_PROFIT,H股股东应占利润,Financial,H-share,56.72295114519692,RMB bn,CNY,1,Forecast,Bull,Phase3_Model,Medium,Phase 3 formula model,,,,
CU_PHASE3_20260803_V1,中国联通,A/H,Forecast,2031,Annual,FC_A_ATTR_PROFIT,A股归母净利润,Financial,A-share,24.874171316128933,RMB bn,CNY,1,Forecast,Bull,Phase3_Model,Medium,Phase 3 formula model,,,,
CU_PHASE3_20260803_V1,中国联通,A/H,Forecast,2031,Annual,FC_CFO,经营现金流,Cash Flow,Group,136.1635642299039,RMB bn,CNY,1,Forecast,Bull,Phase3_Model,Medium,Phase 3 formula model,,,,
CU_PHASE3_20260803_V1,中国联通,A/H,Forecast,2031,Annual,FC_CAPEX,资本开支,Capital,Group,70.42652778670941,RMB bn,CNY,1,Forecast,Bull,Phase3_Model,Medium,Phase 3 formula model,,,,
CU_PHASE3_20260803_V1,中国联通,A/H,Forecast,2031,Annual,FC_FCF,自由现金流,Cash Flow,Group,65.73703644319448,RMB bn,CNY,1,Forecast,Bull,Phase3_Model,Medium,Phase 3 formula model,,,,
CU_PHASE3_20260803_V1,中国联通,A/H,Forecast,2031,Annual,FC_H_DPS,H股DPS,Dividend,H-share,1.2235161695480088,RMB/share,CNY,1,Forecast,Bull,Phase3_Model,Medium,Phase 3 formula model,,,,
CU_PHASE3_20260803_V1,中国联通,A/H,Forecast,2031,Annual,FC_A_DPS,A股DPS,Dividend,A-share,0.4787986942970772,CNY/share,CNY,1,Forecast,Bull,Phase3_Model,Medium,Phase 3 formula model,,,,
CU_PHASE3_20260803_V1,中国联通,A/H,Forecast,2031,Annual,FC_AR,应收账款,Balance Sheet,Working Capital,78.22301467567445,RMB bn,CNY,1,Forecast,Bull,Phase3_Model,Medium,Phase 3 formula model,,,,
CU_PHASE3_20260803_V1,中国联通,A/H,Forecast,2031,Annual,FC_AR_DAYS,应收账款天数,Balance Sheet,Working Capital,55.0,days,CNY,1,Forecast,Bull,Phase3_Model,Medium,Phase 3 formula model,,,,
CU_PHASE3_20260803_V1,中国联通,A/H,Forecast,2032,Annual,FC_REV_TOC,ToC移动收入,Revenue,ToC Mobile,175.69229303109748,RMB bn,CNY,1,Forecast,Bull,Phase3_Model,Medium,Phase 3 formula model,,,,
CU_PHASE3_20260803_V1,中国联通,A/H,Forecast,2032,Annual,FC_REV_HOME,家庭宽带与智慧家庭收入,Revenue,Home,54.1581926821274,RMB bn,CNY,1,Forecast,Bull,Phase3_Model,Medium,Phase 3 formula model,,,,
CU_PHASE3_20260803_V1,中国联通,A/H,Forecast,2032,Annual,FC_REV_ENTERPRISE,企业连接与传统网络收入,Revenue,Enterprise Connectivity,55.7336270303355,RMB bn,CNY,1,Forecast,Bull,Phase3_Model,Medium,Phase 3 formula model,,,,
CU_PHASE3_20260803_V1,中国联通,A/H,Forecast,2032,Annual,FC_REV_NONAI_DIGITAL,非AI云与数字化收入,Revenue,Cloud & Digital,61.691610420000025,RMB bn,CNY,1,Forecast,Bull,Phase3_Model,Medium,Phase 3 formula model,,,,
CU_PHASE3_20260803_V1,中国联通,A/H,Forecast,2032,Annual,FC_REV_AI_AIDC,AI/AIDC与算力收入,Revenue,AI/AIDC,109.13629416353994,RMB bn,CNY,1,Forecast,Bull,Phase3_Model,Medium,Phase 3 formula model,,,,
CU_PHASE3_20260803_V1,中国联通,A/H,Forecast,2032,Annual,FC_REV_IOT,物联网收入,Revenue,IoT,22.488371622523708,RMB bn,CNY,1,Forecast,Bull,Phase3_Model,Medium,Phase 3 formula model,,,,
CU_PHASE3_20260803_V1,中国联通,A/H,Forecast,2032,Annual,FC_SERVICE_REV,服务收入,Revenue,Group,478.9003889496241,RMB bn,CNY,1,Forecast,Bull,Phase3_Model,Medium,Phase 3 formula model,,,,
CU_PHASE3_20260803_V1,中国联通,A/H,Forecast,2032,Annual,FC_REV_TERMINAL,终端及其他销售收入,Revenue,Terminal,50.59830857316864,RMB bn,CNY,1,Forecast,Bull,Phase3_Model,Medium,Phase 3 formula model,,,,
CU_PHASE3_20260803_V1,中国联通,A/H,Forecast,2032,Annual,FC_REV_TOTAL,营业收入,Revenue,Group,529.4986975227927,RMB bn,CNY,1,Forecast,Bull,Phase3_Model,Medium,Phase 3 formula model,,,,
CU_PHASE3_20260803_V1,中国联通,A/H,Forecast,2032,Annual,FC_EBITDA,EBITDA,Financial,Group,151.84088078213512,RMB bn,CNY,1,Forecast,Bull,Phase3_Model,Medium,Phase 3 formula model,,,,
CU_PHASE3_20260803_V1,中国联通,A/H,Forecast,2032,Annual,FC_DA,折旧摊销,Cost,Group,88.98572292407368,RMB bn,CNY,1,Forecast,Bull,Phase3_Model,Medium,Phase 3 formula model,,,,
CU_PHASE3_20260803_V1,中国联通,A/H,Forecast,2032,Annual,FC_EBIT,EBIT,Financial,Group,62.85515785806143,RMB bn,CNY,1,Forecast,Bull,Phase3_Model,Medium,Phase 3 formula model,,,,
CU_PHASE3_20260803_V1,中国联通,A/H,Forecast,2032,Annual,FC_PBT,税前利润,Financial,Group,70.28579891226843,RMB bn,CNY,1,Forecast,Bull,Phase3_Model,Medium,Phase 3 formula model,,,,
CU_PHASE3_20260803_V1,中国联通,A/H,Forecast,2032,Annual,FC_H_ATTR_PROFIT,H股股东应占利润,Financial,H-share,57.72484807415966,RMB bn,CNY,1,Forecast,Bull,Phase3_Model,Medium,Phase 3 formula model,,,,
CU_PHASE3_20260803_V1,中国联通,A/H,Forecast,2032,Annual,FC_A_ATTR_PROFIT,A股归母净利润,Financial,A-share,25.31352355977948,RMB bn,CNY,1,Forecast,Bull,Phase3_Model,Medium,Phase 3 formula model,,,,
CU_PHASE3_20260803_V1,中国联通,A/H,Forecast,2032,Annual,FC_CFO,经营现金流,Cash Flow,Group,138.91508185508275,RMB bn,CNY,1,Forecast,Bull,Phase3_Model,Medium,Phase 3 formula model,,,,
CU_PHASE3_20260803_V1,中国联通,A/H,Forecast,2032,Annual,FC_CAPEX,资本开支,Capital,Group,71.8350583424436,RMB bn,CNY,1,Forecast,Bull,Phase3_Model,Medium,Phase 3 formula model,,,,
CU_PHASE3_20260803_V1,中国联通,A/H,Forecast,2032,Annual,FC_FCF,自由现金流,Cash Flow,Group,67.08002351263914,RMB bn,CNY,1,Forecast,Bull,Phase3_Model,Medium,Phase 3 formula model,,,,
CU_PHASE3_20260803_V1,中国联通,A/H,Forecast,2032,Annual,FC_H_DPS,H股DPS,Dividend,H-share,1.2451271236337467,RMB/share,CNY,1,Forecast,Bull,Phase3_Model,Medium,Phase 3 formula model,,,,
CU_PHASE3_20260803_V1,中国联通,A/H,Forecast,2032,Annual,FC_A_DPS,A股DPS,Dividend,A-share,0.4872557109318372,CNY/share,CNY,1,Forecast,Bull,Phase3_Model,Medium,Phase 3 formula model,,,,
CU_PHASE3_20260803_V1,中国联通,A/H,Forecast,2032,Annual,FC_AR,应收账款,Balance Sheet,Working Capital,79.78747496918793,RMB bn,CNY,1,Forecast,Bull,Phase3_Model,Medium,Phase 3 formula model,,,,
CU_PHASE3_20260803_V1,中国联通,A/H,Forecast,2032,Annual,FC_AR_DAYS,应收账款天数,Balance Sheet,Working Capital,55.0,days,CNY,1,Forecast,Bull,Phase3_Model,Medium,Phase 3 formula model,,,,
CU_PHASE3_20260803_V1,中国联通,A/H,Forecast,2033,Annual,FC_REV_TOC,ToC移动收入,Revenue,ToC Mobile,179.20613889171943,RMB bn,CNY,1,Forecast,Bull,Phase3_Model,Medium,Phase 3 formula model,,,,
CU_PHASE3_20260803_V1,中国联通,A/H,Forecast,2033,Annual,FC_REV_HOME,家庭宽带与智慧家庭收入,Revenue,Home,55.241356535769945,RMB bn,CNY,1,Forecast,Bull,Phase3_Model,Medium,Phase 3 formula model,,,,
CU_PHASE3_20260803_V1,中国联通,A/H,Forecast,2033,Annual,FC_REV_ENTERPRISE,企业连接与传统网络收入,Revenue,Enterprise Connectivity,56.84829957094221,RMB bn,CNY,1,Forecast,Bull,Phase3_Model,Medium,Phase 3 formula model,,,,
CU_PHASE3_20260803_V1,中国联通,A/H,Forecast,2033,Annual,FC_REV_NONAI_DIGITAL,非AI云与数字化收入,Revenue,Cloud & Digital,62.92544262840003,RMB bn,CNY,1,Forecast,Bull,Phase3_Model,Medium,Phase 3 formula model,,,,
CU_PHASE3_20260803_V1,中国联通,A/H,Forecast,2033,Annual,FC_REV_AI_AIDC,AI/AIDC与算力收入,Revenue,AI/AIDC,111.31902004681075,RMB bn,CNY,1,Forecast,Bull,Phase3_Model,Medium,Phase 3 formula model,,,,
CU_PHASE3_20260803_V1,中国联通,A/H,Forecast,2033,Annual,FC_REV_IOT,物联网收入,Revenue,IoT,22.938139054974183,RMB bn,CNY,1,Forecast,Bull,Phase3_Model,Medium,Phase 3 formula model,,,,
CU_PHASE3_20260803_V1,中国联通,A/H,Forecast,2033,Annual,FC_SERVICE_REV,服务收入,Revenue,Group,488.47839672861653,RMB bn,CNY,1,Forecast,Bull,Phase3_Model,Medium,Phase 3 formula model,,,,
CU_PHASE3_20260803_V1,中国联通,A/H,Forecast,2033,Annual,FC_REV_TERMINAL,终端及其他销售收入,Revenue,Terminal,51.61027474463201,RMB bn,CNY,1,Forecast,Bull,Phase3_Model,Medium,Phase 3 formula model,,,,
CU_PHASE3_20260803_V1,中国联通,A/H,Forecast,2033,Annual,FC_REV_TOTAL,营业收入,Revenue,Group,540.0886714732486,RMB bn,CNY,1,Forecast,Bull,Phase3_Model,Medium,Phase 3 formula model,,,,
CU_PHASE3_20260803_V1,中国联通,A/H,Forecast,2033,Annual,FC_EBITDA,EBITDA,Financial,Group,154.87769839777786,RMB bn,CNY,1,Forecast,Bull,Phase3_Model,Medium,Phase 3 formula model,,,,
CU_PHASE3_20260803_V1,中国联通,A/H,Forecast,2033,Annual,FC_DA,折旧摊销,Cost,Group,90.84624738295325,RMB bn,CNY,1,Forecast,Bull,Phase3_Model,Medium,Phase 3 formula model,,,,
CU_PHASE3_20260803_V1,中国联通,A/H,Forecast,2033,Annual,FC_EBIT,EBIT,Financial,Group,64.03145101482461,RMB bn,CNY,1,Forecast,Bull,Phase3_Model,Medium,Phase 3 formula model,,,,
CU_PHASE3_20260803_V1,中国联通,A/H,Forecast,2033,Annual,FC_PBT,税前利润,Financial,Group,71.53639847957368,RMB bn,CNY,1,Forecast,Bull,Phase3_Model,Medium,Phase 3 formula model,,,,
CU_PHASE3_20260803_V1,中国联通,A/H,Forecast,2033,Annual,FC_H_ATTR_PROFIT,H股股东应占利润,Financial,H-share,58.75194986629287,RMB bn,CNY,1,Forecast,Bull,Phase3_Model,Medium,Phase 3 formula model,,,,
CU_PHASE3_20260803_V1,中国联通,A/H,Forecast,2033,Annual,FC_A_ATTR_PROFIT,A股归母净利润,Financial,A-share,25.76392865014981,RMB bn,CNY,1,Forecast,Bull,Phase3_Model,Medium,Phase 3 formula model,,,,
CU_PHASE3_20260803_V1,中国联通,A/H,Forecast,2033,Annual,FC_CFO,经营现金流,Cash Flow,Group,141.72052886409895,RMB bn,CNY,1,Forecast,Bull,Phase3_Model,Medium,Phase 3 formula model,,,,
CU_PHASE3_20260803_V1,中国联通,A/H,Forecast,2033,Annual,FC_CAPEX,资本开支,Capital,Group,73.27175950929248,RMB bn,CNY,1,Forecast,Bull,Phase3_Model,Medium,Phase 3 formula model,,,,
CU_PHASE3_20260803_V1,中国联通,A/H,Forecast,2033,Annual,FC_FCF,自由现金流,Cash Flow,Group,68.44876935480647,RMB bn,CNY,1,Forecast,Bull,Phase3_Model,Medium,Phase 3 formula model,,,,
CU_PHASE3_20260803_V1,中国联通,A/H,Forecast,2033,Annual,FC_H_DPS,H股DPS,Dividend,H-share,1.2672817475571376,RMB/share,CNY,1,Forecast,Bull,Phase3_Model,Medium,Phase 3 formula model,,,,
CU_PHASE3_20260803_V1,中国联通,A/H,Forecast,2033,Annual,FC_A_DPS,A股DPS,Dividend,A-share,0.49592548193378566,CNY/share,CNY,1,Forecast,Bull,Phase3_Model,Medium,Phase 3 formula model,,,,
CU_PHASE3_20260803_V1,中国联通,A/H,Forecast,2033,Annual,FC_AR,应收账款,Balance Sheet,Working Capital,81.38322446857171,RMB bn,CNY,1,Forecast,Bull,Phase3_Model,Medium,Phase 3 formula model,,,,
CU_PHASE3_20260803_V1,中国联通,A/H,Forecast,2033,Annual,FC_AR_DAYS,应收账款天数,Balance Sheet,Working Capital,55.0,days,CNY,1,Forecast,Bull,Phase3_Model,Medium,Phase 3 formula model,,,,
CU_PHASE3_20260803_V1,中国联通,A/H,Forecast,2034,Annual,FC_REV_TOC,ToC移动收入,Revenue,ToC Mobile,182.79026166955381,RMB bn,CNY,1,Forecast,Bull,Phase3_Model,Medium,Phase 3 formula model,,,,
CU_PHASE3_20260803_V1,中国联通,A/H,Forecast,2034,Annual,FC_REV_HOME,家庭宽带与智慧家庭收入,Revenue,Home,56.346183666485345,RMB bn,CNY,1,Forecast,Bull,Phase3_Model,Medium,Phase 3 formula model,,,,
CU_PHASE3_20260803_V1,中国联通,A/H,Forecast,2034,Annual,FC_REV_ENTERPRISE,企业连接与传统网络收入,Revenue,Enterprise Connectivity,57.98526556236106,RMB bn,CNY,1,Forecast,Bull,Phase3_Model,Medium,Phase 3 formula model,,,,
CU_PHASE3_20260803_V1,中国联通,A/H,Forecast,2034,Annual,FC_REV_NONAI_DIGITAL,非AI云与数字化收入,Revenue,Cloud & Digital,64.18395148096803,RMB bn,CNY,1,Forecast,Bull,Phase3_Model,Medium,Phase 3 formula model,,,,
CU_PHASE3_20260803_V1,中国联通,A/H,Forecast,2034,Annual,FC_REV_AI_AIDC,AI/AIDC与算力收入,Revenue,AI/AIDC,113.54540044774697,RMB bn,CNY,1,Forecast,Bull,Phase3_Model,Medium,Phase 3 formula model,,,,
CU_PHASE3_20260803_V1,中国联通,A/H,Forecast,2034,Annual,FC_REV_IOT,物联网收入,Revenue,IoT,23.396901836073667,RMB bn,CNY,1,Forecast,Bull,Phase3_Model,Medium,Phase 3 formula model,,,,
CU_PHASE3_20260803_V1,中国联通,A/H,Forecast,2034,Annual,FC_SERVICE_REV,服务收入,Revenue,Group,498.2479646631889,RMB bn,CNY,1,Forecast,Bull,Phase3_Model,Medium,Phase 3 formula model,,,,
CU_PHASE3_20260803_V1,中国联通,A/H,Forecast,2034,Annual,FC_REV_TERMINAL,终端及其他销售收入,Revenue,Terminal,52.64248023952465,RMB bn,CNY,1,Forecast,Bull,Phase3_Model,Medium,Phase 3 formula model,,,,
CU_PHASE3_20260803_V1,中国联通,A/H,Forecast,2034,Annual,FC_REV_TOTAL,营业收入,Revenue,Group,550.8904449027135,RMB bn,CNY,1,Forecast,Bull,Phase3_Model,Medium,Phase 3 formula model,,,,
CU_PHASE3_20260803_V1,中国联通,A/H,Forecast,2034,Annual,FC_EBITDA,EBITDA,Financial,Group,157.9752523657334,RMB bn,CNY,1,Forecast,Bull,Phase3_Model,Medium,Phase 3 formula model,,,,
CU_PHASE3_20260803_V1,中国联通,A/H,Forecast,2034,Annual,FC_DA,折旧摊销,Cost,Group,92.73751753097855,RMB bn,CNY,1,Forecast,Bull,Phase3_Model,Medium,Phase 3 formula model,,,,
CU_PHASE3_20260803_V1,中国联通,A/H,Forecast,2034,Annual,FC_EBIT,EBIT,Financial,Group,65.23773483475486,RMB bn,CNY,1,Forecast,Bull,Phase3_Model,Medium,Phase 3 formula model,,,,
CU_PHASE3_20260803_V1,中国联通,A/H,Forecast,2034,Annual,FC_PBT,税前利润,Financial,Group,72.81773177415143,RMB bn,CNY,1,Forecast,Bull,Phase3_Model,Medium,Phase 3 formula model,,,,
CU_PHASE3_20260803_V1,中国联通,A/H,Forecast,2034,Annual,FC_H_ATTR_PROFIT,H股股东应占利润,Financial,H-share,59.804292884463386,RMB bn,CNY,1,Forecast,Bull,Phase3_Model,Medium,Phase 3 formula model,,,,
CU_PHASE3_20260803_V1,中国联通,A/H,Forecast,2034,Annual,FC_A_ATTR_PROFIT,A股归母净利润,Financial,A-share,26.225402533098904,RMB bn,CNY,1,Forecast,Bull,Phase3_Model,Medium,Phase 3 formula model,,,,
CU_PHASE3_20260803_V1,中国联通,A/H,Forecast,2034,Annual,FC_CFO,经营现金流,Cash Flow,Group,144.58108350950835,RMB bn,CNY,1,Forecast,Bull,Phase3_Model,Medium,Phase 3 formula model,,,,
CU_PHASE3_20260803_V1,中国联通,A/H,Forecast,2034,Annual,FC_CAPEX,资本开支,Capital,Group,74.73719469947834,RMB bn,CNY,1,Forecast,Bull,Phase3_Model,Medium,Phase 3 formula model,,,,
CU_PHASE3_20260803_V1,中国联通,A/H,Forecast,2034,Annual,FC_FCF,自由现金流,Cash Flow,Group,69.84388881003001,RMB bn,CNY,1,Forecast,Bull,Phase3_Model,Medium,Phase 3 formula model,,,,
CU_PHASE3_20260803_V1,中国联通,A/H,Forecast,2034,Annual,FC_H_DPS,H股DPS,Dividend,H-share,1.2899808256665741,RMB/share,CNY,1,Forecast,Bull,Phase3_Model,Medium,Phase 3 formula model,,,,
CU_PHASE3_20260803_V1,中国联通,A/H,Forecast,2034,Annual,FC_A_DPS,A股DPS,Dividend,A-share,0.5048083142420505,CNY/share,CNY,1,Forecast,Bull,Phase3_Model,Medium,Phase 3 formula model,,,,
CU_PHASE3_20260803_V1,中国联通,A/H,Forecast,2034,Annual,FC_AR,应收账款,Balance Sheet,Working Capital,83.01088895794312,RMB bn,CNY,1,Forecast,Bull,Phase3_Model,Medium,Phase 3 formula model,,,,
CU_PHASE3_20260803_V1,中国联通,A/H,Forecast,2034,Annual,FC_AR_DAYS,应收账款天数,Balance Sheet,Working Capital,55.0,days,CNY,1,Forecast,Bull,Phase3_Model,Medium,Phase 3 formula model,,,,
CU_PHASE3_20260803_V1,中国联通,A/H,Forecast,2035,Annual,FC_REV_TOC,ToC移动收入,Revenue,ToC Mobile,186.4460669029449,RMB bn,CNY,1,Forecast,Bull,Phase3_Model,Medium,Phase 3 formula model,,,,
CU_PHASE3_20260803_V1,中国联通,A/H,Forecast,2035,Annual,FC_REV_HOME,家庭宽带与智慧家庭收入,Revenue,Home,57.47310733981505,RMB bn,CNY,1,Forecast,Bull,Phase3_Model,Medium,Phase 3 formula model,,,,
CU_PHASE3_20260803_V1,中国联通,A/H,Forecast,2035,Annual,FC_REV_ENTERPRISE,企业连接与传统网络收入,Revenue,Enterprise Connectivity,59.14497087360828,RMB bn,CNY,1,Forecast,Bull,Phase3_Model,Medium,Phase 3 formula model,,,,
CU_PHASE3_20260803_V1,中国联通,A/H,Forecast,2035,Annual,FC_REV_NONAI_DIGITAL,非AI云与数字化收入,Revenue,Cloud & Digital,65.4676305105874,RMB bn,CNY,1,Forecast,Bull,Phase3_Model,Medium,Phase 3 formula model,,,,
CU_PHASE3_20260803_V1,中国联通,A/H,Forecast,2035,Annual,FC_REV_AI_AIDC,AI/AIDC与算力收入,Revenue,AI/AIDC,115.81630845670192,RMB bn,CNY,1,Forecast,Bull,Phase3_Model,Medium,Phase 3 formula model,,,,
CU_PHASE3_20260803_V1,中国联通,A/H,Forecast,2035,Annual,FC_REV_IOT,物联网收入,Revenue,IoT,23.86483987279514,RMB bn,CNY,1,Forecast,Bull,Phase3_Model,Medium,Phase 3 formula model,,,,
CU_PHASE3_20260803_V1,中国联通,A/H,Forecast,2035,Annual,FC_SERVICE_REV,服务收入,Revenue,Group,508.2129239564527,RMB bn,CNY,1,Forecast,Bull,Phase3_Model,Medium,Phase 3 formula model,,,,
CU_PHASE3_20260803_V1,中国联通,A/H,Forecast,2035,Annual,FC_REV_TERMINAL,终端及其他销售收入,Revenue,Terminal,53.69532984431515,RMB bn,CNY,1,Forecast,Bull,Phase3_Model,Medium,Phase 3 formula model,,,,
CU_PHASE3_20260803_V1,中国联通,A/H,Forecast,2035,Annual,FC_REV_TOTAL,营业收入,Revenue,Group,561.9082538007679,RMB bn,CNY,1,Forecast,Bull,Phase3_Model,Medium,Phase 3 formula model,,,,
CU_PHASE3_20260803_V1,中国联通,A/H,Forecast,2035,Annual,FC_EBITDA,EBITDA,Financial,Group,161.13475741304808,RMB bn,CNY,1,Forecast,Bull,Phase3_Model,Medium,Phase 3 formula model,,,,
CU_PHASE3_20260803_V1,中国联通,A/H,Forecast,2035,Annual,FC_DA,折旧摊销,Cost,Group,94.66066546593505,RMB bn,CNY,1,Forecast,Bull,Phase3_Model,Medium,Phase 3 formula model,,,,
CU_PHASE3_20260803_V1,中国联通,A/H,Forecast,2035,Annual,FC_EBIT,EBIT,Financial,Group,66.47409194711302,RMB bn,CNY,1,Forecast,Bull,Phase3_Model,Medium,Phase 3 formula model,,,,
CU_PHASE3_20260803_V1,中国联通,A/H,Forecast,2035,Annual,FC_PBT,税前利润,Financial,Group,74.12988885590354,RMB bn,CNY,1,Forecast,Bull,Phase3_Model,Medium,Phase 3 formula model,,,,
CU_PHASE3_20260803_V1,中国联通,A/H,Forecast,2035,Annual,FC_H_ATTR_PROFIT,H股股东应占利润,Financial,H-share,60.88195109374288,RMB bn,CNY,1,Forecast,Bull,Phase3_Model,Medium,Phase 3 formula model,,,,
CU_PHASE3_20260803_V1,中国联通,A/H,Forecast,2035,Annual,FC_A_ATTR_PROFIT,A股归母净利润,Financial,A-share,26.697977643819684,RMB bn,CNY,1,Forecast,Bull,Phase3_Model,Medium,Phase 3 formula model,,,,
CU_PHASE3_20260803_V1,中国联通,A/H,Forecast,2035,Annual,FC_CFO,经营现金流,Cash Flow,Group,147.49793975160142,RMB bn,CNY,1,Forecast,Bull,Phase3_Model,Medium,Phase 3 formula model,,,,
CU_PHASE3_20260803_V1,中国联通,A/H,Forecast,2035,Annual,FC_CAPEX,资本开支,Capital,Group,76.2319385934679,RMB bn,CNY,1,Forecast,Bull,Phase3_Model,Medium,Phase 3 formula model,,,,
CU_PHASE3_20260803_V1,中国联通,A/H,Forecast,2035,Annual,FC_FCF,自由现金流,Cash Flow,Group,71.26600115813352,RMB bn,CNY,1,Forecast,Bull,Phase3_Model,Medium,Phase 3 formula model,,,,
CU_PHASE3_20260803_V1,中国联通,A/H,Forecast,2035,Annual,FC_H_DPS,H股DPS,Dividend,H-share,1.3132259533914081,RMB/share,CNY,1,Forecast,Bull,Phase3_Model,Medium,Phase 3 formula model,,,,
CU_PHASE3_20260803_V1,中国联通,A/H,Forecast,2035,Annual,FC_A_DPS,A股DPS,Dividend,A-share,0.5139048321961458,CNY/share,CNY,1,Forecast,Bull,Phase3_Model,Medium,Phase 3 formula model,,,,
CU_PHASE3_20260803_V1,中国联通,A/H,Forecast,2035,Annual,FC_AR,应收账款,Balance Sheet,Working Capital,84.67110673710201,RMB bn,CNY,1,Forecast,Bull,Phase3_Model,Medium,Phase 3 formula model,,,,
CU_PHASE3_20260803_V1,中国联通,A/H,Forecast,2035,Annual,FC_AR_DAYS,应收账款天数,Balance Sheet,Working Capital,55.0,days,CNY,1,Forecast,Bull,Phase3_Model,Medium,Phase 3 formula model,,,,
CU_PHASE3_20260803_V1,中国联通,A,Latest Validation,2025Q1,Quarter,VALIDATION_2025Q1_REVENUE,2025Q1营业收入,Validation,Latest Quarter,103.353771882,RMB bn,CNY,1,Actual,Actual,S_A2025Q1,High,,,,,
CU_PHASE3_20260803_V1,中国联通,A,Latest Validation,2025Q1,Quarter,VALIDATION_2025Q1_A_PROFIT,2025Q1A股归母净利润,Validation,Latest Quarter,2.606,RMB bn,CNY,1,Actual,Actual,S_A2025Q1,High,,,,,
CU_PHASE3_20260803_V1,中国联通,A,Latest Validation,2026Q1,Quarter,VALIDATION_2026Q1_REVENUE,2026Q1营业收入,Validation,Latest Quarter,102.8,RMB bn,CNY,1,Actual,Actual,S_A2026Q1,High,,,,,
CU_PHASE3_20260803_V1,中国联通,A,Latest Validation,2026Q1,Quarter,VALIDATION_2026Q1_SERVICE,2026Q1服务收入,Validation,Latest Quarter,90.058,RMB bn,CNY,1,Actual,Actual,S_A2026Q1,High,,,,,
CU_PHASE3_20260803_V1,中国联通,A,Latest Validation,2026Q1,Quarter,VALIDATION_2026Q1_A_PROFIT,2026Q1A股归母净利润,Validation,Latest Quarter,2.137,RMB bn,CNY,1,Actual,Actual,S_A2026Q1,High,,,,,
CU_PHASE4_FINAL_20260803_V1,中国联通,A/H,Valuation,2026-07-31,Point,VAL_A_PRICE,A股估值基准价格,Market,Valuation,4.46,CNY/share,CNY,1,Derived,Actual,S_MARKET_A_20260731,Medium,,,,,
CU_PHASE4_FINAL_20260803_V1,中国联通,A/H,Valuation,2026-07-31,Point,VAL_H_PRICE,H股估值基准价格,Market,Valuation,6.72,HKD/share,HKD,1,Derived,Actual,S_MARKET_H_20260731,Medium,,,,,
CU_PHASE4_FINAL_20260803_V1,中国联通,A/H,Valuation,2026-07-31,Point,VAL_FX_HKD_CNY,港元兑人民币,Market,Valuation,0.86559,CNY/HKD,CNY,1,Derived,Actual,S_FX_20260731,Medium,,,,,
CU_PHASE4_FINAL_20260803_V1,中国联通,A/H,Valuation,2025,Annual,VAL_A_REFERENCE_PRICE,A股综合参考价值,Valuation,Composite,3.418711320133529,CNY/share,CNY,1,Derived,Bear,Phase4_Model,Medium,DCF 30%+PE 25%+PB 15%+DDM 20%+EV/EBITDA 10%,,,,
CU_PHASE4_FINAL_20260803_V1,中国联通,A/H,Valuation,2025,Annual,VAL_H_REFERENCE_PRICE,H股综合参考价值,Valuation,Composite,7.887750594173313,HKD/share,HKD,1,Derived,Bear,Phase4_Model,Medium,DCF 30%+PE 25%+PB 15%+DDM 20%+EV/EBITDA 10%,,,,
CU_PHASE4_FINAL_20260803_V1,中国联通,A/H,Valuation,2025,Annual,VAL_A_DCF,A股DCF价值,Valuation,DCF,5.174361129785951,CNY/share,CNY,1,Derived,Bear,Phase4_Model,Medium,,,,,
CU_PHASE4_FINAL_20260803_V1,中国联通,A/H,Valuation,2025,Annual,VAL_H_DCF,H股DCF价值,Valuation,DCF,13.928748993886588,HKD/share,HKD,1,Derived,Bear,Phase4_Model,Medium,,,,,
CU_PHASE4_FINAL_20260803_V1,中国联通,A/H,Valuation,2025,Annual,VAL_A_PE,A股PE价值,Valuation,PE,3.7949398451772156,CNY/share,CNY,1,Derived,Bear,Phase4_Model,Medium,,,,,
CU_PHASE4_FINAL_20260803_V1,中国联通,A/H,Valuation,2025,Annual,VAL_H_PE,H股PE价值,Valuation,PE,5.894585505376899,HKD/share,HKD,1,Derived,Bear,Phase4_Model,Medium,,,,,
CU_PHASE4_FINAL_20260803_V1,中国联通,A/H,Valuation,2025,Annual,VAL_A_PB,A股PB价值,Valuation,PB,3.079441713131904,CNY/share,CNY,1,Derived,Bear,Phase4_Model,Medium,,,,,
CU_PHASE4_FINAL_20260803_V1,中国联通,A/H,Valuation,2025,Annual,VAL_H_PB,H股PB价值,Valuation,PB,6.373023389796908,HKD/share,HKD,1,Derived,Bear,Phase4_Model,Medium,,,,,
CU_PHASE4_FINAL_20260803_V1,中国联通,A/H,Valuation,2025,Annual,VAL_A_DDM,A股DDM价值,Valuation,DDM,1.0121999465601015,CNY/share,CNY,1,Derived,Bear,Phase4_Model,Medium,,,,,
CU_PHASE4_FINAL_20260803_V1,中国联通,A/H,Valuation,2025,Annual,VAL_H_DDM,H股DDM价值,Valuation,DDM,2.9882080776086726,HKD/share,HKD,1,Derived,Bear,Phase4_Model,Medium,,,,,
CU_PHASE4_FINAL_20260803_V1,中国联通,A/H,Valuation,2025,Annual,VAL_A_EV,A股EV价值,Valuation,EV,2.5331177362163397,CNY/share,CNY,1,Derived,Bear,Phase4_Model,Medium,,,,,
CU_PHASE4_FINAL_20260803_V1,中国联通,A/H,Valuation,2025,Annual,VAL_H_EV,H股EV价值,Valuation,EV,6.818843956718417,HKD/share,HKD,1,Derived,Bear,Phase4_Model,Medium,,,,,
CU_PHASE4_FINAL_20260803_V1,中国联通,A/H,Valuation,2026,Annual,VAL_A_REFERENCE_PRICE,A股综合参考价值,Valuation,Composite,3.218716317394244,CNY/share,CNY,1,Derived,Bear,Phase4_Model,Medium,DCF 30%+PE 25%+PB 15%+DDM 20%+EV/EBITDA 10%,,,,
CU_PHASE4_FINAL_20260803_V1,中国联通,A/H,Valuation,2026,Annual,VAL_H_REFERENCE_PRICE,H股综合参考价值,Valuation,Composite,7.6698218234330655,HKD/share,HKD,1,Derived,Bear,Phase4_Model,Medium,DCF 30%+PE 25%+PB 15%+DDM 20%+EV/EBITDA 10%,,,,
CU_PHASE4_FINAL_20260803_V1,中国联通,A/H,Valuation,2026,Annual,VAL_A_DCF,A股DCF价值,Valuation,DCF,5.572782900367267,CNY/share,CNY,1,Derived,Bear,Phase4_Model,Medium,,,,,
CU_PHASE4_FINAL_20260803_V1,中国联通,A/H,Valuation,2026,Annual,VAL_H_DCF,H股DCF价值,Valuation,DCF,15.001251800886568,HKD/share,HKD,1,Derived,Bear,Phase4_Model,Medium,,,,,
CU_PHASE4_FINAL_20260803_V1,中国联通,A/H,Valuation,2026,Annual,VAL_A_PE,A股PE价值,Valuation,PE,2.6479175894849276,CNY/share,CNY,1,Derived,Bear,Phase4_Model,Medium,,,,,
CU_PHASE4_FINAL_20260803_V1,中国联通,A/H,Valuation,2026,Annual,VAL_H_PE,H股PE价值,Valuation,PE,4.112233360647213,HKD/share,HKD,1,Derived,Bear,Phase4_Model,Medium,,,,,
CU_PHASE4_FINAL_20260803_V1,中国联通,A/H,Valuation,2026,Annual,VAL_A_PB,A股PB价值,Valuation,PB,2.7162186583059946,CNY/share,CNY,1,Derived,Bear,Phase4_Model,Medium,,,,,
CU_PHASE4_FINAL_20260803_V1,中国联通,A/H,Valuation,2026,Annual,VAL_H_PB,H股PB价值,Valuation,PB,5.3560397736193455,HKD/share,HKD,1,Derived,Bear,Phase4_Model,Medium,,,,,
CU_PHASE4_FINAL_20260803_V1,中国联通,A/H,Valuation,2026,Annual,VAL_A_DDM,A股DDM价值,Valuation,DDM,1.012106531104191,CNY/share,CNY,1,Derived,Bear,Phase4_Model,Medium,,,,,
CU_PHASE4_FINAL_20260803_V1,中国联通,A/H,Valuation,2026,Annual,VAL_H_DDM,H股DDM价值,Valuation,DDM,2.9879322972938502,HKD/share,HKD,1,Derived,Bear,Phase4_Model,Medium,,,,,
CU_PHASE4_FINAL_20260803_V1,中国联通,A/H,Valuation,2026,Annual,VAL_A_EV,A股EV价值,Valuation,EV,2.7504794494609457,CNY/share,CNY,1,Derived,Bear,Phase4_Model,Medium,,,,,
CU_PHASE4_FINAL_20260803_V1,中国联通,A/H,Valuation,2026,Annual,VAL_H_EV,H股EV价值,Valuation,EV,7.403955175036207,HKD/share,HKD,1,Derived,Bear,Phase4_Model,Medium,,,,,
CU_PHASE4_FINAL_20260803_V1,中国联通,A/H,Valuation,2027,Annual,VAL_A_REFERENCE_PRICE,A股综合参考价值,Valuation,Composite,3.379560317726616,CNY/share,CNY,1,Derived,Bear,Phase4_Model,Medium,DCF 30%+PE 25%+PB 15%+DDM 20%+EV/EBITDA 10%,,,,
CU_PHASE4_FINAL_20260803_V1,中国联通,A/H,Valuation,2027,Annual,VAL_H_REFERENCE_PRICE,H股综合参考价值,Valuation,Composite,8.092626368185027,HKD/share,HKD,1,Derived,Bear,Phase4_Model,Medium,DCF 30%+PE 25%+PB 15%+DDM 20%+EV/EBITDA 10%,,,,
CU_PHASE4_FINAL_20260803_V1,中国联通,A/H,Valuation,2027,Annual,VAL_A_DCF,A股DCF价值,Valuation,DCF,5.975587140978161,CNY/share,CNY,1,Derived,Bear,Phase4_Model,Medium,,,,,
CU_PHASE4_FINAL_20260803_V1,中国联通,A/H,Valuation,2027,Annual,VAL_H_DCF,H股DCF价值,Valuation,DCF,16.085551682633387,HKD/share,HKD,1,Derived,Bear,Phase4_Model,Medium,,,,,
CU_PHASE4_FINAL_20260803_V1,中国联通,A/H,Valuation,2027,Annual,VAL_A_PE,A股PE价值,Valuation,PE,2.663978128122381,CNY/share,CNY,1,Derived,Bear,Phase4_Model,Medium,,,,,
CU_PHASE4_FINAL_20260803_V1,中国联通,A/H,Valuation,2027,Annual,VAL_H_PE,H股PE价值,Valuation,PE,4.137175482349629,HKD/share,HKD,1,Derived,Bear,Phase4_Model,Medium,,,,,
CU_PHASE4_FINAL_20260803_V1,中国联通,A/H,Valuation,2027,Annual,VAL_A_PB,A股PB价值,Valuation,PB,2.7519600930315327,CNY/share,CNY,1,Derived,Bear,Phase4_Model,Medium,,,,,
CU_PHASE4_FINAL_20260803_V1,中国联通,A/H,Valuation,2027,Annual,VAL_H_PB,H股PB价值,Valuation,PB,5.415220857590094,HKD/share,HKD,1,Derived,Bear,Phase4_Model,Medium,,,,,
CU_PHASE4_FINAL_20260803_V1,中国联通,A/H,Valuation,2027,Annual,VAL_A_DDM,A股DDM价值,Valuation,DDM,1.011326945536534,CNY/share,CNY,1,Derived,Bear,Phase4_Model,Medium,,,,,
CU_PHASE4_FINAL_20260803_V1,中国联通,A/H,Valuation,2027,Annual,VAL_H_DDM,H股DDM价值,Valuation,DDM,2.9856308114082033,HKD/share,HKD,1,Derived,Bear,Phase4_Model,Medium,,,,,
CU_PHASE4_FINAL_20260803_V1,中国联通,A/H,Valuation,2027,Annual,VAL_A_EV,A股EV价值,Valuation,EV,3.0583024034053565,CNY/share,CNY,1,Derived,Bear,Phase4_Model,Medium,,,,,
CU_PHASE4_FINAL_20260803_V1,中国联通,A/H,Valuation,2027,Annual,VAL_H_EV,H股EV价值,Valuation,EV,8.232577018874496,HKD/share,HKD,1,Derived,Bear,Phase4_Model,Medium,,,,,
CU_PHASE4_FINAL_20260803_V1,中国联通,A/H,Valuation,2028,Annual,VAL_A_REFERENCE_PRICE,A股综合参考价值,Valuation,Composite,3.5263849756997425,CNY/share,CNY,1,Derived,Bear,Phase4_Model,Medium,DCF 30%+PE 25%+PB 15%+DDM 20%+EV/EBITDA 10%,,,,
CU_PHASE4_FINAL_20260803_V1,中国联通,A/H,Valuation,2028,Annual,VAL_H_REFERENCE_PRICE,H股综合参考价值,Valuation,Composite,8.495884602971843,HKD/share,HKD,1,Derived,Bear,Phase4_Model,Medium,DCF 30%+PE 25%+PB 15%+DDM 20%+EV/EBITDA 10%,,,,
CU_PHASE4_FINAL_20260803_V1,中国联通,A/H,Valuation,2028,Annual,VAL_A_DCF,A股DCF价值,Valuation,DCF,6.392154141965419,CNY/share,CNY,1,Derived,Bear,Phase4_Model,Medium,,,,,
CU_PHASE4_FINAL_20260803_V1,中国联通,A/H,Valuation,2028,Annual,VAL_H_DCF,H股DCF价值,Valuation,DCF,17.20689923653472,HKD/share,HKD,1,Derived,Bear,Phase4_Model,Medium,,,,,
CU_PHASE4_FINAL_20260803_V1,中国联通,A/H,Valuation,2028,Annual,VAL_A_PE,A股PE价值,Valuation,PE,2.6168765465979638,CNY/share,CNY,1,Derived,Bear,Phase4_Model,Medium,,,,,
CU_PHASE4_FINAL_20260803_V1,中国联通,A/H,Valuation,2028,Annual,VAL_H_PE,H股PE价值,Valuation,PE,4.064026417721212,HKD/share,HKD,1,Derived,Bear,Phase4_Model,Medium,,,,,
CU_PHASE4_FINAL_20260803_V1,中国联通,A/H,Valuation,2028,Annual,VAL_A_PB,A股PB价值,Valuation,PB,2.7647237055115905,CNY/share,CNY,1,Derived,Bear,Phase4_Model,Medium,,,,,
CU_PHASE4_FINAL_20260803_V1,中国联通,A/H,Valuation,2028,Annual,VAL_H_PB,H股PB价值,Valuation,PB,5.413281311913598,HKD/share,HKD,1,Derived,Bear,Phase4_Model,Medium,,,,,
CU_PHASE4_FINAL_20260803_V1,中国联通,A/H,Valuation,2028,Annual,VAL_A_DDM,A股DDM价值,Valuation,DDM,1.0124438364422315,CNY/share,CNY,1,Derived,Bear,Phase4_Model,Medium,,,,,
CU_PHASE4_FINAL_20260803_V1,中国联通,A/H,Valuation,2028,Annual,VAL_H_DDM,H股DDM价值,Valuation,DDM,2.9889280872454096,HKD/share,HKD,1,Derived,Bear,Phase4_Model,Medium,,,,,
CU_PHASE4_FINAL_20260803_V1,中国联通,A/H,Valuation,2028,Annual,VAL_A_EV,A股EV价值,Valuation,EV,3.373222733454413,CNY/share,CNY,1,Derived,Bear,Phase4_Model,Medium,,,,,
CU_PHASE4_FINAL_20260803_V1,中国联通,A/H,Valuation,2028,Annual,VAL_H_EV,H股EV价值,Valuation,EV,9.080304133450028,HKD/share,HKD,1,Derived,Bear,Phase4_Model,Medium,,,,,
CU_PHASE4_FINAL_20260803_V1,中国联通,A/H,Valuation,2029,Annual,VAL_A_REFERENCE_PRICE,A股综合参考价值,Valuation,Composite,3.6817902387671584,CNY/share,CNY,1,Derived,Bear,Phase4_Model,Medium,DCF 30%+PE 25%+PB 15%+DDM 20%+EV/EBITDA 10%,,,,
CU_PHASE4_FINAL_20260803_V1,中国联通,A/H,Valuation,2029,Annual,VAL_H_REFERENCE_PRICE,H股综合参考价值,Valuation,Composite,8.919175842299213,HKD/share,HKD,1,Derived,Bear,Phase4_Model,Medium,DCF 30%+PE 25%+PB 15%+DDM 20%+EV/EBITDA 10%,,,,
CU_PHASE4_FINAL_20260803_V1,中国联通,A/H,Valuation,2029,Annual,VAL_A_DCF,A股DCF价值,Valuation,DCF,6.822796194834827,CNY/share,CNY,1,Derived,Bear,Phase4_Model,Medium,,,,,
CU_PHASE4_FINAL_20260803_V1,中国联通,A/H,Valuation,2029,Annual,VAL_H_DCF,H股DCF价值,Valuation,DCF,18.366135113230897,HKD/share,HKD,1,Derived,Bear,Phase4_Model,Medium,,,,,
CU_PHASE4_FINAL_20260803_V1,中国联通,A/H,Valuation,2029,Annual,VAL_A_PE,A股PE价值,Valuation,PE,2.5810887941321616,CNY/share,CNY,1,Derived,Bear,Phase4_Model,Medium,,,,,
CU_PHASE4_FINAL_20260803_V1,中国联通,A/H,Valuation,2029,Annual,VAL_H_PE,H股PE价值,Valuation,PE,4.008447803727759,HKD/share,HKD,1,Derived,Bear,Phase4_Model,Medium,,,,,
CU_PHASE4_FINAL_20260803_V1,中国联通,A/H,Valuation,2029,Annual,VAL_A_PB,A股PB价值,Valuation,PB,2.781119408579356,CNY/share,CNY,1,Derived,Bear,Phase4_Model,Medium,,,,,
CU_PHASE4_FINAL_20260803_V1,中国联通,A/H,Valuation,2029,Annual,VAL_H_PB,H股PB价值,Valuation,PB,5.4215956026578755,HKD/share,HKD,1,Derived,Bear,Phase4_Model,Medium,,,,,
CU_PHASE4_FINAL_20260803_V1,中国联通,A/H,Valuation,2029,Annual,VAL_A_DDM,A股DDM价值,Valuation,DDM,1.015189683146718,CNY/share,CNY,1,Derived,Bear,Phase4_Model,Medium,,,,,
CU_PHASE4_FINAL_20260803_V1,中国联通,A/H,Valuation,2029,Annual,VAL_H_DDM,H股DDM价值,Valuation,DDM,2.9970343525441834,HKD/share,HKD,1,Derived,Bear,Phase4_Model,Medium,,,,,
CU_PHASE4_FINAL_20260803_V1,中国联通,A/H,Valuation,2029,Annual,VAL_A_EV,A股EV价值,Valuation,EV,3.6947333386742343,CNY/share,CNY,1,Derived,Bear,Phase4_Model,Medium,,,,,
CU_PHASE4_FINAL_20260803_V1,中国联通,A/H,Valuation,2029,Annual,VAL_H_EV,H股EV价值,Valuation,EV,9.945771464904857,HKD/share,HKD,1,Derived,Bear,Phase4_Model,Medium,,,,,
CU_PHASE4_FINAL_20260803_V1,中国联通,A/H,Valuation,2030,Annual,VAL_A_REFERENCE_PRICE,A股综合参考价值,Valuation,Composite,3.8455905926816585,CNY/share,CNY,1,Derived,Bear,Phase4_Model,Medium,DCF 30%+PE 25%+PB 15%+DDM 20%+EV/EBITDA 10%,,,,
CU_PHASE4_FINAL_20260803_V1,中国联通,A/H,Valuation,2030,Annual,VAL_H_REFERENCE_PRICE,H股综合参考价值,Valuation,Composite,9.362187072792477,HKD/share,HKD,1,Derived,Bear,Phase4_Model,Medium,DCF 30%+PE 25%+PB 15%+DDM 20%+EV/EBITDA 10%,,,,
CU_PHASE4_FINAL_20260803_V1,中国联通,A/H,Valuation,2030,Annual,VAL_A_DCF,A股DCF价值,Valuation,DCF,7.2679535897019765,CNY/share,CNY,1,Derived,Bear,Phase4_Model,Medium,,,,,
CU_PHASE4_FINAL_20260803_V1,中国联通,A/H,Valuation,2030,Annual,VAL_H_DCF,H股DCF价值,Valuation,DCF,19.564444520006585,HKD/share,HKD,1,Derived,Bear,Phase4_Model,Medium,,,,,
CU_PHASE4_FINAL_20260803_V1,中国联通,A/H,Valuation,2030,Annual,VAL_A_PE,A股PE价值,Valuation,PE,2.5558365793340747,CNY/share,CNY,1,Derived,Bear,Phase4_Model,Medium,,,,,
CU_PHASE4_FINAL_20260803_V1,中国联通,A/H,Valuation,2030,Annual,VAL_H_PE,H股PE价值,Valuation,PE,3.969230948741303,HKD/share,HKD,1,Derived,Bear,Phase4_Model,Medium,,,,,
CU_PHASE4_FINAL_20260803_V1,中国联通,A/H,Valuation,2030,Annual,VAL_A_PB,A股PB价值,Valuation,PB,2.800983139296649,CNY/share,CNY,1,Derived,Bear,Phase4_Model,Medium,,,,,
CU_PHASE4_FINAL_20260803_V1,中国联通,A/H,Valuation,2030,Annual,VAL_H_PB,H股PB价值,Valuation,PB,5.439578956053113,HKD/share,HKD,1,Derived,Bear,Phase4_Model,Medium,,,,,
CU_PHASE4_FINAL_20260803_V1,中国联通,A/H,Valuation,2030,Annual,VAL_A_DDM,A股DDM价值,Valuation,DDM,1.0193002914471343,CNY/share,CNY,1,Derived,Bear,Phase4_Model,Medium,,,,,
CU_PHASE4_FINAL_20260803_V1,中国联通,A/H,Valuation,2030,Annual,VAL_H_DDM,H股DDM价值,Valuation,DDM,3.0091696554247402,HKD/share,HKD,1,Derived,Bear,Phase4_Model,Medium,,,,,
CU_PHASE4_FINAL_20260803_V1,中国联通,A/H,Valuation,2030,Annual,VAL_A_EV,A股EV价值,Valuation,EV,4.022378417536227,CNY/share,CNY,1,Derived,Bear,Phase4_Model,Medium,,,,,
CU_PHASE4_FINAL_20260803_V1,中国联通,A/H,Valuation,2030,Annual,VAL_H_EV,H股EV价值,Valuation,EV,10.827752051122594,HKD/share,HKD,1,Derived,Bear,Phase4_Model,Medium,,,,,
CU_PHASE4_FINAL_20260803_V1,中国联通,A/H,Valuation,2031,Annual,VAL_A_REFERENCE_PRICE,A股综合参考价值,Valuation,Composite,3.9950820037956762,CNY/share,CNY,1,Derived,Bear,Phase4_Model,Medium,DCF 30%+PE 25%+PB 15%+DDM 20%+EV/EBITDA 10%,,,,
CU_PHASE4_FINAL_20260803_V1,中国联通,A/H,Valuation,2031,Annual,VAL_H_REFERENCE_PRICE,H股综合参考价值,Valuation,Composite,9.79276935727098,HKD/share,HKD,1,Derived,Bear,Phase4_Model,Medium,DCF 30%+PE 25%+PB 15%+DDM 20%+EV/EBITDA 10%,,,,
CU_PHASE4_FINAL_20260803_V1,中国联通,A/H,Valuation,2031,Annual,VAL_A_DCF,A股DCF价值,Valuation,DCF,7.732796781399107,CNY/share,CNY,1,Derived,Bear,Phase4_Model,Medium,,,,,
CU_PHASE4_FINAL_20260803_V1,中国联通,A/H,Valuation,2031,Annual,VAL_H_DCF,H股DCF价值,Valuation,DCF,20.815745690579167,HKD/share,HKD,1,Derived,Bear,Phase4_Model,Medium,,,,,
CU_PHASE4_FINAL_20260803_V1,中国联通,A/H,Valuation,2031,Annual,VAL_A_PE,A股PE价值,Valuation,PE,2.4408126850910374,CNY/share,CNY,1,Derived,Bear,Phase4_Model,Medium,,,,,
CU_PHASE4_FINAL_20260803_V1,中国联通,A/H,Valuation,2031,Annual,VAL_H_PE,H股PE价值,Valuation,PE,3.790598087561592,HKD/share,HKD,1,Derived,Bear,Phase4_Model,Medium,,,,,
CU_PHASE4_FINAL_20260803_V1,中国联通,A/H,Valuation,2031,Annual,VAL_A_PB,A股PB价值,Valuation,PB,2.7877058330410187,CNY/share,CNY,1,Derived,Bear,Phase4_Model,Medium,,,,,
CU_PHASE4_FINAL_20260803_V1,中国联通,A/H,Valuation,2031,Annual,VAL_H_PB,H股PB价值,Valuation,PB,5.37004282266504,HKD/share,HKD,1,Derived,Bear,Phase4_Model,Medium,,,,,
CU_PHASE4_FINAL_20260803_V1,中国联通,A/H,Valuation,2031,Annual,VAL_A_DDM,A股DDM价值,Valuation,DDM,1.0287037515886603,CNY/share,CNY,1,Derived,Bear,Phase4_Model,Medium,,,,,
CU_PHASE4_FINAL_20260803_V1,中国联通,A/H,Valuation,2031,Annual,VAL_H_DDM,H股DDM价值,Valuation,DDM,3.036930470516535,HKD/share,HKD,1,Derived,Bear,Phase4_Model,Medium,,,,,
CU_PHASE4_FINAL_20260803_V1,中国联通,A/H,Valuation,2031,Annual,VAL_A_EV,A股EV价值,Valuation,EV,4.411431728293,CNY/share,CNY,1,Derived,Bear,Phase4_Model,Medium,,,,,
CU_PHASE4_FINAL_20260803_V1,中国联通,A/H,Valuation,2031,Annual,VAL_H_EV,H股EV价值,Valuation,EV,11.875036107037689,HKD/share,HKD,1,Derived,Bear,Phase4_Model,Medium,,,,,
CU_PHASE4_FINAL_20260803_V1,中国联通,A/H,Valuation,2032,Annual,VAL_A_REFERENCE_PRICE,A股综合参考价值,Valuation,Composite,4.170950492289307,CNY/share,CNY,1,Derived,Bear,Phase4_Model,Medium,DCF 30%+PE 25%+PB 15%+DDM 20%+EV/EBITDA 10%,,,,
CU_PHASE4_FINAL_20260803_V1,中国联通,A/H,Valuation,2032,Annual,VAL_H_REFERENCE_PRICE,H股综合参考价值,Valuation,Composite,10.273374553634405,HKD/share,HKD,1,Derived,Bear,Phase4_Model,Medium,DCF 30%+PE 25%+PB 15%+DDM 20%+EV/EBITDA 10%,,,,
CU_PHASE4_FINAL_20260803_V1,中国联通,A/H,Valuation,2032,Annual,VAL_A_DCF,A股DCF价值,Valuation,DCF,8.207849862936005,CNY/share,CNY,1,Derived,Bear,Phase4_Model,Medium,,,,,
CU_PHASE4_FINAL_20260803_V1,中国联通,A/H,Valuation,2032,Annual,VAL_H_DCF,H股DCF价值,Valuation,DCF,22.094530639200155,HKD/share,HKD,1,Derived,Bear,Phase4_Model,Medium,,,,,
CU_PHASE4_FINAL_20260803_V1,中国联通,A/H,Valuation,2032,Annual,VAL_A_PE,A股PE价值,Valuation,PE,2.4002309548039507,CNY/share,CNY,1,Derived,Bear,Phase4_Model,Medium,,,,,
CU_PHASE4_FINAL_20260803_V1,中国联通,A/H,Valuation,2032,Annual,VAL_H_PE,H股PE价值,Valuation,PE,3.7275743946105555,HKD/share,HKD,1,Derived,Bear,Phase4_Model,Medium,,,,,
CU_PHASE4_FINAL_20260803_V1,中国联通,A/H,Valuation,2032,Annual,VAL_A_PB,A股PB价值,Valuation,PB,2.8004061468345025,CNY/share,CNY,1,Derived,Bear,Phase4_Model,Medium,,,,,
CU_PHASE4_FINAL_20260803_V1,中国联通,A/H,Valuation,2032,Annual,VAL_H_PB,H股PB价值,Valuation,PB,5.370910496313335,HKD/share,HKD,1,Derived,Bear,Phase4_Model,Medium,,,,,
CU_PHASE4_FINAL_20260803_V1,中国联通,A/H,Valuation,2032,Annual,VAL_A_DDM,A股DDM价值,Valuation,DDM,1.0408494407145494,CNY/share,CNY,1,Derived,Bear,Phase4_Model,Medium,,,,,
CU_PHASE4_FINAL_20260803_V1,中国联通,A/H,Valuation,2032,Annual,VAL_H_DDM,H股DDM价值,Valuation,DDM,3.072786870704509,HKD/share,HKD,1,Derived,Bear,Phase4_Model,Medium,,,,,
CU_PHASE4_FINAL_20260803_V1,中国联通,A/H,Valuation,2032,Annual,VAL_A_EV,A股EV价值,Valuation,EV,4.803069845394322,CNY/share,CNY,1,Derived,Bear,Phase4_Model,Medium,,,,,
CU_PHASE4_FINAL_20260803_V1,中国联通,A/H,Valuation,2032,Annual,VAL_H_EV,H股EV价值,Valuation,EV,12.929278146338172,HKD/share,HKD,1,Derived,Bear,Phase4_Model,Medium,,,,,
CU_PHASE4_FINAL_20260803_V1,中国联通,A/H,Valuation,2033,Annual,VAL_A_REFERENCE_PRICE,A股综合参考价值,Valuation,Composite,4.351830569050697,CNY/share,CNY,1,Derived,Bear,Phase4_Model,Medium,DCF 30%+PE 25%+PB 15%+DDM 20%+EV/EBITDA 10%,,,,
CU_PHASE4_FINAL_20260803_V1,中国联通,A/H,Valuation,2033,Annual,VAL_H_REFERENCE_PRICE,H股综合参考价值,Valuation,Composite,10.766774079953523,HKD/share,HKD,1,Derived,Bear,Phase4_Model,Medium,DCF 30%+PE 25%+PB 15%+DDM 20%+EV/EBITDA 10%,,,,
CU_PHASE4_FINAL_20260803_V1,中国联通,A/H,Valuation,2033,Annual,VAL_A_DCF,A股DCF价值,Valuation,DCF,8.693801753262232,CNY/share,CNY,1,Derived,Bear,Phase4_Model,Medium,,,,,
CU_PHASE4_FINAL_20260803_V1,中国联通,A/H,Valuation,2033,Annual,VAL_H_DCF,H股DCF价值,Valuation,DCF,23.402653851647596,HKD/share,HKD,1,Derived,Bear,Phase4_Model,Medium,,,,,
CU_PHASE4_FINAL_20260803_V1,中国联通,A/H,Valuation,2033,Annual,VAL_A_PE,A股PE价值,Valuation,PE,2.3628957629398313,CNY/share,CNY,1,Derived,Bear,Phase4_Model,Medium,,,,,
CU_PHASE4_FINAL_20260803_V1,中国联通,A/H,Valuation,2033,Annual,VAL_H_PE,H股PE价值,Valuation,PE,3.6695925970956025,HKD/share,HKD,1,Derived,Bear,Phase4_Model,Medium,,,,,
CU_PHASE4_FINAL_20260803_V1,中国联通,A/H,Valuation,2033,Annual,VAL_A_PB,A股PB价值,Valuation,PB,2.8138468578339384,CNY/share,CNY,1,Derived,Bear,Phase4_Model,Medium,,,,,
CU_PHASE4_FINAL_20260803_V1,中国联通,A/H,Valuation,2033,Annual,VAL_H_PB,H股PB价值,Valuation,PB,5.374282789381011,HKD/share,HKD,1,Derived,Bear,Phase4_Model,Medium,,,,,
CU_PHASE4_FINAL_20260803_V1,中国联通,A/H,Valuation,2033,Annual,VAL_A_DDM,A股DDM价值,Valuation,DDM,1.055902376143578,CNY/share,CNY,1,Derived,Bear,Phase4_Model,Medium,,,,,
CU_PHASE4_FINAL_20260803_V1,中国联通,A/H,Valuation,2033,Annual,VAL_H_DDM,H股DDM价值,Valuation,DDM,3.1172260187143577,HKD/share,HKD,1,Derived,Bear,Phase4_Model,Medium,,,,,
CU_PHASE4_FINAL_20260803_V1,中国联通,A/H,Valuation,2033,Annual,VAL_A_EV,A股EV价值,Valuation,EV,5.197085984332627,CNY/share,CNY,1,Derived,Bear,Phase4_Model,Medium,,,,,
CU_PHASE4_FINAL_20260803_V1,中国联通,A/H,Valuation,2033,Annual,VAL_H_EV,H股EV价值,Valuation,EV,13.989921530353199,HKD/share,HKD,1,Derived,Bear,Phase4_Model,Medium,,,,,
CU_PHASE4_FINAL_20260803_V1,中国联通,A/H,Valuation,2034,Annual,VAL_A_REFERENCE_PRICE,A股综合参考价值,Valuation,Composite,4.537907881587142,CNY/share,CNY,1,Derived,Bear,Phase4_Model,Medium,DCF 30%+PE 25%+PB 15%+DDM 20%+EV/EBITDA 10%,,,,
CU_PHASE4_FINAL_20260803_V1,中国联通,A/H,Valuation,2034,Annual,VAL_H_REFERENCE_PRICE,H股综合参考价值,Valuation,Composite,11.273545650177814,HKD/share,HKD,1,Derived,Bear,Phase4_Model,Medium,DCF 30%+PE 25%+PB 15%+DDM 20%+EV/EBITDA 10%,,,,
CU_PHASE4_FINAL_20260803_V1,中国联通,A/H,Valuation,2034,Annual,VAL_A_DCF,A股DCF价值,Valuation,DCF,9.19145188592644,CNY/share,CNY,1,Derived,Bear,Phase4_Model,Medium,,,,,
CU_PHASE4_FINAL_20260803_V1,中国联通,A/H,Valuation,2034,Annual,VAL_H_DCF,H股DCF价值,Valuation,DCF,24.7422673055197,HKD/share,HKD,1,Derived,Bear,Phase4_Model,Medium,,,,,
CU_PHASE4_FINAL_20260803_V1,中国联通,A/H,Valuation,2034,Annual,VAL_A_PE,A股PE价值,Valuation,PE,2.328547386424841,CNY/share,CNY,1,Derived,Bear,Phase4_Model,Medium,,,,,
CU_PHASE4_FINAL_20260803_V1,中国联通,A/H,Valuation,2034,Annual,VAL_H_PE,H股PE价值,Valuation,PE,3.616249343381846,HKD/share,HKD,1,Derived,Bear,Phase4_Model,Medium,,,,,
CU_PHASE4_FINAL_20260803_V1,中国联通,A/H,Valuation,2034,Annual,VAL_A_PB,A股PB价值,Valuation,PB,2.8279676493404935,CNY/share,CNY,1,Derived,Bear,Phase4_Model,Medium,,,,,
CU_PHASE4_FINAL_20260803_V1,中国联通,A/H,Valuation,2034,Annual,VAL_H_PB,H股PB价值,Valuation,PB,5.379956805769359,HKD/share,HKD,1,Derived,Bear,Phase4_Model,Medium,,,,,
CU_PHASE4_FINAL_20260803_V1,中国联通,A/H,Valuation,2034,Annual,VAL_A_DDM,A股DDM价值,Valuation,DDM,1.0740566573291477,CNY/share,CNY,1,Derived,Bear,Phase4_Model,Medium,,,,,
CU_PHASE4_FINAL_20260803_V1,中国联通,A/H,Valuation,2034,Annual,VAL_H_DDM,H股DDM价值,Valuation,DDM,3.170820933302389,HKD/share,HKD,1,Derived,Bear,Phase4_Model,Medium,,,,,
CU_PHASE4_FINAL_20260803_V1,中国联通,A/H,Valuation,2034,Annual,VAL_A_EV,A股EV价值,Valuation,EV,5.59328990336096,CNY/share,CNY,1,Derived,Bear,Phase4_Model,Medium,,,,,
CU_PHASE4_FINAL_20260803_V1,中国联通,A/H,Valuation,2034,Annual,VAL_H_EV,H股EV价值,Valuation,EV,15.05645415150562,HKD/share,HKD,1,Derived,Bear,Phase4_Model,Medium,,,,,
CU_PHASE4_FINAL_20260803_V1,中国联通,A/H,Valuation,2035,Annual,VAL_A_REFERENCE_PRICE,A股综合参考价值,Valuation,Composite,4.72941779421247,CNY/share,CNY,1,Derived,Bear,Phase4_Model,Medium,DCF 30%+PE 25%+PB 15%+DDM 20%+EV/EBITDA 10%,,,,
CU_PHASE4_FINAL_20260803_V1,中国联通,A/H,Valuation,2035,Annual,VAL_H_REFERENCE_PRICE,H股综合参考价值,Valuation,Composite,11.794397004854067,HKD/share,HKD,1,Derived,Bear,Phase4_Model,Medium,DCF 30%+PE 25%+PB 15%+DDM 20%+EV/EBITDA 10%,,,,
CU_PHASE4_FINAL_20260803_V1,中国联通,A/H,Valuation,2035,Annual,VAL_A_DCF,A股DCF价值,Valuation,DCF,9.70171958700108,CNY/share,CNY,1,Derived,Bear,Phase4_Model,Medium,,,,,
CU_PHASE4_FINAL_20260803_V1,中国联通,A/H,Valuation,2035,Annual,VAL_H_DCF,H股DCF价值,Valuation,DCF,26.1158457144643,HKD/share,HKD,1,Derived,Bear,Phase4_Model,Medium,,,,,
CU_PHASE4_FINAL_20260803_V1,中国联通,A/H,Valuation,2035,Annual,VAL_A_PE,A股PE价值,Valuation,PE,2.2969468800310495,CNY/share,CNY,1,Derived,Bear,Phase4_Model,Medium,,,,,
CU_PHASE4_FINAL_20260803_V1,中国联通,A/H,Valuation,2035,Annual,VAL_H_PE,H股PE价值,Valuation,PE,3.567173549965189,HKD/share,HKD,1,Derived,Bear,Phase4_Model,Medium,,,,,
CU_PHASE4_FINAL_20260803_V1,中国联通,A/H,Valuation,2035,Annual,VAL_A_PB,A股PB价值,Valuation,PB,2.8427132133468405,CNY/share,CNY,1,Derived,Bear,Phase4_Model,Medium,,,,,
CU_PHASE4_FINAL_20260803_V1,中国联通,A/H,Valuation,2035,Annual,VAL_H_PB,H股PB价值,Valuation,PB,5.387746303649001,HKD/share,HKD,1,Derived,Bear,Phase4_Model,Medium,,,,,
CU_PHASE4_FINAL_20260803_V1,中国联通,A/H,Valuation,2035,Annual,VAL_A_DDM,A股DDM价值,Valuation,DDM,1.0955377904757309,CNY/share,CNY,1,Derived,Bear,Phase4_Model,Medium,,,,,
CU_PHASE4_FINAL_20260803_V1,中国联通,A/H,Valuation,2035,Annual,VAL_H_DDM,H股DDM价值,Valuation,DDM,3.2342373519684373,HKD/share,HKD,1,Derived,Bear,Phase4_Model,Medium,,,,,
CU_PHASE4_FINAL_20260803_V1,中国联通,A/H,Valuation,2035,Annual,VAL_A_EV,A股EV价值,Valuation,EV,5.991506580072116,CNY/share,CNY,1,Derived,Bear,Phase4_Model,Medium,,,,,
CU_PHASE4_FINAL_20260803_V1,中国联通,A/H,Valuation,2035,Annual,VAL_H_EV,H股EV价值,Valuation,EV,16.128404870824436,HKD/share,HKD,1,Derived,Bear,Phase4_Model,Medium,,,,,
CU_PHASE4_FINAL_20260803_V1,中国联通,A/H,Valuation,2030,Annual,VAL_IRR_A_2030,A_2030,Valuation,IRR,-0.003489842406106318,%,CNY,1,Derived,Bear,Phase4_Model,Medium,,,,,H股net按港股通个人股息税20%；A股假设长期持有股息税0%。
CU_PHASE4_FINAL_20260803_V1,中国联通,A/H,Valuation,2035,Annual,VAL_IRR_A_2035,A_2035,Valuation,IRR,0.03089004208363144,%,CNY,1,Derived,Bear,Phase4_Model,Medium,,,,,H股net按港股通个人股息税20%；A股假设长期持有股息税0%。
CU_PHASE4_FINAL_20260803_V1,中国联通,A/H,Valuation,2030,Annual,VAL_IRR_H_2030_NET,H_2030_net,Valuation,IRR,0.1181226456264359,%,HKD,1,Derived,Bear,Phase4_Model,Medium,,,,,H股net按港股通个人股息税20%；A股假设长期持有股息税0%。
CU_PHASE4_FINAL_20260803_V1,中国联通,A/H,Valuation,2035,Annual,VAL_IRR_H_2035_NET,H_2035_net,Valuation,IRR,0.0940573152491119,%,HKD,1,Derived,Bear,Phase4_Model,Medium,,,,,H股net按港股通个人股息税20%；A股假设长期持有股息税0%。
CU_PHASE4_FINAL_20260803_V1,中国联通,A/H,Valuation,2030,Annual,VAL_IRR_H_2030_GROSS,H_2030_gross,Valuation,IRR,0.128405833604614,%,HKD,1,Derived,Bear,Phase4_Model,Medium,,,,,H股net按港股通个人股息税20%；A股假设长期持有股息税0%。
CU_PHASE4_FINAL_20260803_V1,中国联通,A/H,Valuation,2035,Annual,VAL_IRR_H_2035_GROSS,H_2035_gross,Valuation,IRR,0.10249107837222973,%,HKD,1,Derived,Bear,Phase4_Model,Medium,,,,,H股net按港股通个人股息税20%；A股假设长期持有股息税0%。
CU_PHASE4_FINAL_20260803_V1,中国联通,A/H,Valuation,2025,Annual,VAL_A_REFERENCE_PRICE,A股综合参考价值,Valuation,Composite,4.837420747776665,CNY/share,CNY,1,Derived,Base,Phase4_Model,Medium,DCF 30%+PE 25%+PB 15%+DDM 20%+EV/EBITDA 10%,,,,
CU_PHASE4_FINAL_20260803_V1,中国联通,A/H,Valuation,2025,Annual,VAL_H_REFERENCE_PRICE,H股综合参考价值,Valuation,Composite,11.341352415426343,HKD/share,HKD,1,Derived,Base,Phase4_Model,Medium,DCF 30%+PE 25%+PB 15%+DDM 20%+EV/EBITDA 10%,,,,
CU_PHASE4_FINAL_20260803_V1,中国联通,A/H,Valuation,2025,Annual,VAL_A_DCF,A股DCF价值,Valuation,DCF,7.545177625993456,CNY/share,CNY,1,Derived,Base,Phase4_Model,Medium,,,,,
CU_PHASE4_FINAL_20260803_V1,中国联通,A/H,Valuation,2025,Annual,VAL_H_DCF,H股DCF价值,Valuation,DCF,20.310697809972808,HKD/share,HKD,1,Derived,Base,Phase4_Model,Medium,,,,,
CU_PHASE4_FINAL_20260803_V1,中国联通,A/H,Valuation,2025,Annual,VAL_A_PE,A股PE价值,Valuation,PE,4.816654418878773,CNY/share,CNY,1,Derived,Base,Phase4_Model,Medium,,,,,
CU_PHASE4_FINAL_20260803_V1,中国联通,A/H,Valuation,2025,Annual,VAL_H_PE,H股PE价值,Valuation,PE,7.073502606452279,HKD/share,HKD,1,Derived,Base,Phase4_Model,Medium,,,,,
CU_PHASE4_FINAL_20260803_V1,中国联通,A/H,Valuation,2025,Annual,VAL_A_PB,A股PB价值,Valuation,PB,3.4817534051031367,CNY/share,CNY,1,Derived,Base,Phase4_Model,Medium,,,,,
CU_PHASE4_FINAL_20260803_V1,中国联通,A/H,Valuation,2025,Annual,VAL_H_PB,H股PB价值,Valuation,PB,7.080339411924903,HKD/share,HKD,1,Derived,Base,Phase4_Model,Medium,,,,,
CU_PHASE4_FINAL_20260803_V1,中国联通,A/H,Valuation,2025,Annual,VAL_A_DDM,A股DDM价值,Valuation,DDM,2.622014175053385,CNY/share,CNY,1,Derived,Base,Phase4_Model,Medium,,,,,
CU_PHASE4_FINAL_20260803_V1,中国联通,A/H,Valuation,2025,Annual,VAL_H_DDM,H股DDM价值,Valuation,DDM,7.7406879580720656,HKD/share,HKD,1,Derived,Base,Phase4_Model,Medium,,,,,
CU_PHASE4_FINAL_20260803_V1,中国联通,A/H,Valuation,2025,Annual,VAL_A_EV,A股EV价值,Valuation,EV,3.2303800948278796,CNY/share,CNY,1,Derived,Base,Phase4_Model,Medium,,,,,
CU_PHASE4_FINAL_20260803_V1,中国联通,A/H,Valuation,2025,Annual,VAL_H_EV,H股EV价值,Valuation,EV,8.695789174182826,HKD/share,HKD,1,Derived,Base,Phase4_Model,Medium,,,,,
CU_PHASE4_FINAL_20260803_V1,中国联通,A/H,Valuation,2026,Annual,VAL_A_REFERENCE_PRICE,A股综合参考价值,Valuation,Composite,5.013310903744627,CNY/share,CNY,1,Derived,Base,Phase4_Model,Medium,DCF 30%+PE 25%+PB 15%+DDM 20%+EV/EBITDA 10%,,,,
CU_PHASE4_FINAL_20260803_V1,中国联通,A/H,Valuation,2026,Annual,VAL_H_REFERENCE_PRICE,H股综合参考价值,Valuation,Composite,11.898263730641501,HKD/share,HKD,1,Derived,Base,Phase4_Model,Medium,DCF 30%+PE 25%+PB 15%+DDM 20%+EV/EBITDA 10%,,,,
CU_PHASE4_FINAL_20260803_V1,中国联通,A/H,Valuation,2026,Annual,VAL_A_DCF,A股DCF价值,Valuation,DCF,8.153439388241598,CNY/share,CNY,1,Derived,Base,Phase4_Model,Medium,,,,,
CU_PHASE4_FINAL_20260803_V1,中国联通,A/H,Valuation,2026,Annual,VAL_H_DCF,H股DCF价值,Valuation,DCF,21.948064278301228,HKD/share,HKD,1,Derived,Base,Phase4_Model,Medium,,,,,
CU_PHASE4_FINAL_20260803_V1,中国联通,A/H,Valuation,2026,Annual,VAL_A_PE,A股PE价值,Valuation,PE,4.5351796277634016,CNY/share,CNY,1,Derived,Base,Phase4_Model,Medium,,,,,
CU_PHASE4_FINAL_20260803_V1,中国联通,A/H,Valuation,2026,Annual,VAL_H_PE,H股PE价值,Valuation,PE,6.658991104183038,HKD/share,HKD,1,Derived,Base,Phase4_Model,Medium,,,,,
CU_PHASE4_FINAL_20260803_V1,中国联通,A/H,Valuation,2026,Annual,VAL_A_PB,A股PB价值,Valuation,PB,3.4550654884528402,CNY/share,CNY,1,Derived,Base,Phase4_Model,Medium,,,,,
CU_PHASE4_FINAL_20260803_V1,中国联通,A/H,Valuation,2026,Annual,VAL_H_PB,H股PB价值,Valuation,PB,6.947463521562517,HKD/share,HKD,1,Derived,Base,Phase4_Model,Medium,,,,,
CU_PHASE4_FINAL_20260803_V1,中国联通,A/H,Valuation,2026,Annual,VAL_A_DDM,A股DDM价值,Valuation,DDM,2.7525430713714574,CNY/share,CNY,1,Derived,Base,Phase4_Model,Medium,,,,,
CU_PHASE4_FINAL_20260803_V1,中国联通,A/H,Valuation,2026,Annual,VAL_H_DDM,H股DDM价值,Valuation,DDM,8.12603425616718,HKD/share,HKD,1,Derived,Base,Phase4_Model,Medium,,,,,
CU_PHASE4_FINAL_20260803_V1,中国联通,A/H,Valuation,2026,Annual,VAL_A_EV,A股EV价值,Valuation,EV,3.647157427890803,CNY/share,CNY,1,Derived,Base,Phase4_Model,Medium,,,,,
CU_PHASE4_FINAL_20260803_V1,中国联通,A/H,Valuation,2026,Annual,VAL_H_EV,H股EV价值,Valuation,EV,9.81770291637559,HKD/share,HKD,1,Derived,Base,Phase4_Model,Medium,,,,,
CU_PHASE4_FINAL_20260803_V1,中国联通,A/H,Valuation,2027,Annual,VAL_A_REFERENCE_PRICE,A股综合参考价值,Valuation,Composite,5.542015281607888,CNY/share,CNY,1,Derived,Base,Phase4_Model,Medium,DCF 30%+PE 25%+PB 15%+DDM 20%+EV/EBITDA 10%,,,,
CU_PHASE4_FINAL_20260803_V1,中国联通,A/H,Valuation,2027,Annual,VAL_H_REFERENCE_PRICE,H股综合参考价值,Valuation,Composite,13.041756508091726,HKD/share,HKD,1,Derived,Base,Phase4_Model,Medium,DCF 30%+PE 25%+PB 15%+DDM 20%+EV/EBITDA 10%,,,,
CU_PHASE4_FINAL_20260803_V1,中国联通,A/H,Valuation,2027,Annual,VAL_A_DCF,A股DCF价值,Valuation,DCF,8.745984983223913,CNY/share,CNY,1,Derived,Base,Phase4_Model,Medium,,,,,
CU_PHASE4_FINAL_20260803_V1,中国联通,A/H,Valuation,2027,Annual,VAL_H_DCF,H股DCF价值,Valuation,DCF,23.54312474140487,HKD/share,HKD,1,Derived,Base,Phase4_Model,Medium,,,,,
CU_PHASE4_FINAL_20260803_V1,中国联通,A/H,Valuation,2027,Annual,VAL_A_PE,A股PE价值,Valuation,PE,5.435020971558003,CNY/share,CNY,1,Derived,Base,Phase4_Model,Medium,,,,,
CU_PHASE4_FINAL_20260803_V1,中国联通,A/H,Valuation,2027,Annual,VAL_H_PE,H股PE价值,Valuation,PE,7.980225541474652,HKD/share,HKD,1,Derived,Base,Phase4_Model,Medium,,,,,
CU_PHASE4_FINAL_20260803_V1,中国联通,A/H,Valuation,2027,Annual,VAL_A_PB,A股PB价值,Valuation,PB,3.786253815993038,CNY/share,CNY,1,Derived,Base,Phase4_Model,Medium,,,,,
CU_PHASE4_FINAL_20260803_V1,中国联通,A/H,Valuation,2027,Annual,VAL_H_PB,H股PB价值,Valuation,PB,7.769849228336632,HKD/share,HKD,1,Derived,Base,Phase4_Model,Medium,,,,,
CU_PHASE4_FINAL_20260803_V1,中国联通,A/H,Valuation,2027,Annual,VAL_A_DDM,A股DDM价值,Valuation,DDM,2.866102093670354,CNY/share,CNY,1,Derived,Base,Phase4_Model,Medium,,,,,
CU_PHASE4_FINAL_20260803_V1,中国联通,A/H,Valuation,2027,Annual,VAL_H_DDM,H股DDM价值,Valuation,DDM,8.461282236442345,HKD/share,HKD,1,Derived,Base,Phase4_Model,Medium,,,,,
CU_PHASE4_FINAL_20260803_V1,中国联通,A/H,Valuation,2027,Annual,VAL_A_EV,A股EV价值,Valuation,EV,4.183060526181871,CNY/share,CNY,1,Derived,Base,Phase4_Model,Medium,,,,,
CU_PHASE4_FINAL_20260803_V1,中国联通,A/H,Valuation,2027,Annual,VAL_H_EV,H股EV价值,Valuation,EV,11.260288687626389,HKD/share,HKD,1,Derived,Base,Phase4_Model,Medium,,,,,
CU_PHASE4_FINAL_20260803_V1,中国联通,A/H,Valuation,2028,Annual,VAL_A_REFERENCE_PRICE,A股综合参考价值,Valuation,Composite,6.060502474532462,CNY/share,CNY,1,Derived,Base,Phase4_Model,Medium,DCF 30%+PE 25%+PB 15%+DDM 20%+EV/EBITDA 10%,,,,
CU_PHASE4_FINAL_20260803_V1,中国联通,A/H,Valuation,2028,Annual,VAL_H_REFERENCE_PRICE,H股综合参考价值,Valuation,Composite,14.159643829053056,HKD/share,HKD,1,Derived,Base,Phase4_Model,Medium,DCF 30%+PE 25%+PB 15%+DDM 20%+EV/EBITDA 10%,,,,
CU_PHASE4_FINAL_20260803_V1,中国联通,A/H,Valuation,2028,Annual,VAL_A_DCF,A股DCF价值,Valuation,DCF,9.324922592691857,CNY/share,CNY,1,Derived,Base,Phase4_Model,Medium,,,,,
CU_PHASE4_FINAL_20260803_V1,中国联通,A/H,Valuation,2028,Annual,VAL_H_DCF,H股DCF价值,Valuation,DCF,25.10155416740308,HKD/share,HKD,1,Derived,Base,Phase4_Model,Medium,,,,,
CU_PHASE4_FINAL_20260803_V1,中国联通,A/H,Valuation,2028,Annual,VAL_A_PE,A股PE价值,Valuation,PE,6.320101131881569,CNY/share,CNY,1,Derived,Base,Phase4_Model,Medium,,,,,
CU_PHASE4_FINAL_20260803_V1,中国联通,A/H,Valuation,2028,Annual,VAL_H_PE,H股PE价值,Valuation,PE,9.279786175854666,HKD/share,HKD,1,Derived,Base,Phase4_Model,Medium,,,,,
CU_PHASE4_FINAL_20260803_V1,中国联通,A/H,Valuation,2028,Annual,VAL_A_PB,A股PB价值,Valuation,PB,4.12213240409311,CNY/share,CNY,1,Derived,Base,Phase4_Model,Medium,,,,,
CU_PHASE4_FINAL_20260803_V1,中国联通,A/H,Valuation,2028,Annual,VAL_H_PB,H股PB价值,Valuation,PB,8.593770610647839,HKD/share,HKD,1,Derived,Base,Phase4_Model,Medium,,,,,
CU_PHASE4_FINAL_20260803_V1,中国联通,A/H,Valuation,2028,Annual,VAL_A_DDM,A股DDM价值,Valuation,DDM,2.9613384676609993,CNY/share,CNY,1,Derived,Base,Phase4_Model,Medium,,,,,
CU_PHASE4_FINAL_20260803_V1,中国联通,A/H,Valuation,2028,Annual,VAL_H_DDM,H股DDM价值,Valuation,DDM,8.742438250141177,HKD/share,HKD,1,Derived,Base,Phase4_Model,Medium,,,,,
CU_PHASE4_FINAL_20260803_V1,中国联通,A/H,Valuation,2028,Annual,VAL_A_EV,A股EV价值,Valuation,EV,4.724128596083465,CNY/share,CNY,1,Derived,Base,Phase4_Model,Medium,,,,,
CU_PHASE4_FINAL_20260803_V1,中国联通,A/H,Valuation,2028,Annual,VAL_H_EV,H股EV价值,Valuation,EV,12.716777932430555,HKD/share,HKD,1,Derived,Base,Phase4_Model,Medium,,,,,
CU_PHASE4_FINAL_20260803_V1,中国联通,A/H,Valuation,2029,Annual,VAL_A_REFERENCE_PRICE,A股综合参考价值,Valuation,Composite,6.579228699549864,CNY/share,CNY,1,Derived,Base,Phase4_Model,Medium,DCF 30%+PE 25%+PB 15%+DDM 20%+EV/EBITDA 10%,,,,
CU_PHASE4_FINAL_20260803_V1,中国联通,A/H,Valuation,2029,Annual,VAL_H_REFERENCE_PRICE,H股综合参考价值,Valuation,Composite,15.268144375586743,HKD/share,HKD,1,Derived,Base,Phase4_Model,Medium,DCF 30%+PE 25%+PB 15%+DDM 20%+EV/EBITDA 10%,,,,
CU_PHASE4_FINAL_20260803_V1,中国联通,A/H,Valuation,2029,Annual,VAL_A_DCF,A股DCF价值,Valuation,DCF,9.888236099800967,CNY/share,CNY,1,Derived,Base,Phase4_Model,Medium,,,,,
CU_PHASE4_FINAL_20260803_V1,中国联通,A/H,Valuation,2029,Annual,VAL_H_DCF,H股DCF价值,Valuation,DCF,26.617925415676066,HKD/share,HKD,1,Derived,Base,Phase4_Model,Medium,,,,,
CU_PHASE4_FINAL_20260803_V1,中国联通,A/H,Valuation,2029,Annual,VAL_A_PE,A股PE价值,Valuation,PE,7.228775000774674,CNY/share,CNY,1,Derived,Base,Phase4_Model,Medium,,,,,
CU_PHASE4_FINAL_20260803_V1,中国联通,A/H,Valuation,2029,Annual,VAL_H_PE,H股PE价值,Valuation,PE,10.613989384151147,HKD/share,HKD,1,Derived,Base,Phase4_Model,Medium,,,,,
CU_PHASE4_FINAL_20260803_V1,中国联通,A/H,Valuation,2029,Annual,VAL_A_PB,A股PB价值,Valuation,PB,4.474742547537262,CNY/share,CNY,1,Derived,Base,Phase4_Model,Medium,,,,,
CU_PHASE4_FINAL_20260803_V1,中国联通,A/H,Valuation,2029,Annual,VAL_H_PB,H股PB价值,Valuation,PB,9.451322010980528,HKD/share,HKD,1,Derived,Base,Phase4_Model,Medium,,,,,
CU_PHASE4_FINAL_20260803_V1,中国联通,A/H,Valuation,2029,Annual,VAL_A_DDM,A股DDM价值,Valuation,DDM,3.035415285066901,CNY/share,CNY,1,Derived,Base,Phase4_Model,Medium,,,,,
CU_PHASE4_FINAL_20260803_V1,中国联通,A/H,Valuation,2029,Annual,VAL_H_DDM,H股DDM价值,Valuation,DDM,8.961127200766127,HKD/share,HKD,1,Derived,Base,Phase4_Model,Medium,,,,,
CU_PHASE4_FINAL_20260803_V1,中国联通,A/H,Valuation,2029,Annual,VAL_A_EV,A股EV价值,Valuation,EV,5.272696802719354,CNY/share,CNY,1,Derived,Base,Phase4_Model,Medium,,,,,
CU_PHASE4_FINAL_20260803_V1,中国联通,A/H,Valuation,2029,Annual,VAL_H_EV,H股EV价值,Valuation,EV,14.193456630458323,HKD/share,HKD,1,Derived,Base,Phase4_Model,Medium,,,,,
CU_PHASE4_FINAL_20260803_V1,中国联通,A/H,Valuation,2030,Annual,VAL_A_REFERENCE_PRICE,A股综合参考价值,Valuation,Composite,7.098576609910551,CNY/share,CNY,1,Derived,Base,Phase4_Model,Medium,DCF 30%+PE 25%+PB 15%+DDM 20%+EV/EBITDA 10%,,,,
CU_PHASE4_FINAL_20260803_V1,中国联通,A/H,Valuation,2030,Annual,VAL_H_REFERENCE_PRICE,H股综合参考价值,Valuation,Composite,16.36644910381745,HKD/share,HKD,1,Derived,Base,Phase4_Model,Medium,DCF 30%+PE 25%+PB 15%+DDM 20%+EV/EBITDA 10%,,,,
CU_PHASE4_FINAL_20260803_V1,中国联通,A/H,Valuation,2030,Annual,VAL_A_DCF,A股DCF价值,Valuation,DCF,10.43330481739583,CNY/share,CNY,1,Derived,Base,Phase4_Model,Medium,,,,,
CU_PHASE4_FINAL_20260803_V1,中国联通,A/H,Valuation,2030,Annual,VAL_H_DCF,H股DCF价值,Valuation,DCF,28.08518391607234,HKD/share,HKD,1,Derived,Base,Phase4_Model,Medium,,,,,
CU_PHASE4_FINAL_20260803_V1,中国联通,A/H,Valuation,2030,Annual,VAL_A_PE,A股PE价值,Valuation,PE,8.16632564763854,CNY/share,CNY,1,Derived,Base,Phase4_Model,Medium,,,,,
CU_PHASE4_FINAL_20260803_V1,中国联通,A/H,Valuation,2030,Annual,VAL_H_PE,H股PE价值,Valuation,PE,11.99059228185521,HKD/share,HKD,1,Derived,Base,Phase4_Model,Medium,,,,,
CU_PHASE4_FINAL_20260803_V1,中国联通,A/H,Valuation,2030,Annual,VAL_A_PB,A股PB价值,Valuation,PB,4.845945701508005,CNY/share,CNY,1,Derived,Base,Phase4_Model,Medium,,,,,
CU_PHASE4_FINAL_20260803_V1,中国联通,A/H,Valuation,2030,Annual,VAL_H_PB,H股PB价值,Valuation,PB,10.347184144083128,HKD/share,HKD,1,Derived,Base,Phase4_Model,Medium,,,,,
CU_PHASE4_FINAL_20260803_V1,中国联通,A/H,Valuation,2030,Annual,VAL_A_DDM,A股DDM价值,Valuation,DDM,3.0849996471923924,CNY/share,CNY,1,Derived,Base,Phase4_Model,Medium,,,,,
CU_PHASE4_FINAL_20260803_V1,中国联通,A/H,Valuation,2030,Annual,VAL_H_DDM,H股DDM价值,Valuation,DDM,9.107509733120537,HKD/share,HKD,1,Derived,Base,Phase4_Model,Medium,,,,,
CU_PHASE4_FINAL_20260803_V1,中国联通,A/H,Valuation,2030,Annual,VAL_A_EV,A股EV价值,Valuation,EV,5.831119681174879,CNY/share,CNY,1,Derived,Base,Phase4_Model,Medium,,,,,
CU_PHASE4_FINAL_20260803_V1,中国联通,A/H,Valuation,2030,Annual,VAL_H_EV,H股EV价值,Valuation,EV,15.696662902953728,HKD/share,HKD,1,Derived,Base,Phase4_Model,Medium,,,,,
CU_PHASE4_FINAL_20260803_V1,中国联通,A/H,Valuation,2031,Annual,VAL_A_REFERENCE_PRICE,A股综合参考价值,Valuation,Composite,7.357245194098088,CNY/share,CNY,1,Derived,Base,Phase4_Model,Medium,DCF 30%+PE 25%+PB 15%+DDM 20%+EV/EBITDA 10%,,,,
CU_PHASE4_FINAL_20260803_V1,中国联通,A/H,Valuation,2031,Annual,VAL_H_REFERENCE_PRICE,H股综合参考价值,Valuation,Composite,17.025768362809757,HKD/share,HKD,1,Derived,Base,Phase4_Model,Medium,DCF 30%+PE 25%+PB 15%+DDM 20%+EV/EBITDA 10%,,,,
CU_PHASE4_FINAL_20260803_V1,中国联通,A/H,Valuation,2031,Annual,VAL_A_DCF,A股DCF价值,Valuation,DCF,10.990900969489799,CNY/share,CNY,1,Derived,Base,Phase4_Model,Medium,,,,,
CU_PHASE4_FINAL_20260803_V1,中国联通,A/H,Valuation,2031,Annual,VAL_H_DCF,H股DCF价值,Valuation,DCF,29.586164742046336,HKD/share,HKD,1,Derived,Base,Phase4_Model,Medium,,,,,
CU_PHASE4_FINAL_20260803_V1,中国联通,A/H,Valuation,2031,Annual,VAL_A_PE,A股PE价值,Valuation,PE,8.245996471685165,CNY/share,CNY,1,Derived,Base,Phase4_Model,Medium,,,,,
CU_PHASE4_FINAL_20260803_V1,中国联通,A/H,Valuation,2031,Annual,VAL_H_PE,H股PE价值,Valuation,PE,12.107572721911353,HKD/share,HKD,1,Derived,Base,Phase4_Model,Medium,,,,,
CU_PHASE4_FINAL_20260803_V1,中国联通,A/H,Valuation,2031,Annual,VAL_A_PB,A股PB价值,Valuation,PB,4.949218928778135,CNY/share,CNY,1,Derived,Base,Phase4_Model,Medium,,,,,
CU_PHASE4_FINAL_20260803_V1,中国联通,A/H,Valuation,2031,Annual,VAL_H_PB,H股PB价值,Valuation,PB,10.522948783705889,HKD/share,HKD,1,Derived,Base,Phase4_Model,Medium,,,,,
CU_PHASE4_FINAL_20260803_V1,中国联通,A/H,Valuation,2031,Annual,VAL_A_DDM,A股DDM价值,Valuation,DDM,3.1372645426631998,CNY/share,CNY,1,Derived,Base,Phase4_Model,Medium,,,,,
CU_PHASE4_FINAL_20260803_V1,中国联通,A/H,Valuation,2031,Annual,VAL_H_DDM,H股DDM价值,Valuation,DDM,9.261805713230004,HKD/share,HKD,1,Derived,Base,Phase4_Model,Medium,,,,,
CU_PHASE4_FINAL_20260803_V1,中国联通,A/H,Valuation,2031,Annual,VAL_A_EV,A股EV价值,Valuation,EV,6.28640037480496,CNY/share,CNY,1,Derived,Base,Phase4_Model,Medium,,,,,
CU_PHASE4_FINAL_20260803_V1,中国联通,A/H,Valuation,2031,Annual,VAL_H_EV,H股EV价值,Valuation,EV,16.92222299516135,HKD/share,HKD,1,Derived,Base,Phase4_Model,Medium,,,,,
CU_PHASE4_FINAL_20260803_V1,中国联通,A/H,Valuation,2032,Annual,VAL_A_REFERENCE_PRICE,A股综合参考价值,Valuation,Composite,7.620654526173336,CNY/share,CNY,1,Derived,Base,Phase4_Model,Medium,DCF 30%+PE 25%+PB 15%+DDM 20%+EV/EBITDA 10%,,,,
CU_PHASE4_FINAL_20260803_V1,中国联通,A/H,Valuation,2032,Annual,VAL_H_REFERENCE_PRICE,H股综合参考价值,Valuation,Composite,17.697858554435737,HKD/share,HKD,1,Derived,Base,Phase4_Model,Medium,DCF 30%+PE 25%+PB 15%+DDM 20%+EV/EBITDA 10%,,,,
CU_PHASE4_FINAL_20260803_V1,中国联通,A/H,Valuation,2032,Annual,VAL_A_DCF,A股DCF价值,Valuation,DCF,11.5603728778517,CNY/share,CNY,1,Derived,Base,Phase4_Model,Medium,,,,,
CU_PHASE4_FINAL_20260803_V1,中国联通,A/H,Valuation,2032,Annual,VAL_H_DCF,H股DCF价值,Valuation,DCF,31.119113655291333,HKD/share,HKD,1,Derived,Base,Phase4_Model,Medium,,,,,
CU_PHASE4_FINAL_20260803_V1,中国联通,A/H,Valuation,2032,Annual,VAL_A_PE,A股PE价值,Valuation,PE,8.325641013487827,CNY/share,CNY,1,Derived,Base,Phase4_Model,Medium,,,,,
CU_PHASE4_FINAL_20260803_V1,中国联通,A/H,Valuation,2032,Annual,VAL_H_PE,H股PE价值,Valuation,PE,12.22451457182485,HKD/share,HKD,1,Derived,Base,Phase4_Model,Medium,,,,,
CU_PHASE4_FINAL_20260803_V1,中国联通,A/H,Valuation,2032,Annual,VAL_A_PB,A股PB价值,Valuation,PB,5.053289070493251,CNY/share,CNY,1,Derived,Base,Phase4_Model,Medium,,,,,
CU_PHASE4_FINAL_20260803_V1,中国联通,A/H,Valuation,2032,Annual,VAL_H_PB,H股PB价值,Valuation,PB,10.69983477590582,HKD/share,HKD,1,Derived,Base,Phase4_Model,Medium,,,,,
CU_PHASE4_FINAL_20260803_V1,中国联通,A/H,Valuation,2032,Annual,VAL_A_DDM,A股DDM价值,Valuation,DDM,3.1925057451658585,CNY/share,CNY,1,Derived,Base,Phase4_Model,Medium,,,,,
CU_PHASE4_FINAL_20260803_V1,中国联通,A/H,Valuation,2032,Annual,VAL_H_DDM,H股DDM价值,Valuation,DDM,9.424888321657564,HKD/share,HKD,1,Derived,Base,Phase4_Model,Medium,,,,,
CU_PHASE4_FINAL_20260803_V1,中国联通,A/H,Valuation,2032,Annual,VAL_A_EV,A股EV价值,Valuation,EV,6.7463789983871,CNY/share,CNY,1,Derived,Base,Phase4_Model,Medium,,,,,
CU_PHASE4_FINAL_20260803_V1,中国联通,A/H,Valuation,2032,Annual,VAL_H_EV,H股EV价值,Valuation,EV,18.16042934174738,HKD/share,HKD,1,Derived,Base,Phase4_Model,Medium,,,,,
CU_PHASE4_FINAL_20260803_V1,中国联通,A/H,Valuation,2033,Annual,VAL_A_REFERENCE_PRICE,A股综合参考价值,Valuation,Composite,7.88914493003123,CNY/share,CNY,1,Derived,Base,Phase4_Model,Medium,DCF 30%+PE 25%+PB 15%+DDM 20%+EV/EBITDA 10%,,,,
CU_PHASE4_FINAL_20260803_V1,中国联通,A/H,Valuation,2033,Annual,VAL_H_REFERENCE_PRICE,H股综合参考价值,Valuation,Composite,18.383633065606933,HKD/share,HKD,1,Derived,Base,Phase4_Model,Medium,DCF 30%+PE 25%+PB 15%+DDM 20%+EV/EBITDA 10%,,,,
CU_PHASE4_FINAL_20260803_V1,中国联通,A/H,Valuation,2033,Annual,VAL_A_DCF,A股DCF价值,Valuation,DCF,12.142545223345858,CNY/share,CNY,1,Derived,Base,Phase4_Model,Medium,,,,,
CU_PHASE4_FINAL_20260803_V1,中国联通,A/H,Valuation,2033,Annual,VAL_H_DCF,H股DCF价值,Valuation,DCF,32.686250596099676,HKD/share,HKD,1,Derived,Base,Phase4_Model,Medium,,,,,
CU_PHASE4_FINAL_20260803_V1,中国联通,A/H,Valuation,2033,Annual,VAL_A_PE,A股PE价值,Valuation,PE,8.405324849462843,CNY/share,CNY,1,Derived,Base,Phase4_Model,Medium,,,,,
CU_PHASE4_FINAL_20260803_V1,中国联通,A/H,Valuation,2033,Annual,VAL_H_PE,H股PE价值,Valuation,PE,12.341514117257738,HKD/share,HKD,1,Derived,Base,Phase4_Model,Medium,,,,,
CU_PHASE4_FINAL_20260803_V1,中国联通,A/H,Valuation,2033,Annual,VAL_A_PB,A股PB价值,Valuation,PB,5.158174257732614,CNY/share,CNY,1,Derived,Base,Phase4_Model,Medium,,,,,
CU_PHASE4_FINAL_20260803_V1,中国联通,A/H,Valuation,2033,Annual,VAL_H_PB,H股PB价值,Valuation,PB,10.877893342222315,HKD/share,HKD,1,Derived,Base,Phase4_Model,Medium,,,,,
CU_PHASE4_FINAL_20260803_V1,中国联通,A/H,Valuation,2033,Annual,VAL_A_DDM,A股DDM价值,Valuation,DDM,3.2510492804439313,CNY/share,CNY,1,Derived,Base,Phase4_Model,Medium,,,,,
CU_PHASE4_FINAL_20260803_V1,中国联通,A/H,Valuation,2033,Annual,VAL_H_DDM,H股DDM价值,Valuation,DDM,9.597720048831855,HKD/share,HKD,1,Derived,Base,Phase4_Model,Medium,,,,,
CU_PHASE4_FINAL_20260803_V1,中国联通,A/H,Valuation,2033,Annual,VAL_A_EV,A股EV价值,Valuation,EV,7.211141559130834,CNY/share,CNY,1,Derived,Base,Phase4_Model,Medium,,,,,
CU_PHASE4_FINAL_20260803_V1,中国联通,A/H,Valuation,2033,Annual,VAL_H_EV,H股EV价值,Valuation,EV,19.411513463628772,HKD/share,HKD,1,Derived,Base,Phase4_Model,Medium,,,,,
CU_PHASE4_FINAL_20260803_V1,中国联通,A/H,Valuation,2034,Annual,VAL_A_REFERENCE_PRICE,A股综合参考价值,Valuation,Composite,8.163085791308124,CNY/share,CNY,1,Derived,Base,Phase4_Model,Medium,DCF 30%+PE 25%+PB 15%+DDM 20%+EV/EBITDA 10%,,,,
CU_PHASE4_FINAL_20260803_V1,中国联通,A/H,Valuation,2034,Annual,VAL_H_REFERENCE_PRICE,H股综合参考价值,Valuation,Composite,19.084086519593164,HKD/share,HKD,1,Derived,Base,Phase4_Model,Medium,DCF 30%+PE 25%+PB 15%+DDM 20%+EV/EBITDA 10%,,,,
CU_PHASE4_FINAL_20260803_V1,中国联通,A/H,Valuation,2034,Annual,VAL_A_DCF,A股DCF价值,Valuation,DCF,12.738321979385411,CNY/share,CNY,1,Derived,Base,Phase4_Model,Medium,,,,,
CU_PHASE4_FINAL_20260803_V1,中国联通,A/H,Valuation,2034,Annual,VAL_H_DCF,H股DCF价值,Valuation,DCF,34.29000895063304,HKD/share,HKD,1,Derived,Base,Phase4_Model,Medium,,,,,
CU_PHASE4_FINAL_20260803_V1,中国联通,A/H,Valuation,2034,Annual,VAL_A_PE,A股PE价值,Valuation,PE,8.485108944651591,CNY/share,CNY,1,Derived,Base,Phase4_Model,Medium,,,,,
CU_PHASE4_FINAL_20260803_V1,中国联通,A/H,Valuation,2034,Annual,VAL_H_PE,H股PE价值,Valuation,PE,12.458660873003591,HKD/share,HKD,1,Derived,Base,Phase4_Model,Medium,,,,,
CU_PHASE4_FINAL_20260803_V1,中国联通,A/H,Valuation,2034,Annual,VAL_A_PB,A股PB价值,Valuation,PB,5.26389198804776,CNY/share,CNY,1,Derived,Base,Phase4_Model,Medium,,,,,
CU_PHASE4_FINAL_20260803_V1,中国联通,A/H,Valuation,2034,Annual,VAL_H_PB,H股PB价值,Valuation,PB,11.05717292205038,HKD/share,HKD,1,Derived,Base,Phase4_Model,Medium,,,,,
CU_PHASE4_FINAL_20260803_V1,中国联通,A/H,Valuation,2034,Annual,VAL_A_DDM,A股DDM价值,Valuation,DDM,3.3132549145696966,CNY/share,CNY,1,Derived,Base,Phase4_Model,Medium,,,,,
CU_PHASE4_FINAL_20260803_V1,中国联通,A/H,Valuation,2034,Annual,VAL_H_DDM,H股DDM价值,Valuation,DDM,9.781362993093108,HKD/share,HKD,1,Derived,Base,Phase4_Model,Medium,,,,,
CU_PHASE4_FINAL_20260803_V1,中国联通,A/H,Valuation,2034,Annual,VAL_A_EV,A股EV价值,Valuation,EV,7.680771802084997,CNY/share,CNY,1,Derived,Base,Phase4_Model,Medium,,,,,
CU_PHASE4_FINAL_20260803_V1,中国联通,A/H,Valuation,2034,Annual,VAL_H_EV,H股EV价值,Valuation,EV,20.675700792261768,HKD/share,HKD,1,Derived,Base,Phase4_Model,Medium,,,,,
CU_PHASE4_FINAL_20260803_V1,中国联通,A/H,Valuation,2035,Annual,VAL_A_REFERENCE_PRICE,A股综合参考价值,Valuation,Composite,8.44287919485372,CNY/share,CNY,1,Derived,Base,Phase4_Model,Medium,DCF 30%+PE 25%+PB 15%+DDM 20%+EV/EBITDA 10%,,,,
CU_PHASE4_FINAL_20260803_V1,中国联通,A/H,Valuation,2035,Annual,VAL_H_REFERENCE_PRICE,H股综合参考价值,Valuation,Composite,19.800304667744342,HKD/share,HKD,1,Derived,Base,Phase4_Model,Medium,DCF 30%+PE 25%+PB 15%+DDM 20%+EV/EBITDA 10%,,,,
CU_PHASE4_FINAL_20260803_V1,中国联通,A/H,Valuation,2035,Annual,VAL_A_DCF,A股DCF价值,Valuation,DCF,13.348695548355064,CNY/share,CNY,1,Derived,Base,Phase4_Model,Medium,,,,,
CU_PHASE4_FINAL_20260803_V1,中国联通,A/H,Valuation,2035,Annual,VAL_H_DCF,H股DCF价值,Valuation,DCF,35.93306014505803,HKD/share,HKD,1,Derived,Base,Phase4_Model,Medium,,,,,
CU_PHASE4_FINAL_20260803_V1,中国联通,A/H,Valuation,2035,Annual,VAL_A_PE,A股PE价值,Valuation,PE,8.565050027977895,CNY/share,CNY,1,Derived,Base,Phase4_Model,Medium,,,,,
CU_PHASE4_FINAL_20260803_V1,中国联通,A/H,Valuation,2035,Annual,VAL_H_PE,H股PE价值,Valuation,PE,12.576038133976855,HKD/share,HKD,1,Derived,Base,Phase4_Model,Medium,,,,,
CU_PHASE4_FINAL_20260803_V1,中国联通,A/H,Valuation,2035,Annual,VAL_A_PB,A股PB价值,Valuation,PB,5.3704591803402435,CNY/share,CNY,1,Derived,Base,Phase4_Model,Medium,,,,,
CU_PHASE4_FINAL_20260803_V1,中国联通,A/H,Valuation,2035,Annual,VAL_H_PB,H股PB价值,Valuation,PB,11.237719413530884,HKD/share,HKD,1,Derived,Base,Phase4_Model,Medium,,,,,
CU_PHASE4_FINAL_20260803_V1,中国联通,A/H,Valuation,2035,Annual,VAL_A_DDM,A股DDM价值,Valuation,DDM,3.3795200128610907,CNY/share,CNY,1,Derived,Base,Phase4_Model,Medium,,,,,
CU_PHASE4_FINAL_20260803_V1,中国联通,A/H,Valuation,2035,Annual,VAL_H_DDM,H股DDM价值,Valuation,DDM,9.976990252954971,HKD/share,HKD,1,Derived,Base,Phase4_Model,Medium,,,,,
CU_PHASE4_FINAL_20260803_V1,中国联通,A/H,Valuation,2035,Annual,VAL_A_EV,A股EV价值,Valuation,EV,8.155351437294733,CNY/share,CNY,1,Derived,Base,Phase4_Model,Medium,,,,,
CU_PHASE4_FINAL_20260803_V1,中国联通,A/H,Valuation,2035,Annual,VAL_H_EV,H股EV价值,Valuation,EV,21.95321128112093,HKD/share,HKD,1,Derived,Base,Phase4_Model,Medium,,,,,
CU_PHASE4_FINAL_20260803_V1,中国联通,A/H,Valuation,2030,Annual,VAL_IRR_A_2030,A_2030,Valuation,IRR,0.15851169282196392,%,CNY,1,Derived,Base,Phase4_Model,Medium,,,,,H股net按港股通个人股息税20%；A股假设长期持有股息税0%。
CU_PHASE4_FINAL_20260803_V1,中国联通,A/H,Valuation,2035,Annual,VAL_IRR_A_2035,A_2035,Valuation,IRR,0.11678457373409187,%,CNY,1,Derived,Base,Phase4_Model,Medium,,,,,H股net按港股通个人股息税20%；A股假设长期持有股息税0%。
CU_PHASE4_FINAL_20260803_V1,中国联通,A/H,Valuation,2030,Annual,VAL_IRR_H_2030_NET,H_2030_net,Valuation,IRR,0.2891022450819954,%,HKD,1,Derived,Base,Phase4_Model,Medium,,,,,H股net按港股通个人股息税20%；A股假设长期持有股息税0%。
CU_PHASE4_FINAL_20260803_V1,中国联通,A/H,Valuation,2035,Annual,VAL_IRR_H_2035_NET,H_2035_net,Valuation,IRR,0.18442841105807078,%,HKD,1,Derived,Base,Phase4_Model,Medium,,,,,H股net按港股通个人股息税20%；A股假设长期持有股息税0%。
CU_PHASE4_FINAL_20260803_V1,中国联通,A/H,Valuation,2030,Annual,VAL_IRR_H_2030_GROSS,H_2030_gross,Valuation,IRR,0.30608863377034945,%,HKD,1,Derived,Base,Phase4_Model,Medium,,,,,H股net按港股通个人股息税20%；A股假设长期持有股息税0%。
CU_PHASE4_FINAL_20260803_V1,中国联通,A/H,Valuation,2035,Annual,VAL_IRR_H_2035_GROSS,H_2035_gross,Valuation,IRR,0.2008979598689428,%,HKD,1,Derived,Base,Phase4_Model,Medium,,,,,H股net按港股通个人股息税20%；A股假设长期持有股息税0%。
CU_PHASE4_FINAL_20260803_V1,中国联通,A/H,Valuation,2025,Annual,VAL_A_REFERENCE_PRICE,A股综合参考价值,Valuation,Composite,5.982047253510304,CNY/share,CNY,1,Derived,Bull,Phase4_Model,Medium,DCF 30%+PE 25%+PB 15%+DDM 20%+EV/EBITDA 10%,,,,
CU_PHASE4_FINAL_20260803_V1,中国联通,A/H,Valuation,2025,Annual,VAL_H_REFERENCE_PRICE,H股综合参考价值,Valuation,Composite,14.259664468950598,HKD/share,HKD,1,Derived,Bull,Phase4_Model,Medium,DCF 30%+PE 25%+PB 15%+DDM 20%+EV/EBITDA 10%,,,,
CU_PHASE4_FINAL_20260803_V1,中国联通,A/H,Valuation,2025,Annual,VAL_A_DCF,A股DCF价值,Valuation,DCF,9.194294503741805,CNY/share,CNY,1,Derived,Bull,Phase4_Model,Medium,,,,,
CU_PHASE4_FINAL_20260803_V1,中国联通,A/H,Valuation,2025,Annual,VAL_H_DCF,H股DCF价值,Valuation,DCF,24.74991928593673,HKD/share,HKD,1,Derived,Bull,Phase4_Model,Medium,,,,,
CU_PHASE4_FINAL_20260803_V1,中国联通,A/H,Valuation,2025,Annual,VAL_A_PE,A股PE价值,Valuation,PE,5.546450542951315,CNY/share,CNY,1,Derived,Bull,Phase4_Model,Medium,,,,,
CU_PHASE4_FINAL_20260803_V1,中国联通,A/H,Valuation,2025,Annual,VAL_H_PE,H股PE价值,Valuation,PE,8.25241970752766,HKD/share,HKD,1,Derived,Bull,Phase4_Model,Medium,,,,,
CU_PHASE4_FINAL_20260803_V1,中国联通,A/H,Valuation,2025,Annual,VAL_A_PB,A股PB价值,Valuation,PB,3.853635923026019,CNY/share,CNY,1,Derived,Bull,Phase4_Model,Medium,,,,,
CU_PHASE4_FINAL_20260803_V1,中国联通,A/H,Valuation,2025,Annual,VAL_H_PB,H股PB价值,Valuation,PB,7.711457828475885,HKD/share,HKD,1,Derived,Bull,Phase4_Model,Medium,,,,,
CU_PHASE4_FINAL_20260803_V1,中国联通,A/H,Valuation,2025,Annual,VAL_A_DDM,A股DDM价值,Valuation,DDM,4.331683164260442,CNY/share,CNY,1,Derived,Bull,Phase4_Model,Medium,,,,,
CU_PHASE4_FINAL_20260803_V1,中国联通,A/H,Valuation,2025,Annual,VAL_H_DDM,H股DDM价值,Valuation,DDM,12.787958214257788,HKD/share,HKD,1,Derived,Bull,Phase4_Model,Medium,,,,,
CU_PHASE4_FINAL_20260803_V1,中国联通,A/H,Valuation,2025,Annual,VAL_A_EV,A股EV价值,Valuation,EV,3.92764245343942,CNY/share,CNY,1,Derived,Bull,Phase4_Model,Medium,,,,,
CU_PHASE4_FINAL_20260803_V1,中国联通,A/H,Valuation,2025,Annual,VAL_H_EV,H股EV价值,Valuation,EV,10.572734391647238,HKD/share,HKD,1,Derived,Bull,Phase4_Model,Medium,,,,,
CU_PHASE4_FINAL_20260803_V1,中国联通,A/H,Valuation,2026,Annual,VAL_A_REFERENCE_PRICE,A股综合参考价值,Valuation,Composite,6.6445709034921405,CNY/share,CNY,1,Derived,Bull,Phase4_Model,Medium,DCF 30%+PE 25%+PB 15%+DDM 20%+EV/EBITDA 10%,,,,
CU_PHASE4_FINAL_20260803_V1,中国联通,A/H,Valuation,2026,Annual,VAL_H_REFERENCE_PRICE,H股综合参考价值,Valuation,Composite,15.718789239929086,HKD/share,HKD,1,Derived,Bull,Phase4_Model,Medium,DCF 30%+PE 25%+PB 15%+DDM 20%+EV/EBITDA 10%,,,,
CU_PHASE4_FINAL_20260803_V1,中国联通,A/H,Valuation,2026,Annual,VAL_A_DCF,A股DCF价值,Valuation,DCF,9.926976509692961,CNY/share,CNY,1,Derived,Bull,Phase4_Model,Medium,,,,,
CU_PHASE4_FINAL_20260803_V1,中国联通,A/H,Valuation,2026,Annual,VAL_H_DCF,H股DCF价值,Valuation,DCF,26.722209873558153,HKD/share,HKD,1,Derived,Bull,Phase4_Model,Medium,,,,,
CU_PHASE4_FINAL_20260803_V1,中国联通,A/H,Valuation,2026,Annual,VAL_A_PE,A股PE价值,Valuation,PE,6.625358059925169,CNY/share,CNY,1,Derived,Bull,Phase4_Model,Medium,,,,,
CU_PHASE4_FINAL_20260803_V1,中国联通,A/H,Valuation,2026,Annual,VAL_H_PE,H股PE价值,Valuation,PE,9.855993960206673,HKD/share,HKD,1,Derived,Bull,Phase4_Model,Medium,,,,,
CU_PHASE4_FINAL_20260803_V1,中国联通,A/H,Valuation,2026,Annual,VAL_A_PB,A股PB价值,Valuation,PB,4.251199805455005,CNY/share,CNY,1,Derived,Bull,Phase4_Model,Medium,,,,,
CU_PHASE4_FINAL_20260803_V1,中国联通,A/H,Valuation,2026,Annual,VAL_H_PB,H股PB价值,Valuation,PB,8.694908032246211,HKD/share,HKD,1,Derived,Bull,Phase4_Model,Medium,,,,,
CU_PHASE4_FINAL_20260803_V1,中国联通,A/H,Valuation,2026,Annual,VAL_A_DDM,A股DDM价值,Valuation,DDM,4.598317555510661,CNY/share,CNY,1,Derived,Bull,Phase4_Model,Medium,,,,,
CU_PHASE4_FINAL_20260803_V1,中国联通,A/H,Valuation,2026,Annual,VAL_H_DDM,H股DDM价值,Valuation,DDM,13.5751139974703,HKD/share,HKD,1,Derived,Bull,Phase4_Model,Medium,,,,,
CU_PHASE4_FINAL_20260803_V1,中国联通,A/H,Valuation,2026,Annual,VAL_A_EV,A股EV价值,Valuation,EV,4.527949536825767,CNY/share,CNY,1,Derived,Bull,Phase4_Model,Medium,,,,,
CU_PHASE4_FINAL_20260803_V1,中国联通,A/H,Valuation,2026,Annual,VAL_H_EV,H股EV价值,Valuation,EV,12.188687834789787,HKD/share,HKD,1,Derived,Bull,Phase4_Model,Medium,,,,,
CU_PHASE4_FINAL_20260803_V1,中国联通,A/H,Valuation,2027,Annual,VAL_A_REFERENCE_PRICE,A股综合参考价值,Valuation,Composite,7.5483224363641295,CNY/share,CNY,1,Derived,Bull,Phase4_Model,Medium,DCF 30%+PE 25%+PB 15%+DDM 20%+EV/EBITDA 10%,,,,
CU_PHASE4_FINAL_20260803_V1,中国联通,A/H,Valuation,2027,Annual,VAL_H_REFERENCE_PRICE,H股综合参考价值,Valuation,Composite,17.56633717934175,HKD/share,HKD,1,Derived,Bull,Phase4_Model,Medium,DCF 30%+PE 25%+PB 15%+DDM 20%+EV/EBITDA 10%,,,,
CU_PHASE4_FINAL_20260803_V1,中国联通,A/H,Valuation,2027,Annual,VAL_A_DCF,A股DCF价值,Valuation,DCF,10.62632264515288,CNY/share,CNY,1,Derived,Bull,Phase4_Model,Medium,,,,,
CU_PHASE4_FINAL_20260803_V1,中国联通,A/H,Valuation,2027,Annual,VAL_H_DCF,H股DCF价值,Valuation,DCF,28.604764364119728,HKD/share,HKD,1,Derived,Bull,Phase4_Model,Medium,,,,,
CU_PHASE4_FINAL_20260803_V1,中国联通,A/H,Valuation,2027,Annual,VAL_A_PE,A股PE价值,Valuation,PE,8.557192062243113,CNY/share,CNY,1,Derived,Bull,Phase4_Model,Medium,,,,,
CU_PHASE4_FINAL_20260803_V1,中国联通,A/H,Valuation,2027,Annual,VAL_H_PE,H股PE价值,Valuation,PE,12.729822678104311,HKD/share,HKD,1,Derived,Bull,Phase4_Model,Medium,,,,,
CU_PHASE4_FINAL_20260803_V1,中国联通,A/H,Valuation,2027,Annual,VAL_A_PB,A股PB价值,Valuation,PB,4.9055809734697675,CNY/share,CNY,1,Derived,Bull,Phase4_Model,Medium,,,,,
CU_PHASE4_FINAL_20260803_V1,中国联通,A/H,Valuation,2027,Annual,VAL_H_PB,H股PB价值,Valuation,PB,10.350716978176612,HKD/share,HKD,1,Derived,Bull,Phase4_Model,Medium,,,,,
CU_PHASE4_FINAL_20260803_V1,中国联通,A/H,Valuation,2027,Annual,VAL_A_DDM,A股DDM价值,Valuation,DDM,4.833093062896593,CNY/share,CNY,1,Derived,Bull,Phase4_Model,Medium,,,,,
CU_PHASE4_FINAL_20260803_V1,中国联通,A/H,Valuation,2027,Annual,VAL_H_DDM,H股DDM价值,Valuation,DDM,14.268216254568333,HKD/share,HKD,1,Derived,Bull,Phase4_Model,Medium,,,,,
CU_PHASE4_FINAL_20260803_V1,中国联通,A/H,Valuation,2027,Annual,VAL_A_EV,A股EV价值,Valuation,EV,5.186718686577033,CNY/share,CNY,1,Derived,Bull,Phase4_Model,Medium,,,,,
CU_PHASE4_FINAL_20260803_V1,中国联通,A/H,Valuation,2027,Annual,VAL_H_EV,H股EV价值,Valuation,EV,13.962014029395968,HKD/share,HKD,1,Derived,Bull,Phase4_Model,Medium,,,,,
CU_PHASE4_FINAL_20260803_V1,中国联通,A/H,Valuation,2028,Annual,VAL_A_REFERENCE_PRICE,A股综合参考价值,Valuation,Composite,8.44758400385271,CNY/share,CNY,1,Derived,Bull,Phase4_Model,Medium,DCF 30%+PE 25%+PB 15%+DDM 20%+EV/EBITDA 10%,,,,
CU_PHASE4_FINAL_20260803_V1,中国联通,A/H,Valuation,2028,Annual,VAL_H_REFERENCE_PRICE,H股综合参考价值,Valuation,Composite,19.390649601102623,HKD/share,HKD,1,Derived,Bull,Phase4_Model,Medium,DCF 30%+PE 25%+PB 15%+DDM 20%+EV/EBITDA 10%,,,,
CU_PHASE4_FINAL_20260803_V1,中国联通,A/H,Valuation,2028,Annual,VAL_A_DCF,A股DCF价值,Valuation,DCF,11.296176420979908,CNY/share,CNY,1,Derived,Bull,Phase4_Model,Medium,,,,,
CU_PHASE4_FINAL_20260803_V1,中国联通,A/H,Valuation,2028,Annual,VAL_H_DCF,H股DCF价值,Valuation,DCF,30.40792902002147,HKD/share,HKD,1,Derived,Bull,Phase4_Model,Medium,,,,,
CU_PHASE4_FINAL_20260803_V1,中国联通,A/H,Valuation,2028,Annual,VAL_A_PE,A股PE价值,Valuation,PE,10.508064715157612,CNY/share,CNY,1,Derived,Bull,Phase4_Model,Medium,,,,,
CU_PHASE4_FINAL_20260803_V1,中国联通,A/H,Valuation,2028,Annual,VAL_H_PE,H股PE价值,Valuation,PE,15.631973612490919,HKD/share,HKD,1,Derived,Bull,Phase4_Model,Medium,,,,,
CU_PHASE4_FINAL_20260803_V1,中国联通,A/H,Valuation,2028,Annual,VAL_A_PB,A股PB价值,Valuation,PB,5.585368818630406,CNY/share,CNY,1,Derived,Bull,Phase4_Model,Medium,,,,,
CU_PHASE4_FINAL_20260803_V1,中国联通,A/H,Valuation,2028,Annual,VAL_H_PB,H股PB价值,Valuation,PB,12.051286305121671,HKD/share,HKD,1,Derived,Bull,Phase4_Model,Medium,,,,,
CU_PHASE4_FINAL_20260803_V1,中国联通,A/H,Valuation,2028,Annual,VAL_A_DDM,A股DDM价值,Valuation,DDM,5.031902181371823,CNY/share,CNY,1,Derived,Bull,Phase4_Model,Medium,,,,,
CU_PHASE4_FINAL_20260803_V1,中国联通,A/H,Valuation,2028,Annual,VAL_H_DDM,H股DDM价值,Valuation,DDM,14.855138844071423,HKD/share,HKD,1,Derived,Bull,Phase4_Model,Medium,,,,,
CU_PHASE4_FINAL_20260803_V1,中国联通,A/H,Valuation,2028,Annual,VAL_A_EV,A股EV价值,Valuation,EV,5.8752913970040765,CNY/share,CNY,1,Derived,Bull,Phase4_Model,Medium,,,,,
CU_PHASE4_FINAL_20260803_V1,中国联通,A/H,Valuation,2028,Annual,VAL_H_EV,H股EV价值,Valuation,EV,15.815567773909198,HKD/share,HKD,1,Derived,Bull,Phase4_Model,Medium,,,,,
CU_PHASE4_FINAL_20260803_V1,中国联通,A/H,Valuation,2029,Annual,VAL_A_REFERENCE_PRICE,A股综合参考价值,Valuation,Composite,9.381180633578616,CNY/share,CNY,1,Derived,Bull,Phase4_Model,Medium,DCF 30%+PE 25%+PB 15%+DDM 20%+EV/EBITDA 10%,,,,
CU_PHASE4_FINAL_20260803_V1,中国联通,A/H,Valuation,2029,Annual,VAL_H_REFERENCE_PRICE,H股综合参考价值,Valuation,Composite,21.252396943151997,HKD/share,HKD,1,Derived,Bull,Phase4_Model,Medium,DCF 30%+PE 25%+PB 15%+DDM 20%+EV/EBITDA 10%,,,,
CU_PHASE4_FINAL_20260803_V1,中国联通,A/H,Valuation,2029,Annual,VAL_A_DCF,A股DCF价值,Valuation,DCF,11.928202032364378,CNY/share,CNY,1,Derived,Bull,Phase4_Model,Medium,,,,,
CU_PHASE4_FINAL_20260803_V1,中国联通,A/H,Valuation,2029,Annual,VAL_H_DCF,H股DCF价值,Valuation,DCF,32.10926487151551,HKD/share,HKD,1,Derived,Bull,Phase4_Model,Medium,,,,,
CU_PHASE4_FINAL_20260803_V1,中国联通,A/H,Valuation,2029,Annual,VAL_A_PE,A股PE价值,Valuation,PE,12.62096804364744,CNY/share,CNY,1,Derived,Bull,Phase4_Model,Medium,,,,,
CU_PHASE4_FINAL_20260803_V1,中国联通,A/H,Valuation,2029,Annual,VAL_H_PE,H股PE价值,Valuation,PE,18.775164102082588,HKD/share,HKD,1,Derived,Bull,Phase4_Model,Medium,,,,,
CU_PHASE4_FINAL_20260803_V1,中国联通,A/H,Valuation,2029,Annual,VAL_A_PB,A股PB价值,Valuation,PB,6.335025872625728,CNY/share,CNY,1,Derived,Bull,Phase4_Model,Medium,,,,,
CU_PHASE4_FINAL_20260803_V1,中国联通,A/H,Valuation,2029,Annual,VAL_H_PB,H股PB价值,Valuation,PB,13.914179097136806,HKD/share,HKD,1,Derived,Bull,Phase4_Model,Medium,,,,,
CU_PHASE4_FINAL_20260803_V1,中国联通,A/H,Valuation,2029,Annual,VAL_A_DDM,A股DDM价值,Valuation,DDM,5.18565646894351,CNY/share,CNY,1,Derived,Bull,Phase4_Model,Medium,,,,,
CU_PHASE4_FINAL_20260803_V1,中国联通,A/H,Valuation,2029,Annual,VAL_H_DDM,H股DDM价值,Valuation,DDM,15.309050944788375,HKD/share,HKD,1,Derived,Bull,Phase4_Model,Medium,,,,,
CU_PHASE4_FINAL_20260803_V1,中国联通,A/H,Valuation,2029,Annual,VAL_A_EV,A股EV价值,Valuation,EV,6.600928382748811,CNY/share,CNY,1,Derived,Bull,Phase4_Model,Medium,,,,,
CU_PHASE4_FINAL_20260803_V1,中国联通,A/H,Valuation,2029,Annual,VAL_H_EV,H股EV价值,Valuation,EV,17.768894026485032,HKD/share,HKD,1,Derived,Bull,Phase4_Model,Medium,,,,,
CU_PHASE4_FINAL_20260803_V1,中国联通,A/H,Valuation,2030,Annual,VAL_A_REFERENCE_PRICE,A股综合参考价值,Valuation,Composite,10.353314217955374,CNY/share,CNY,1,Derived,Bull,Phase4_Model,Medium,DCF 30%+PE 25%+PB 15%+DDM 20%+EV/EBITDA 10%,,,,
CU_PHASE4_FINAL_20260803_V1,中国联通,A/H,Valuation,2030,Annual,VAL_H_REFERENCE_PRICE,H股综合参考价值,Valuation,Composite,23.119331151903182,HKD/share,HKD,1,Derived,Bull,Phase4_Model,Medium,DCF 30%+PE 25%+PB 15%+DDM 20%+EV/EBITDA 10%,,,,
CU_PHASE4_FINAL_20260803_V1,中国联通,A/H,Valuation,2030,Annual,VAL_A_DCF,A股DCF价值,Valuation,DCF,12.511855120161625,CNY/share,CNY,1,Derived,Bull,Phase4_Model,Medium,,,,,
CU_PHASE4_FINAL_20260803_V1,中国联通,A/H,Valuation,2030,Annual,VAL_H_DCF,H股DCF价值,Valuation,DCF,33.68038778998312,HKD/share,HKD,1,Derived,Bull,Phase4_Model,Medium,,,,,
CU_PHASE4_FINAL_20260803_V1,中国联通,A/H,Valuation,2030,Annual,VAL_A_PE,A股PE价值,Valuation,PE,14.924675703390427,CNY/share,CNY,1,Derived,Bull,Phase4_Model,Medium,,,,,
CU_PHASE4_FINAL_20260803_V1,中国联通,A/H,Valuation,2030,Annual,VAL_H_PE,H股PE价值,Valuation,PE,22.202198320481518,HKD/share,HKD,1,Derived,Bull,Phase4_Model,Medium,,,,,
CU_PHASE4_FINAL_20260803_V1,中国联通,A/H,Valuation,2030,Annual,VAL_A_PB,A股PB价值,Valuation,PB,7.165036385437867,CNY/share,CNY,1,Derived,Bull,Phase4_Model,Medium,,,,,
CU_PHASE4_FINAL_20260803_V1,中国联通,A/H,Valuation,2030,Annual,VAL_H_PB,H股PB价值,Valuation,PB,15.738793542320167,HKD/share,HKD,1,Derived,Bull,Phase4_Model,Medium,,,,,
CU_PHASE4_FINAL_20260803_V1,中国联通,A/H,Valuation,2030,Annual,VAL_A_DDM,A股DDM价值,Valuation,DDM,5.283356381853302,CNY/share,CNY,1,Derived,Bull,Phase4_Model,Medium,,,,,
CU_PHASE4_FINAL_20260803_V1,中国联通,A/H,Valuation,2030,Annual,VAL_H_DDM,H股DDM价值,Valuation,DDM,15.597479797141972,HKD/share,HKD,1,Derived,Bull,Phase4_Model,Medium,,,,,
CU_PHASE4_FINAL_20260803_V1,中国联通,A/H,Valuation,2030,Annual,VAL_A_EV,A股EV价值,Valuation,EV,7.371620218729387,CNY/share,CNY,1,Derived,Bull,Phase4_Model,Medium,,,,,
CU_PHASE4_FINAL_20260803_V1,中国联通,A/H,Valuation,2030,Annual,VAL_H_EV,H股EV价值,Valuation,EV,19.843502440114467,HKD/share,HKD,1,Derived,Bull,Phase4_Model,Medium,,,,,
CU_PHASE4_FINAL_20260803_V1,中国联通,A/H,Valuation,2031,Annual,VAL_A_REFERENCE_PRICE,A股综合参考价值,Valuation,Composite,10.680376031623917,CNY/share,CNY,1,Derived,Bull,Phase4_Model,Medium,DCF 30%+PE 25%+PB 15%+DDM 20%+EV/EBITDA 10%,,,,
CU_PHASE4_FINAL_20260803_V1,中国联通,A/H,Valuation,2031,Annual,VAL_H_REFERENCE_PRICE,H股综合参考价值,Valuation,Composite,23.95473580139918,HKD/share,HKD,1,Derived,Bull,Phase4_Model,Medium,DCF 30%+PE 25%+PB 15%+DDM 20%+EV/EBITDA 10%,,,,
CU_PHASE4_FINAL_20260803_V1,中国联通,A/H,Valuation,2031,Annual,VAL_A_DCF,A股DCF价值,Valuation,DCF,13.11511866052513,CNY/share,CNY,1,Derived,Bull,Phase4_Model,Medium,,,,,
CU_PHASE4_FINAL_20260803_V1,中国联通,A/H,Valuation,2031,Annual,VAL_H_DCF,H股DCF价值,Valuation,DCF,35.30429965468017,HKD/share,HKD,1,Derived,Bull,Phase4_Model,Medium,,,,,
CU_PHASE4_FINAL_20260803_V1,中国联通,A/H,Valuation,2031,Annual,VAL_A_PE,A股PE价值,Valuation,PE,15.116518217218076,CNY/share,CNY,1,Derived,Bull,Phase4_Model,Medium,,,,,
CU_PHASE4_FINAL_20260803_V1,中国联通,A/H,Valuation,2031,Annual,VAL_H_PE,H股PE价值,Valuation,PE,22.48758646712873,HKD/share,HKD,1,Derived,Bull,Phase4_Model,Medium,,,,,
CU_PHASE4_FINAL_20260803_V1,中国联通,A/H,Valuation,2031,Annual,VAL_A_PB,A股PB价值,Valuation,PB,7.349828788496956,CNY/share,CNY,1,Derived,Bull,Phase4_Model,Medium,,,,,
CU_PHASE4_FINAL_20260803_V1,中国联通,A/H,Valuation,2031,Annual,VAL_H_PB,H股PB价值,Valuation,PB,16.285709366083182,HKD/share,HKD,1,Derived,Bull,Phase4_Model,Medium,,,,,
CU_PHASE4_FINAL_20260803_V1,中国联通,A/H,Valuation,2031,Annual,VAL_A_DDM,A股DDM价值,Valuation,DDM,5.385726889560089,CNY/share,CNY,1,Derived,Bull,Phase4_Model,Medium,,,,,
CU_PHASE4_FINAL_20260803_V1,中国联通,A/H,Valuation,2031,Annual,VAL_H_DDM,H股DDM价值,Valuation,DDM,15.89969713975093,HKD/share,HKD,1,Derived,Bull,Phase4_Model,Medium,,,,,
CU_PHASE4_FINAL_20260803_V1,中国联通,A/H,Valuation,2031,Annual,VAL_A_EV,A股EV价值,Valuation,EV,7.870911829752977,CNY/share,CNY,1,Derived,Bull,Phase4_Model,Medium,,,,,
CU_PHASE4_FINAL_20260803_V1,中国联通,A/H,Valuation,2031,Annual,VAL_H_EV,H股EV价值,Valuation,EV,21.187534553502836,HKD/share,HKD,1,Derived,Bull,Phase4_Model,Medium,,,,,
CU_PHASE4_FINAL_20260803_V1,中国联通,A/H,Valuation,2032,Annual,VAL_A_REFERENCE_PRICE,A股综合参考价值,Valuation,Composite,11.035798563708703,CNY/share,CNY,1,Derived,Bull,Phase4_Model,Medium,DCF 30%+PE 25%+PB 15%+DDM 20%+EV/EBITDA 10%,,,,
CU_PHASE4_FINAL_20260803_V1,中国联通,A/H,Valuation,2032,Annual,VAL_H_REFERENCE_PRICE,H股综合参考价值,Valuation,Composite,24.809466431149296,HKD/share,HKD,1,Derived,Bull,Phase4_Model,Medium,DCF 30%+PE 25%+PB 15%+DDM 20%+EV/EBITDA 10%,,,,
CU_PHASE4_FINAL_20260803_V1,中国联通,A/H,Valuation,2032,Annual,VAL_A_DCF,A股DCF价值,Valuation,DCF,13.731803031246384,CNY/share,CNY,1,Derived,Bull,Phase4_Model,Medium,,,,,
CU_PHASE4_FINAL_20260803_V1,中国联通,A/H,Valuation,2032,Annual,VAL_H_DCF,H股DCF价值,Valuation,DCF,36.96433875763017,HKD/share,HKD,1,Derived,Bull,Phase4_Model,Medium,,,,,
CU_PHASE4_FINAL_20260803_V1,中国联通,A/H,Valuation,2032,Annual,VAL_A_PE,A股PE价值,Valuation,PE,15.38352113001914,CNY/share,CNY,1,Derived,Bull,Phase4_Model,Medium,,,,,
CU_PHASE4_FINAL_20260803_V1,中国联通,A/H,Valuation,2032,Annual,VAL_H_PE,H股PE价值,Valuation,PE,22.884784486031666,HKD/share,HKD,1,Derived,Bull,Phase4_Model,Medium,,,,,
CU_PHASE4_FINAL_20260803_V1,中国联通,A/H,Valuation,2032,Annual,VAL_A_PB,A股PB价值,Valuation,PB,7.560105880019968,CNY/share,CNY,1,Derived,Bull,Phase4_Model,Medium,,,,,
CU_PHASE4_FINAL_20260803_V1,中国联通,A/H,Valuation,2032,Annual,VAL_H_PB,H股PB价值,Valuation,PB,16.67099088872854,HKD/share,HKD,1,Derived,Bull,Phase4_Model,Medium,,,,,
CU_PHASE4_FINAL_20260803_V1,中国联通,A/H,Valuation,2032,Annual,VAL_A_DDM,A股DDM价值,Valuation,DDM,5.490901136479861,CNY/share,CNY,1,Derived,Bull,Phase4_Model,Medium,,,,,
CU_PHASE4_FINAL_20260803_V1,中国联通,A/H,Valuation,2032,Annual,VAL_H_DDM,H股DDM价值,Valuation,DDM,16.210191657430112,HKD/share,HKD,1,Derived,Bull,Phase4_Model,Medium,,,,,
CU_PHASE4_FINAL_20260803_V1,中国联通,A/H,Valuation,2032,Annual,VAL_A_EV,A股EV价值,Valuation,EV,8.381812625310346,CNY/share,CNY,1,Derived,Bull,Phase4_Model,Medium,,,,,
CU_PHASE4_FINAL_20260803_V1,中国联通,A/H,Valuation,2032,Annual,VAL_H_EV,H股EV价值,Valuation,EV,22.562817175570228,HKD/share,HKD,1,Derived,Bull,Phase4_Model,Medium,,,,,
CU_PHASE4_FINAL_20260803_V1,中国联通,A/H,Valuation,2033,Annual,VAL_A_REFERENCE_PRICE,A股综合参考价值,Valuation,Composite,11.399418810111184,CNY/share,CNY,1,Derived,Bull,Phase4_Model,Medium,DCF 30%+PE 25%+PB 15%+DDM 20%+EV/EBITDA 10%,,,,
CU_PHASE4_FINAL_20260803_V1,中国联通,A/H,Valuation,2033,Annual,VAL_H_REFERENCE_PRICE,H股综合参考价值,Valuation,Composite,25.683886118189495,HKD/share,HKD,1,Derived,Bull,Phase4_Model,Medium,DCF 30%+PE 25%+PB 15%+DDM 20%+EV/EBITDA 10%,,,,
CU_PHASE4_FINAL_20260803_V1,中国联通,A/H,Valuation,2033,Annual,VAL_A_DCF,A股DCF价值,Valuation,DCF,14.362099360073223,CNY/share,CNY,1,Derived,Bull,Phase4_Model,Medium,,,,,
CU_PHASE4_FINAL_20260803_V1,中国联通,A/H,Valuation,2033,Annual,VAL_H_DCF,H股DCF价值,Valuation,DCF,38.6610195914166,HKD/share,HKD,1,Derived,Bull,Phase4_Model,Medium,,,,,
CU_PHASE4_FINAL_20260803_V1,中国联通,A/H,Valuation,2033,Annual,VAL_A_PE,A股PE价值,Valuation,PE,15.65724107297443,CNY/share,CNY,1,Derived,Bull,Phase4_Model,Medium,,,,,
CU_PHASE4_FINAL_20260803_V1,中国联通,A/H,Valuation,2033,Annual,VAL_H_PE,H股PE价值,Valuation,PE,23.29197487184244,HKD/share,HKD,1,Derived,Bull,Phase4_Model,Medium,,,,,
CU_PHASE4_FINAL_20260803_V1,中国联通,A/H,Valuation,2033,Annual,VAL_A_PB,A股PB价值,Valuation,PB,7.774897509522908,CNY/share,CNY,1,Derived,Bull,Phase4_Model,Medium,,,,,
CU_PHASE4_FINAL_20260803_V1,中国联通,A/H,Valuation,2033,Annual,VAL_H_PB,H股PB价值,Valuation,PB,17.065045827956865,HKD/share,HKD,1,Derived,Bull,Phase4_Model,Medium,,,,,
CU_PHASE4_FINAL_20260803_V1,中国联通,A/H,Valuation,2033,Annual,VAL_A_DDM,A股DDM价值,Valuation,DDM,5.598974779558861,CNY/share,CNY,1,Derived,Bull,Phase4_Model,Medium,,,,,
CU_PHASE4_FINAL_20260803_V1,中国联通,A/H,Valuation,2033,Annual,VAL_H_DDM,H股DDM价值,Valuation,DDM,16.529245747803046,HKD/share,HKD,1,Derived,Bull,Phase4_Model,Medium,,,,,
CU_PHASE4_FINAL_20260803_V1,中国联通,A/H,Valuation,2033,Annual,VAL_A_EV,A股EV价值,Valuation,EV,8.904491515054028,CNY/share,CNY,1,Derived,Bull,Phase4_Model,Medium,,,,,
CU_PHASE4_FINAL_20260803_V1,中国联通,A/H,Valuation,2033,Annual,VAL_H_EV,H股EV价值,Valuation,EV,23.969804990497675,HKD/share,HKD,1,Derived,Bull,Phase4_Model,Medium,,,,,
CU_PHASE4_FINAL_20260803_V1,中国联通,A/H,Valuation,2034,Annual,VAL_A_REFERENCE_PRICE,A股综合参考价值,Valuation,Composite,11.771344046670002,CNY/share,CNY,1,Derived,Bull,Phase4_Model,Medium,DCF 30%+PE 25%+PB 15%+DDM 20%+EV/EBITDA 10%,,,,
CU_PHASE4_FINAL_20260803_V1,中国联通,A/H,Valuation,2034,Annual,VAL_H_REFERENCE_PRICE,H股综合参考价值,Valuation,Composite,26.578276955570384,HKD/share,HKD,1,Derived,Bull,Phase4_Model,Medium,DCF 30%+PE 25%+PB 15%+DDM 20%+EV/EBITDA 10%,,,,
CU_PHASE4_FINAL_20260803_V1,中国联通,A/H,Valuation,2034,Annual,VAL_A_DCF,A股DCF价值,Valuation,DCF,15.006205385625274,CNY/share,CNY,1,Derived,Bull,Phase4_Model,Medium,,,,,
CU_PHASE4_FINAL_20260803_V1,中国联通,A/H,Valuation,2034,Annual,VAL_H_DCF,H股DCF价值,Valuation,DCF,40.394874444283325,HKD/share,HKD,1,Derived,Bull,Phase4_Model,Medium,,,,,
CU_PHASE4_FINAL_20260803_V1,中国联通,A/H,Valuation,2034,Annual,VAL_A_PE,A股PE价值,Valuation,PE,15.937687736692911,CNY/share,CNY,1,Derived,Bull,Phase4_Model,Medium,,,,,
CU_PHASE4_FINAL_20260803_V1,中国联通,A/H,Valuation,2034,Annual,VAL_H_PE,H股PE价值,Valuation,PE,23.709172040473756,HKD/share,HKD,1,Derived,Bull,Phase4_Model,Medium,,,,,
CU_PHASE4_FINAL_20260803_V1,中国联通,A/H,Valuation,2034,Annual,VAL_A_PB,A股PB价值,Valuation,PB,7.994247380840811,CNY/share,CNY,1,Derived,Bull,Phase4_Model,Medium,,,,,
CU_PHASE4_FINAL_20260803_V1,中国联通,A/H,Valuation,2034,Annual,VAL_H_PB,H股PB价值,Valuation,PB,17.467929996419667,HKD/share,HKD,1,Derived,Bull,Phase4_Model,Medium,,,,,
CU_PHASE4_FINAL_20260803_V1,中国联通,A/H,Valuation,2034,Annual,VAL_A_DDM,A股DDM价值,Valuation,DDM,5.7100536910682855,CNY/share,CNY,1,Derived,Bull,Phase4_Model,Medium,,,,,
CU_PHASE4_FINAL_20260803_V1,中国联通,A/H,Valuation,2034,Annual,VAL_H_DDM,H股DDM价值,Valuation,DDM,16.857171966088742,HKD/share,HKD,1,Derived,Bull,Phase4_Model,Medium,,,,,
CU_PHASE4_FINAL_20260803_V1,中国联通,A/H,Valuation,2034,Annual,VAL_A_EV,A股EV价值,Valuation,EV,9.439126514694134,CNY/share,CNY,1,Derived,Bull,Phase4_Model,Medium,,,,,
CU_PHASE4_FINAL_20260803_V1,中国联通,A/H,Valuation,2034,Annual,VAL_H_EV,H股EV价值,Valuation,EV,25.40897719486249,HKD/share,HKD,1,Derived,Bull,Phase4_Model,Medium,,,,,
CU_PHASE4_FINAL_20260803_V1,中国联通,A/H,Valuation,2035,Annual,VAL_A_REFERENCE_PRICE,A股综合参考价值,Valuation,Composite,12.151689803908301,CNY/share,CNY,1,Derived,Bull,Phase4_Model,Medium,DCF 30%+PE 25%+PB 15%+DDM 20%+EV/EBITDA 10%,,,,
CU_PHASE4_FINAL_20260803_V1,中国联通,A/H,Valuation,2035,Annual,VAL_H_REFERENCE_PRICE,H股综合参考价值,Valuation,Composite,27.49294035373496,HKD/share,HKD,1,Derived,Bull,Phase4_Model,Medium,DCF 30%+PE 25%+PB 15%+DDM 20%+EV/EBITDA 10%,,,,
CU_PHASE4_FINAL_20260803_V1,中国联通,A/H,Valuation,2035,Annual,VAL_A_DCF,A股DCF价值,Valuation,DCF,15.664324924899503,CNY/share,CNY,1,Derived,Bull,Phase4_Model,Medium,,,,,
CU_PHASE4_FINAL_20260803_V1,中国联通,A/H,Valuation,2035,Annual,VAL_H_DCF,H股DCF价值,Valuation,DCF,42.166451966724686,HKD/share,HKD,1,Derived,Bull,Phase4_Model,Medium,,,,,
CU_PHASE4_FINAL_20260803_V1,中国联通,A/H,Valuation,2035,Annual,VAL_A_PE,A股PE价值,Valuation,PE,16.224880832672852,CNY/share,CNY,1,Derived,Bull,Phase4_Model,Medium,,,,,
CU_PHASE4_FINAL_20260803_V1,中国联通,A/H,Valuation,2035,Annual,VAL_H_PE,H股PE价值,Valuation,PE,24.13640531508161,HKD/share,HKD,1,Derived,Bull,Phase4_Model,Medium,,,,,
CU_PHASE4_FINAL_20260803_V1,中国联通,A/H,Valuation,2035,Annual,VAL_A_PB,A股PB价值,Valuation,PB,8.218204784248881,CNY/share,CNY,1,Derived,Bull,Phase4_Model,Medium,,,,,
CU_PHASE4_FINAL_20260803_V1,中国联通,A/H,Valuation,2035,Annual,VAL_H_PB,H股PB价值,Valuation,PB,17.879711177556686,HKD/share,HKD,1,Derived,Bull,Phase4_Model,Medium,,,,,
CU_PHASE4_FINAL_20260803_V1,中国联通,A/H,Valuation,2035,Annual,VAL_A_DDM,A股DDM价值,Valuation,DDM,5.824254764889652,CNY/share,CNY,1,Derived,Bull,Phase4_Model,Medium,,,,,
CU_PHASE4_FINAL_20260803_V1,中国联通,A/H,Valuation,2035,Annual,VAL_H_DDM,H股DDM价值,Valuation,DDM,17.19431540541052,HKD/share,HKD,1,Derived,Bull,Phase4_Model,Medium,,,,,
CU_PHASE4_FINAL_20260803_V1,中国联通,A/H,Valuation,2035,Annual,VAL_A_EV,A股EV价值,Valuation,EV,9.98590447654974,CNY/share,CNY,1,Derived,Bull,Phase4_Model,Medium,,,,,
CU_PHASE4_FINAL_20260803_V1,中国联通,A/H,Valuation,2035,Annual,VAL_H_EV,H股EV价值,Valuation,EV,26.880836772315423,HKD/share,HKD,1,Derived,Bull,Phase4_Model,Medium,,,,,
CU_PHASE4_FINAL_20260803_V1,中国联通,A/H,Valuation,2030,Annual,VAL_IRR_A_2030,A_2030,Valuation,IRR,0.27341985335576974,%,CNY,1,Derived,Bull,Phase4_Model,Medium,,,,,H股net按港股通个人股息税20%；A股假设长期持有股息税0%。
CU_PHASE4_FINAL_20260803_V1,中国联通,A/H,Valuation,2035,Annual,VAL_IRR_A_2035,A_2035,Valuation,IRR,0.1771876587151287,%,CNY,1,Derived,Bull,Phase4_Model,Medium,,,,,H股net按港股通个人股息税20%；A股假设长期持有股息税0%。
CU_PHASE4_FINAL_20260803_V1,中国联通,A/H,Valuation,2030,Annual,VAL_IRR_H_2030_NET,H_2030_net,Valuation,IRR,0.41216776788471315,%,HKD,1,Derived,Bull,Phase4_Model,Medium,,,,,H股net按港股通个人股息税20%；A股假设长期持有股息税0%。
CU_PHASE4_FINAL_20260803_V1,中国联通,A/H,Valuation,2035,Annual,VAL_IRR_H_2035_NET,H_2035_net,Valuation,IRR,0.2509282385908434,%,HKD,1,Derived,Bull,Phase4_Model,Medium,,,,,H股net按港股通个人股息税20%；A股假设长期持有股息税0%。
CU_PHASE4_FINAL_20260803_V1,中国联通,A/H,Valuation,2030,Annual,VAL_IRR_H_2030_GROSS,H_2030_gross,Valuation,IRR,0.43548996014068964,%,HKD,1,Derived,Bull,Phase4_Model,Medium,,,,,H股net按港股通个人股息税20%；A股假设长期持有股息税0%。
CU_PHASE4_FINAL_20260803_V1,中国联通,A/H,Valuation,2035,Annual,VAL_IRR_H_2035_GROSS,H_2035_gross,Valuation,IRR,0.27485696665036286,%,HKD,1,Derived,Bull,Phase4_Model,Medium,,,,,H股net按港股通个人股息税20%；A股假设长期持有股息税0%。
CU_PHASE4_FINAL_20260803_V1,中国联通,A/H,Valuation,2026-07-31,Point,SENS_A_PRICE_CHANNEL,套餐与渠道敏感性下A股当前参考价值,Sensitivity,Tariff & Channel,5.013310903744627,CNY/share,CNY,1,Derived,Sensitivity,Phase4_Model,Medium,,,,,有效ToC收入提升0.0%；销售费用率净节省0.00%
CU_PHASE4_FINAL_20260803_V1,中国联通,A/H,Valuation,2026-07-31,Point,SENS_H_PRICE_CHANNEL,套餐与渠道敏感性下H股当前参考价值,Sensitivity,Tariff & Channel,11.898263730641501,HKD/share,HKD,1,Derived,Sensitivity,Phase4_Model,Medium,,,,,有效ToC收入提升0.0%；销售费用率净节省0.00%
CU_PHASE4_FINAL_20260803_V1,中国联通,A/H,Valuation,2030,Annual,SENS_A_EPS_2030,套餐与渠道敏感性下2030 A股EPS,Sensitivity,Tariff & Channel,0.4949288271296085,CNY/share,CNY,1,Derived,Sensitivity,Phase4_Model,Medium,,,,,有效ToC收入提升0.0%；销售费用率净节省0.00%
CU_PHASE4_FINAL_20260803_V1,中国联通,A/H,Valuation,2026-07-31,Point,SENS_A_PRICE_CHANNEL,套餐与渠道敏感性下A股当前参考价值,Sensitivity,Tariff & Channel,5.0449781680363355,CNY/share,CNY,1,Derived,Sensitivity,Phase4_Model,Medium,,,,,有效ToC收入提升0.0%；销售费用率净节省0.10%
CU_PHASE4_FINAL_20260803_V1,中国联通,A/H,Valuation,2026-07-31,Point,SENS_H_PRICE_CHANNEL,套餐与渠道敏感性下H股当前参考价值,Sensitivity,Tariff & Channel,11.975414473204744,HKD/share,HKD,1,Derived,Sensitivity,Phase4_Model,Medium,,,,,有效ToC收入提升0.0%；销售费用率净节省0.10%
CU_PHASE4_FINAL_20260803_V1,中国联通,A/H,Valuation,2030,Annual,SENS_A_EPS_2030,套餐与渠道敏感性下2030 A股EPS,Sensitivity,Tariff & Channel,0.5000577716459926,CNY/share,CNY,1,Derived,Sensitivity,Phase4_Model,Medium,,,,,有效ToC收入提升0.0%；销售费用率净节省0.10%
CU_PHASE4_FINAL_20260803_V1,中国联通,A/H,Valuation,2026-07-31,Point,SENS_A_PRICE_CHANNEL,套餐与渠道敏感性下A股当前参考价值,Sensitivity,Tariff & Channel,5.092479451324424,CNY/share,CNY,1,Derived,Sensitivity,Phase4_Model,Medium,,,,,有效ToC收入提升0.0%；销售费用率净节省0.25%
CU_PHASE4_FINAL_20260803_V1,中国联通,A/H,Valuation,2026-07-31,Point,SENS_H_PRICE_CHANNEL,套餐与渠道敏感性下H股当前参考价值,Sensitivity,Tariff & Channel,12.091141528650237,HKD/share,HKD,1,Derived,Sensitivity,Phase4_Model,Medium,,,,,有效ToC收入提升0.0%；销售费用率净节省0.25%
CU_PHASE4_FINAL_20260803_V1,中国联通,A/H,Valuation,2030,Annual,SENS_A_EPS_2030,套餐与渠道敏感性下2030 A股EPS,Sensitivity,Tariff & Channel,0.5077511884205691,CNY/share,CNY,1,Derived,Sensitivity,Phase4_Model,Medium,,,,,有效ToC收入提升0.0%；销售费用率净节省0.25%
CU_PHASE4_FINAL_20260803_V1,中国联通,A/H,Valuation,2026-07-31,Point,SENS_A_PRICE_CHANNEL,套餐与渠道敏感性下A股当前参考价值,Sensitivity,Tariff & Channel,5.1716492880240175,CNY/share,CNY,1,Derived,Sensitivity,Phase4_Model,Medium,,,,,有效ToC收入提升0.0%；销售费用率净节省0.50%
CU_PHASE4_FINAL_20260803_V1,中国联通,A/H,Valuation,2026-07-31,Point,SENS_H_PRICE_CHANNEL,套餐与渠道敏感性下H股当前参考价值,Sensitivity,Tariff & Channel,12.284022464488883,HKD/share,HKD,1,Derived,Sensitivity,Phase4_Model,Medium,,,,,有效ToC收入提升0.0%；销售费用率净节省0.50%
CU_PHASE4_FINAL_20260803_V1,中国联通,A/H,Valuation,2030,Annual,SENS_A_EPS_2030,套餐与渠道敏感性下2030 A股EPS,Sensitivity,Tariff & Channel,0.5205735497115296,CNY/share,CNY,1,Derived,Sensitivity,Phase4_Model,Medium,,,,,有效ToC收入提升0.0%；销售费用率净节省0.50%
CU_PHASE4_FINAL_20260803_V1,中国联通,A/H,Valuation,2026-07-31,Point,SENS_A_PRICE_CHANNEL,套餐与渠道敏感性下A股当前参考价值,Sensitivity,Tariff & Channel,5.102800658281182,CNY/share,CNY,1,Derived,Sensitivity,Phase4_Model,Medium,,,,,有效ToC收入提升1.0%；销售费用率净节省0.00%
CU_PHASE4_FINAL_20260803_V1,中国联通,A/H,Valuation,2026-07-31,Point,SENS_H_PRICE_CHANNEL,套餐与渠道敏感性下H股当前参考价值,Sensitivity,Tariff & Channel,12.114168928532818,HKD/share,HKD,1,Derived,Sensitivity,Phase4_Model,Medium,,,,,有效ToC收入提升1.0%；销售费用率净节省0.00%
CU_PHASE4_FINAL_20260803_V1,中国联通,A/H,Valuation,2030,Annual,SENS_A_EPS_2030,套餐与渠道敏感性下2030 A股EPS,Sensitivity,Tariff & Channel,0.5087301696165012,CNY/share,CNY,1,Derived,Sensitivity,Phase4_Model,Medium,,,,,有效ToC收入提升1.0%；销售费用率净节省0.00%
CU_PHASE4_FINAL_20260803_V1,中国联通,A/H,Valuation,2026-07-31,Point,SENS_A_PRICE_CHANNEL,套餐与渠道敏感性下A股当前参考价值,Sensitivity,Tariff & Channel,5.134468547644802,CNY/share,CNY,1,Derived,Sensitivity,Phase4_Model,Medium,,,,,有效ToC收入提升1.0%；销售费用率净节省0.10%
CU_PHASE4_FINAL_20260803_V1,中国联通,A/H,Valuation,2026-07-31,Point,SENS_H_PRICE_CHANNEL,套餐与渠道敏感性下H股当前参考价值,Sensitivity,Tariff & Channel,12.191321192559547,HKD/share,HKD,1,Derived,Sensitivity,Phase4_Model,Medium,,,,,有效ToC收入提升1.0%；销售费用率净节省0.10%
CU_PHASE4_FINAL_20260803_V1,中国联通,A/H,Valuation,2030,Annual,SENS_A_EPS_2030,套餐与渠道敏感性下2030 A股EPS,Sensitivity,Tariff & Channel,0.5138591141328854,CNY/share,CNY,1,Derived,Sensitivity,Phase4_Model,Medium,,,,,有效ToC收入提升1.0%；销售费用率净节省0.10%
CU_PHASE4_FINAL_20260803_V1,中国联通,A/H,Valuation,2026-07-31,Point,SENS_A_PRICE_CHANNEL,套餐与渠道敏感性下A股当前参考价值,Sensitivity,Tariff & Channel,5.181970768280389,CNY/share,CNY,1,Derived,Sensitivity,Phase4_Model,Medium,,,,,有效ToC收入提升1.0%；销售费用率净节省0.25%
CU_PHASE4_FINAL_20260803_V1,中国联通,A/H,Valuation,2026-07-31,Point,SENS_H_PRICE_CHANNEL,套餐与渠道敏感性下H股当前参考价值,Sensitivity,Tariff & Channel,12.307050529628425,HKD/share,HKD,1,Derived,Sensitivity,Phase4_Model,Medium,,,,,有效ToC收入提升1.0%；销售费用率净节省0.25%
CU_PHASE4_FINAL_20260803_V1,中国联通,A/H,Valuation,2030,Annual,SENS_A_EPS_2030,套餐与渠道敏感性下2030 A股EPS,Sensitivity,Tariff & Channel,0.5215525309074618,CNY/share,CNY,1,Derived,Sensitivity,Phase4_Model,Medium,,,,,有效ToC收入提升1.0%；销售费用率净节省0.25%
CU_PHASE4_FINAL_20260803_V1,中国联通,A/H,Valuation,2026-07-31,Point,SENS_A_PRICE_CHANNEL,套餐与渠道敏感性下A股当前参考价值,Sensitivity,Tariff & Channel,5.261142166531831,CNY/share,CNY,1,Derived,Sensitivity,Phase4_Model,Medium,,,,,有效ToC收入提升1.0%；销售费用率净节省0.50%
CU_PHASE4_FINAL_20260803_V1,中国联通,A/H,Valuation,2026-07-31,Point,SENS_H_PRICE_CHANNEL,套餐与渠道敏感性下H股当前参考价值,Sensitivity,Tariff & Channel,12.499935266648482,HKD/share,HKD,1,Derived,Sensitivity,Phase4_Model,Medium,,,,,有效ToC收入提升1.0%；销售费用率净节省0.50%
CU_PHASE4_FINAL_20260803_V1,中国联通,A/H,Valuation,2030,Annual,SENS_A_EPS_2030,套餐与渠道敏感性下2030 A股EPS,Sensitivity,Tariff & Channel,0.5343748921984223,CNY/share,CNY,1,Derived,Sensitivity,Phase4_Model,Medium,,,,,有效ToC收入提升1.0%；销售费用率净节省0.50%
CU_PHASE4_FINAL_20260803_V1,中国联通,A/H,Valuation,2026-07-31,Point,SENS_A_PRICE_CHANNEL,套餐与渠道敏感性下A股当前参考价值,Sensitivity,Tariff & Channel,5.192292306477601,CNY/share,CNY,1,Derived,Sensitivity,Phase4_Model,Medium,,,,,有效ToC收入提升2.0%；销售费用率净节省0.00%
CU_PHASE4_FINAL_20260803_V1,中国联通,A/H,Valuation,2026-07-31,Point,SENS_H_PRICE_CHANNEL,套餐与渠道敏感性下H股当前参考价值,Sensitivity,Tariff & Channel,12.330078735810295,HKD/share,HKD,1,Derived,Sensitivity,Phase4_Model,Medium,,,,,有效ToC收入提升2.0%；销售费用率净节省0.00%
CU_PHASE4_FINAL_20260803_V1,中国联通,A/H,Valuation,2030,Annual,SENS_A_EPS_2030,套餐与渠道敏感性下2030 A股EPS,Sensitivity,Tariff & Channel,0.5225315121033939,CNY/share,CNY,1,Derived,Sensitivity,Phase4_Model,Medium,,,,,有效ToC收入提升2.0%；销售费用率净节省0.00%
CU_PHASE4_FINAL_20260803_V1,中国联通,A/H,Valuation,2026-07-31,Point,SENS_A_PRICE_CHANNEL,套餐与渠道敏感性下A股当前参考价值,Sensitivity,Tariff & Channel,5.223960820492455,CNY/share,CNY,1,Derived,Sensitivity,Phase4_Model,Medium,,,,,有效ToC收入提升2.0%；销售费用率净节省0.10%
CU_PHASE4_FINAL_20260803_V1,中国联通,A/H,Valuation,2026-07-31,Point,SENS_H_PRICE_CHANNEL,套餐与渠道敏感性下H股当前参考价值,Sensitivity,Tariff & Channel,12.407232520376565,HKD/share,HKD,1,Derived,Sensitivity,Phase4_Model,Medium,,,,,有效ToC收入提升2.0%；销售费用率净节省0.10%
CU_PHASE4_FINAL_20260803_V1,中国联通,A/H,Valuation,2030,Annual,SENS_A_EPS_2030,套餐与渠道敏感性下2030 A股EPS,Sensitivity,Tariff & Channel,0.5276604566197781,CNY/share,CNY,1,Derived,Sensitivity,Phase4_Model,Medium,,,,,有效ToC收入提升2.0%；销售费用率净节省0.10%
CU_PHASE4_FINAL_20260803_V1,中国联通,A/H,Valuation,2026-07-31,Point,SENS_A_PRICE_CHANNEL,套餐与渠道敏感性下A股当前参考价值,Sensitivity,Tariff & Channel,5.271463977844751,CNY/share,CNY,1,Derived,Sensitivity,Phase4_Model,Medium,,,,,有效ToC收入提升2.0%；销售费用率净节省0.25%
CU_PHASE4_FINAL_20260803_V1,中国联通,A/H,Valuation,2026-07-31,Point,SENS_H_PRICE_CHANNEL,套餐与渠道敏感性下H股当前参考价值,Sensitivity,Tariff & Channel,12.522964137683372,HKD/share,HKD,1,Derived,Sensitivity,Phase4_Model,Medium,,,,,有效ToC收入提升2.0%；销售费用率净节省0.25%
CU_PHASE4_FINAL_20260803_V1,中国联通,A/H,Valuation,2030,Annual,SENS_A_EPS_2030,套餐与渠道敏感性下2030 A股EPS,Sensitivity,Tariff & Channel,0.5353538733943545,CNY/share,CNY,1,Derived,Sensitivity,Phase4_Model,Medium,,,,,有效ToC收入提升2.0%；销售费用率净节省0.25%
CU_PHASE4_FINAL_20260803_V1,中国联通,A/H,Valuation,2026-07-31,Point,SENS_A_PRICE_CHANNEL,套餐与渠道敏感性下A股当前参考价值,Sensitivity,Tariff & Channel,5.350636936597348,CNY/share,CNY,1,Derived,Sensitivity,Phase4_Model,Medium,,,,,有效ToC收入提升2.0%；销售费用率净节省0.50%
CU_PHASE4_FINAL_20260803_V1,中国联通,A/H,Valuation,2026-07-31,Point,SENS_H_PRICE_CHANNEL,套餐与渠道敏感性下H股当前参考价值,Sensitivity,Tariff & Channel,12.715852673576965,HKD/share,HKD,1,Derived,Sensitivity,Phase4_Model,Medium,,,,,有效ToC收入提升2.0%；销售费用率净节省0.50%
CU_PHASE4_FINAL_20260803_V1,中国联通,A/H,Valuation,2030,Annual,SENS_A_EPS_2030,套餐与渠道敏感性下2030 A股EPS,Sensitivity,Tariff & Channel,0.5481762346853151,CNY/share,CNY,1,Derived,Sensitivity,Phase4_Model,Medium,,,,,有效ToC收入提升2.0%；销售费用率净节省0.50%
CU_PHASE4_FINAL_20260803_V1,中国联通,A/H,Valuation,2026-07-31,Point,SENS_A_PRICE_CHANNEL,套餐与渠道敏感性下A股当前参考价值,Sensitivity,Tariff & Channel,5.281785847059527,CNY/share,CNY,1,Derived,Sensitivity,Phase4_Model,Medium,,,,,有效ToC收入提升3.0%；销售费用率净节省0.00%
CU_PHASE4_FINAL_20260803_V1,中国联通,A/H,Valuation,2026-07-31,Point,SENS_H_PRICE_CHANNEL,套餐与渠道敏感性下H股当前参考价值,Sensitivity,Tariff & Channel,12.545993149674961,HKD/share,HKD,1,Derived,Sensitivity,Phase4_Model,Medium,,,,,有效ToC收入提升3.0%；销售费用率净节省0.00%
CU_PHASE4_FINAL_20260803_V1,中国联通,A/H,Valuation,2030,Annual,SENS_A_EPS_2030,套餐与渠道敏感性下2030 A股EPS,Sensitivity,Tariff & Channel,0.5363328545902866,CNY/share,CNY,1,Derived,Sensitivity,Phase4_Model,Medium,,,,,有效ToC收入提升3.0%；销售费用率净节省0.00%
CU_PHASE4_FINAL_20260803_V1,中国联通,A/H,Valuation,2026-07-31,Point,SENS_A_PRICE_CHANNEL,套餐与渠道敏感性下A股当前参考价值,Sensitivity,Tariff & Channel,5.313454985305308,CNY/share,CNY,1,Derived,Sensitivity,Phase4_Model,Medium,,,,,有效ToC收入提升3.0%；销售费用率净节省0.10%
CU_PHASE4_FINAL_20260803_V1,中国联通,A/H,Valuation,2026-07-31,Point,SENS_H_PRICE_CHANNEL,套餐与渠道敏感性下H股当前参考价值,Sensitivity,Tariff & Channel,12.623148453857565,HKD/share,HKD,1,Derived,Sensitivity,Phase4_Model,Medium,,,,,有效ToC收入提升3.0%；销售费用率净节省0.10%
CU_PHASE4_FINAL_20260803_V1,中国联通,A/H,Valuation,2030,Annual,SENS_A_EPS_2030,套餐与渠道敏感性下2030 A股EPS,Sensitivity,Tariff & Channel,0.5414617991066708,CNY/share,CNY,1,Derived,Sensitivity,Phase4_Model,Medium,,,,,有效ToC收入提升3.0%；销售费用率净节省0.10%
CU_PHASE4_FINAL_20260803_V1,中国联通,A/H,Valuation,2026-07-31,Point,SENS_A_PRICE_CHANNEL,套餐与渠道敏感性下A股当前参考价值,Sensitivity,Tariff & Channel,5.360959078744089,CNY/share,CNY,1,Derived,Sensitivity,Phase4_Model,Medium,,,,,有效ToC收入提升3.0%；销售费用率净节省0.25%
CU_PHASE4_FINAL_20260803_V1,中国联通,A/H,Valuation,2026-07-31,Point,SENS_H_PRICE_CHANNEL,套餐与渠道敏感性下H股当前参考价值,Sensitivity,Tariff & Channel,12.73888235001796,HKD/share,HKD,1,Derived,Sensitivity,Phase4_Model,Medium,,,,,有效ToC收入提升3.0%；销售费用率净节省0.25%
CU_PHASE4_FINAL_20260803_V1,中国联通,A/H,Valuation,2030,Annual,SENS_A_EPS_2030,套餐与渠道敏感性下2030 A股EPS,Sensitivity,Tariff & Channel,0.5491552158812472,CNY/share,CNY,1,Derived,Sensitivity,Phase4_Model,Medium,,,,,有效ToC收入提升3.0%；销售费用率净节省0.25%
CU_PHASE4_FINAL_20260803_V1,中国联通,A/H,Valuation,2026-07-31,Point,SENS_A_PRICE_CHANNEL,套餐与渠道敏感性下A股当前参考价值,Sensitivity,Tariff & Channel,5.440133596948089,CNY/share,CNY,1,Derived,Sensitivity,Phase4_Model,Medium,,,,,有效ToC收入提升3.0%；销售费用率净节省0.50%
CU_PHASE4_FINAL_20260803_V1,中国联通,A/H,Valuation,2026-07-31,Point,SENS_H_PRICE_CHANNEL,套餐与渠道敏感性下H股当前参考价值,Sensitivity,Tariff & Channel,12.931774682479094,HKD/share,HKD,1,Derived,Sensitivity,Phase4_Model,Medium,,,,,有效ToC收入提升3.0%；销售费用率净节省0.50%
CU_PHASE4_FINAL_20260803_V1,中国联通,A/H,Valuation,2030,Annual,SENS_A_EPS_2030,套餐与渠道敏感性下2030 A股EPS,Sensitivity,Tariff & Channel,0.5619775771722078,CNY/share,CNY,1,Derived,Sensitivity,Phase4_Model,Medium,,,,,有效ToC收入提升3.0%；销售费用率净节省0.50%
CU_PHASE4_FINAL_20260803_V1,中国联通,A/H,Valuation,2026-07-31,Point,SENS_A_PRICE_CHANNEL,套餐与渠道敏感性下A股当前参考价值,Sensitivity,Tariff & Channel,5.4607786002881475,CNY/share,CNY,1,Derived,Sensitivity,Phase4_Model,Medium,,,,,有效ToC收入提升5.0%；销售费用率净节省0.00%
CU_PHASE4_FINAL_20260803_V1,中国联通,A/H,Valuation,2026-07-31,Point,SENS_H_PRICE_CHANNEL,套餐与渠道敏感性下H股当前参考价值,Sensitivity,Tariff & Channel,12.977835785981238,HKD/share,HKD,1,Derived,Sensitivity,Phase4_Model,Medium,,,,,有效ToC收入提升5.0%；销售费用率净节省0.00%
CU_PHASE4_FINAL_20260803_V1,中国联通,A/H,Valuation,2030,Annual,SENS_A_EPS_2030,套餐与渠道敏感性下2030 A股EPS,Sensitivity,Tariff & Channel,0.563935539564072,CNY/share,CNY,1,Derived,Sensitivity,Phase4_Model,Medium,,,,,有效ToC收入提升5.0%；销售费用率净节省0.00%
CU_PHASE4_FINAL_20260803_V1,中国联通,A/H,Valuation,2026-07-31,Point,SENS_A_PRICE_CHANNEL,套餐与渠道敏感性下A股当前参考价值,Sensitivity,Tariff & Channel,5.492448985736377,CNY/share,CNY,1,Derived,Sensitivity,Phase4_Model,Medium,,,,,有效ToC收入提升5.0%；销售费用率净节省0.10%
CU_PHASE4_FINAL_20260803_V1,中国联通,A/H,Valuation,2026-07-31,Point,SENS_H_PRICE_CHANNEL,套餐与渠道敏感性下H股当前参考价值,Sensitivity,Tariff & Channel,13.054994126629902,HKD/share,HKD,1,Derived,Sensitivity,Phase4_Model,Medium,,,,,有效ToC收入提升5.0%；销售费用率净节省0.10%
CU_PHASE4_FINAL_20260803_V1,中国联通,A/H,Valuation,2030,Annual,SENS_A_EPS_2030,套餐与渠道敏感性下2030 A股EPS,Sensitivity,Tariff & Channel,0.5690644840804563,CNY/share,CNY,1,Derived,Sensitivity,Phase4_Model,Medium,,,,,有效ToC收入提升5.0%；销售费用率净节省0.10%
CU_PHASE4_FINAL_20260803_V1,中国联通,A/H,Valuation,2026-07-31,Point,SENS_A_PRICE_CHANNEL,套餐与渠道敏感性下A股当前参考价值,Sensitivity,Tariff & Channel,5.539954949459719,CNY/share,CNY,1,Derived,Sensitivity,Phase4_Model,Medium,,,,,有效ToC收入提升5.0%；销售费用率净节省0.25%
CU_PHASE4_FINAL_20260803_V1,中国联通,A/H,Valuation,2026-07-31,Point,SENS_H_PRICE_CHANNEL,套餐与渠道敏感性下H股当前参考价值,Sensitivity,Tariff & Channel,13.170732576348936,HKD/share,HKD,1,Derived,Sensitivity,Phase4_Model,Medium,,,,,有效ToC收入提升5.0%；销售费用率净节省0.25%
CU_PHASE4_FINAL_20260803_V1,中国联通,A/H,Valuation,2030,Annual,SENS_A_EPS_2030,套餐与渠道敏感性下2030 A股EPS,Sensitivity,Tariff & Channel,0.5767579008550325,CNY/share,CNY,1,Derived,Sensitivity,Phase4_Model,Medium,,,,,有效ToC收入提升5.0%；销售费用率净节省0.25%
CU_PHASE4_FINAL_20260803_V1,中国联通,A/H,Valuation,2026-07-31,Point,SENS_A_PRICE_CHANNEL,套餐与渠道敏感性下A股当前参考价值,Sensitivity,Tariff & Channel,5.619132583421038,CNY/share,CNY,1,Derived,Sensitivity,Phase4_Model,Medium,,,,,有效ToC收入提升5.0%；销售费用率净节省0.50%
CU_PHASE4_FINAL_20260803_V1,中国联通,A/H,Valuation,2026-07-31,Point,SENS_H_PRICE_CHANNEL,套餐与渠道敏感性下H股当前参考价值,Sensitivity,Tariff & Channel,13.363632495034615,HKD/share,HKD,1,Derived,Sensitivity,Phase4_Model,Medium,,,,,有效ToC收入提升5.0%；销售费用率净节省0.50%
CU_PHASE4_FINAL_20260803_V1,中国联通,A/H,Valuation,2030,Annual,SENS_A_EPS_2030,套餐与渠道敏感性下2030 A股EPS,Sensitivity,Tariff & Channel,0.5895802621459931,CNY/share,CNY,1,Derived,Sensitivity,Phase4_Model,Medium,,,,,有效ToC收入提升5.0%；销售费用率净节省0.50%
CU_PHASE5_SUPPLEMENT_20260803_V1,中国联通,A/H,Phase5 Supplemental,2026-07-31,Point,P5_A_PROB_WEIGHTED_VALUE,A股默认概率加权价值,Phase5,Investment Decision,4.719621527801639,CNY/share,CNY,1,Derived,Derived,S_PHASE5_MODEL,Medium,Derived from Phase 4 final model,,,,
CU_PHASE5_SUPPLEMENT_20260803_V1,中国联通,A/H,Phase5 Supplemental,2026-07-31,Point,P5_H_PROB_WEIGHTED_VALUE,H股默认概率加权价值,Phase5,Investment Decision,11.202809984872108,HKD/share,HKD,1,Derived,Derived,S_PHASE5_MODEL,Medium,Derived from Phase 4 final model,,,,
CU_PHASE5_SUPPLEMENT_20260803_V1,中国联通,A/H,Phase5 Supplemental,2026-07-31,Point,P5_A_IMPLIED_BASE_PROB,A股当前价隐含Base概率,Phase5,Investment Decision,0.6916791636656611,%,CNY,1,Derived,Derived,S_PHASE5_MODEL,Medium,Derived from Phase 4 final model,,,,假定Bull概率为0，Bear和Base线性混合。
CU_PHASE5_SUPPLEMENT_20260803_V1,中国联通,A/H,Phase5 Supplemental,2026-07-31,Point,P5_H_DISCOUNT_TO_BEAR,H股当前价相对Bear价值折价,Phase5,Investment Decision,-0.12383883815020869,%,HKD,1,Derived,Derived,S_PHASE5_MODEL,Medium,Derived from Phase 4 final model,,,,
CU_PHASE5_SUPPLEMENT_20260803_V1,中国联通,A/H,Phase5 Supplemental,2026-07-31,Point,P5_A_CURRENT_PE,A股2026E当前PE,Phase5,Investment Decision,16.226479663450977,x,CNY,1,Derived,Derived,S_PHASE5_MODEL,Medium,Derived from Phase 4 final model,,,,
CU_PHASE5_SUPPLEMENT_20260803_V1,中国联通,A/H,Phase5 Supplemental,2026-07-31,Point,P5_H_CURRENT_PE,H股2026E当前PE,Phase5,Investment Decision,9.082456944867781,x,HKD,1,Derived,Derived,S_PHASE5_MODEL,Medium,Derived from Phase 4 final model,,,,
CU_PHASE5_SUPPLEMENT_20260803_V1,中国联通,A/H,Phase5 Supplemental,2026-07-31,Point,P5_A_DIV_YIELD,A股2026E股息率,Phase5,Investment Decision,0.03540194236273549,%,CNY,1,Derived,Derived,S_PHASE5_MODEL,Medium,Derived from Phase 4 final model,,,,
CU_PHASE5_SUPPLEMENT_20260803_V1,中国联通,A/H,Phase5 Supplemental,2026-07-31,Point,P5_H_NET_DIV_YIELD,H股2026E港股通税后股息率,Phase5,Investment Decision,0.05549159253485865,%,HKD,1,Derived,Derived,S_PHASE5_MODEL,Medium,Derived from Phase 4 final model,,,,
CU_PHASE5_SUPPLEMENT_20260803_V1,中国联通,A/H,Phase5 Supplemental,2030,Point,P5_A_MAX_PRICE_2030_10,A股Base情景2030目标回报10%最高买入价,Phase5,Entry Price,5.517157092001312,CNY/share,CNY,1,Derived,Derived,S_PHASE5_MODEL,Medium,Derived from Phase 4 final model,,,,
CU_PHASE5_SUPPLEMENT_20260803_V1,中国联通,A/H,Phase5 Supplemental,2030,Point,P5_A_MAX_PRICE_2030_12,A股Base情景2030目标回报12%最高买入价,Phase5,Entry Price,5.122557040046113,CNY/share,CNY,1,Derived,Derived,S_PHASE5_MODEL,Medium,Derived from Phase 4 final model,,,,
CU_PHASE5_SUPPLEMENT_20260803_V1,中国联通,A/H,Phase5 Supplemental,2030,Point,P5_A_MAX_PRICE_2030_15,A股Base情景2030目标回报15%最高买入价,Phase5,Entry Price,4.596409269009175,CNY/share,CNY,1,Derived,Derived,S_PHASE5_MODEL,Medium,Derived from Phase 4 final model,,,,
CU_PHASE5_SUPPLEMENT_20260803_V1,中国联通,A/H,Phase5 Supplemental,2030,Point,P5_A_MAX_PRICE_2030_18,A股Base情景2030目标回报18%最高买入价,Phase5,Entry Price,4.138284489963312,CNY/share,CNY,1,Derived,Derived,S_PHASE5_MODEL,Medium,Derived from Phase 4 final model,,,,
CU_PHASE5_SUPPLEMENT_20260803_V1,中国联通,A/H,Phase5 Supplemental,2035,Point,P5_A_MAX_PRICE_2035_10,A股Base情景2035目标回报10%最高买入价,Phase5,Entry Price,5.024771529741594,CNY/share,CNY,1,Derived,Derived,S_PHASE5_MODEL,Medium,Derived from Phase 4 final model,,,,
CU_PHASE5_SUPPLEMENT_20260803_V1,中国联通,A/H,Phase5 Supplemental,2035,Point,P5_A_MAX_PRICE_2035_12,A股Base情景2035目标回报12%最高买入价,Phase5,Entry Price,4.361030296077098,CNY/share,CNY,1,Derived,Derived,S_PHASE5_MODEL,Medium,Derived from Phase 4 final model,,,,
CU_PHASE5_SUPPLEMENT_20260803_V1,中国联通,A/H,Phase5 Supplemental,2035,Point,P5_A_MAX_PRICE_2035_15,A股Base情景2035目标回报15%最高买入价,Phase5,Entry Price,3.559089973768232,CNY/share,CNY,1,Derived,Derived,S_PHASE5_MODEL,Medium,Derived from Phase 4 final model,,,,
CU_PHASE5_SUPPLEMENT_20260803_V1,中国联通,A/H,Phase5 Supplemental,2035,Point,P5_A_MAX_PRICE_2035_18,A股Base情景2035目标回报18%最高买入价,Phase5,Entry Price,2.936840823980461,CNY/share,CNY,1,Derived,Derived,S_PHASE5_MODEL,Medium,Derived from Phase 4 final model,,,,
CU_PHASE5_SUPPLEMENT_20260803_V1,中国联通,A/H,Phase5 Supplemental,2030,Point,P5_H_MAX_PRICE_2030_10,H股Base情景2030目标回报10%最高买入价,Phase5,Entry Price,12.768620798010598,HKD/share,HKD,1,Derived,Derived,S_PHASE5_MODEL,Medium,Derived from Phase 4 final model,,,,
CU_PHASE5_SUPPLEMENT_20260803_V1,中国联通,A/H,Phase5 Supplemental,2030,Point,P5_H_MAX_PRICE_2030_12,H股Base情景2030目标回报12%最高买入价,Phase5,Entry Price,11.856703061923481,HKD/share,HKD,1,Derived,Derived,S_PHASE5_MODEL,Medium,Derived from Phase 4 final model,,,,
CU_PHASE5_SUPPLEMENT_20260803_V1,中国联通,A/H,Phase5 Supplemental,2030,Point,P5_H_MAX_PRICE_2030_15,H股Base情景2030目标回报15%最高买入价,Phase5,Entry Price,10.640713866731797,HKD/share,HKD,1,Derived,Derived,S_PHASE5_MODEL,Medium,Derived from Phase 4 final model,,,,
CU_PHASE5_SUPPLEMENT_20260803_V1,中国联通,A/H,Phase5 Supplemental,2030,Point,P5_H_MAX_PRICE_2030_18,H股Base情景2030目标回报18%最高买入价,Phase5,Entry Price,9.58186289771882,HKD/share,HKD,1,Derived,Derived,S_PHASE5_MODEL,Medium,Derived from Phase 4 final model,,,,
CU_PHASE5_SUPPLEMENT_20260803_V1,中国联通,A/H,Phase5 Supplemental,2035,Point,P5_H_MAX_PRICE_2035_10,H股Base情景2035目标回报10%最高买入价,Phase5,Entry Price,11.810377014018698,HKD/share,HKD,1,Derived,Derived,S_PHASE5_MODEL,Medium,Derived from Phase 4 final model,,,,
CU_PHASE5_SUPPLEMENT_20260803_V1,中国联通,A/H,Phase5 Supplemental,2035,Point,P5_H_MAX_PRICE_2035_12,H股Base情景2035目标回报12%最高买入价,Phase5,Entry Price,10.251669719330026,HKD/share,HKD,1,Derived,Derived,S_PHASE5_MODEL,Medium,Derived from Phase 4 final model,,,,
CU_PHASE5_SUPPLEMENT_20260803_V1,中国联通,A/H,Phase5 Supplemental,2035,Point,P5_H_MAX_PRICE_2035_15,H股Base情景2035目标回报15%最高买入价,Phase5,Entry Price,8.368271074831139,HKD/share,HKD,1,Derived,Derived,S_PHASE5_MODEL,Medium,Derived from Phase 4 final model,,,,
CU_PHASE5_SUPPLEMENT_20260803_V1,中国联通,A/H,Phase5 Supplemental,2035,Point,P5_H_MAX_PRICE_2035_18,H股Base情景2035目标回报18%最高买入价,Phase5,Entry Price,6.906736385053639,HKD/share,HKD,1,Derived,Derived,S_PHASE5_MODEL,Medium,Derived from Phase 4 final model,,,,
CU_PHASE5_SUPPLEMENT_20260803_V1,中国联通,A/H,Phase5 Supplemental,2026-07-31,Point,P5_FRAGILITY_1_LOW,经营情景兑现低值,Phase5,Fragility,3.218716317394244,CNY/share,,1,Derived,Derived,S_PHASE5_MODEL,Medium,Derived from Phase 4 final model,,,,Bear
CU_PHASE5_SUPPLEMENT_20260803_V1,中国联通,A/H,Phase5 Supplemental,2026-07-31,Point,P5_FRAGILITY_1_HIGH,经营情景兑现高值,Phase5,Fragility,6.6445709034921405,CNY/share,,1,Derived,Derived,S_PHASE5_MODEL,Medium,Derived from Phase 4 final model,,,,Bull
CU_PHASE5_SUPPLEMENT_20260803_V1,中国联通,A/H,Phase5 Supplemental,2026-07-31,Point,P5_FRAGILITY_2_LOW,折现率与永续增长低值,Phase5,Fragility,4.493279087272148,CNY/share,,1,Derived,Derived,S_PHASE5_MODEL,Medium,Derived from Phase 4 final model,,,,WACC 13%、g 0%
CU_PHASE5_SUPPLEMENT_20260803_V1,中国联通,A/H,Phase5 Supplemental,2026-07-31,Point,P5_FRAGILITY_2_HIGH,折现率与永续增长高值,Phase5,Fragility,5.639279087272148,CNY/share,,1,Derived,Derived,S_PHASE5_MODEL,Medium,Derived from Phase 4 final model,,,,WACC 9%、g 2%
CU_PHASE5_SUPPLEMENT_20260803_V1,中国联通,A/H,Phase5 Supplemental,2026-07-31,Point,P5_FRAGILITY_3_LOW,套餐与渠道改革低值,Phase5,Fragility,5.013310903744627,CNY/share,,1,Derived,Derived,S_PHASE5_MODEL,Medium,Derived from Phase 4 final model,,,,不计增益
CU_PHASE5_SUPPLEMENT_20260803_V1,中国联通,A/H,Phase5 Supplemental,2026-07-31,Point,P5_FRAGILITY_3_HIGH,套餐与渠道改革高值,Phase5,Fragility,5.619132583421038,CNY/share,,1,Derived,Derived,S_PHASE5_MODEL,Medium,Derived from Phase 4 final model,,,,有效ToC+5%、渠道节省0.5pct
CU_PHASE5_SUPPLEMENT_20260803_V1,中国联通,A/H,Phase5 Supplemental,2026-07-31,Point,P5_FRAGILITY_4_LOW,永久FCF偏差低值,Phase5,Fragility,4.795111473508434,CNY/share,,1,Derived,Derived,S_PHASE5_MODEL,Medium,Derived from Phase 4 final model,,,,FCF -10%
CU_PHASE5_SUPPLEMENT_20260803_V1,中国联通,A/H,Phase5 Supplemental,2026-07-31,Point,P5_FRAGILITY_4_HIGH,永久FCF偏差高值,Phase5,Fragility,5.231510333980822,CNY/share,,1,Derived,Derived,S_PHASE5_MODEL,Medium,Derived from Phase 4 final model,,,,FCF +10%
CU_PHASE5_SUPPLEMENT_20260803_V1,中国联通,A/H,Phase5 Supplemental,2026-07-31,Point,P5_FRAGILITY_5_LOW,目标PE低值,Phase5,Fragility,4.875881218054827,CNY/share,,1,Derived,Derived,S_PHASE5_MODEL,Medium,Derived from Phase 4 final model,,,,14.5x
CU_PHASE5_SUPPLEMENT_20260803_V1,中国联通,A/H,Phase5 Supplemental,2026-07-31,Point,P5_FRAGILITY_5_HIGH,目标PE高值,Phase5,Fragility,5.150740589434427,CNY/share,,1,Derived,Derived,S_PHASE5_MODEL,Medium,Derived from Phase 4 final model,,,,18.5x
CU_PHASE5_SUPPLEMENT_20260803_V1,中国联通,A/H,Phase5 Supplemental,2026Q1,Point,P5_MONITOR_1,算力业务收入增速,Phase5,Monitoring,0.083,%,,1,Derived,Derived,S_PHASE5_MODEL,Medium,Derived from Phase 4 final model,,,,GREEN；Green=0.08；Red=0.05
CU_PHASE5_SUPPLEMENT_20260803_V1,中国联通,A/H,Phase5 Supplemental,2025A,Point,P5_MONITOR_2,AIDC利用率,Phase5,Monitoring,0.72,%,,1,Derived,Derived,S_PHASE5_MODEL,Medium,Derived from Phase 4 final model,,,,GREEN；Green=0.72；Red=0.7
CU_PHASE5_SUPPLEMENT_20260803_V1,中国联通,A/H,Phase5 Supplemental,2025A,Point,P5_MONITOR_3,应收账款天数,Phase5,Monitoring,61.413558103425856,days,,1,Derived,Derived,S_PHASE5_MODEL,Medium,Derived from Phase 4 final model,,,,GREEN；Green=65.0；Red=70.0
CU_PHASE5_SUPPLEMENT_20260803_V1,中国联通,A/H,Phase5 Supplemental,2025A,Point,P5_MONITOR_4,ECL及存货减值,Phase5,Monitoring,5.536,RMB bn,,1,Derived,Derived,S_PHASE5_MODEL,Medium,Derived from Phase 4 final model,,,,GREEN；Green=7.0；Red=8.0
CU_PHASE5_SUPPLEMENT_20260803_V1,中国联通,A/H,Phase5 Supplemental,2025A,Point,P5_MONITOR_5,自由现金流,Phase5,Monitoring,36.02,RMB bn,,1,Derived,Derived,S_PHASE5_MODEL,Medium,Derived from Phase 4 final model,,,,GREEN；Green=30.0；Red=25.0
CU_PHASE5_SUPPLEMENT_20260803_V1,中国联通,A/H,Phase5 Supplemental,2025A,Point,P5_MONITOR_6,资本开支,Phase5,Monitoring,54.15,RMB bn,,1,Derived,Derived,S_PHASE5_MODEL,Medium,Derived from Phase 4 final model,,,,GREEN；Green=55.0；Red=60.0
CU_PHASE5_SUPPLEMENT_20260803_V1,中国联通,A/H,Phase5 Supplemental,2025A下限,Point,P5_MONITOR_7,融合ARPU,Phase5,Monitoring,100.0,RMB/month,,1,Derived,Derived,S_PHASE5_MODEL,Medium,Derived from Phase 4 final model,,,,GREEN；Green=100.0；Red=95.0
CU_PHASE5_SUPPLEMENT_20260803_V1,中国联通,A/H,Phase5 Supplemental,2025A,Point,P5_MONITOR_8,BVI分红/A股现金分红,Phase5,Monitoring,1.1580034355396203,x,,1,Derived,Derived,S_PHASE5_MODEL,Medium,Derived from Phase 4 final model,,,,GREEN；Green=1.0；Red=0.9
CU_PHASE5_SUPPLEMENT_20260803_V1,中国联通,A/H,Phase5 Supplemental,2025A,Point,P5_MONITOR_9,销售费用率,Phase5,Monitoring,0.09537941426178474,%,,1,Derived,Derived,S_PHASE5_MODEL,Medium,Derived from Phase 4 final model,,,,YELLOW；Green=0.094；Red=0.097
