run_id,company,listed_entity,consolidation_scope,period,frequency,metric_id,metric_name,metric_group,business_module,value,unit,currency,scale,value_type,scenario,source_id,confidence,estimate_method,low_value,base_value,high_value,note
CM_PHASE1_20260803,中国移动,中国移动有限公司（A股600941；H股941/80941）,China Mobile Limited及其附属公司合并口径,2020FY,Annual,FIN_REV_PRINCIPAL,主营业务/通信服务收入,Financial,Group,695692,RMB mn,RMB,1,Actual,Actual,SRC_A010,High,,,,,
CM_PHASE1_20260803,中国移动,中国移动有限公司（A股600941；H股941/80941）,China Mobile Limited及其附属公司合并口径,2021FY,Annual,FIN_REV_PRINCIPAL,主营业务/通信服务收入,Financial,Group,751409,RMB mn,RMB,1,Actual,Actual,SRC_A010,High,,,,,
CM_PHASE1_20260803,中国移动,中国移动有限公司（A股600941；H股941/80941）,China Mobile Limited及其附属公司合并口径,2022FY,Annual,FIN_REV_PRINCIPAL,主营业务/通信服务收入,Financial,Group,812058,RMB mn,RMB,1,Actual,Actual,SRC_A011,High,,,,,
CM_PHASE1_20260803,中国移动,中国移动有限公司（A股600941；H股941/80941）,China Mobile Limited及其附属公司合并口径,2023FY,Annual,FIN_REV_PRINCIPAL,主营业务/通信服务收入,Financial,Group,863514,RMB mn,RMB,1,Actual,Actual,SRC_A012,High,,,,,
CM_PHASE1_20260803,中国移动,中国移动有限公司（A股600941；H股941/80941）,China Mobile Limited及其附属公司合并口径,2024FY,Annual,FIN_REV_PRINCIPAL,主营业务/通信服务收入,Financial,Group,889468,RMB mn,RMB,1,Actual,Actual,SRC_A013,High,,,,,
CM_PHASE1_20260803,中国移动,中国移动有限公司（A股600941；H股941/80941）,China Mobile Limited及其附属公司合并口径,2025FY,Annual,FIN_REV_PRINCIPAL,主营业务/通信服务收入,Financial,Group,895530,RMB mn,RMB,1,Actual,Actual,SRC_A002,High,,,,,
CM_PHASE1_20260803,中国移动,中国移动有限公司（A股600941；H股941/80941）,China Mobile Limited及其附属公司合并口径,2020FY,Annual,FIN_REV_OTHER,其他业务收入,Financial,Group,72378,RMB mn,RMB,1,Actual,Actual,SRC_A010,High,,,,,
CM_PHASE1_20260803,中国移动,中国移动有限公司（A股600941；H股941/80941）,China Mobile Limited及其附属公司合并口径,2021FY,Annual,FIN_REV_OTHER,其他业务收入,Financial,Group,96849,RMB mn,RMB,1,Actual,Actual,SRC_A010,High,,,,,
CM_PHASE1_20260803,中国移动,中国移动有限公司（A股600941；H股941/80941）,China Mobile Limited及其附属公司合并口径,2022FY,Annual,FIN_REV_OTHER,其他业务收入,Financial,Group,125201,RMB mn,RMB,1,Actual,Actual,SRC_A011,High,,,,,
CM_PHASE1_20260803,中国移动,中国移动有限公司（A股600941；H股941/80941）,China Mobile Limited及其附属公司合并口径,2023FY,Annual,FIN_REV_OTHER,其他业务收入,Financial,Group,145795,RMB mn,RMB,1,Actual,Actual,SRC_A012,High,,,,,
CM_PHASE1_20260803,中国移动,中国移动有限公司（A股600941；H股941/80941）,China Mobile Limited及其附属公司合并口径,2024FY,Annual,FIN_REV_OTHER,其他业务收入,Financial,Group,151291,RMB mn,RMB,1,Actual,Actual,SRC_A013,High,,,,,
CM_PHASE1_20260803,中国移动,中国移动有限公司（A股600941；H股941/80941）,China Mobile Limited及其附属公司合并口径,2025FY,Annual,FIN_REV_OTHER,其他业务收入,Financial,Group,154657,RMB mn,RMB,1,Actual,Actual,SRC_A002,High,,,,,
CM_PHASE1_20260803,中国移动,中国移动有限公司（A股600941；H股941/80941）,China Mobile Limited及其附属公司合并口径,2020FY,Annual,FIN_REV_TOTAL,营业收入,Financial,Group,768070,RMB mn,RMB,1,Actual,Actual,SRC_A010,High,,,,,
CM_PHASE1_20260803,中国移动,中国移动有限公司（A股600941；H股941/80941）,China Mobile Limited及其附属公司合并口径,2021FY,Annual,FIN_REV_TOTAL,营业收入,Financial,Group,848258,RMB mn,RMB,1,Actual,Actual,SRC_A010,High,,,,,
CM_PHASE1_20260803,中国移动,中国移动有限公司（A股600941；H股941/80941）,China Mobile Limited及其附属公司合并口径,2022FY,Annual,FIN_REV_TOTAL,营业收入,Financial,Group,937259,RMB mn,RMB,1,Actual,Actual,SRC_A011,High,,,,,
CM_PHASE1_20260803,中国移动,中国移动有限公司（A股600941；H股941/80941）,China Mobile Limited及其附属公司合并口径,2023FY,Annual,FIN_REV_TOTAL,营业收入,Financial,Group,1009309,RMB mn,RMB,1,Actual,Actual,SRC_A012,High,,,,,
CM_PHASE1_20260803,中国移动,中国移动有限公司（A股600941；H股941/80941）,China Mobile Limited及其附属公司合并口径,2024FY,Annual,FIN_REV_TOTAL,营业收入,Financial,Group,1040759,RMB mn,RMB,1,Actual,Actual,SRC_A013,High,,,,,
CM_PHASE1_20260803,中国移动,中国移动有限公司（A股600941；H股941/80941）,China Mobile Limited及其附属公司合并口径,2025FY,Annual,FIN_REV_TOTAL,营业收入,Financial,Group,1050187,RMB mn,RMB,1,Actual,Actual,SRC_A002,High,,,,,
CM_PHASE1_20260803,中国移动,中国移动有限公司（A股600941；H股941/80941）,China Mobile Limited及其附属公司合并口径,2020FY,Annual,COST_NETWORK,网络运行、维护及支撑成本,Cost,Group,206424,RMB mn,RMB,1,Actual,Actual,SRC_A010,High,,,,,
CM_PHASE1_20260803,中国移动,中国移动有限公司（A股600941；H股941/80941）,China Mobile Limited及其附属公司合并口径,2021FY,Annual,COST_NETWORK,网络运行、维护及支撑成本,Cost,Group,225010,RMB mn,RMB,1,Actual,Actual,SRC_A010,High,,,,,
CM_PHASE1_20260803,中国移动,中国移动有限公司（A股600941；H股941/80941）,China Mobile Limited及其附属公司合并口径,2022FY,Annual,COST_NETWORK,网络运行、维护及支撑成本,Cost,Group,254182,RMB mn,RMB,1,Actual,Actual,SRC_A011,High,,,,,
CM_PHASE1_20260803,中国移动,中国移动有限公司（A股600941；H股941/80941）,China Mobile Limited及其附属公司合并口径,2023FY,Annual,COST_NETWORK,网络运行、维护及支撑成本,Cost,Group,268895,RMB mn,RMB,1,Actual,Actual,SRC_A012,High,,,,,
CM_PHASE1_20260803,中国移动,中国移动有限公司（A股600941；H股941/80941）,China Mobile Limited及其附属公司合并口径,2024FY,Annual,COST_NETWORK,网络运行、维护及支撑成本,Cost,Group,283341,RMB mn,RMB,1,Actual,Actual,SRC_A013,High,,,,,
CM_PHASE1_20260803,中国移动,中国移动有限公司（A股600941；H股941/80941）,China Mobile Limited及其附属公司合并口径,2025FY,Annual,COST_NETWORK,网络运行、维护及支撑成本,Cost,Group,285698,RMB mn,RMB,1,Actual,Actual,SRC_A002,High,,,,,
CM_PHASE1_20260803,中国移动,中国移动有限公司（A股600941；H股941/80941）,China Mobile Limited及其附属公司合并口径,2020FY,Annual,COST_DA,折旧及摊销,Cost,Group,172401,RMB mn,RMB,1,Actual,Actual,SRC_A010,High,,,,,
CM_PHASE1_20260803,中国移动,中国移动有限公司（A股600941；H股941/80941）,China Mobile Limited及其附属公司合并口径,2021FY,Annual,COST_DA,折旧及摊销,Cost,Group,193045,RMB mn,RMB,1,Actual,Actual,SRC_A010,High,,,,,
CM_PHASE1_20260803,中国移动,中国移动有限公司（A股600941；H股941/80941）,China Mobile Limited及其附属公司合并口径,2022FY,Annual,COST_DA,折旧及摊销,Cost,Group,200077,RMB mn,RMB,1,Actual,Actual,SRC_A011,High,,,,,
CM_PHASE1_20260803,中国移动,中国移动有限公司（A股600941；H股941/80941）,China Mobile Limited及其附属公司合并口径,2023FY,Annual,COST_DA,折旧及摊销,Cost,Group,207132,RMB mn,RMB,1,Actual,Actual,SRC_A012,High,,,,,
CM_PHASE1_20260803,中国移动,中国移动有限公司（A股600941；H股941/80941）,China Mobile Limited及其附属公司合并口径,2024FY,Annual,COST_DA,折旧及摊销,Cost,Group,191101,RMB mn,RMB,1,Actual,Actual,SRC_A013,High,,,,,
CM_PHASE1_20260803,中国移动,中国移动有限公司（A股600941；H股941/80941）,China Mobile Limited及其附属公司合并口径,2025FY,Annual,COST_DA,折旧及摊销,Cost,Group,189999,RMB mn,RMB,1,Actual,Actual,SRC_A002,High,,,,,
CM_PHASE1_20260803,中国移动,中国移动有限公司（A股600941；H股941/80941）,China Mobile Limited及其附属公司合并口径,2020FY,Annual,COST_EMPLOYEE,人工成本,Cost,Group,106429,RMB mn,RMB,1,Actual,Actual,SRC_A010,High,,,,,
CM_PHASE1_20260803,中国移动,中国移动有限公司（A股600941；H股941/80941）,China Mobile Limited及其附属公司合并口径,2021FY,Annual,COST_EMPLOYEE,人工成本,Cost,Group,118680,RMB mn,RMB,1,Actual,Actual,SRC_A010,High,,,,,
CM_PHASE1_20260803,中国移动,中国移动有限公司（A股600941；H股941/80941）,China Mobile Limited及其附属公司合并口径,2022FY,Annual,COST_EMPLOYEE,人工成本,Cost,Group,130157,RMB mn,RMB,1,Actual,Actual,SRC_A011,High,,,,,
CM_PHASE1_20260803,中国移动,中国移动有限公司（A股600941；H股941/80941）,China Mobile Limited及其附属公司合并口径,2023FY,Annual,COST_EMPLOYEE,人工成本,Cost,Group,144333,RMB mn,RMB,1,Actual,Actual,SRC_A012,High,,,,,
CM_PHASE1_20260803,中国移动,中国移动有限公司（A股600941；H股941/80941）,China Mobile Limited及其附属公司合并口径,2024FY,Annual,COST_EMPLOYEE,人工成本,Cost,Group,151944,RMB mn,RMB,1,Actual,Actual,SRC_A013,High,,,,,
CM_PHASE1_20260803,中国移动,中国移动有限公司（A股600941；H股941/80941）,China Mobile Limited及其附属公司合并口径,2025FY,Annual,COST_EMPLOYEE,人工成本,Cost,Group,154104,RMB mn,RMB,1,Actual,Actual,SRC_A002,High,,,,,
CM_PHASE1_20260803,中国移动,中国移动有限公司（A股600941；H股941/80941）,China Mobile Limited及其附属公司合并口径,2020FY,Annual,COST_SELLING,销售费用,Cost,Group,49943,RMB mn,RMB,1,Actual,Actual,SRC_A010,High,,,,,
CM_PHASE1_20260803,中国移动,中国移动有限公司（A股600941；H股941/80941）,China Mobile Limited及其附属公司合并口径,2021FY,Annual,COST_SELLING,销售费用,Cost,Group,48243,RMB mn,RMB,1,Actual,Actual,SRC_A010,High,,,,,
CM_PHASE1_20260803,中国移动,中国移动有限公司（A股600941；H股941/80941）,China Mobile Limited及其附属公司合并口径,2022FY,Annual,COST_SELLING,销售费用,Cost,Group,49592,RMB mn,RMB,1,Actual,Actual,SRC_A011,High,,,,,
CM_PHASE1_20260803,中国移动,中国移动有限公司（A股600941；H股941/80941）,China Mobile Limited及其附属公司合并口径,2023FY,Annual,COST_SELLING,销售费用,Cost,Group,52477,RMB mn,RMB,1,Actual,Actual,SRC_A012,High,,,,,
CM_PHASE1_20260803,中国移动,中国移动有限公司（A股600941；H股941/80941）,China Mobile Limited及其附属公司合并口径,2024FY,Annual,COST_SELLING,销售费用,Cost,Group,54564,RMB mn,RMB,1,Actual,Actual,SRC_A013,High,,,,,
CM_PHASE1_20260803,中国移动,中国移动有限公司（A股600941；H股941/80941）,China Mobile Limited及其附属公司合并口径,2025FY,Annual,COST_SELLING,销售费用,Cost,Group,56184,RMB mn,RMB,1,Actual,Actual,SRC_A002,High,,,,,
CM_PHASE1_20260803,中国移动,中国移动有限公司（A股600941；H股941/80941）,China Mobile Limited及其附属公司合并口径,2020FY,Annual,COST_PRODUCTS,销售产品成本,Cost,Device & Other,73100,RMB mn,RMB,1,Actual,Actual,SRC_A010,High,,,,,
CM_PHASE1_20260803,中国移动,中国移动有限公司（A股600941；H股941/80941）,China Mobile Limited及其附属公司合并口径,2021FY,Annual,COST_PRODUCTS,销售产品成本,Cost,Device & Other,96083,RMB mn,RMB,1,Actual,Actual,SRC_A010,High,,,,,
CM_PHASE1_20260803,中国移动,中国移动有限公司（A股600941；H股941/80941）,China Mobile Limited及其附属公司合并口径,2022FY,Annual,COST_PRODUCTS,销售产品成本,Cost,Device & Other,122743,RMB mn,RMB,1,Actual,Actual,SRC_A011,High,,,,,
CM_PHASE1_20260803,中国移动,中国移动有限公司（A股600941；H股941/80941）,China Mobile Limited及其附属公司合并口径,2023FY,Annual,COST_PRODUCTS,销售产品成本,Cost,Device & Other,142807,RMB mn,RMB,1,Actual,Actual,SRC_A012,High,,,,,
CM_PHASE1_20260803,中国移动,中国移动有限公司（A股600941；H股941/80941）,China Mobile Limited及其附属公司合并口径,2024FY,Annual,COST_PRODUCTS,销售产品成本,Cost,Device & Other,149240,RMB mn,RMB,1,Actual,Actual,SRC_A013,High,,,,,
CM_PHASE1_20260803,中国移动,中国移动有限公司（A股600941；H股941/80941）,China Mobile Limited及其附属公司合并口径,2025FY,Annual,COST_PRODUCTS,销售产品成本,Cost,Device & Other,152992,RMB mn,RMB,1,Actual,Actual,SRC_A002,High,,,,,
CM_PHASE1_20260803,中国移动,中国移动有限公司（A股600941；H股941/80941）,China Mobile Limited及其附属公司合并口径,2020FY,Annual,COST_OTHER_OPEX,其他经营费用,Cost,Group,47039,RMB mn,RMB,1,Actual,Actual,SRC_A010,High,,,,,
CM_PHASE1_20260803,中国移动,中国移动有限公司（A股600941；H股941/80941）,China Mobile Limited及其附属公司合并口径,2021FY,Annual,COST_OTHER_OPEX,其他经营费用,Cost,Group,49234,RMB mn,RMB,1,Actual,Actual,SRC_A010,High,,,,,
CM_PHASE1_20260803,中国移动,中国移动有限公司（A股600941；H股941/80941）,China Mobile Limited及其附属公司合并口径,2022FY,Annual,COST_OTHER_OPEX,其他经营费用,Cost,Group,51409,RMB mn,RMB,1,Actual,Actual,SRC_A011,High,,,,,
CM_PHASE1_20260803,中国移动,中国移动有限公司（A股600941；H股941/80941）,China Mobile Limited及其附属公司合并口径,2023FY,Annual,COST_OTHER_OPEX,其他经营费用,Cost,Group,59319,RMB mn,RMB,1,Actual,Actual,SRC_A012,High,,,,,
CM_PHASE1_20260803,中国移动,中国移动有限公司（A股600941；H股941/80941）,China Mobile Limited及其附属公司合并口径,2024FY,Annual,COST_OTHER_OPEX,其他经营费用,Cost,Group,67979,RMB mn,RMB,1,Actual,Actual,SRC_A013,High,,,,,
CM_PHASE1_20260803,中国移动,中国移动有限公司（A股600941；H股941/80941）,China Mobile Limited及其附属公司合并口径,2025FY,Annual,COST_OTHER_OPEX,其他经营费用,Cost,Group,62278,RMB mn,RMB,1,Actual,Actual,SRC_A002,High,,,,,
CM_PHASE1_20260803,中国移动,中国移动有限公司（A股600941；H股941/80941）,China Mobile Limited及其附属公司合并口径,2020FY,Annual,COST_TOTAL_OPEX,经营费用合计,Cost,Group,655336,RMB mn,RMB,1,Actual,Actual,SRC_A010,High,,,,,
CM_PHASE1_20260803,中国移动,中国移动有限公司（A股600941；H股941/80941）,China Mobile Limited及其附属公司合并口径,2021FY,Annual,COST_TOTAL_OPEX,经营费用合计,Cost,Group,730295,RMB mn,RMB,1,Actual,Actual,SRC_A010,High,,,,,
CM_PHASE1_20260803,中国移动,中国移动有限公司（A股600941；H股941/80941）,China Mobile Limited及其附属公司合并口径,2022FY,Annual,COST_TOTAL_OPEX,经营费用合计,Cost,Group,808160,RMB mn,RMB,1,Actual,Actual,SRC_A011,High,,,,,
CM_PHASE1_20260803,中国移动,中国移动有限公司（A股600941；H股941/80941）,China Mobile Limited及其附属公司合并口径,2023FY,Annual,COST_TOTAL_OPEX,经营费用合计,Cost,Group,874963,RMB mn,RMB,1,Actual,Actual,SRC_A012,High,,,,,
CM_PHASE1_20260803,中国移动,中国移动有限公司（A股600941；H股941/80941）,China Mobile Limited及其附属公司合并口径,2024FY,Annual,COST_TOTAL_OPEX,经营费用合计,Cost,Group,898169,RMB mn,RMB,1,Actual,Actual,SRC_A013,High,,,,,
CM_PHASE1_20260803,中国移动,中国移动有限公司（A股600941；H股941/80941）,China Mobile Limited及其附属公司合并口径,2025FY,Annual,COST_TOTAL_OPEX,经营费用合计,Cost,Group,901255,RMB mn,RMB,1,Actual,Actual,SRC_A002,High,,,,,
CM_PHASE1_20260803,中国移动,中国移动有限公司（A股600941；H股941/80941）,China Mobile Limited及其附属公司合并口径,2020FY,Annual,FIN_EBIT,经营利润/EBIT,Financial,Group,112734,RMB mn,RMB,1,Actual,Actual,SRC_A010,High,,,,,
CM_PHASE1_20260803,中国移动,中国移动有限公司（A股600941；H股941/80941）,China Mobile Limited及其附属公司合并口径,2021FY,Annual,FIN_EBIT,经营利润/EBIT,Financial,Group,117963,RMB mn,RMB,1,Actual,Actual,SRC_A010,High,,,,,
CM_PHASE1_20260803,中国移动,中国移动有限公司（A股600941；H股941/80941）,China Mobile Limited及其附属公司合并口径,2022FY,Annual,FIN_EBIT,经营利润/EBIT,Financial,Group,129099,RMB mn,RMB,1,Actual,Actual,SRC_A011,High,,,,,
CM_PHASE1_20260803,中国移动,中国移动有限公司（A股600941；H股941/80941）,China Mobile Limited及其附属公司合并口径,2023FY,Annual,FIN_EBIT,经营利润/EBIT,Financial,Group,134346,RMB mn,RMB,1,Actual,Actual,SRC_A012,High,,,,,
CM_PHASE1_20260803,中国移动,中国移动有限公司（A股600941；H股941/80941）,China Mobile Limited及其附属公司合并口径,2024FY,Annual,FIN_EBIT,经营利润/EBIT,Financial,Group,142590,RMB mn,RMB,1,Actual,Actual,SRC_A013,High,,,,,
CM_PHASE1_20260803,中国移动,中国移动有限公司（A股600941；H股941/80941）,China Mobile Limited及其附属公司合并口径,2025FY,Annual,FIN_EBIT,经营利润/EBIT,Financial,Group,148932,RMB mn,RMB,1,Actual,Actual,SRC_A002,High,,,,,
CM_PHASE1_20260803,中国移动,中国移动有限公司（A股600941；H股941/80941）,China Mobile Limited及其附属公司合并口径,2020FY,Annual,FIN_PBT,税前利润,Financial,Group,142359,RMB mn,RMB,1,Actual,Actual,SRC_A010,High,,,,,
CM_PHASE1_20260803,中国移动,中国移动有限公司（A股600941；H股941/80941）,China Mobile Limited及其附属公司合并口径,2021FY,Annual,FIN_PBT,税前利润,Financial,Group,152184,RMB mn,RMB,1,Actual,Actual,SRC_A010,High,,,,,
CM_PHASE1_20260803,中国移动,中国移动有限公司（A股600941；H股941/80941）,China Mobile Limited及其附属公司合并口径,2022FY,Annual,FIN_PBT,税前利润,Financial,Group,162872,RMB mn,RMB,1,Actual,Actual,SRC_A011,High,,,,,
CM_PHASE1_20260803,中国移动,中国移动有限公司（A股600941；H股941/80941）,China Mobile Limited及其附属公司合并口径,2023FY,Annual,FIN_PBT,税前利润,Financial,Group,170531,RMB mn,RMB,1,Actual,Actual,SRC_A012,High,,,,,
CM_PHASE1_20260803,中国移动,中国移动有限公司（A股600941；H股941/80941）,China Mobile Limited及其附属公司合并口径,2024FY,Annual,FIN_PBT,税前利润,Financial,Group,178389,RMB mn,RMB,1,Actual,Actual,SRC_A013,High,,,,,
CM_PHASE1_20260803,中国移动,中国移动有限公司（A股600941；H股941/80941）,China Mobile Limited及其附属公司合并口径,2025FY,Annual,FIN_PBT,税前利润,Financial,Group,175608,RMB mn,RMB,1,Actual,Actual,SRC_A002,High,,,,,
CM_PHASE1_20260803,中国移动,中国移动有限公司（A股600941；H股941/80941）,China Mobile Limited及其附属公司合并口径,2020FY,Annual,FIN_TAX,所得税,Financial,Group,-34219,RMB mn,RMB,1,Actual,Actual,SRC_A010,High,,,,,
CM_PHASE1_20260803,中国移动,中国移动有限公司（A股600941；H股941/80941）,China Mobile Limited及其附属公司合并口径,2021FY,Annual,FIN_TAX,所得税,Financial,Group,-35878,RMB mn,RMB,1,Actual,Actual,SRC_A010,High,,,,,
CM_PHASE1_20260803,中国移动,中国移动有限公司（A股600941；H股941/80941）,China Mobile Limited及其附属公司合并口径,2022FY,Annual,FIN_TAX,所得税,Financial,Group,-37278,RMB mn,RMB,1,Actual,Actual,SRC_A011,High,,,,,
CM_PHASE1_20260803,中国移动,中国移动有限公司（A股600941；H股941/80941）,China Mobile Limited及其附属公司合并口径,2023FY,Annual,FIN_TAX,所得税,Financial,Group,-38596,RMB mn,RMB,1,Actual,Actual,SRC_A012,High,,,,,
CM_PHASE1_20260803,中国移动,中国移动有限公司（A股600941；H股941/80941）,China Mobile Limited及其附属公司合并口径,2024FY,Annual,FIN_TAX,所得税,Financial,Group,-39863,RMB mn,RMB,1,Actual,Actual,SRC_A013,High,,,,,
CM_PHASE1_20260803,中国移动,中国移动有限公司（A股600941；H股941/80941）,China Mobile Limited及其附属公司合并口径,2025FY,Annual,FIN_TAX,所得税,Financial,Group,-38344,RMB mn,RMB,1,Actual,Actual,SRC_A002,High,,,,,
CM_PHASE1_20260803,中国移动,中国移动有限公司（A股600941；H股941/80941）,China Mobile Limited及其附属公司合并口径,2020FY,Annual,FIN_NET_PROFIT,净利润,Financial,Group,108140,RMB mn,RMB,1,Actual,Actual,SRC_A010,High,,,,,
CM_PHASE1_20260803,中国移动,中国移动有限公司（A股600941；H股941/80941）,China Mobile Limited及其附属公司合并口径,2021FY,Annual,FIN_NET_PROFIT,净利润,Financial,Group,116306,RMB mn,RMB,1,Actual,Actual,SRC_A010,High,,,,,
CM_PHASE1_20260803,中国移动,中国移动有限公司（A股600941；H股941/80941）,China Mobile Limited及其附属公司合并口径,2022FY,Annual,FIN_NET_PROFIT,净利润,Financial,Group,125594,RMB mn,RMB,1,Actual,Actual,SRC_A011,High,,,,,
CM_PHASE1_20260803,中国移动,中国移动有限公司（A股600941；H股941/80941）,China Mobile Limited及其附属公司合并口径,2023FY,Annual,FIN_NET_PROFIT,净利润,Financial,Group,131935,RMB mn,RMB,1,Actual,Actual,SRC_A012,High,,,,,
CM_PHASE1_20260803,中国移动,中国移动有限公司（A股600941；H股941/80941）,China Mobile Limited及其附属公司合并口径,2024FY,Annual,FIN_NET_PROFIT,净利润,Financial,Group,138526,RMB mn,RMB,1,Actual,Actual,SRC_A013,High,,,,,
CM_PHASE1_20260803,中国移动,中国移动有限公司（A股600941；H股941/80941）,China Mobile Limited及其附属公司合并口径,2025FY,Annual,FIN_NET_PROFIT,净利润,Financial,Group,137264,RMB mn,RMB,1,Actual,Actual,SRC_A002,High,,,,,
CM_PHASE1_20260803,中国移动,中国移动有限公司（A股600941；H股941/80941）,China Mobile Limited及其附属公司合并口径,2020FY,Annual,FIN_NET_PROFIT_PARENT,归母净利润,Financial,Group,107843,RMB mn,RMB,1,Actual,Actual,SRC_A010,High,,,,,
CM_PHASE1_20260803,中国移动,中国移动有限公司（A股600941；H股941/80941）,China Mobile Limited及其附属公司合并口径,2021FY,Annual,FIN_NET_PROFIT_PARENT,归母净利润,Financial,Group,116148,RMB mn,RMB,1,Actual,Actual,SRC_A010,High,,,,,
CM_PHASE1_20260803,中国移动,中国移动有限公司（A股600941；H股941/80941）,China Mobile Limited及其附属公司合并口径,2022FY,Annual,FIN_NET_PROFIT_PARENT,归母净利润,Financial,Group,125459,RMB mn,RMB,1,Actual,Actual,SRC_A011,High,,,,,
CM_PHASE1_20260803,中国移动,中国移动有限公司（A股600941；H股941/80941）,China Mobile Limited及其附属公司合并口径,2023FY,Annual,FIN_NET_PROFIT_PARENT,归母净利润,Financial,Group,131766,RMB mn,RMB,1,Actual,Actual,SRC_A012,High,,,,,
CM_PHASE1_20260803,中国移动,中国移动有限公司（A股600941；H股941/80941）,China Mobile Limited及其附属公司合并口径,2024FY,Annual,FIN_NET_PROFIT_PARENT,归母净利润,Financial,Group,138373,RMB mn,RMB,1,Actual,Actual,SRC_A013,High,,,,,
CM_PHASE1_20260803,中国移动,中国移动有限公司（A股600941；H股941/80941）,China Mobile Limited及其附属公司合并口径,2025FY,Annual,FIN_NET_PROFIT_PARENT,归母净利润,Financial,Group,137095,RMB mn,RMB,1,Actual,Actual,SRC_A002,High,,,,,
CM_PHASE1_20260803,中国移动,中国移动有限公司（A股600941；H股941/80941）,China Mobile Limited及其附属公司合并口径,2020FY,Annual,FIN_NCI_PROFIT,少数股东损益,Financial,Group,297,RMB mn,RMB,1,Actual,Actual,SRC_A010,High,,,,,
CM_PHASE1_20260803,中国移动,中国移动有限公司（A股600941；H股941/80941）,China Mobile Limited及其附属公司合并口径,2021FY,Annual,FIN_NCI_PROFIT,少数股东损益,Financial,Group,158,RMB mn,RMB,1,Actual,Actual,SRC_A010,High,,,,,
CM_PHASE1_20260803,中国移动,中国移动有限公司（A股600941；H股941/80941）,China Mobile Limited及其附属公司合并口径,2022FY,Annual,FIN_NCI_PROFIT,少数股东损益,Financial,Group,135,RMB mn,RMB,1,Actual,Actual,SRC_A011,High,,,,,
CM_PHASE1_20260803,中国移动,中国移动有限公司（A股600941；H股941/80941）,China Mobile Limited及其附属公司合并口径,2023FY,Annual,FIN_NCI_PROFIT,少数股东损益,Financial,Group,169,RMB mn,RMB,1,Actual,Actual,SRC_A012,High,,,,,
CM_PHASE1_20260803,中国移动,中国移动有限公司（A股600941；H股941/80941）,China Mobile Limited及其附属公司合并口径,2024FY,Annual,FIN_NCI_PROFIT,少数股东损益,Financial,Group,153,RMB mn,RMB,1,Actual,Actual,SRC_A013,High,,,,,
CM_PHASE1_20260803,中国移动,中国移动有限公司（A股600941；H股941/80941）,China Mobile Limited及其附属公司合并口径,2025FY,Annual,FIN_NCI_PROFIT,少数股东损益,Financial,Group,169,RMB mn,RMB,1,Actual,Actual,SRC_A002,High,,,,,
CM_PHASE1_20260803,中国移动,中国移动有限公司（A股600941；H股941/80941）,China Mobile Limited及其附属公司合并口径,2020FY,Annual,FIN_EBITDA,EBITDA,Financial,Group,285135,RMB mn,RMB,1,Actual,Actual,SRC_A010,High,,,,,
CM_PHASE1_20260803,中国移动,中国移动有限公司（A股600941；H股941/80941）,China Mobile Limited及其附属公司合并口径,2021FY,Annual,FIN_EBITDA,EBITDA,Financial,Group,311008,RMB mn,RMB,1,Actual,Actual,SRC_A010,High,,,,,
CM_PHASE1_20260803,中国移动,中国移动有限公司（A股600941；H股941/80941）,China Mobile Limited及其附属公司合并口径,2022FY,Annual,FIN_EBITDA,EBITDA,Financial,Group,329176,RMB mn,RMB,1,Actual,Actual,SRC_A011,High,,,,,
CM_PHASE1_20260803,中国移动,中国移动有限公司（A股600941；H股941/80941）,China Mobile Limited及其附属公司合并口径,2023FY,Annual,FIN_EBITDA,EBITDA,Financial,Group,341478,RMB mn,RMB,1,Actual,Actual,SRC_A012,High,,,,,
CM_PHASE1_20260803,中国移动,中国移动有限公司（A股600941；H股941/80941）,China Mobile Limited及其附属公司合并口径,2024FY,Annual,FIN_EBITDA,EBITDA,Financial,Group,333691,RMB mn,RMB,1,Actual,Actual,SRC_A013,High,,,,,
CM_PHASE1_20260803,中国移动,中国移动有限公司（A股600941；H股941/80941）,China Mobile Limited及其附属公司合并口径,2025FY,Annual,FIN_EBITDA,EBITDA,Financial,Group,338931,RMB mn,RMB,1,Actual,Actual,SRC_A002,High,,,,,
CM_PHASE1_20260803,中国移动,中国移动有限公司（A股600941；H股941/80941）,China Mobile Limited及其附属公司合并口径,2020FY,Annual,FIN_EPS_BASIC,基本每股收益,Financial,Group,5.27,RMB/share,RMB,1,Actual,Actual,SRC_A010,High,,,,,
CM_PHASE1_20260803,中国移动,中国移动有限公司（A股600941；H股941/80941）,China Mobile Limited及其附属公司合并口径,2021FY,Annual,FIN_EPS_BASIC,基本每股收益,Financial,Group,5.67,RMB/share,RMB,1,Actual,Actual,SRC_A010,High,,,,,
CM_PHASE1_20260803,中国移动,中国移动有限公司（A股600941；H股941/80941）,China Mobile Limited及其附属公司合并口径,2022FY,Annual,FIN_EPS_BASIC,基本每股收益,Financial,Group,5.88,RMB/share,RMB,1,Actual,Actual,SRC_A011,High,,,,,
CM_PHASE1_20260803,中国移动,中国移动有限公司（A股600941；H股941/80941）,China Mobile Limited及其附属公司合并口径,2023FY,Annual,FIN_EPS_BASIC,基本每股收益,Financial,Group,6.16,RMB/share,RMB,1,Actual,Actual,SRC_A012,High,,,,,
CM_PHASE1_20260803,中国移动,中国移动有限公司（A股600941；H股941/80941）,China Mobile Limited及其附属公司合并口径,2024FY,Annual,FIN_EPS_BASIC,基本每股收益,Financial,Group,6.45,RMB/share,RMB,1,Actual,Actual,SRC_A013,High,,,,,
CM_PHASE1_20260803,中国移动,中国移动有限公司（A股600941；H股941/80941）,China Mobile Limited及其附属公司合并口径,2025FY,Annual,FIN_EPS_BASIC,基本每股收益,Financial,Group,6.35,RMB/share,RMB,1,Actual,Actual,SRC_A002,High,,,,,
CM_PHASE1_20260803,中国移动,中国移动有限公司（A股600941；H股941/80941）,China Mobile Limited及其附属公司合并口径,2024FY,Annual,FIN_EPS_DILUTED,稀释每股收益,Financial,Group,6.43,RMB/share,RMB,1,Actual,Actual,SRC_A013,High,,,,,
CM_PHASE1_20260803,中国移动,中国移动有限公司（A股600941；H股941/80941）,China Mobile Limited及其附属公司合并口径,2025FY,Annual,FIN_EPS_DILUTED,稀释每股收益,Financial,Group,6.3,RMB/share,RMB,1,Actual,Actual,SRC_A002,High,,,,,
CM_PHASE1_20260803,中国移动,中国移动有限公司（A股600941；H股941/80941）,China Mobile Limited及其附属公司合并口径,2020FY,Annual,COST_CREDIT_IMPAIRMENT,预期信用减值损失,Cost,Group,5084,RMB mn,RMB,1,Actual,Actual,SRC_A010,High,,,,,
CM_PHASE1_20260803,中国移动,中国移动有限公司（A股600941；H股941/80941）,China Mobile Limited及其附属公司合并口径,2021FY,Annual,COST_CREDIT_IMPAIRMENT,预期信用减值损失,Cost,Group,4171,RMB mn,RMB,1,Actual,Actual,SRC_A010,High,,,,,
CM_PHASE1_20260803,中国移动,中国移动有限公司（A股600941；H股941/80941）,China Mobile Limited及其附属公司合并口径,2022FY,Annual,COST_CREDIT_IMPAIRMENT,预期信用减值损失,Cost,Group,4453,RMB mn,RMB,1,Actual,Actual,SRC_A011,High,,,,,
CM_PHASE1_20260803,中国移动,中国移动有限公司（A股600941；H股941/80941）,China Mobile Limited及其附属公司合并口径,2023FY,Annual,COST_CREDIT_IMPAIRMENT,预期信用减值损失,Cost,Group,9227,RMB mn,RMB,1,Actual,Actual,SRC_A012,High,,,,,
CM_PHASE1_20260803,中国移动,中国移动有限公司（A股600941；H股941/80941）,China Mobile Limited及其附属公司合并口径,2024FY,Annual,COST_CREDIT_IMPAIRMENT,预期信用减值损失,Cost,Group,14509,RMB mn,RMB,1,Actual,Actual,SRC_A013,High,,,,,
CM_PHASE1_20260803,中国移动,中国移动有限公司（A股600941；H股941/80941）,China Mobile Limited及其附属公司合并口径,2025FY,Annual,COST_CREDIT_IMPAIRMENT,预期信用减值损失,Cost,Group,8623,RMB mn,RMB,1,Actual,Actual,SRC_A002,High,,,,,
CM_PHASE1_20260803,中国移动,中国移动有限公司（A股600941；H股941/80941）,China Mobile Limited及其附属公司合并口径,2020FY,Annual,COST_CONTRACT_ASSET_IMPAIRMENT,合同资产减值损失/(转回),Cost,Group,-62,RMB mn,RMB,1,Actual,Actual,SRC_A010,High,,,,,
CM_PHASE1_20260803,中国移动,中国移动有限公司（A股600941；H股941/80941）,China Mobile Limited及其附属公司合并口径,2021FY,Annual,COST_CONTRACT_ASSET_IMPAIRMENT,合同资产减值损失/(转回),Cost,Group,88,RMB mn,RMB,1,Actual,Actual,SRC_A010,High,,,,,
CM_PHASE1_20260803,中国移动,中国移动有限公司（A股600941；H股941/80941）,China Mobile Limited及其附属公司合并口径,2022FY,Annual,COST_CONTRACT_ASSET_IMPAIRMENT,合同资产减值损失/(转回),Cost,Group,284,RMB mn,RMB,1,Actual,Actual,SRC_A011,High,,,,,
CM_PHASE1_20260803,中国移动,中国移动有限公司（A股600941；H股941/80941）,China Mobile Limited及其附属公司合并口径,2023FY,Annual,COST_CONTRACT_ASSET_IMPAIRMENT,合同资产减值损失/(转回),Cost,Group,216,RMB mn,RMB,1,Actual,Actual,SRC_A012,High,,,,,
CM_PHASE1_20260803,中国移动,中国移动有限公司（A股600941；H股941/80941）,China Mobile Limited及其附属公司合并口径,2024FY,Annual,COST_CONTRACT_ASSET_IMPAIRMENT,合同资产减值损失/(转回),Cost,Group,302,RMB mn,RMB,1,Actual,Actual,SRC_A013,High,,,,,
CM_PHASE1_20260803,中国移动,中国移动有限公司（A股600941；H股941/80941）,China Mobile Limited及其附属公司合并口径,2025FY,Annual,COST_CONTRACT_ASSET_IMPAIRMENT,合同资产减值损失/(转回),Cost,Group,-48,RMB mn,RMB,1,Actual,Actual,SRC_A002,High,,,,,
CM_PHASE1_20260803,中国移动,中国移动有限公司（A股600941；H股941/80941）,China Mobile Limited及其附属公司合并口径,2020FY,Annual,BS_PPE,固定资产净额,BalanceSheet,Group,686609,RMB mn,RMB,1,Actual,Actual,SRC_A010,High,,,,,
CM_PHASE1_20260803,中国移动,中国移动有限公司（A股600941；H股941/80941）,China Mobile Limited及其附属公司合并口径,2021FY,Annual,BS_PPE,固定资产净额,BalanceSheet,Group,701977,RMB mn,RMB,1,Actual,Actual,SRC_A010,High,,,,,
CM_PHASE1_20260803,中国移动,中国移动有限公司（A股600941；H股941/80941）,China Mobile Limited及其附属公司合并口径,2022FY,Annual,BS_PPE,固定资产净额,BalanceSheet,Group,717121,RMB mn,RMB,1,Actual,Actual,SRC_A011,High,,,,,
CM_PHASE1_20260803,中国移动,中国移动有限公司（A股600941；H股941/80941）,China Mobile Limited及其附属公司合并口径,2023FY,Annual,BS_PPE,固定资产净额,BalanceSheet,Group,714663,RMB mn,RMB,1,Actual,Actual,SRC_A012,High,,,,,
CM_PHASE1_20260803,中国移动,中国移动有限公司（A股600941；H股941/80941）,China Mobile Limited及其附属公司合并口径,2024FY,Annual,BS_PPE,固定资产净额,BalanceSheet,Group,714494,RMB mn,RMB,1,Actual,Actual,SRC_A013,High,,,,,
CM_PHASE1_20260803,中国移动,中国移动有限公司（A股600941；H股941/80941）,China Mobile Limited及其附属公司合并口径,2025FY,Annual,BS_PPE,固定资产净额,BalanceSheet,Group,707116,RMB mn,RMB,1,Actual,Actual,SRC_A002,High,,,,,
CM_PHASE1_20260803,中国移动,中国移动有限公司（A股600941；H股941/80941）,China Mobile Limited及其附属公司合并口径,2020FY,Annual,BS_CIP,在建工程,BalanceSheet,Group,71651,RMB mn,RMB,1,Actual,Actual,SRC_A010,High,,,,,
CM_PHASE1_20260803,中国移动,中国移动有限公司（A股600941；H股941/80941）,China Mobile Limited及其附属公司合并口径,2021FY,Annual,BS_CIP,在建工程,BalanceSheet,Group,71742,RMB mn,RMB,1,Actual,Actual,SRC_A010,High,,,,,
CM_PHASE1_20260803,中国移动,中国移动有限公司（A股600941；H股941/80941）,China Mobile Limited及其附属公司合并口径,2022FY,Annual,BS_CIP,在建工程,BalanceSheet,Group,73087,RMB mn,RMB,1,Actual,Actual,SRC_A011,High,,,,,
CM_PHASE1_20260803,中国移动,中国移动有限公司（A股600941；H股941/80941）,China Mobile Limited及其附属公司合并口径,2023FY,Annual,BS_CIP,在建工程,BalanceSheet,Group,74496,RMB mn,RMB,1,Actual,Actual,SRC_A012,High,,,,,
CM_PHASE1_20260803,中国移动,中国移动有限公司（A股600941；H股941/80941）,China Mobile Limited及其附属公司合并口径,2024FY,Annual,BS_CIP,在建工程,BalanceSheet,Group,74271,RMB mn,RMB,1,Actual,Actual,SRC_A013,High,,,,,
CM_PHASE1_20260803,中国移动,中国移动有限公司（A股600941；H股941/80941）,China Mobile Limited及其附属公司合并口径,2025FY,Annual,BS_CIP,在建工程,BalanceSheet,Group,61845,RMB mn,RMB,1,Actual,Actual,SRC_A002,High,,,,,
CM_PHASE1_20260803,中国移动,中国移动有限公司（A股600941；H股941/80941）,China Mobile Limited及其附属公司合并口径,2020FY,Annual,BS_ROU,使用权资产,BalanceSheet,Group,65091,RMB mn,RMB,1,Actual,Actual,SRC_A010,High,,,,,
CM_PHASE1_20260803,中国移动,中国移动有限公司（A股600941；H股941/80941）,China Mobile Limited及其附属公司合并口径,2021FY,Annual,BS_ROU,使用权资产,BalanceSheet,Group,55350,RMB mn,RMB,1,Actual,Actual,SRC_A010,High,,,,,
CM_PHASE1_20260803,中国移动,中国移动有限公司（A股600941；H股941/80941）,China Mobile Limited及其附属公司合并口径,2022FY,Annual,BS_ROU,使用权资产,BalanceSheet,Group,108749,RMB mn,RMB,1,Actual,Actual,SRC_A011,High,,,,,
CM_PHASE1_20260803,中国移动,中国移动有限公司（A股600941；H股941/80941）,China Mobile Limited及其附属公司合并口径,2023FY,Annual,BS_ROU,使用权资产,BalanceSheet,Group,94753,RMB mn,RMB,1,Actual,Actual,SRC_A012,High,,,,,
CM_PHASE1_20260803,中国移动,中国移动有限公司（A股600941；H股941/80941）,China Mobile Limited及其附属公司合并口径,2024FY,Annual,BS_ROU,使用权资产,BalanceSheet,Group,80625,RMB mn,RMB,1,Actual,Actual,SRC_A013,High,,,,,
CM_PHASE1_20260803,中国移动,中国移动有限公司（A股600941；H股941/80941）,China Mobile Limited及其附属公司合并口径,2025FY,Annual,BS_ROU,使用权资产,BalanceSheet,Group,77662,RMB mn,RMB,1,Actual,Actual,SRC_A002,High,,,,,
CM_PHASE1_20260803,中国移动,中国移动有限公司（A股600941；H股941/80941）,China Mobile Limited及其附属公司合并口径,2020FY,Annual,BS_INTANGIBLES,其他无形资产,BalanceSheet,Group,25577,RMB mn,RMB,1,Actual,Actual,SRC_A010,High,,,,,
CM_PHASE1_20260803,中国移动,中国移动有限公司（A股600941；H股941/80941）,China Mobile Limited及其附属公司合并口径,2021FY,Annual,BS_INTANGIBLES,其他无形资产,BalanceSheet,Group,28580,RMB mn,RMB,1,Actual,Actual,SRC_A010,High,,,,,
CM_PHASE1_20260803,中国移动,中国移动有限公司（A股600941；H股941/80941）,China Mobile Limited及其附属公司合并口径,2022FY,Annual,BS_INTANGIBLES,其他无形资产,BalanceSheet,Group,31265,RMB mn,RMB,1,Actual,Actual,SRC_A011,High,,,,,
CM_PHASE1_20260803,中国移动,中国移动有限公司（A股600941；H股941/80941）,China Mobile Limited及其附属公司合并口径,2023FY,Annual,BS_INTANGIBLES,其他无形资产,BalanceSheet,Group,32720,RMB mn,RMB,1,Actual,Actual,SRC_A012,High,,,,,
CM_PHASE1_20260803,中国移动,中国移动有限公司（A股600941；H股941/80941）,China Mobile Limited及其附属公司合并口径,2024FY,Annual,BS_INTANGIBLES,其他无形资产,BalanceSheet,Group,36364,RMB mn,RMB,1,Actual,Actual,SRC_A013,High,,,,,
CM_PHASE1_20260803,中国移动,中国移动有限公司（A股600941；H股941/80941）,China Mobile Limited及其附属公司合并口径,2025FY,Annual,BS_INTANGIBLES,其他无形资产,BalanceSheet,Group,45742,RMB mn,RMB,1,Actual,Actual,SRC_A002,High,,,,,
CM_PHASE1_20260803,中国移动,中国移动有限公司（A股600941；H股941/80941）,China Mobile Limited及其附属公司合并口径,2020FY,Annual,BS_DEVELOPMENT_EXPENDITURE,开发支出,BalanceSheet,Group,574,RMB mn,RMB,1,Actual,Actual,SRC_A010,High,,,,,
CM_PHASE1_20260803,中国移动,中国移动有限公司（A股600941；H股941/80941）,China Mobile Limited及其附属公司合并口径,2021FY,Annual,BS_DEVELOPMENT_EXPENDITURE,开发支出,BalanceSheet,Group,919,RMB mn,RMB,1,Actual,Actual,SRC_A010,High,,,,,
CM_PHASE1_20260803,中国移动,中国移动有限公司（A股600941；H股941/80941）,China Mobile Limited及其附属公司合并口径,2022FY,Annual,BS_DEVELOPMENT_EXPENDITURE,开发支出,BalanceSheet,Group,1334,RMB mn,RMB,1,Actual,Actual,SRC_A011,High,,,,,
CM_PHASE1_20260803,中国移动,中国移动有限公司（A股600941；H股941/80941）,China Mobile Limited及其附属公司合并口径,2023FY,Annual,BS_DEVELOPMENT_EXPENDITURE,开发支出,BalanceSheet,Group,2279,RMB mn,RMB,1,Actual,Actual,SRC_A012,High,,,,,
CM_PHASE1_20260803,中国移动,中国移动有限公司（A股600941；H股941/80941）,China Mobile Limited及其附属公司合并口径,2024FY,Annual,BS_DEVELOPMENT_EXPENDITURE,开发支出,BalanceSheet,Group,2157,RMB mn,RMB,1,Actual,Actual,SRC_A013,High,,,,,
CM_PHASE1_20260803,中国移动,中国移动有限公司（A股600941；H股941/80941）,China Mobile Limited及其附属公司合并口径,2025FY,Annual,BS_DEVELOPMENT_EXPENDITURE,开发支出,BalanceSheet,Group,3610,RMB mn,RMB,1,Actual,Actual,SRC_A002,High,,,,,
CM_PHASE1_20260803,中国移动,中国移动有限公司（A股600941；H股941/80941）,China Mobile Limited及其附属公司合并口径,2020FY,Annual,BS_EQUITY_METHOD_INVESTMENTS,权益法投资,BalanceSheet,Group,161811,RMB mn,RMB,1,Actual,Actual,SRC_A010,High,,,,,
CM_PHASE1_20260803,中国移动,中国移动有限公司（A股600941；H股941/80941）,China Mobile Limited及其附属公司合并口径,2021FY,Annual,BS_EQUITY_METHOD_INVESTMENTS,权益法投资,BalanceSheet,Group,169556,RMB mn,RMB,1,Actual,Actual,SRC_A010,High,,,,,
CM_PHASE1_20260803,中国移动,中国移动有限公司（A股600941；H股941/80941）,China Mobile Limited及其附属公司合并口径,2022FY,Annual,BS_EQUITY_METHOD_INVESTMENTS,权益法投资,BalanceSheet,Group,175649,RMB mn,RMB,1,Actual,Actual,SRC_A011,High,,,,,
CM_PHASE1_20260803,中国移动,中国移动有限公司（A股600941；H股941/80941）,China Mobile Limited及其附属公司合并口径,2023FY,Annual,BS_EQUITY_METHOD_INVESTMENTS,权益法投资,BalanceSheet,Group,181715,RMB mn,RMB,1,Actual,Actual,SRC_A012,High,,,,,
CM_PHASE1_20260803,中国移动,中国移动有限公司（A股600941；H股941/80941）,China Mobile Limited及其附属公司合并口径,2024FY,Annual,BS_EQUITY_METHOD_INVESTMENTS,权益法投资,BalanceSheet,Group,198563,RMB mn,RMB,1,Actual,Actual,SRC_A013,High,,,,,
CM_PHASE1_20260803,中国移动,中国移动有限公司（A股600941；H股941/80941）,China Mobile Limited及其附属公司合并口径,2025FY,Annual,BS_EQUITY_METHOD_INVESTMENTS,权益法投资,BalanceSheet,Group,214353,RMB mn,RMB,1,Actual,Actual,SRC_A002,High,,,,,
CM_PHASE1_20260803,中国移动,中国移动有限公司（A股600941；H股941/80941）,China Mobile Limited及其附属公司合并口径,2020FY,Annual,BS_FVPL_NONCURRENT,非流动FVPL金融资产,BalanceSheet,Group,0,RMB mn,RMB,1,Actual,Actual,SRC_A010,High,,,,,
CM_PHASE1_20260803,中国移动,中国移动有限公司（A股600941；H股941/80941）,China Mobile Limited及其附属公司合并口径,2021FY,Annual,BS_FVPL_NONCURRENT,非流动FVPL金融资产,BalanceSheet,Group,78600,RMB mn,RMB,1,Actual,Actual,SRC_A010,High,,,,,
CM_PHASE1_20260803,中国移动,中国移动有限公司（A股600941；H股941/80941）,China Mobile Limited及其附属公司合并口径,2022FY,Annual,BS_FVPL_NONCURRENT,非流动FVPL金融资产,BalanceSheet,Group,187130,RMB mn,RMB,1,Actual,Actual,SRC_A011,High,,,,,
CM_PHASE1_20260803,中国移动,中国移动有限公司（A股600941；H股941/80941）,China Mobile Limited及其附属公司合并口径,2023FY,Annual,BS_FVPL_NONCURRENT,非流动FVPL金融资产,BalanceSheet,Group,185621,RMB mn,RMB,1,Actual,Actual,SRC_A012,High,,,,,
CM_PHASE1_20260803,中国移动,中国移动有限公司（A股600941；H股941/80941）,China Mobile Limited及其附属公司合并口径,2024FY,Annual,BS_FVPL_NONCURRENT,非流动FVPL金融资产,BalanceSheet,Group,209422,RMB mn,RMB,1,Actual,Actual,SRC_A013,High,,,,,
CM_PHASE1_20260803,中国移动,中国移动有限公司（A股600941；H股941/80941）,China Mobile Limited及其附属公司合并口径,2025FY,Annual,BS_FVPL_NONCURRENT,非流动FVPL金融资产,BalanceSheet,Group,254897,RMB mn,RMB,1,Actual,Actual,SRC_A002,High,,,,,
CM_PHASE1_20260803,中国移动,中国移动有限公司（A股600941；H股941/80941）,China Mobile Limited及其附属公司合并口径,2020FY,Annual,BS_FVOCI_NONCURRENT,非流动FVOCI金融资产,BalanceSheet,Group,1111,RMB mn,RMB,1,Actual,Actual,SRC_A010,High,,,,,
CM_PHASE1_20260803,中国移动,中国移动有限公司（A股600941；H股941/80941）,China Mobile Limited及其附属公司合并口径,2021FY,Annual,BS_FVOCI_NONCURRENT,非流动FVOCI金融资产,BalanceSheet,Group,689,RMB mn,RMB,1,Actual,Actual,SRC_A010,High,,,,,
CM_PHASE1_20260803,中国移动,中国移动有限公司（A股600941；H股941/80941）,China Mobile Limited及其附属公司合并口径,2022FY,Annual,BS_FVOCI_NONCURRENT,非流动FVOCI金融资产,BalanceSheet,Group,490,RMB mn,RMB,1,Actual,Actual,SRC_A011,High,,,,,
CM_PHASE1_20260803,中国移动,中国移动有限公司（A股600941；H股941/80941）,China Mobile Limited及其附属公司合并口径,2023FY,Annual,BS_FVOCI_NONCURRENT,非流动FVOCI金融资产,BalanceSheet,Group,3518,RMB mn,RMB,1,Actual,Actual,SRC_A012,High,,,,,
CM_PHASE1_20260803,中国移动,中国移动有限公司（A股600941；H股941/80941）,China Mobile Limited及其附属公司合并口径,2024FY,Annual,BS_FVOCI_NONCURRENT,非流动FVOCI金融资产,BalanceSheet,Group,13928,RMB mn,RMB,1,Actual,Actual,SRC_A013,High,,,,,
CM_PHASE1_20260803,中国移动,中国移动有限公司（A股600941；H股941/80941）,China Mobile Limited及其附属公司合并口径,2025FY,Annual,BS_FVOCI_NONCURRENT,非流动FVOCI金融资产,BalanceSheet,Group,32388,RMB mn,RMB,1,Actual,Actual,SRC_A002,High,,,,,
CM_PHASE1_20260803,中国移动,中国移动有限公司（A股600941；H股941/80941）,China Mobile Limited及其附属公司合并口径,2020FY,Annual,BS_BANK_DEPOSITS_NONCURRENT,非流动银行存款,BalanceSheet,Group,23836,RMB mn,RMB,1,Actual,Actual,SRC_A010,High,,,,,
CM_PHASE1_20260803,中国移动,中国移动有限公司（A股600941；H股941/80941）,China Mobile Limited及其附属公司合并口径,2021FY,Annual,BS_BANK_DEPOSITS_NONCURRENT,非流动银行存款,BalanceSheet,Group,17056,RMB mn,RMB,1,Actual,Actual,SRC_A010,High,,,,,
CM_PHASE1_20260803,中国移动,中国移动有限公司（A股600941；H股941/80941）,China Mobile Limited及其附属公司合并口径,2022FY,Annual,BS_BANK_DEPOSITS_NONCURRENT,非流动银行存款,BalanceSheet,Group,45887,RMB mn,RMB,1,Actual,Actual,SRC_A011,High,,,,,
CM_PHASE1_20260803,中国移动,中国移动有限公司（A股600941；H股941/80941）,China Mobile Limited及其附属公司合并口径,2023FY,Annual,BS_BANK_DEPOSITS_NONCURRENT,非流动银行存款,BalanceSheet,Group,55387,RMB mn,RMB,1,Actual,Actual,SRC_A012,High,,,,,
CM_PHASE1_20260803,中国移动,中国移动有限公司（A股600941；H股941/80941）,China Mobile Limited及其附属公司合并口径,2024FY,Annual,BS_BANK_DEPOSITS_NONCURRENT,非流动银行存款,BalanceSheet,Group,54413,RMB mn,RMB,1,Actual,Actual,SRC_A013,High,,,,,
CM_PHASE1_20260803,中国移动,中国移动有限公司（A股600941；H股941/80941）,China Mobile Limited及其附属公司合并口径,2025FY,Annual,BS_BANK_DEPOSITS_NONCURRENT,非流动银行存款,BalanceSheet,Group,61685,RMB mn,RMB,1,Actual,Actual,SRC_A002,High,,,,,
CM_PHASE1_20260803,中国移动,中国移动有限公司（A股600941；H股941/80941）,China Mobile Limited及其附属公司合并口径,2020FY,Annual,BS_CONTRACT_ASSETS,合同资产,BalanceSheet,Group,3841,RMB mn,RMB,1,Actual,Actual,SRC_A010,High,,,,,
CM_PHASE1_20260803,中国移动,中国移动有限公司（A股600941；H股941/80941）,China Mobile Limited及其附属公司合并口径,2021FY,Annual,BS_CONTRACT_ASSETS,合同资产,BalanceSheet,Group,6551,RMB mn,RMB,1,Actual,Actual,SRC_A010,High,,,,,
CM_PHASE1_20260803,中国移动,中国移动有限公司（A股600941；H股941/80941）,China Mobile Limited及其附属公司合并口径,2022FY,Annual,BS_CONTRACT_ASSETS,合同资产,BalanceSheet,Group,13657,RMB mn,RMB,1,Actual,Actual,SRC_A011,High,,,,,
CM_PHASE1_20260803,中国移动,中国移动有限公司（A股600941；H股941/80941）,China Mobile Limited及其附属公司合并口径,2023FY,Annual,BS_CONTRACT_ASSETS,合同资产,BalanceSheet,Group,19407,RMB mn,RMB,1,Actual,Actual,SRC_A012,High,,,,,
CM_PHASE1_20260803,中国移动,中国移动有限公司（A股600941；H股941/80941）,China Mobile Limited及其附属公司合并口径,2024FY,Annual,BS_CONTRACT_ASSETS,合同资产,BalanceSheet,Group,20665,RMB mn,RMB,1,Actual,Actual,SRC_A013,High,,,,,
CM_PHASE1_20260803,中国移动,中国移动有限公司（A股600941；H股941/80941）,China Mobile Limited及其附属公司合并口径,2025FY,Annual,BS_CONTRACT_ASSETS,合同资产,BalanceSheet,Group,20178,RMB mn,RMB,1,Actual,Actual,SRC_A002,High,,,,,
CM_PHASE1_20260803,中国移动,中国移动有限公司（A股600941；H股941/80941）,China Mobile Limited及其附属公司合并口径,2020FY,Annual,BS_ACCOUNTS_RECEIVABLE,应收账款,BalanceSheet,Group,38401,RMB mn,RMB,1,Actual,Actual,SRC_A010,High,,,,,
CM_PHASE1_20260803,中国移动,中国移动有限公司（A股600941；H股941/80941）,China Mobile Limited及其附属公司合并口径,2021FY,Annual,BS_ACCOUNTS_RECEIVABLE,应收账款,BalanceSheet,Group,34668,RMB mn,RMB,1,Actual,Actual,SRC_A010,High,,,,,
CM_PHASE1_20260803,中国移动,中国移动有限公司（A股600941；H股941/80941）,China Mobile Limited及其附属公司合并口径,2022FY,Annual,BS_ACCOUNTS_RECEIVABLE,应收账款,BalanceSheet,Group,42757,RMB mn,RMB,1,Actual,Actual,SRC_A011,High,,,,,
CM_PHASE1_20260803,中国移动,中国移动有限公司（A股600941；H股941/80941）,China Mobile Limited及其附属公司合并口径,2023FY,Annual,BS_ACCOUNTS_RECEIVABLE,应收账款,BalanceSheet,Group,54881,RMB mn,RMB,1,Actual,Actual,SRC_A012,High,,,,,
CM_PHASE1_20260803,中国移动,中国移动有限公司（A股600941；H股941/80941）,China Mobile Limited及其附属公司合并口径,2024FY,Annual,BS_ACCOUNTS_RECEIVABLE,应收账款,BalanceSheet,Group,75741,RMB mn,RMB,1,Actual,Actual,SRC_A013,High,,,,,
CM_PHASE1_20260803,中国移动,中国移动有限公司（A股600941；H股941/80941）,China Mobile Limited及其附属公司合并口径,2025FY,Annual,BS_ACCOUNTS_RECEIVABLE,应收账款,BalanceSheet,Group,99762,RMB mn,RMB,1,Actual,Actual,SRC_A002,High,,,,,
CM_PHASE1_20260803,中国移动,中国移动有限公司（A股600941；H股941/80941）,China Mobile Limited及其附属公司合并口径,2020FY,Annual,BS_BANK_DEPOSITS_CURRENT,流动银行存款,BalanceSheet,Group,110382,RMB mn,RMB,1,Actual,Actual,SRC_A010,High,,,,,
CM_PHASE1_20260803,中国移动,中国移动有限公司（A股600941；H股941/80941）,China Mobile Limited及其附属公司合并口径,2021FY,Annual,BS_BANK_DEPOSITS_CURRENT,流动银行存款,BalanceSheet,Group,91212,RMB mn,RMB,1,Actual,Actual,SRC_A010,High,,,,,
CM_PHASE1_20260803,中国移动,中国移动有限公司（A股600941；H股941/80941）,China Mobile Limited及其附属公司合并口径,2022FY,Annual,BS_BANK_DEPOSITS_CURRENT,流动银行存款,BalanceSheet,Group,56377,RMB mn,RMB,1,Actual,Actual,SRC_A011,High,,,,,
CM_PHASE1_20260803,中国移动,中国移动有限公司（A股600941；H股941/80941）,China Mobile Limited及其附属公司合并口径,2023FY,Annual,BS_BANK_DEPOSITS_CURRENT,流动银行存款,BalanceSheet,Group,37213,RMB mn,RMB,1,Actual,Actual,SRC_A012,High,,,,,
CM_PHASE1_20260803,中国移动,中国移动有限公司（A股600941；H股941/80941）,China Mobile Limited及其附属公司合并口径,2024FY,Annual,BS_BANK_DEPOSITS_CURRENT,流动银行存款,BalanceSheet,Group,74966,RMB mn,RMB,1,Actual,Actual,SRC_A013,High,,,,,
CM_PHASE1_20260803,中国移动,中国移动有限公司（A股600941；H股941/80941）,China Mobile Limited及其附属公司合并口径,2025FY,Annual,BS_BANK_DEPOSITS_CURRENT,流动银行存款,BalanceSheet,Group,73827,RMB mn,RMB,1,Actual,Actual,SRC_A002,High,,,,,
CM_PHASE1_20260803,中国移动,中国移动有限公司（A股600941；H股941/80941）,China Mobile Limited及其附属公司合并口径,2020FY,Annual,BS_CASH,现金及现金等价物,BalanceSheet,Group,212729,RMB mn,RMB,1,Actual,Actual,SRC_A010,High,,,,,
CM_PHASE1_20260803,中国移动,中国移动有限公司（A股600941；H股941/80941）,China Mobile Limited及其附属公司合并口径,2021FY,Annual,BS_CASH,现金及现金等价物,BalanceSheet,Group,243943,RMB mn,RMB,1,Actual,Actual,SRC_A010,High,,,,,
CM_PHASE1_20260803,中国移动,中国移动有限公司（A股600941；H股941/80941）,China Mobile Limited及其附属公司合并口径,2022FY,Annual,BS_CASH,现金及现金等价物,BalanceSheet,Group,167106,RMB mn,RMB,1,Actual,Actual,SRC_A011,High,,,,,
CM_PHASE1_20260803,中国移动,中国移动有限公司（A股600941；H股941/80941）,China Mobile Limited及其附属公司合并口径,2023FY,Annual,BS_CASH,现金及现金等价物,BalanceSheet,Group,141559,RMB mn,RMB,1,Actual,Actual,SRC_A012,High,,,,,
CM_PHASE1_20260803,中国移动,中国移动有限公司（A股600941；H股941/80941）,China Mobile Limited及其附属公司合并口径,2024FY,Annual,BS_CASH,现金及现金等价物,BalanceSheet,Group,167309,RMB mn,RMB,1,Actual,Actual,SRC_A013,High,,,,,
CM_PHASE1_20260803,中国移动,中国移动有限公司（A股600941；H股941/80941）,China Mobile Limited及其附属公司合并口径,2025FY,Annual,BS_CASH,现金及现金等价物,BalanceSheet,Group,97267,RMB mn,RMB,1,Actual,Actual,SRC_A002,High,,,,,
CM_PHASE1_20260803,中国移动,中国移动有限公司（A股600941；H股941/80941）,China Mobile Limited及其附属公司合并口径,2020FY,Annual,BS_TOTAL_ASSETS,总资产,BalanceSheet,Group,1727882,RMB mn,RMB,1,Actual,Actual,SRC_A010,High,,,,,
CM_PHASE1_20260803,中国移动,中国移动有限公司（A股600941；H股941/80941）,China Mobile Limited及其附属公司合并口径,2021FY,Annual,BS_TOTAL_ASSETS,总资产,BalanceSheet,Group,1841327,RMB mn,RMB,1,Actual,Actual,SRC_A010,High,,,,,
CM_PHASE1_20260803,中国移动,中国移动有限公司（A股600941；H股941/80941）,China Mobile Limited及其附属公司合并口径,2022FY,Annual,BS_TOTAL_ASSETS,总资产,BalanceSheet,Group,1935538,RMB mn,RMB,1,Actual,Actual,SRC_A011,High,,,,,
CM_PHASE1_20260803,中国移动,中国移动有限公司（A股600941；H股941/80941）,China Mobile Limited及其附属公司合并口径,2023FY,Annual,BS_TOTAL_ASSETS,总资产,BalanceSheet,Group,1992657,RMB mn,RMB,1,Actual,Actual,SRC_A012,High,,,,,
CM_PHASE1_20260803,中国移动,中国移动有限公司（A股600941；H股941/80941）,China Mobile Limited及其附属公司合并口径,2024FY,Annual,BS_TOTAL_ASSETS,总资产,BalanceSheet,Group,2108127,RMB mn,RMB,1,Actual,Actual,SRC_A013,High,,,,,
CM_PHASE1_20260803,中国移动,中国移动有限公司（A股600941；H股941/80941）,China Mobile Limited及其附属公司合并口径,2025FY,Annual,BS_TOTAL_ASSETS,总资产,BalanceSheet,Group,2128182,RMB mn,RMB,1,Actual,Actual,SRC_A002,High,,,,,
CM_PHASE1_20260803,中国移动,中国移动有限公司（A股600941；H股941/80941）,China Mobile Limited及其附属公司合并口径,2020FY,Annual,BS_BORROWINGS,银行及其他借款,BalanceSheet,Group,0,RMB mn,RMB,1,Actual,Actual,SRC_A010,High,,,,,
CM_PHASE1_20260803,中国移动,中国移动有限公司（A股600941；H股941/80941）,China Mobile Limited及其附属公司合并口径,2021FY,Annual,BS_BORROWINGS,银行及其他借款,BalanceSheet,Group,0,RMB mn,RMB,1,Actual,Actual,SRC_A010,High,,,,,
CM_PHASE1_20260803,中国移动,中国移动有限公司（A股600941；H股941/80941）,China Mobile Limited及其附属公司合并口径,2022FY,Annual,BS_BORROWINGS,银行及其他借款,BalanceSheet,Group,0,RMB mn,RMB,1,Actual,Actual,SRC_A011,High,,,,,
CM_PHASE1_20260803,中国移动,中国移动有限公司（A股600941；H股941/80941）,China Mobile Limited及其附属公司合并口径,2023FY,Annual,BS_BORROWINGS,银行及其他借款,BalanceSheet,Group,0,RMB mn,RMB,1,Actual,Actual,SRC_A012,High,,,,,
CM_PHASE1_20260803,中国移动,中国移动有限公司（A股600941；H股941/80941）,China Mobile Limited及其附属公司合并口径,2024FY,Annual,BS_BORROWINGS,银行及其他借款,BalanceSheet,Group,0,RMB mn,RMB,1,Actual,Actual,SRC_A013,High,,,,,
CM_PHASE1_20260803,中国移动,中国移动有限公司（A股600941；H股941/80941）,China Mobile Limited及其附属公司合并口径,2025FY,Annual,BS_BORROWINGS,银行及其他借款,BalanceSheet,Group,9748,RMB mn,RMB,1,Actual,Actual,SRC_A002,High,,,,,
CM_PHASE1_20260803,中国移动,中国移动有限公司（A股600941；H股941/80941）,China Mobile Limited及其附属公司合并口径,2020FY,Annual,BS_LEASE_LIAB_CURRENT,流动租赁负债,BalanceSheet,Group,24173,RMB mn,RMB,1,Actual,Actual,SRC_A010,High,,,,,
CM_PHASE1_20260803,中国移动,中国移动有限公司（A股600941；H股941/80941）,China Mobile Limited及其附属公司合并口径,2021FY,Annual,BS_LEASE_LIAB_CURRENT,流动租赁负债,BalanceSheet,Group,26059,RMB mn,RMB,1,Actual,Actual,SRC_A010,High,,,,,
CM_PHASE1_20260803,中国移动,中国移动有限公司（A股600941；H股941/80941）,China Mobile Limited及其附属公司合并口径,2022FY,Annual,BS_LEASE_LIAB_CURRENT,流动租赁负债,BalanceSheet,Group,30919,RMB mn,RMB,1,Actual,Actual,SRC_A011,High,,,,,
CM_PHASE1_20260803,中国移动,中国移动有限公司（A股600941；H股941/80941）,China Mobile Limited及其附属公司合并口径,2023FY,Annual,BS_LEASE_LIAB_CURRENT,流动租赁负债,BalanceSheet,Group,35175,RMB mn,RMB,1,Actual,Actual,SRC_A012,High,,,,,
CM_PHASE1_20260803,中国移动,中国移动有限公司（A股600941；H股941/80941）,China Mobile Limited及其附属公司合并口径,2024FY,Annual,BS_LEASE_LIAB_CURRENT,流动租赁负债,BalanceSheet,Group,32512,RMB mn,RMB,1,Actual,Actual,SRC_A013,High,,,,,
CM_PHASE1_20260803,中国移动,中国移动有限公司（A股600941；H股941/80941）,China Mobile Limited及其附属公司合并口径,2025FY,Annual,BS_LEASE_LIAB_CURRENT,流动租赁负债,BalanceSheet,Group,42507,RMB mn,RMB,1,Actual,Actual,SRC_A002,High,,,,,
CM_PHASE1_20260803,中国移动,中国移动有限公司（A股600941；H股941/80941）,China Mobile Limited及其附属公司合并口径,2020FY,Annual,BS_LEASE_LIAB_NONCURRENT,非流动租赁负债,BalanceSheet,Group,42460,RMB mn,RMB,1,Actual,Actual,SRC_A010,High,,,,,
CM_PHASE1_20260803,中国移动,中国移动有限公司（A股600941；H股941/80941）,China Mobile Limited及其附属公司合并口径,2021FY,Annual,BS_LEASE_LIAB_NONCURRENT,非流动租赁负债,BalanceSheet,Group,30922,RMB mn,RMB,1,Actual,Actual,SRC_A010,High,,,,,
CM_PHASE1_20260803,中国移动,中国移动有限公司（A股600941；H股941/80941）,China Mobile Limited及其附属公司合并口径,2022FY,Annual,BS_LEASE_LIAB_NONCURRENT,非流动租赁负债,BalanceSheet,Group,81741,RMB mn,RMB,1,Actual,Actual,SRC_A011,High,,,,,
CM_PHASE1_20260803,中国移动,中国移动有限公司（A股600941；H股941/80941）,China Mobile Limited及其附属公司合并口径,2023FY,Annual,BS_LEASE_LIAB_NONCURRENT,非流动租赁负债,BalanceSheet,Group,67759,RMB mn,RMB,1,Actual,Actual,SRC_A012,High,,,,,
CM_PHASE1_20260803,中国移动,中国移动有限公司（A股600941；H股941/80941）,China Mobile Limited及其附属公司合并口径,2024FY,Annual,BS_LEASE_LIAB_NONCURRENT,非流动租赁负债,BalanceSheet,Group,55930,RMB mn,RMB,1,Actual,Actual,SRC_A013,High,,,,,
CM_PHASE1_20260803,中国移动,中国移动有限公司（A股600941；H股941/80941）,China Mobile Limited及其附属公司合并口径,2025FY,Annual,BS_LEASE_LIAB_NONCURRENT,非流动租赁负债,BalanceSheet,Group,48942,RMB mn,RMB,1,Actual,Actual,SRC_A002,High,,,,,
CM_PHASE1_20260803,中国移动,中国移动有限公司（A股600941；H股941/80941）,China Mobile Limited及其附属公司合并口径,2020FY,Annual,BS_CONTRACT_LIABILITIES,合同负债,BalanceSheet,Group,79028,RMB mn,RMB,1,Actual,Actual,SRC_A010,High,,,,,
CM_PHASE1_20260803,中国移动,中国移动有限公司（A股600941；H股941/80941）,China Mobile Limited及其附属公司合并口径,2021FY,Annual,BS_CONTRACT_LIABILITIES,合同负债,BalanceSheet,Group,79068,RMB mn,RMB,1,Actual,Actual,SRC_A010,High,,,,,
CM_PHASE1_20260803,中国移动,中国移动有限公司（A股600941；H股941/80941）,China Mobile Limited及其附属公司合并口径,2022FY,Annual,BS_CONTRACT_LIABILITIES,合同负债,BalanceSheet,Group,75255,RMB mn,RMB,1,Actual,Actual,SRC_A011,High,,,,,
CM_PHASE1_20260803,中国移动,中国移动有限公司（A股600941；H股941/80941）,China Mobile Limited及其附属公司合并口径,2023FY,Annual,BS_CONTRACT_LIABILITIES,合同负债,BalanceSheet,Group,66193,RMB mn,RMB,1,Actual,Actual,SRC_A012,High,,,,,
CM_PHASE1_20260803,中国移动,中国移动有限公司（A股600941；H股941/80941）,China Mobile Limited及其附属公司合并口径,2024FY,Annual,BS_CONTRACT_LIABILITIES,合同负债,BalanceSheet,Group,54964,RMB mn,RMB,1,Actual,Actual,SRC_A013,High,,,,,
CM_PHASE1_20260803,中国移动,中国移动有限公司（A股600941；H股941/80941）,China Mobile Limited及其附属公司合并口径,2025FY,Annual,BS_CONTRACT_LIABILITIES,合同负债,BalanceSheet,Group,49615,RMB mn,RMB,1,Actual,Actual,SRC_A002,High,,,,,
CM_PHASE1_20260803,中国移动,中国移动有限公司（A股600941；H股941/80941）,China Mobile Limited及其附属公司合并口径,2020FY,Annual,BS_TOTAL_LIABILITIES,总负债,BalanceSheet,Group,575110,RMB mn,RMB,1,Actual,Actual,SRC_A010,High,,,,,
CM_PHASE1_20260803,中国移动,中国移动有限公司（A股600941；H股941/80941）,China Mobile Limited及其附属公司合并口径,2021FY,Annual,BS_TOTAL_LIABILITIES,总负债,BalanceSheet,Group,631035,RMB mn,RMB,1,Actual,Actual,SRC_A010,High,,,,,
CM_PHASE1_20260803,中国移动,中国移动有限公司（A股600941；H股941/80941）,China Mobile Limited及其附属公司合并口径,2022FY,Annual,BS_TOTAL_LIABILITIES,总负债,BalanceSheet,Group,634115,RMB mn,RMB,1,Actual,Actual,SRC_A011,High,,,,,
CM_PHASE1_20260803,中国移动,中国移动有限公司（A股600941；H股941/80941）,China Mobile Limited及其附属公司合并口径,2023FY,Annual,BS_TOTAL_LIABILITIES,总负债,BalanceSheet,Group,646672,RMB mn,RMB,1,Actual,Actual,SRC_A012,High,,,,,
CM_PHASE1_20260803,中国移动,中国移动有限公司（A股600941；H股941/80941）,China Mobile Limited及其附属公司合并口径,2024FY,Annual,BS_TOTAL_LIABILITIES,总负债,BalanceSheet,Group,711588,RMB mn,RMB,1,Actual,Actual,SRC_A013,High,,,,,
CM_PHASE1_20260803,中国移动,中国移动有限公司（A股600941；H股941/80941）,China Mobile Limited及其附属公司合并口径,2025FY,Annual,BS_TOTAL_LIABILITIES,总负债,BalanceSheet,Group,695331,RMB mn,RMB,1,Actual,Actual,SRC_A002,High,,,,,
CM_PHASE1_20260803,中国移动,中国移动有限公司（A股600941；H股941/80941）,China Mobile Limited及其附属公司合并口径,2020FY,Annual,BS_EQUITY_PARENT,归母权益,BalanceSheet,Group,1148916,RMB mn,RMB,1,Actual,Actual,SRC_A010,High,,,,,
CM_PHASE1_20260803,中国移动,中国移动有限公司（A股600941；H股941/80941）,China Mobile Limited及其附属公司合并口径,2021FY,Annual,BS_EQUITY_PARENT,归母权益,BalanceSheet,Group,1206350,RMB mn,RMB,1,Actual,Actual,SRC_A010,High,,,,,
CM_PHASE1_20260803,中国移动,中国移动有限公司（A股600941；H股941/80941）,China Mobile Limited及其附属公司合并口径,2022FY,Annual,BS_EQUITY_PARENT,归母权益,BalanceSheet,Group,1297348,RMB mn,RMB,1,Actual,Actual,SRC_A011,High,,,,,
CM_PHASE1_20260803,中国移动,中国移动有限公司（A股600941；H股941/80941）,China Mobile Limited及其附属公司合并口径,2023FY,Annual,BS_EQUITY_PARENT,归母权益,BalanceSheet,Group,1341732,RMB mn,RMB,1,Actual,Actual,SRC_A012,High,,,,,
CM_PHASE1_20260803,中国移动,中国移动有限公司（A股600941；H股941/80941）,China Mobile Limited及其附属公司合并口径,2024FY,Annual,BS_EQUITY_PARENT,归母权益,BalanceSheet,Group,1392032,RMB mn,RMB,1,Actual,Actual,SRC_A013,High,,,,,
CM_PHASE1_20260803,中国移动,中国移动有限公司（A股600941；H股941/80941）,China Mobile Limited及其附属公司合并口径,2025FY,Annual,BS_EQUITY_PARENT,归母权益,BalanceSheet,Group,1428475,RMB mn,RMB,1,Actual,Actual,SRC_A002,High,,,,,
CM_PHASE1_20260803,中国移动,中国移动有限公司（A股600941；H股941/80941）,China Mobile Limited及其附属公司合并口径,2020FY,Annual,EQ_NCI,少数股东权益,BalanceSheet,Group,3856,RMB mn,RMB,1,Actual,Actual,SRC_A010,High,,,,,
CM_PHASE1_20260803,中国移动,中国移动有限公司（A股600941；H股941/80941）,China Mobile Limited及其附属公司合并口径,2021FY,Annual,EQ_NCI,少数股东权益,BalanceSheet,Group,3942,RMB mn,RMB,1,Actual,Actual,SRC_A010,High,,,,,
CM_PHASE1_20260803,中国移动,中国移动有限公司（A股600941；H股941/80941）,China Mobile Limited及其附属公司合并口径,2022FY,Annual,EQ_NCI,少数股东权益,BalanceSheet,Group,4075,RMB mn,RMB,1,Actual,Actual,SRC_A011,High,,,,,
CM_PHASE1_20260803,中国移动,中国移动有限公司（A股600941；H股941/80941）,China Mobile Limited及其附属公司合并口径,2023FY,Annual,EQ_NCI,少数股东权益,BalanceSheet,Group,4253,RMB mn,RMB,1,Actual,Actual,SRC_A012,High,,,,,
CM_PHASE1_20260803,中国移动,中国移动有限公司（A股600941；H股941/80941）,China Mobile Limited及其附属公司合并口径,2024FY,Annual,EQ_NCI,少数股东权益,BalanceSheet,Group,4507,RMB mn,RMB,1,Actual,Actual,SRC_A013,High,,,,,
CM_PHASE1_20260803,中国移动,中国移动有限公司（A股600941；H股941/80941）,China Mobile Limited及其附属公司合并口径,2025FY,Annual,EQ_NCI,少数股东权益,BalanceSheet,Group,4376,RMB mn,RMB,1,Actual,Actual,SRC_A002,High,,,,,
CM_PHASE1_20260803,中国移动,中国移动有限公司（A股600941；H股941/80941）,China Mobile Limited及其附属公司合并口径,2020FY,Annual,BS_TOTAL_EQUITY,总权益,BalanceSheet,Group,1152772,RMB mn,RMB,1,Actual,Actual,SRC_A010,High,,,,,
CM_PHASE1_20260803,中国移动,中国移动有限公司（A股600941；H股941/80941）,China Mobile Limited及其附属公司合并口径,2021FY,Annual,BS_TOTAL_EQUITY,总权益,BalanceSheet,Group,1210292,RMB mn,RMB,1,Actual,Actual,SRC_A010,High,,,,,
CM_PHASE1_20260803,中国移动,中国移动有限公司（A股600941；H股941/80941）,China Mobile Limited及其附属公司合并口径,2022FY,Annual,BS_TOTAL_EQUITY,总权益,BalanceSheet,Group,1301423,RMB mn,RMB,1,Actual,Actual,SRC_A011,High,,,,,
CM_PHASE1_20260803,中国移动,中国移动有限公司（A股600941；H股941/80941）,China Mobile Limited及其附属公司合并口径,2023FY,Annual,BS_TOTAL_EQUITY,总权益,BalanceSheet,Group,1345985,RMB mn,RMB,1,Actual,Actual,SRC_A012,High,,,,,
CM_PHASE1_20260803,中国移动,中国移动有限公司（A股600941；H股941/80941）,China Mobile Limited及其附属公司合并口径,2024FY,Annual,BS_TOTAL_EQUITY,总权益,BalanceSheet,Group,1396539,RMB mn,RMB,1,Actual,Actual,SRC_A013,High,,,,,
CM_PHASE1_20260803,中国移动,中国移动有限公司（A股600941；H股941/80941）,China Mobile Limited及其附属公司合并口径,2025FY,Annual,BS_TOTAL_EQUITY,总权益,BalanceSheet,Group,1432851,RMB mn,RMB,1,Actual,Actual,SRC_A002,High,,,,,
CM_PHASE1_20260803,中国移动,中国移动有限公司（A股600941；H股941/80941）,China Mobile Limited及其附属公司合并口径,2020FY,Annual,BS_ACCOUNTS_PAYABLE_OLD,应付账款（旧披露口径）,BalanceSheet,Group,167990,RMB mn,RMB,1,Actual,Actual,SRC_A010,High,,,,,
CM_PHASE1_20260803,中国移动,中国移动有限公司（A股600941；H股941/80941）,China Mobile Limited及其附属公司合并口径,2021FY,Annual,BS_ACCOUNTS_PAYABLE_OLD,应付账款（旧披露口径）,BalanceSheet,Group,152712,RMB mn,RMB,1,Actual,Actual,SRC_A010,High,,,,,
CM_PHASE1_20260803,中国移动,中国移动有限公司（A股600941；H股941/80941）,China Mobile Limited及其附属公司合并口径,2022FY,Annual,BS_ACCOUNTS_PAYABLE_ACCRUED,应付账款及应计费用（新披露口径）,BalanceSheet,Group,271306,RMB mn,RMB,1,Actual,Actual,SRC_A011,High,,,,,
CM_PHASE1_20260803,中国移动,中国移动有限公司（A股600941；H股941/80941）,China Mobile Limited及其附属公司合并口径,2023FY,Annual,BS_ACCOUNTS_PAYABLE_ACCRUED,应付账款及应计费用（新披露口径）,BalanceSheet,Group,297456,RMB mn,RMB,1,Actual,Actual,SRC_A012,High,,,,,
CM_PHASE1_20260803,中国移动,中国移动有限公司（A股600941；H股941/80941）,China Mobile Limited及其附属公司合并口径,2024FY,Annual,BS_ACCOUNTS_PAYABLE_ACCRUED,应付账款及应计费用（新披露口径）,BalanceSheet,Group,354341,RMB mn,RMB,1,Actual,Actual,SRC_A013,High,,,,,
CM_PHASE1_20260803,中国移动,中国移动有限公司（A股600941；H股941/80941）,China Mobile Limited及其附属公司合并口径,2025FY,Annual,BS_ACCOUNTS_PAYABLE_ACCRUED,应付账款及应计费用（新披露口径）,BalanceSheet,Group,334099,RMB mn,RMB,1,Actual,Actual,SRC_A002,High,,,,,
CM_PHASE1_20260803,中国移动,中国移动有限公司（A股600941；H股941/80941）,China Mobile Limited及其附属公司合并口径,2020FY,Annual,CF_CFO,经营活动现金流净额,CashFlow,Group,307761,RMB mn,RMB,1,Actual,Actual,SRC_A010,High,,,,,
CM_PHASE1_20260803,中国移动,中国移动有限公司（A股600941；H股941/80941）,China Mobile Limited及其附属公司合并口径,2021FY,Annual,CF_CFO,经营活动现金流净额,CashFlow,Group,314764,RMB mn,RMB,1,Actual,Actual,SRC_A010,High,,,,,
CM_PHASE1_20260803,中国移动,中国移动有限公司（A股600941；H股941/80941）,China Mobile Limited及其附属公司合并口径,2022FY,Annual,CF_CFO,经营活动现金流净额,CashFlow,Group,280750,RMB mn,RMB,1,Actual,Actual,SRC_A011,High,,,,,
CM_PHASE1_20260803,中国移动,中国移动有限公司（A股600941；H股941/80941）,China Mobile Limited及其附属公司合并口径,2023FY,Annual,CF_CFO,经营活动现金流净额,CashFlow,Group,303780,RMB mn,RMB,1,Actual,Actual,SRC_A012,High,,,,,
CM_PHASE1_20260803,中国移动,中国移动有限公司（A股600941；H股941/80941）,China Mobile Limited及其附属公司合并口径,2024FY,Annual,CF_CFO,经营活动现金流净额,CashFlow,Group,315741,RMB mn,RMB,1,Actual,Actual,SRC_A013,High,,,,,
CM_PHASE1_20260803,中国移动,中国移动有限公司（A股600941；H股941/80941）,China Mobile Limited及其附属公司合并口径,2025FY,Annual,CF_CFO,经营活动现金流净额,CashFlow,Group,232919,RMB mn,RMB,1,Actual,Actual,SRC_A002,High,,,,,
CM_PHASE1_20260803,中国移动,中国移动有限公司（A股600941；H股941/80941）,China Mobile Limited及其附属公司合并口径,2020FY,Annual,CAPEX_COMPANY,公司口径资本开支,CashFlow,Group,180634,RMB mn,RMB,1,Actual,Actual,SRC_A010,High,,,,,
CM_PHASE1_20260803,中国移动,中国移动有限公司（A股600941；H股941/80941）,China Mobile Limited及其附属公司合并口径,2021FY,Annual,CAPEX_COMPANY,公司口径资本开支,CashFlow,Group,183580,RMB mn,RMB,1,Actual,Actual,SRC_A010,High,,,,,
CM_PHASE1_20260803,中国移动,中国移动有限公司（A股600941；H股941/80941）,China Mobile Limited及其附属公司合并口径,2022FY,Annual,CAPEX_COMPANY,公司口径资本开支,CashFlow,Group,185184,RMB mn,RMB,1,Actual,Actual,SRC_A011,High,,,,,
CM_PHASE1_20260803,中国移动,中国移动有限公司（A股600941；H股941/80941）,China Mobile Limited及其附属公司合并口径,2023FY,Annual,CAPEX_COMPANY,公司口径资本开支,CashFlow,Group,180294,RMB mn,RMB,1,Actual,Actual,SRC_A012,High,,,,,
CM_PHASE1_20260803,中国移动,中国移动有限公司（A股600941；H股941/80941）,China Mobile Limited及其附属公司合并口径,2024FY,Annual,CAPEX_COMPANY,公司口径资本开支,CashFlow,Group,164021,RMB mn,RMB,1,Actual,Actual,SRC_A013,High,,,,,
CM_PHASE1_20260803,中国移动,中国移动有限公司（A股600941；H股941/80941）,China Mobile Limited及其附属公司合并口径,2025FY,Annual,CAPEX_COMPANY,公司口径资本开支,CashFlow,Group,150919,RMB mn,RMB,1,Actual,Actual,SRC_A002,High,,,,,
CM_PHASE1_20260803,中国移动,中国移动有限公司（A股600941；H股941/80941）,China Mobile Limited及其附属公司合并口径,2020FY,Annual,CAPEX_CASH,购建长期资产现金支出,CashFlow,Group,190449,RMB mn,RMB,1,Actual,Actual,SRC_A010,High,,,,,
CM_PHASE1_20260803,中国移动,中国移动有限公司（A股600941；H股941/80941）,China Mobile Limited及其附属公司合并口径,2021FY,Annual,CAPEX_CASH,购建长期资产现金支出,CashFlow,Group,207311,RMB mn,RMB,1,Actual,Actual,SRC_A010,High,,,,,
CM_PHASE1_20260803,中国移动,中国移动有限公司（A股600941；H股941/80941）,China Mobile Limited及其附属公司合并口径,2022FY,Annual,CAPEX_CASH,购建长期资产现金支出,CashFlow,Group,189588,RMB mn,RMB,1,Actual,Actual,SRC_A011,High,,,,,
CM_PHASE1_20260803,中国移动,中国移动有限公司（A股600941；H股941/80941）,China Mobile Limited及其附属公司合并口径,2023FY,Annual,CAPEX_CASH,购建长期资产现金支出,CashFlow,Group,181263,RMB mn,RMB,1,Actual,Actual,SRC_A012,High,,,,,
CM_PHASE1_20260803,中国移动,中国移动有限公司（A股600941；H股941/80941）,China Mobile Limited及其附属公司合并口径,2024FY,Annual,CAPEX_CASH,购建长期资产现金支出,CashFlow,Group,155979,RMB mn,RMB,1,Actual,Actual,SRC_A013,High,,,,,
CM_PHASE1_20260803,中国移动,中国移动有限公司（A股600941；H股941/80941）,China Mobile Limited及其附属公司合并口径,2025FY,Annual,CAPEX_CASH,购建长期资产现金支出,CashFlow,Group,156951,RMB mn,RMB,1,Actual,Actual,SRC_A002,High,,,,,
CM_PHASE1_20260803,中国移动,中国移动有限公司（A股600941；H股941/80941）,China Mobile Limited及其附属公司合并口径,2020FY,Annual,CF_FCFF,公司披露自由现金流,CashFlow,Group,127127,RMB mn,RMB,1,Actual,Actual,SRC_A010,High,,,,,
CM_PHASE1_20260803,中国移动,中国移动有限公司（A股600941；H股941/80941）,China Mobile Limited及其附属公司合并口径,2021FY,Annual,CF_FCFF,公司披露自由现金流,CashFlow,Group,131184,RMB mn,RMB,1,Actual,Actual,SRC_A010,High,,,,,
CM_PHASE1_20260803,中国移动,中国移动有限公司（A股600941；H股941/80941）,China Mobile Limited及其附属公司合并口径,2022FY,Annual,CF_FCFF,公司披露自由现金流,CashFlow,Group,95566,RMB mn,RMB,1,Actual,Actual,SRC_A011,High,,,,,
CM_PHASE1_20260803,中国移动,中国移动有限公司（A股600941；H股941/80941）,China Mobile Limited及其附属公司合并口径,2023FY,Annual,CF_FCFF,公司披露自由现金流,CashFlow,Group,123486,RMB mn,RMB,1,Actual,Actual,SRC_A012,High,,,,,
CM_PHASE1_20260803,中国移动,中国移动有限公司（A股600941；H股941/80941）,China Mobile Limited及其附属公司合并口径,2024FY,Annual,CF_FCFF,公司披露自由现金流,CashFlow,Group,151720,RMB mn,RMB,1,Actual,Actual,SRC_A013,High,,,,,
CM_PHASE1_20260803,中国移动,中国移动有限公司（A股600941；H股941/80941）,China Mobile Limited及其附属公司合并口径,2025FY,Annual,CF_FCFF,公司披露自由现金流,CashFlow,Group,82000,RMB mn,RMB,1,Actual,Actual,SRC_A002,High,,,,,
CM_PHASE1_20260803,中国移动,中国移动有限公司（A股600941；H股941/80941）,China Mobile Limited及其附属公司合并口径,2020FY,Annual,CF_LEASE_PRINCIPAL_INTEREST,租赁本金及利息现金支出,CashFlow,Group,27346,RMB mn,RMB,1,Actual,Actual,SRC_A010,High,,,,,
CM_PHASE1_20260803,中国移动,中国移动有限公司（A股600941；H股941/80941）,China Mobile Limited及其附属公司合并口径,2021FY,Annual,CF_LEASE_PRINCIPAL_INTEREST,租赁本金及利息现金支出,CashFlow,Group,28502,RMB mn,RMB,1,Actual,Actual,SRC_A010,High,,,,,
CM_PHASE1_20260803,中国移动,中国移动有限公司（A股600941；H股941/80941）,China Mobile Limited及其附属公司合并口径,2022FY,Annual,CF_LEASE_PRINCIPAL_INTEREST,租赁本金及利息现金支出,CashFlow,Group,28925,RMB mn,RMB,1,Actual,Actual,SRC_A011,High,,,,,
CM_PHASE1_20260803,中国移动,中国移动有限公司（A股600941；H股941/80941）,China Mobile Limited及其附属公司合并口径,2023FY,Annual,CF_LEASE_PRINCIPAL_INTEREST,租赁本金及利息现金支出,CashFlow,Group,25006,RMB mn,RMB,1,Actual,Actual,SRC_A012,High,,,,,
CM_PHASE1_20260803,中国移动,中国移动有限公司（A股600941；H股941/80941）,China Mobile Limited及其附属公司合并口径,2024FY,Annual,CF_LEASE_PRINCIPAL_INTEREST,租赁本金及利息现金支出,CashFlow,Group,29037,RMB mn,RMB,1,Actual,Actual,SRC_A013,High,,,,,
CM_PHASE1_20260803,中国移动,中国移动有限公司（A股600941；H股941/80941）,China Mobile Limited及其附属公司合并口径,2025FY,Annual,CF_LEASE_PRINCIPAL_INTEREST,租赁本金及利息现金支出,CashFlow,Group,33798,RMB mn,RMB,1,Actual,Actual,SRC_A002,High,,,,,
CM_PHASE1_20260803,中国移动,中国移动有限公司（A股600941；H股941/80941）,China Mobile Limited及其附属公司合并口径,2020FY,Annual,DIV_CASH_PAID,支付本公司股东股息,CapitalAllocation,Group,59726,RMB mn,RMB,1,Actual,Actual,SRC_A010,High,,,,,
CM_PHASE1_20260803,中国移动,中国移动有限公司（A股600941；H股941/80941）,China Mobile Limited及其附属公司合并口径,2021FY,Annual,DIV_CASH_PAID,支付本公司股东股息,CapitalAllocation,Group,57585,RMB mn,RMB,1,Actual,Actual,SRC_A010,High,,,,,
CM_PHASE1_20260803,中国移动,中国移动有限公司（A股600941；H股941/80941）,China Mobile Limited及其附属公司合并口径,2022FY,Annual,DIV_CASH_PAID,支付本公司股东股息,CapitalAllocation,Group,86837,RMB mn,RMB,1,Actual,Actual,SRC_A011,High,,,,,
CM_PHASE1_20260803,中国移动,中国移动有限公司（A股600941；H股941/80941）,China Mobile Limited及其附属公司合并口径,2023FY,Annual,DIV_CASH_PAID,支付本公司股东股息,CapitalAllocation,Group,91088,RMB mn,RMB,1,Actual,Actual,SRC_A012,High,,,,,
CM_PHASE1_20260803,中国移动,中国移动有限公司（A股600941；H股941/80941）,China Mobile Limited及其附属公司合并口径,2024FY,Annual,DIV_CASH_PAID,支付本公司股东股息,CapitalAllocation,Group,97458,RMB mn,RMB,1,Actual,Actual,SRC_A013,High,,,,,
CM_PHASE1_20260803,中国移动,中国移动有限公司（A股600941；H股941/80941）,China Mobile Limited及其附属公司合并口径,2025FY,Annual,DIV_CASH_PAID,支付本公司股东股息,CapitalAllocation,Group,103410,RMB mn,RMB,1,Actual,Actual,SRC_A002,High,,,,,
CM_PHASE1_20260803,中国移动,中国移动有限公司（A股600941；H股941/80941）,China Mobile Limited及其附属公司合并口径,2020FY,Annual,OP_MOBILE_CUSTOMERS,移动客户数,Operations,ToC Mobile,942,mn customers,,1,Actual,Actual,SRC_A010,High,,,,,
CM_PHASE1_20260803,中国移动,中国移动有限公司（A股600941；H股941/80941）,China Mobile Limited及其附属公司合并口径,2021FY,Annual,OP_MOBILE_CUSTOMERS,移动客户数,Operations,ToC Mobile,957,mn customers,,1,Actual,Actual,SRC_A010,High,,,,,
CM_PHASE1_20260803,中国移动,中国移动有限公司（A股600941；H股941/80941）,China Mobile Limited及其附属公司合并口径,2022FY,Annual,OP_MOBILE_CUSTOMERS,移动客户数,Operations,ToC Mobile,975,mn customers,,1,Actual,Actual,SRC_A011,High,,,,,
CM_PHASE1_20260803,中国移动,中国移动有限公司（A股600941；H股941/80941）,China Mobile Limited及其附属公司合并口径,2023FY,Annual,OP_MOBILE_CUSTOMERS,移动客户数,Operations,ToC Mobile,991,mn customers,,1,Actual,Actual,SRC_A012,High,,,,,
CM_PHASE1_20260803,中国移动,中国移动有限公司（A股600941；H股941/80941）,China Mobile Limited及其附属公司合并口径,2024FY,Annual,OP_MOBILE_CUSTOMERS,移动客户数,Operations,ToC Mobile,1004,mn customers,,1,Actual,Actual,SRC_A013,High,,,,,
CM_PHASE1_20260803,中国移动,中国移动有限公司（A股600941；H股941/80941）,China Mobile Limited及其附属公司合并口径,2025FY,Annual,OP_MOBILE_CUSTOMERS,移动客户数,Operations,ToC Mobile,1005,mn customers,,1,Actual,Actual,SRC_A002,High,,,,,
CM_PHASE1_20260803,中国移动,中国移动有限公司（A股600941；H股941/80941）,China Mobile Limited及其附属公司合并口径,2020FY,Annual,OP_MOBILE_NET_ADDS,移动客户净增,Operations,ToC Mobile,-8.36,mn customers,,1,Actual,Actual,SRC_A010,High,,,,,
CM_PHASE1_20260803,中国移动,中国移动有限公司（A股600941；H股941/80941）,China Mobile Limited及其附属公司合并口径,2021FY,Annual,OP_MOBILE_NET_ADDS,移动客户净增,Operations,ToC Mobile,14.97,mn customers,,1,Actual,Actual,SRC_A010,High,,,,,
CM_PHASE1_20260803,中国移动,中国移动有限公司（A股600941；H股941/80941）,China Mobile Limited及其附属公司合并口径,2022FY,Annual,OP_MOBILE_NET_ADDS,移动客户净增,Operations,ToC Mobile,18.11,mn customers,,1,Actual,Actual,SRC_A011,High,,,,,
CM_PHASE1_20260803,中国移动,中国移动有限公司（A股600941；H股941/80941）,China Mobile Limited及其附属公司合并口径,2023FY,Annual,OP_MOBILE_NET_ADDS,移动客户净增,Operations,ToC Mobile,15.99,mn customers,,1,Actual,Actual,SRC_A012,High,,,,,
CM_PHASE1_20260803,中国移动,中国移动有限公司（A股600941；H股941/80941）,China Mobile Limited及其附属公司合并口径,2024FY,Annual,OP_MOBILE_NET_ADDS,移动客户净增,Operations,ToC Mobile,13.32,mn customers,,1,Actual,Actual,SRC_A013,High,,,,,
CM_PHASE1_20260803,中国移动,中国移动有限公司（A股600941；H股941/80941）,China Mobile Limited及其附属公司合并口径,2025FY,Annual,OP_MOBILE_NET_ADDS,移动客户净增,Operations,ToC Mobile,1.0,mn customers,,1,Derived,Actual,SRC_A002,Medium,2025年末客户数减2024年末客户数，因披露值取整,,,,
CM_PHASE1_20260803,中国移动,中国移动有限公司（A股600941；H股941/80941）,China Mobile Limited及其附属公司合并口径,2020FY,Annual,OP_5G_PACKAGE_CUSTOMERS,5G套餐客户数,Operations,ToC Mobile,165,mn customers,,1,Actual,Actual,SRC_A010,High,,,,,
CM_PHASE1_20260803,中国移动,中国移动有限公司（A股600941；H股941/80941）,China Mobile Limited及其附属公司合并口径,2021FY,Annual,OP_5G_PACKAGE_CUSTOMERS,5G套餐客户数,Operations,ToC Mobile,387,mn customers,,1,Actual,Actual,SRC_A010,High,,,,,
CM_PHASE1_20260803,中国移动,中国移动有限公司（A股600941；H股941/80941）,China Mobile Limited及其附属公司合并口径,2022FY,Annual,OP_5G_PACKAGE_CUSTOMERS,5G套餐客户数,Operations,ToC Mobile,614,mn customers,,1,Actual,Actual,SRC_A011,High,,,,,
CM_PHASE1_20260803,中国移动,中国移动有限公司（A股600941；H股941/80941）,China Mobile Limited及其附属公司合并口径,2023FY,Annual,OP_5G_PACKAGE_CUSTOMERS,5G套餐客户数,Operations,ToC Mobile,795,mn customers,,1,Actual,Actual,SRC_A012,High,,,,,
CM_PHASE1_20260803,中国移动,中国移动有限公司（A股600941；H股941/80941）,China Mobile Limited及其附属公司合并口径,2023FY,Annual,OP_5G_NETWORK_CUSTOMERS,5G网络客户数,Operations,ToC Mobile,465,mn customers,,1,Actual,Actual,SRC_A012,High,,,,,
CM_PHASE1_20260803,中国移动,中国移动有限公司（A股600941；H股941/80941）,China Mobile Limited及其附属公司合并口径,2024FY,Annual,OP_5G_NETWORK_CUSTOMERS,5G网络客户数,Operations,ToC Mobile,552,mn customers,,1,Actual,Actual,SRC_A013,High,,,,,
CM_PHASE1_20260803,中国移动,中国移动有限公司（A股600941；H股941/80941）,China Mobile Limited及其附属公司合并口径,2025FY,Annual,OP_5G_NETWORK_CUSTOMERS,5G网络客户数,Operations,ToC Mobile,642,mn customers,,1,Actual,Actual,SRC_A002,High,,,,,
CM_PHASE1_20260803,中国移动,中国移动有限公司（A股600941；H股941/80941）,China Mobile Limited及其附属公司合并口径,2020FY,Annual,OP_MOBILE_ARPU,移动ARPU,Operations,ToC Mobile,47.4,RMB/month,RMB,1,Actual,Actual,SRC_A010,High,,,,,
CM_PHASE1_20260803,中国移动,中国移动有限公司（A股600941；H股941/80941）,China Mobile Limited及其附属公司合并口径,2021FY,Annual,OP_MOBILE_ARPU,移动ARPU,Operations,ToC Mobile,48.8,RMB/month,RMB,1,Actual,Actual,SRC_A010,High,,,,,
CM_PHASE1_20260803,中国移动,中国移动有限公司（A股600941；H股941/80941）,China Mobile Limited及其附属公司合并口径,2022FY,Annual,OP_MOBILE_ARPU,移动ARPU,Operations,ToC Mobile,49.0,RMB/month,RMB,1,Actual,Actual,SRC_A011,High,,,,,
CM_PHASE1_20260803,中国移动,中国移动有限公司（A股600941；H股941/80941）,China Mobile Limited及其附属公司合并口径,2023FY,Annual,OP_MOBILE_ARPU,移动ARPU,Operations,ToC Mobile,49.3,RMB/month,RMB,1,Actual,Actual,SRC_A012,High,,,,,
CM_PHASE1_20260803,中国移动,中国移动有限公司（A股600941；H股941/80941）,China Mobile Limited及其附属公司合并口径,2024FY,Annual,OP_MOBILE_ARPU,移动ARPU,Operations,ToC Mobile,48.5,RMB/month,RMB,1,Actual,Actual,SRC_A013,High,,,,,
CM_PHASE1_20260803,中国移动,中国移动有限公司（A股600941；H股941/80941）,China Mobile Limited及其附属公司合并口径,2025FY,Annual,OP_MOBILE_ARPU,移动ARPU,Operations,ToC Mobile,46.8,RMB/month,RMB,1,Actual,Actual,SRC_A002,High,,,,,
CM_PHASE1_20260803,中国移动,中国移动有限公司（A股600941；H股941/80941）,China Mobile Limited及其附属公司合并口径,2020FY,Annual,OP_MOBILE_MOU,移动客户月均通话时长,Operations,ToC Mobile,267,minutes/month,,1,Actual,Actual,SRC_A010,High,,,,,
CM_PHASE1_20260803,中国移动,中国移动有限公司（A股600941；H股941/80941）,China Mobile Limited及其附属公司合并口径,2021FY,Annual,OP_MOBILE_MOU,移动客户月均通话时长,Operations,ToC Mobile,264,minutes/month,,1,Actual,Actual,SRC_A010,High,,,,,
CM_PHASE1_20260803,中国移动,中国移动有限公司（A股600941；H股941/80941）,China Mobile Limited及其附属公司合并口径,2022FY,Annual,OP_MOBILE_MOU,移动客户月均通话时长,Operations,ToC Mobile,256,minutes/month,,1,Actual,Actual,SRC_A011,High,,,,,
CM_PHASE1_20260803,中国移动,中国移动有限公司（A股600941；H股941/80941）,China Mobile Limited及其附属公司合并口径,2023FY,Annual,OP_MOBILE_MOU,移动客户月均通话时长,Operations,ToC Mobile,242,minutes/month,,1,Actual,Actual,SRC_A012,High,,,,,
CM_PHASE1_20260803,中国移动,中国移动有限公司（A股600941；H股941/80941）,China Mobile Limited及其附属公司合并口径,2024FY,Annual,OP_MOBILE_MOU,移动客户月均通话时长,Operations,ToC Mobile,222,minutes/month,,1,Actual,Actual,SRC_A013,High,,,,,
CM_PHASE1_20260803,中国移动,中国移动有限公司（A股600941；H股941/80941）,China Mobile Limited及其附属公司合并口径,2025FY,Annual,OP_MOBILE_MOU,移动客户月均通话时长,Operations,ToC Mobile,204,minutes/month,,1,Actual,Actual,SRC_A002,High,,,,,
CM_PHASE1_20260803,中国移动,中国移动有限公司（A股600941；H股941/80941）,China Mobile Limited及其附属公司合并口径,2020FY,Annual,OP_MOBILE_DOU,移动客户月均流量DOU,Operations,ToC Mobile,9.4,GB/month,,1,Actual,Actual,SRC_A010,High,,,,,
CM_PHASE1_20260803,中国移动,中国移动有限公司（A股600941；H股941/80941）,China Mobile Limited及其附属公司合并口径,2021FY,Annual,OP_MOBILE_DOU,移动客户月均流量DOU,Operations,ToC Mobile,12.6,GB/month,,1,Actual,Actual,SRC_A010,High,,,,,
CM_PHASE1_20260803,中国移动,中国移动有限公司（A股600941；H股941/80941）,China Mobile Limited及其附属公司合并口径,2022FY,Annual,OP_MOBILE_DOU,移动客户月均流量DOU,Operations,ToC Mobile,14.1,GB/month,,1,Actual,Actual,SRC_A011,High,,,,,
CM_PHASE1_20260803,中国移动,中国移动有限公司（A股600941；H股941/80941）,China Mobile Limited及其附属公司合并口径,2023FY,Annual,OP_MOBILE_DOU,移动客户月均流量DOU,Operations,ToC Mobile,15.9,GB/month,,1,Actual,Actual,SRC_A012,High,,,,,
CM_PHASE1_20260803,中国移动,中国移动有限公司（A股600941；H股941/80941）,China Mobile Limited及其附属公司合并口径,2024FY,Annual,OP_MOBILE_DOU,移动客户月均流量DOU,Operations,ToC Mobile,15.9,GB/month,,1,Actual,Actual,SRC_A013,High,,,,,
CM_PHASE1_20260803,中国移动,中国移动有限公司（A股600941；H股941/80941）,China Mobile Limited及其附属公司合并口径,2025FY,Annual,OP_MOBILE_DOU,移动客户月均流量DOU,Operations,ToC Mobile,17.3,GB/month,,1,Actual,Actual,SRC_A002,High,,,,,
CM_PHASE1_20260803,中国移动,中国移动有限公司（A股600941；H股941/80941）,China Mobile Limited及其附属公司合并口径,2020FY,Annual,OP_BB_WIRELINE_CUSTOMERS,有线宽带客户数,Operations,Home/Enterprise Connect,210,mn customers,,1,Actual,Actual,SRC_A010,High,,,,,
CM_PHASE1_20260803,中国移动,中国移动有限公司（A股600941；H股941/80941）,China Mobile Limited及其附属公司合并口径,2021FY,Annual,OP_BB_WIRELINE_CUSTOMERS,有线宽带客户数,Operations,Home/Enterprise Connect,240,mn customers,,1,Actual,Actual,SRC_A010,High,,,,,
CM_PHASE1_20260803,中国移动,中国移动有限公司（A股600941；H股941/80941）,China Mobile Limited及其附属公司合并口径,2022FY,Annual,OP_BB_WIRELINE_CUSTOMERS,有线宽带客户数,Operations,Home/Enterprise Connect,272,mn customers,,1,Actual,Actual,SRC_A011,High,,,,,
CM_PHASE1_20260803,中国移动,中国移动有限公司（A股600941；H股941/80941）,China Mobile Limited及其附属公司合并口径,2023FY,Annual,OP_BB_WIRELINE_CUSTOMERS,有线宽带客户数,Operations,Home/Enterprise Connect,298,mn customers,,1,Actual,Actual,SRC_A012,High,,,,,
CM_PHASE1_20260803,中国移动,中国移动有限公司（A股600941；H股941/80941）,China Mobile Limited及其附属公司合并口径,2024FY,Annual,OP_BB_WIRELINE_CUSTOMERS,有线宽带客户数,Operations,Home/Enterprise Connect,315,mn customers,,1,Actual,Actual,SRC_A013,High,,,,,
CM_PHASE1_20260803,中国移动,中国移动有限公司（A股600941；H股941/80941）,China Mobile Limited及其附属公司合并口径,2020FY,Annual,OP_HOME_BB_CUSTOMERS,家庭宽带客户数,Operations,Home,192,mn customers,,1,Actual,Actual,SRC_A010,High,,,,,
CM_PHASE1_20260803,中国移动,中国移动有限公司（A股600941；H股941/80941）,China Mobile Limited及其附属公司合并口径,2021FY,Annual,OP_HOME_BB_CUSTOMERS,家庭宽带客户数,Operations,Home,218,mn customers,,1,Actual,Actual,SRC_A010,High,,,,,
CM_PHASE1_20260803,中国移动,中国移动有限公司（A股600941；H股941/80941）,China Mobile Limited及其附属公司合并口径,2022FY,Annual,OP_HOME_BB_CUSTOMERS,家庭宽带客户数,Operations,Home,244,mn customers,,1,Actual,Actual,SRC_A011,High,,,,,
CM_PHASE1_20260803,中国移动,中国移动有限公司（A股600941；H股941/80941）,China Mobile Limited及其附属公司合并口径,2023FY,Annual,OP_HOME_BB_CUSTOMERS,家庭宽带客户数,Operations,Home,264,mn customers,,1,Actual,Actual,SRC_A012,High,,,,,
CM_PHASE1_20260803,中国移动,中国移动有限公司（A股600941；H股941/80941）,China Mobile Limited及其附属公司合并口径,2024FY,Annual,OP_HOME_BB_CUSTOMERS,家庭宽带客户数,Operations,Home,278,mn customers,,1,Actual,Actual,SRC_A013,High,,,,,
CM_PHASE1_20260803,中国移动,中国移动有限公司（A股600941；H股941/80941）,China Mobile Limited及其附属公司合并口径,2024FY,Annual,OP_BB_INTEGRATED_CUSTOMERS,宽带联网客户数,Operations,Home/Enterprise Connect,319.01,mn customers,,1,Derived,Actual,SRC_A013,Medium,2025年末329百万减2025年净增9.99百万,,,,
CM_PHASE1_20260803,中国移动,中国移动有限公司（A股600941；H股941/80941）,China Mobile Limited及其附属公司合并口径,2025FY,Annual,OP_BB_INTEGRATED_CUSTOMERS,宽带联网客户数,Operations,Home/Enterprise Connect,329,mn customers,,1,Actual,Actual,SRC_A002,High,,,,,
CM_PHASE1_20260803,中国移动,中国移动有限公司（A股600941；H股941/80941）,China Mobile Limited及其附属公司合并口径,2024FY,Annual,OP_GIGABIT_CUSTOMERS,千兆宽带客户数,Operations,Home,99,mn customers,,1,Actual,Actual,SRC_A013,High,,,,,
CM_PHASE1_20260803,中国移动,中国移动有限公司（A股600941；H股941/80941）,China Mobile Limited及其附属公司合并口径,2025FY,Annual,OP_GIGABIT_CUSTOMERS,千兆宽带客户数,Operations,Home,109,mn customers,,1,Actual,Actual,SRC_A002,High,,,,,
CM_PHASE1_20260803,中国移动,中国移动有限公司（A股600941；H股941/80941）,China Mobile Limited及其附属公司合并口径,2020FY,Annual,OP_WIRELINE_ARPU,有线宽带ARPU,Operations,Home/Enterprise Connect,34.0,RMB/month,RMB,1,Actual,Actual,SRC_A010,High,,,,,
CM_PHASE1_20260803,中国移动,中国移动有限公司（A股600941；H股941/80941）,China Mobile Limited及其附属公司合并口径,2021FY,Annual,OP_WIRELINE_ARPU,有线宽带ARPU,Operations,Home/Enterprise Connect,34.7,RMB/month,RMB,1,Actual,Actual,SRC_A010,High,,,,,
CM_PHASE1_20260803,中国移动,中国移动有限公司（A股600941；H股941/80941）,China Mobile Limited及其附属公司合并口径,2022FY,Annual,OP_WIRELINE_ARPU,有线宽带ARPU,Operations,Home/Enterprise Connect,34.1,RMB/month,RMB,1,Actual,Actual,SRC_A011,High,,,,,
CM_PHASE1_20260803,中国移动,中国移动有限公司（A股600941；H股941/80941）,China Mobile Limited及其附属公司合并口径,2023FY,Annual,OP_WIRELINE_ARPU,有线宽带ARPU,Operations,Home/Enterprise Connect,34.5,RMB/month,RMB,1,Actual,Actual,SRC_A012,High,,,,,
CM_PHASE1_20260803,中国移动,中国移动有限公司（A股600941；H股941/80941）,China Mobile Limited及其附属公司合并口径,2020FY,Annual,OP_HOME_ARPU,家庭客户综合ARPU,Operations,Home,37.7,RMB/month,RMB,1,Actual,Actual,SRC_A010,High,,,,,
CM_PHASE1_20260803,中国移动,中国移动有限公司（A股600941；H股941/80941）,China Mobile Limited及其附属公司合并口径,2021FY,Annual,OP_HOME_ARPU,家庭客户综合ARPU,Operations,Home,39.8,RMB/month,RMB,1,Actual,Actual,SRC_A010,High,,,,,
CM_PHASE1_20260803,中国移动,中国移动有限公司（A股600941；H股941/80941）,China Mobile Limited及其附属公司合并口径,2022FY,Annual,OP_HOME_ARPU,家庭客户综合ARPU,Operations,Home,42.1,RMB/month,RMB,1,Actual,Actual,SRC_A011,High,,,,,
CM_PHASE1_20260803,中国移动,中国移动有限公司（A股600941；H股941/80941）,China Mobile Limited及其附属公司合并口径,2023FY,Annual,OP_HOME_ARPU,家庭客户综合ARPU,Operations,Home,43.1,RMB/month,RMB,1,Actual,Actual,SRC_A012,High,,,,,
CM_PHASE1_20260803,中国移动,中国移动有限公司（A股600941；H股941/80941）,China Mobile Limited及其附属公司合并口径,2024FY,Annual,OP_HOME_ARPU,家庭客户综合ARPU,Operations,Home,43.8,RMB/month,RMB,1,Actual,Actual,SRC_A013,High,,,,,
CM_PHASE1_20260803,中国移动,中国移动有限公司（A股600941；H股941/80941）,China Mobile Limited及其附属公司合并口径,2025FY,Annual,OP_HOME_ARPU,家庭客户综合ARPU,Operations,Home,44.5,RMB/month,RMB,1,Actual,Actual,SRC_A002,High,,,,,
CM_PHASE1_20260803,中国移动,中国移动有限公司（A股600941；H股941/80941）,China Mobile Limited及其附属公司合并口径,2020FY,Annual,OP_CORPORATE_CUSTOMERS,政企客户数,Operations,Enterprise,13.84,mn customers,,1,Actual,Actual,SRC_A010,High,,,,,
CM_PHASE1_20260803,中国移动,中国移动有限公司（A股600941；H股941/80941）,China Mobile Limited及其附属公司合并口径,2021FY,Annual,OP_CORPORATE_CUSTOMERS,政企客户数,Operations,Enterprise,18.83,mn customers,,1,Actual,Actual,SRC_A010,High,,,,,
CM_PHASE1_20260803,中国移动,中国移动有限公司（A股600941；H股941/80941）,China Mobile Limited及其附属公司合并口径,2022FY,Annual,OP_CORPORATE_CUSTOMERS,政企客户数,Operations,Enterprise,23.2,mn customers,,1,Actual,Actual,SRC_A011,High,,,,,
CM_PHASE1_20260803,中国移动,中国移动有限公司（A股600941；H股941/80941）,China Mobile Limited及其附属公司合并口径,2023FY,Annual,OP_CORPORATE_CUSTOMERS,政企客户数,Operations,Enterprise,28.37,mn customers,,1,Actual,Actual,SRC_A012,High,,,,,
CM_PHASE1_20260803,中国移动,中国移动有限公司（A股600941；H股941/80941）,China Mobile Limited及其附属公司合并口径,2024FY,Annual,OP_CORPORATE_CUSTOMERS,政企客户数,Operations,Enterprise,32.59,mn customers,,1,Actual,Actual,SRC_A013,High,,,,,
CM_PHASE1_20260803,中国移动,中国移动有限公司（A股600941；H股941/80941）,China Mobile Limited及其附属公司合并口径,2025FY,Annual,OP_CORPORATE_CUSTOMERS,政企客户数,Operations,Enterprise,36.17,mn customers,,1,Actual,Actual,SRC_A002,High,,,,,
CM_PHASE1_20260803,中国移动,中国移动有限公司（A股600941；H股941/80941）,China Mobile Limited及其附属公司合并口径,2020FY,Annual,OP_IOT_SMART_CONNECTIONS,物联网智能连接数（旧口径）,Operations,IoT,873,mn connections,,1,Actual,Actual,SRC_A010,High,,,,,
CM_PHASE1_20260803,中国移动,中国移动有限公司（A股600941；H股941/80941）,China Mobile Limited及其附属公司合并口径,2021FY,Annual,OP_IOT_SMART_CONNECTIONS,物联网智能连接数（旧口径）,Operations,IoT,1049,mn connections,,1,Actual,Actual,SRC_A010,High,,,,,
CM_PHASE1_20260803,中国移动,中国移动有限公司（A股600941；H股941/80941）,China Mobile Limited及其附属公司合并口径,2021FY,Annual,OP_IOT_CARD_CONNECTIONS,物联网卡连接数,Operations,IoT,806,mn connections,,1,Actual,Actual,SRC_A010,High,,,,,
CM_PHASE1_20260803,中国移动,中国移动有限公司（A股600941；H股941/80941）,China Mobile Limited及其附属公司合并口径,2022FY,Annual,OP_IOT_CARD_CONNECTIONS,物联网卡连接数,Operations,IoT,1062,mn connections,,1,Actual,Actual,SRC_A011,High,,,,,
CM_PHASE1_20260803,中国移动,中国移动有限公司（A股600941；H股941/80941）,China Mobile Limited及其附属公司合并口径,2023FY,Annual,OP_IOT_CARD_CONNECTIONS,物联网卡连接数,Operations,IoT,1316,mn connections,,1,Actual,Actual,SRC_A012,High,,,,,
CM_PHASE1_20260803,中国移动,中国移动有限公司（A股600941；H股941/80941）,China Mobile Limited及其附属公司合并口径,2024FY,Annual,OP_IOT_CARD_CONNECTIONS,物联网卡连接数,Operations,IoT,1416,mn connections,,1,Actual,Actual,SRC_A013,High,,,,,
CM_PHASE1_20260803,中国移动,中国移动有限公司（A股600941；H股941/80941）,China Mobile Limited及其附属公司合并口径,2025FY,Annual,OP_IOT_CARD_CONNECTIONS,物联网卡连接数,Operations,IoT,1482,mn connections,,1,Actual,Actual,SRC_A002,High,,,,,
CM_PHASE1_20260803,中国移动,中国移动有限公司（A股600941；H股941/80941）,China Mobile Limited及其附属公司合并口径,2024FY,Annual,AIDC_RACKS_10K,对外可用IDC机架,CloudAI,AI/AIDC,134.4,10k racks,,1,Actual,Actual,SRC_A013,High,,,,,
CM_PHASE1_20260803,中国移动,中国移动有限公司（A股600941；H股941/80941）,China Mobile Limited及其附属公司合并口径,2025FY,Annual,AIDC_RACKS_10K,对外可用IDC机架,CloudAI,AI/AIDC,150.4,10k racks,,1,Actual,Actual,SRC_A002,High,,,,,
CM_PHASE1_20260803,中国移动,中国移动有限公司（A股600941；H股941/80941）,China Mobile Limited及其附属公司合并口径,2025FY,Annual,AIDC_COMPUTE_SCALE_FP16,智算规模（FP16）,CloudAI,AI/AIDC,92.5,EFLOPS,,1,Actual,Actual,SRC_A002,High,,,,,
CM_PHASE1_20260803,中国移动,中国移动有限公司（A股600941；H股941/80941）,China Mobile Limited及其附属公司合并口径,2020FY,Annual,OP_EMPLOYEES,员工人数,Operations,Group,454332,persons,,1,Actual,Actual,SRC_C_EMP20,Medium,,,,,
CM_PHASE1_20260803,中国移动,中国移动有限公司（A股600941；H股941/80941）,China Mobile Limited及其附属公司合并口径,2021FY,Annual,OP_EMPLOYEES,员工人数,Operations,Group,449934,persons,,1,Actual,Actual,SRC_A010,High,,,,,
CM_PHASE1_20260803,中国移动,中国移动有限公司（A股600941；H股941/80941）,China Mobile Limited及其附属公司合并口径,2022FY,Annual,OP_EMPLOYEES,员工人数,Operations,Group,450698,persons,,1,Actual,Actual,SRC_A011,High,,,,,
CM_PHASE1_20260803,中国移动,中国移动有限公司（A股600941；H股941/80941）,China Mobile Limited及其附属公司合并口径,2023FY,Annual,OP_EMPLOYEES,员工人数,Operations,Group,451830,persons,,1,Actual,Actual,SRC_A012,High,,,,,
CM_PHASE1_20260803,中国移动,中国移动有限公司（A股600941；H股941/80941）,China Mobile Limited及其附属公司合并口径,2024FY,Annual,OP_EMPLOYEES,员工人数,Operations,Group,455405,persons,,1,Actual,Actual,SRC_A013,High,,,,,
CM_PHASE1_20260803,中国移动,中国移动有限公司（A股600941；H股941/80941）,China Mobile Limited及其附属公司合并口径,2025FY,Annual,OP_EMPLOYEES,员工人数,Operations,Group,461345,persons,,1,Actual,Actual,SRC_A002,High,,,,,
CM_PHASE1_20260803,中国移动,中国移动有限公司（A股600941；H股941/80941）,China Mobile Limited及其附属公司合并口径,2025FY,Annual,OP_APP_MAU,中国移动APP月活,Operations,ToC Mobile,346,mn users,,1,Actual,Actual,SRC_A002,High,,,,,
CM_PHASE1_20260803,中国移动,中国移动有限公司（A股600941；H股941/80941）,China Mobile Limited及其附属公司合并口径,2025FY,Annual,OP_5G_DWELL_RATIO,5G网络驻留比,Operations,ToC Mobile,0.976,%,,1,Actual,Actual,SRC_A002,High,,,,,
CM_PHASE1_20260803,中国移动,中国移动有限公司（A股600941；H股941/80941）,China Mobile Limited及其附属公司合并口径,2020FY,Annual,REV_REPORTED_C,CHBN-C市场收入,ReportedRevenue,CHBN disclosure,476725.8382642998,RMB mn,RMB,1,Derived,Actual,SRC_A010,Medium,由2021年公司披露实际值及同比增速反推,,,,仅用于历史趋势；非公司直接披露绝对值。
CM_PHASE1_20260803,中国移动,中国移动有限公司（A股600941；H股941/80941）,China Mobile Limited及其附属公司合并口径,2021FY,Annual,REV_REPORTED_C,CHBN-C市场收入,ReportedRevenue,CHBN disclosure,483400,RMB mn,RMB,1,Actual,Actual,SRC_A010,High,,,,,
CM_PHASE1_20260803,中国移动,中国移动有限公司（A股600941；H股941/80941）,China Mobile Limited及其附属公司合并口径,2022FY,Annual,REV_REPORTED_C,CHBN-C市场收入,ReportedRevenue,CHBN disclosure,488800,RMB mn,RMB,1,Actual,Actual,SRC_A011,High,,,,,
CM_PHASE1_20260803,中国移动,中国移动有限公司（A股600941；H股941/80941）,China Mobile Limited及其附属公司合并口径,2023FY,Annual,REV_REPORTED_C,CHBN-C市场收入,ReportedRevenue,CHBN disclosure,490200,RMB mn,RMB,1,Actual,Actual,SRC_A012,High,,,,,
CM_PHASE1_20260803,中国移动,中国移动有限公司（A股600941；H股941/80941）,China Mobile Limited及其附属公司合并口径,2024FY,Annual,REV_REPORTED_C,CHBN-C市场收入,ReportedRevenue,CHBN disclosure,483700,RMB mn,RMB,1,Actual,Actual,SRC_A013,High,,,,,
CM_PHASE1_20260803,中国移动,中国移动有限公司（A股600941；H股941/80941）,China Mobile Limited及其附属公司合并口径,2020FY,Annual,REV_REPORTED_H,CHBN-H市场收入,ReportedRevenue,CHBN disclosure,83195.36423841059,RMB mn,RMB,1,Derived,Actual,SRC_A010,Medium,由2021年公司披露实际值及同比增速反推,,,,仅用于历史趋势；非公司直接披露绝对值。
CM_PHASE1_20260803,中国移动,中国移动有限公司（A股600941；H股941/80941）,China Mobile Limited及其附属公司合并口径,2021FY,Annual,REV_REPORTED_H,CHBN-H市场收入,ReportedRevenue,CHBN disclosure,100500,RMB mn,RMB,1,Actual,Actual,SRC_A010,High,,,,,
CM_PHASE1_20260803,中国移动,中国移动有限公司（A股600941；H股941/80941）,China Mobile Limited及其附属公司合并口径,2022FY,Annual,REV_REPORTED_H,CHBN-H市场收入,ReportedRevenue,CHBN disclosure,116600,RMB mn,RMB,1,Actual,Actual,SRC_A011,High,,,,,
CM_PHASE1_20260803,中国移动,中国移动有限公司（A股600941；H股941/80941）,China Mobile Limited及其附属公司合并口径,2023FY,Annual,REV_REPORTED_H,CHBN-H市场收入,ReportedRevenue,CHBN disclosure,131900,RMB mn,RMB,1,Actual,Actual,SRC_A012,High,,,,,
CM_PHASE1_20260803,中国移动,中国移动有限公司（A股600941；H股941/80941）,China Mobile Limited及其附属公司合并口径,2024FY,Annual,REV_REPORTED_H,CHBN-H市场收入,ReportedRevenue,CHBN disclosure,143100,RMB mn,RMB,1,Actual,Actual,SRC_A013,High,,,,,
CM_PHASE1_20260803,中国移动,中国移动有限公司（A股600941；H股941/80941）,China Mobile Limited及其附属公司合并口径,2020FY,Annual,REV_REPORTED_B,CHBN-B市场收入,ReportedRevenue,CHBN disclosure,112932.4546952224,RMB mn,RMB,1,Derived,Actual,SRC_A010,Medium,由2021年公司披露实际值及同比增速反推,,,,仅用于历史趋势；非公司直接披露绝对值。
CM_PHASE1_20260803,中国移动,中国移动有限公司（A股600941；H股941/80941）,China Mobile Limited及其附属公司合并口径,2021FY,Annual,REV_REPORTED_B,CHBN-B市场收入,ReportedRevenue,CHBN disclosure,137100,RMB mn,RMB,1,Actual,Actual,SRC_A010,High,,,,,
CM_PHASE1_20260803,中国移动,中国移动有限公司（A股600941；H股941/80941）,China Mobile Limited及其附属公司合并口径,2022FY,Annual,REV_REPORTED_B,CHBN-B市场收入,ReportedRevenue,CHBN disclosure,168200,RMB mn,RMB,1,Actual,Actual,SRC_A011,High,,,,,
CM_PHASE1_20260803,中国移动,中国移动有限公司（A股600941；H股941/80941）,China Mobile Limited及其附属公司合并口径,2023FY,Annual,REV_REPORTED_B,CHBN-B市场收入,ReportedRevenue,CHBN disclosure,192100,RMB mn,RMB,1,Actual,Actual,SRC_A012,High,,,,,
CM_PHASE1_20260803,中国移动,中国移动有限公司（A股600941；H股941/80941）,China Mobile Limited及其附属公司合并口径,2024FY,Annual,REV_REPORTED_B,CHBN-B市场收入,ReportedRevenue,CHBN disclosure,209100,RMB mn,RMB,1,Actual,Actual,SRC_A013,High,,,,,
CM_PHASE1_20260803,中国移动,中国移动有限公司（A股600941；H股941/80941）,China Mobile Limited及其附属公司合并口径,2020FY,Annual,REV_REPORTED_N,CHBN-N市场收入,ReportedRevenue,CHBN disclosure,22578.241430700447,RMB mn,RMB,1,Derived,Actual,SRC_A010,Medium,由2021年公司披露实际值及同比增速反推,,,,仅用于历史趋势；非公司直接披露绝对值。
CM_PHASE1_20260803,中国移动,中国移动有限公司（A股600941；H股941/80941）,China Mobile Limited及其附属公司合并口径,2021FY,Annual,REV_REPORTED_N,CHBN-N市场收入,ReportedRevenue,CHBN disclosure,30300,RMB mn,RMB,1,Actual,Actual,SRC_A010,High,,,,,
CM_PHASE1_20260803,中国移动,中国移动有限公司（A股600941；H股941/80941）,China Mobile Limited及其附属公司合并口径,2022FY,Annual,REV_REPORTED_N,CHBN-N市场收入,ReportedRevenue,CHBN disclosure,38500,RMB mn,RMB,1,Actual,Actual,SRC_A011,High,,,,,
CM_PHASE1_20260803,中国移动,中国移动有限公司（A股600941；H股941/80941）,China Mobile Limited及其附属公司合并口径,2023FY,Annual,REV_REPORTED_N,CHBN-N市场收入,ReportedRevenue,CHBN disclosure,49300,RMB mn,RMB,1,Actual,Actual,SRC_A012,High,,,,,
CM_PHASE1_20260803,中国移动,中国移动有限公司（A股600941；H股941/80941）,China Mobile Limited及其附属公司合并口径,2024FY,Annual,REV_REPORTED_N,CHBN-N市场收入,ReportedRevenue,CHBN disclosure,53600,RMB mn,RMB,1,Actual,Actual,SRC_A013,High,,,,,
CM_PHASE1_20260803,中国移动,中国移动有限公司（A股600941；H股941/80941）,China Mobile Limited及其附属公司合并口径,2020FY,Annual,REV_DIGITAL_TRANSFORMATION,数字化转型收入（旧口径）,ReportedRevenue,Digital transformation,126207.4425969913,RMB mn,RMB,1,Derived,Actual,SRC_A010,Medium,由2021年公司披露实际值及同比增速反推,,,,仅用于历史趋势；非公司直接披露绝对值。
CM_PHASE1_20260803,中国移动,中国移动有限公司（A股600941；H股941/80941）,China Mobile Limited及其附属公司合并口径,2021FY,Annual,REV_DIGITAL_TRANSFORMATION,数字化转型收入（旧口径）,ReportedRevenue,Digital transformation,159400,RMB mn,RMB,1,Actual,Actual,SRC_A010,High,,,,,
CM_PHASE1_20260803,中国移动,中国移动有限公司（A股600941；H股941/80941）,China Mobile Limited及其附属公司合并口径,2022FY,Annual,REV_DIGITAL_TRANSFORMATION,数字化转型收入（旧口径）,ReportedRevenue,Digital transformation,207600,RMB mn,RMB,1,Actual,Actual,SRC_A011,High,,,,,
CM_PHASE1_20260803,中国移动,中国移动有限公司（A股600941；H股941/80941）,China Mobile Limited及其附属公司合并口径,2023FY,Annual,REV_DIGITAL_TRANSFORMATION,数字化转型收入（旧口径）,ReportedRevenue,Digital transformation,253800,RMB mn,RMB,1,Actual,Actual,SRC_A012,High,,,,,
CM_PHASE1_20260803,中国移动,中国移动有限公司（A股600941；H股941/80941）,China Mobile Limited及其附属公司合并口径,2024FY,Annual,REV_DIGITAL_TRANSFORMATION,数字化转型收入（旧口径）,ReportedRevenue,Digital transformation,278800,RMB mn,RMB,1,Actual,Actual,SRC_A013,High,,,,,
CM_PHASE1_20260803,中国移动,中国移动有限公司（A股600941；H股941/80941）,China Mobile Limited及其附属公司合并口径,2020FY,Annual,CLOUD_MOBILE_CLOUD_REV,移动云收入（旧口径）,CloudAI,Cloud & Digital,11308.41121495327,RMB mn,RMB,1,Derived,Actual,SRC_A010,Medium,由2021年公司披露实际值及同比增速反推,,,,仅用于历史趋势；非公司直接披露绝对值。
CM_PHASE1_20260803,中国移动,中国移动有限公司（A股600941；H股941/80941）,China Mobile Limited及其附属公司合并口径,2021FY,Annual,CLOUD_MOBILE_CLOUD_REV,移动云收入（旧口径）,CloudAI,Cloud & Digital,24200,RMB mn,RMB,1,Actual,Actual,SRC_A010,High,,,,,
CM_PHASE1_20260803,中国移动,中国移动有限公司（A股600941；H股941/80941）,China Mobile Limited及其附属公司合并口径,2022FY,Annual,CLOUD_MOBILE_CLOUD_REV,移动云收入（旧口径）,CloudAI,Cloud & Digital,50300,RMB mn,RMB,1,Actual,Actual,SRC_A011,High,,,,,
CM_PHASE1_20260803,中国移动,中国移动有限公司（A股600941；H股941/80941）,China Mobile Limited及其附属公司合并口径,2023FY,Annual,CLOUD_MOBILE_CLOUD_REV,移动云收入（旧口径）,CloudAI,Cloud & Digital,83300,RMB mn,RMB,1,Actual,Actual,SRC_A012,High,,,,,
CM_PHASE1_20260803,中国移动,中国移动有限公司（A股600941；H股941/80941）,China Mobile Limited及其附属公司合并口径,2024FY,Annual,CLOUD_MOBILE_CLOUD_REV,移动云收入（旧口径）,CloudAI,Cloud & Digital,100400,RMB mn,RMB,1,Actual,Actual,SRC_A013,High,,,,,
CM_PHASE1_20260803,中国移动,中国移动有限公司（A股600941；H股941/80941）,China Mobile Limited及其附属公司合并口径,2025FY,Annual,REV_REPORTED_COMMS,通信服务收入（2025新口径）,ReportedRevenue,Three principal businesses,714900,RMB mn,RMB,1,Actual,Actual,SRC_A002,High,,,,,
CM_PHASE1_20260803,中国移动,中国移动有限公司（A股600941；H股941/80941）,China Mobile Limited及其附属公司合并口径,2025FY,Annual,REV_REPORTED_COMPUTING,算力服务收入（2025新口径）,ReportedRevenue,Three principal businesses,89800,RMB mn,RMB,1,Actual,Actual,SRC_A002,High,,,,,
CM_PHASE1_20260803,中国移动,中国移动有限公司（A股600941；H股941/80941）,China Mobile Limited及其附属公司合并口径,2025FY,Annual,REV_REPORTED_AI,智能服务收入（2025新口径）,ReportedRevenue,Three principal businesses,90800,RMB mn,RMB,1,Actual,Actual,SRC_A002,High,,,,,
CM_PHASE1_20260803,中国移动,中国移动有限公司（A股600941；H股941/80941）,China Mobile Limited及其附属公司合并口径,2025FY,Annual,REV_MASS_CUSTOMER_GROUP,大众客户群收入,ReportedRevenue,Customer groups,655100,RMB mn,RMB,1,Actual,Actual,SRC_A002,High,,,,,
CM_PHASE1_20260803,中国移动,中国移动有限公司（A股600941；H股941/80941）,China Mobile Limited及其附属公司合并口径,2025FY,Annual,REV_GOV_ENTERPRISE_GROUP,政企客户群收入,ReportedRevenue,Customer groups,240400,RMB mn,RMB,1,Actual,Actual,SRC_A002,High,,,,,
CM_PHASE1_20260803,中国移动,中国移动有限公司（A股600941；H股941/80941）,China Mobile Limited及其附属公司合并口径,2025FY,Annual,AIDC_DATA_CENTER_GROWTH,数据中心收入增速,CloudAI,AI/AIDC,0.087,%,,1,Actual,Actual,SRC_A002,High,,,,,
CM_PHASE1_20260803,中国移动,中国移动有限公司（A股600941；H股941/80941）,China Mobile Limited及其附属公司合并口径,2025FY,Annual,AIDC_REVENUE_GROWTH,AIDC收入增速,CloudAI,AI/AIDC,0.354,%,,1,Actual,Actual,SRC_A002,High,,,,,
CM_PHASE1_20260803,中国移动,中国移动有限公司（A股600941；H股941/80941）,China Mobile Limited及其附属公司合并口径,2025FY,Annual,AIDC_INTELLIGENT_COMPUTE_REV_GROWTH,智算收入增速,CloudAI,AI/AIDC,2.79,%,,1,Actual,Actual,SRC_A002,High,,,,,
CM_PHASE1_20260803,中国移动,中国移动有限公司（A股600941；H股941/80941）,China Mobile Limited及其附属公司合并口径,2025FY,Annual,CLOUD_COMPUTING_SERVICE_GROWTH,云计算服务收入增速,CloudAI,Cloud & Digital,0.139,%,,1,Actual,Actual,SRC_A002,High,,,,,
CM_PHASE1_20260803,中国移动,中国移动有限公司（A股600941；H股941/80941）,China Mobile Limited及其附属公司合并口径,2020FY,Annual,DIV_DPS,每股股息,CapitalAllocation,Group,3.29,HKD/share,HKD,1,Actual,Actual,SRC_A010,High,,,,,
CM_PHASE1_20260803,中国移动,中国移动有限公司（A股600941；H股941/80941）,China Mobile Limited及其附属公司合并口径,2021FY,Annual,DIV_DPS,每股股息,CapitalAllocation,Group,4.06,HKD/share,HKD,1,Actual,Actual,SRC_A010,High,,,,,
CM_PHASE1_20260803,中国移动,中国移动有限公司（A股600941；H股941/80941）,China Mobile Limited及其附属公司合并口径,2022FY,Annual,DIV_DPS,每股股息,CapitalAllocation,Group,4.41,HKD/share,HKD,1,Actual,Actual,SRC_A011,High,,,,,
CM_PHASE1_20260803,中国移动,中国移动有限公司（A股600941；H股941/80941）,China Mobile Limited及其附属公司合并口径,2023FY,Annual,DIV_DPS,每股股息,CapitalAllocation,Group,4.83,HKD/share,HKD,1,Actual,Actual,SRC_A012,High,,,,,
CM_PHASE1_20260803,中国移动,中国移动有限公司（A股600941；H股941/80941）,China Mobile Limited及其附属公司合并口径,2024FY,Annual,DIV_DPS,每股股息,CapitalAllocation,Group,5.09,HKD/share,HKD,1,Actual,Actual,SRC_A013,High,,,,,
CM_PHASE1_20260803,中国移动,中国移动有限公司（A股600941；H股941/80941）,China Mobile Limited及其附属公司合并口径,2025FY,Annual,DIV_DPS,每股股息,CapitalAllocation,Group,5.27,HKD/share,HKD,1,Actual,Actual,SRC_A002,High,,,,,
CM_PHASE1_20260803,中国移动,中国移动有限公司（A股600941；H股941/80941）,China Mobile Limited及其附属公司合并口径,2021FY,Annual,DIV_PAYOUT,派息率,CapitalAllocation,Group,0.6,%,,1,Actual,Actual,SRC_A010,High,,,,,
CM_PHASE1_20260803,中国移动,中国移动有限公司（A股600941；H股941/80941）,China Mobile Limited及其附属公司合并口径,2022FY,Annual,DIV_PAYOUT,派息率,CapitalAllocation,Group,0.67,%,,1,Actual,Actual,SRC_A011,High,,,,,
CM_PHASE1_20260803,中国移动,中国移动有限公司（A股600941；H股941/80941）,China Mobile Limited及其附属公司合并口径,2023FY,Annual,DIV_PAYOUT,派息率,CapitalAllocation,Group,0.71,%,,1,Actual,Actual,SRC_A012,High,,,,,
CM_PHASE1_20260803,中国移动,中国移动有限公司（A股600941；H股941/80941）,China Mobile Limited及其附属公司合并口径,2024FY,Annual,DIV_PAYOUT,派息率,CapitalAllocation,Group,0.73,%,,1,Actual,Actual,SRC_A013,High,,,,,
CM_PHASE1_20260803,中国移动,中国移动有限公司（A股600941；H股941/80941）,China Mobile Limited及其附属公司合并口径,2025FY,Annual,DIV_PAYOUT,派息率,CapitalAllocation,Group,0.75,%,,1,Actual,Actual,SRC_A002,High,,,,,
CM_PHASE1_20260803,中国移动,中国移动有限公司（A股600941；H股941/80941）,China Mobile Limited及其附属公司合并口径,2020FY,Annual,FIN_EBITDA_MARGIN,EBITDA率,Financial,Group,0.37123569466324685,%,,1,Derived,Actual,SRC_A010,High,EBITDA/营业收入,,,,
CM_PHASE1_20260803,中国移动,中国移动有限公司（A股600941；H股941/80941）,China Mobile Limited及其附属公司合并口径,2020FY,Annual,FIN_NET_MARGIN_PARENT,归母净利率,Financial,Group,0.14040777533297746,%,,1,Derived,Actual,SRC_A010,High,归母净利润/营业收入,,,,
CM_PHASE1_20260803,中国移动,中国移动有限公司（A股600941；H股941/80941）,China Mobile Limited及其附属公司合并口径,2020FY,Annual,FIN_ROE,ROE（平均归母权益）,Financial,Group,0.09386499970406888,%,,1,Derived,Actual,SRC_A010,High,归母净利润/平均归母权益,,,,
CM_PHASE1_20260803,中国移动,中国移动有限公司（A股600941；H股941/80941）,China Mobile Limited及其附属公司合并口径,2020FY,Annual,COST_EMPLOYEE_RATE,人工成本率,Cost,Group,0.13856679729712135,%,,1,Derived,Actual,SRC_A010,High,人工成本/营业收入,,,,
CM_PHASE1_20260803,中国移动,中国移动有限公司（A股600941；H股941/80941）,China Mobile Limited及其附属公司合并口径,2020FY,Annual,COST_SELLING_RATE,销售费用率,Cost,Group,0.06502402124806332,%,,1,Derived,Actual,SRC_A010,High,销售费用/营业收入,,,,
CM_PHASE1_20260803,中国移动,中国移动有限公司（A股600941；H股941/80941）,China Mobile Limited及其附属公司合并口径,2020FY,Annual,CAPEX_RATE,公司资本开支/主营收入,CashFlow,Group,0.2596465102372889,%,,1,Derived,Actual,SRC_A010,High,公司口径资本开支/主营业务收入,,,,
CM_PHASE1_20260803,中国移动,中国移动有限公司（A股600941；H股941/80941）,China Mobile Limited及其附属公司合并口径,2020FY,Annual,CF_FCFF_MARGIN,自由现金流率,CashFlow,Group,0.1655148619266473,%,,1,Derived,Actual,SRC_A010,High,自由现金流/营业收入,,,,
CM_PHASE1_20260803,中国移动,中国移动有限公司（A股600941；H股941/80941）,China Mobile Limited及其附属公司合并口径,2020FY,Annual,OP_LABOR_COST_PER_EMPLOYEE,人均人工成本,Operations,Group,234253.8055871037,RMB/person,RMB,1,Derived,Actual,SRC_A010,High,人工成本/员工人数,,,,
CM_PHASE1_20260803,中国移动,中国移动有限公司（A股600941；H股941/80941）,China Mobile Limited及其附属公司合并口径,2021FY,Annual,FIN_EBITDA_MARGIN,EBITDA率,Financial,Group,0.36664316752686094,%,,1,Derived,Actual,SRC_A010,High,EBITDA/营业收入,,,,
CM_PHASE1_20260803,中国移动,中国移动有限公司（A股600941；H股941/80941）,China Mobile Limited及其附属公司合并口径,2021FY,Annual,FIN_NET_MARGIN_PARENT,归母净利率,Financial,Group,0.13692532224865547,%,,1,Derived,Actual,SRC_A010,High,归母净利润/营业收入,,,,
CM_PHASE1_20260803,中国移动,中国移动有限公司（A股600941；H股941/80941）,China Mobile Limited及其附属公司合并口径,2021FY,Annual,FIN_ROE,ROE（平均归母权益）,Financial,Group,0.09862835025852706,%,,1,Derived,Actual,SRC_A010,High,归母净利润/平均归母权益,,,,
CM_PHASE1_20260803,中国移动,中国移动有限公司（A股600941；H股941/80941）,China Mobile Limited及其附属公司合并口径,2021FY,Annual,COST_EMPLOYEE_RATE,人工成本率,Cost,Group,0.1399102631510696,%,,1,Derived,Actual,SRC_A010,High,人工成本/营业收入,,,,
CM_PHASE1_20260803,中国移动,中国移动有限公司（A股600941；H股941/80941）,China Mobile Limited及其附属公司合并口径,2021FY,Annual,COST_SELLING_RATE,销售费用率,Cost,Group,0.05687302683853262,%,,1,Derived,Actual,SRC_A010,High,销售费用/营业收入,,,,
CM_PHASE1_20260803,中国移动,中国移动有限公司（A股600941；H股941/80941）,China Mobile Limited及其附属公司合并口径,2021FY,Annual,CAPEX_RATE,公司资本开支/主营收入,CashFlow,Group,0.24431434811134814,%,,1,Derived,Actual,SRC_A010,High,公司口径资本开支/主营业务收入,,,,
CM_PHASE1_20260803,中国移动,中国移动有限公司（A股600941；H股941/80941）,China Mobile Limited及其附属公司合并口径,2021FY,Annual,CF_FCFF_MARGIN,自由现金流率,CashFlow,Group,0.15465106135161708,%,,1,Derived,Actual,SRC_A010,High,自由现金流/营业收入,,,,
CM_PHASE1_20260803,中国移动,中国移动有限公司（A股600941；H股941/80941）,China Mobile Limited及其附属公司合并口径,2021FY,Annual,OP_LABOR_COST_PER_EMPLOYEE,人均人工成本,Operations,Group,263772.01989625144,RMB/person,RMB,1,Derived,Actual,SRC_A010,High,人工成本/员工人数,,,,
CM_PHASE1_20260803,中国移动,中国移动有限公司（A股600941；H股941/80941）,China Mobile Limited及其附属公司合并口径,2022FY,Annual,FIN_EBITDA_MARGIN,EBITDA率,Financial,Group,0.3512113513980661,%,,1,Derived,Actual,SRC_A011,High,EBITDA/营业收入,,,,
CM_PHASE1_20260803,中国移动,中国移动有限公司（A股600941；H股941/80941）,China Mobile Limited及其附属公司合并口径,2022FY,Annual,FIN_NET_MARGIN_PARENT,归母净利率,Financial,Group,0.13385734359446003,%,,1,Derived,Actual,SRC_A011,High,归母净利润/营业收入,,,,
CM_PHASE1_20260803,中国移动,中国移动有限公司（A股600941；H股941/80941）,China Mobile Limited及其附属公司合并口径,2022FY,Annual,FIN_ROE,ROE（平均归母权益）,Financial,Group,0.10021895612010714,%,,1,Derived,Actual,SRC_A011,High,归母净利润/平均归母权益,,,,
CM_PHASE1_20260803,中国移动,中国移动有限公司（A股600941；H股941/80941）,China Mobile Limited及其附属公司合并口径,2022FY,Annual,COST_EMPLOYEE_RATE,人工成本率,Cost,Group,0.13886983213818166,%,,1,Derived,Actual,SRC_A011,High,人工成本/营业收入,,,,
CM_PHASE1_20260803,中国移动,中国移动有限公司（A股600941；H股941/80941）,China Mobile Limited及其附属公司合并口径,2022FY,Annual,COST_SELLING_RATE,销售费用率,Cost,Group,0.05291173517672276,%,,1,Derived,Actual,SRC_A011,High,销售费用/营业收入,,,,
CM_PHASE1_20260803,中国移动,中国移动有限公司（A股600941；H股941/80941）,China Mobile Limited及其附属公司合并口径,2022FY,Annual,CAPEX_RATE,公司资本开支/主营收入,CashFlow,Group,0.2280428245273121,%,,1,Derived,Actual,SRC_A011,High,公司口径资本开支/主营业务收入,,,,
CM_PHASE1_20260803,中国移动,中国移动有限公司（A股600941；H股941/80941）,China Mobile Limited及其附属公司合并口径,2022FY,Annual,CF_FCFF_MARGIN,自由现金流率,CashFlow,Group,0.10196327802667139,%,,1,Derived,Actual,SRC_A011,High,自由现金流/营业收入,,,,
CM_PHASE1_20260803,中国移动,中国移动有限公司（A股600941；H股941/80941）,China Mobile Limited及其附属公司合并口径,2022FY,Annual,OP_LABOR_COST_PER_EMPLOYEE,人均人工成本,Operations,Group,288789.83265956363,RMB/person,RMB,1,Derived,Actual,SRC_A011,High,人工成本/员工人数,,,,
CM_PHASE1_20260803,中国移动,中国移动有限公司（A股600941；H股941/80941）,China Mobile Limited及其附属公司合并口径,2023FY,Annual,FIN_EBITDA_MARGIN,EBITDA率,Financial,Group,0.33832849999355996,%,,1,Derived,Actual,SRC_A012,High,EBITDA/营业收入,,,,
CM_PHASE1_20260803,中国移动,中国移动有限公司（A股600941；H股941/80941）,China Mobile Limited及其附属公司合并口径,2023FY,Annual,FIN_NET_MARGIN_PARENT,归母净利率,Financial,Group,0.13055070350110817,%,,1,Derived,Actual,SRC_A012,High,归母净利润/营业收入,,,,
CM_PHASE1_20260803,中国移动,中国移动有限公司（A股600941；H股941/80941）,China Mobile Limited及其附属公司合并口径,2023FY,Annual,FIN_ROE,ROE（平均归母权益）,Financial,Group,0.09985752610758294,%,,1,Derived,Actual,SRC_A012,High,归母净利润/平均归母权益,,,,
CM_PHASE1_20260803,中国移动,中国移动有限公司（A股600941；H股941/80941）,China Mobile Limited及其附属公司合并口径,2023FY,Annual,COST_EMPLOYEE_RATE,人工成本率,Cost,Group,0.14300179627844398,%,,1,Derived,Actual,SRC_A012,High,人工成本/营业收入,,,,
CM_PHASE1_20260803,中国移动,中国移动有限公司（A股600941；H股941/80941）,China Mobile Limited及其附属公司合并口径,2023FY,Annual,COST_SELLING_RATE,销售费用率,Cost,Group,0.05199299718916605,%,,1,Derived,Actual,SRC_A012,High,销售费用/营业收入,,,,
CM_PHASE1_20260803,中国移动,中国移动有限公司（A股600941；H股941/80941）,China Mobile Limited及其附属公司合并口径,2023FY,Annual,CAPEX_RATE,公司资本开支/主营收入,CashFlow,Group,0.2087910560801562,%,,1,Derived,Actual,SRC_A012,High,公司口径资本开支/主营业务收入,,,,
CM_PHASE1_20260803,中国移动,中国移动有限公司（A股600941；H股941/80941）,China Mobile Limited及其附属公司合并口径,2023FY,Annual,CF_FCFF_MARGIN,自由现金流率,CashFlow,Group,0.12234707111499055,%,,1,Derived,Actual,SRC_A012,High,自由现金流/营业收入,,,,
CM_PHASE1_20260803,中国移动,中国移动有限公司（A股600941；H股941/80941）,China Mobile Limited及其附属公司合并口径,2023FY,Annual,OP_LABOR_COST_PER_EMPLOYEE,人均人工成本,Operations,Group,319440.9401766151,RMB/person,RMB,1,Derived,Actual,SRC_A012,High,人工成本/员工人数,,,,
CM_PHASE1_20260803,中国移动,中国移动有限公司（A股600941；H股941/80941）,China Mobile Limited及其附属公司合并口径,2024FY,Annual,FIN_EBITDA_MARGIN,EBITDA率,Financial,Group,0.32062273782883455,%,,1,Derived,Actual,SRC_A013,High,EBITDA/营业收入,,,,
CM_PHASE1_20260803,中国移动,中国移动有限公司（A股600941；H股941/80941）,China Mobile Limited及其附属公司合并口径,2024FY,Annual,FIN_NET_MARGIN_PARENT,归母净利率,Financial,Group,0.13295393073708706,%,,1,Derived,Actual,SRC_A013,High,归母净利润/营业收入,,,,
CM_PHASE1_20260803,中国移动,中国移动有限公司（A股600941；H股941/80941）,China Mobile Limited及其附属公司合并口径,2024FY,Annual,FIN_ROE,ROE（平均归母权益）,Financial,Group,0.10123258628030803,%,,1,Derived,Actual,SRC_A013,High,归母净利润/平均归母权益,,,,
CM_PHASE1_20260803,中国移动,中国移动有限公司（A股600941；H股941/80941）,China Mobile Limited及其附属公司合并口径,2024FY,Annual,COST_EMPLOYEE_RATE,人工成本率,Cost,Group,0.1459934528550798,%,,1,Derived,Actual,SRC_A013,High,人工成本/营业收入,,,,
CM_PHASE1_20260803,中国移动,中国移动有限公司（A股600941；H股941/80941）,China Mobile Limited及其附属公司合并口径,2024FY,Annual,COST_SELLING_RATE,销售费用率,Cost,Group,0.05242712289780824,%,,1,Derived,Actual,SRC_A013,High,销售费用/营业收入,,,,
CM_PHASE1_20260803,中国移动,中国移动有限公司（A股600941；H股941/80941）,China Mobile Limited及其附属公司合并口径,2024FY,Annual,CAPEX_RATE,公司资本开支/主营收入,CashFlow,Group,0.1844034861287871,%,,1,Derived,Actual,SRC_A013,High,公司口径资本开支/主营业务收入,,,,
CM_PHASE1_20260803,中国移动,中国移动有限公司（A股600941；H股941/80941）,China Mobile Limited及其附属公司合并口径,2024FY,Annual,CF_FCFF_MARGIN,自由现金流率,CashFlow,Group,0.14577822531440995,%,,1,Derived,Actual,SRC_A013,High,自由现金流/营业收入,,,,
CM_PHASE1_20260803,中国移动,中国移动有限公司（A股600941；H股941/80941）,China Mobile Limited及其附属公司合并口径,2024FY,Annual,OP_LABOR_COST_PER_EMPLOYEE,人均人工成本,Operations,Group,333645.87564914743,RMB/person,RMB,1,Derived,Actual,SRC_A013,High,人工成本/员工人数,,,,
CM_PHASE1_20260803,中国移动,中国移动有限公司（A股600941；H股941/80941）,China Mobile Limited及其附属公司合并口径,2025FY,Annual,FIN_EBITDA_MARGIN,EBITDA率,Financial,Group,0.3227339511915497,%,,1,Derived,Actual,SRC_A002,High,EBITDA/营业收入,,,,
CM_PHASE1_20260803,中国移动,中国移动有限公司（A股600941；H股941/80941）,China Mobile Limited及其附属公司合并口径,2025FY,Annual,FIN_NET_MARGIN_PARENT,归母净利率,Financial,Group,0.13054341750564424,%,,1,Derived,Actual,SRC_A002,High,归母净利润/营业收入,,,,
CM_PHASE1_20260803,中国移动,中国移动有限公司（A股600941；H股941/80941）,China Mobile Limited及其附属公司合并口径,2025FY,Annual,FIN_ROE,ROE（平均归母权益）,Financial,Group,0.09721301879413878,%,,1,Derived,Actual,SRC_A002,High,归母净利润/平均归母权益,,,,
CM_PHASE1_20260803,中国移动,中国移动有限公司（A股600941；H股941/80941）,China Mobile Limited及其附属公司合并口径,2025FY,Annual,COST_EMPLOYEE_RATE,人工成本率,Cost,Group,0.14673958066515774,%,,1,Derived,Actual,SRC_A002,High,人工成本/营业收入,,,,
CM_PHASE1_20260803,中国移动,中国移动有限公司（A股600941；H股941/80941）,China Mobile Limited及其附属公司合并口径,2025FY,Annual,COST_SELLING_RATE,销售费用率,Cost,Group,0.053499043503680774,%,,1,Derived,Actual,SRC_A002,High,销售费用/营业收入,,,,
CM_PHASE1_20260803,中国移动,中国移动有限公司（A股600941；H股941/80941）,China Mobile Limited及其附属公司合并口径,2025FY,Annual,CAPEX_RATE,公司资本开支/主营收入,CashFlow,Group,0.16852478420600092,%,,1,Derived,Actual,SRC_A002,High,公司口径资本开支/主营业务收入,,,,
CM_PHASE1_20260803,中国移动,中国移动有限公司（A股600941；H股941/80941）,China Mobile Limited及其附属公司合并口径,2025FY,Annual,CF_FCFF_MARGIN,自由现金流率,CashFlow,Group,0.07808133218179239,%,,1,Derived,Actual,SRC_A002,High,自由现金流/营业收入,,,,
CM_PHASE1_20260803,中国移动,中国移动有限公司（A股600941；H股941/80941）,China Mobile Limited及其附属公司合并口径,2025FY,Annual,OP_LABOR_COST_PER_EMPLOYEE,人均人工成本,Operations,Group,334032.01508632366,RMB/person,RMB,1,Derived,Actual,SRC_A002,High,人工成本/员工人数,,,,
CM_PHASE1_20260803,中国移动,中国移动有限公司（A股600941；H股941/80941）,China Mobile Limited及其附属公司合并口径,2020FY,Annual,REV_CHBN_BRIDGE_RESIDUAL,CHBN合计与主营收入桥接差额,ReportedRevenue,CHBN disclosure,260.1013713667635,RMB mn,RMB,1,Derived,Actual,SRC_A010,High,主营业务收入-CHBN四项收入合计,,,,主要由披露值取整造成；不作为独立业务。
CM_PHASE1_20260803,中国移动,中国移动有限公司（A股600941；H股941/80941）,China Mobile Limited及其附属公司合并口径,2021FY,Annual,REV_CHBN_BRIDGE_RESIDUAL,CHBN合计与主营收入桥接差额,ReportedRevenue,CHBN disclosure,109,RMB mn,RMB,1,Derived,Actual,SRC_A010,High,主营业务收入-CHBN四项收入合计,,,,主要由披露值取整造成；不作为独立业务。
CM_PHASE1_20260803,中国移动,中国移动有限公司（A股600941；H股941/80941）,China Mobile Limited及其附属公司合并口径,2022FY,Annual,REV_CHBN_BRIDGE_RESIDUAL,CHBN合计与主营收入桥接差额,ReportedRevenue,CHBN disclosure,-42,RMB mn,RMB,1,Derived,Actual,SRC_A011,High,主营业务收入-CHBN四项收入合计,,,,主要由披露值取整造成；不作为独立业务。
CM_PHASE1_20260803,中国移动,中国移动有限公司（A股600941；H股941/80941）,China Mobile Limited及其附属公司合并口径,2023FY,Annual,REV_CHBN_BRIDGE_RESIDUAL,CHBN合计与主营收入桥接差额,ReportedRevenue,CHBN disclosure,14,RMB mn,RMB,1,Derived,Actual,SRC_A012,High,主营业务收入-CHBN四项收入合计,,,,主要由披露值取整造成；不作为独立业务。
CM_PHASE1_20260803,中国移动,中国移动有限公司（A股600941；H股941/80941）,China Mobile Limited及其附属公司合并口径,2024FY,Annual,REV_CHBN_BRIDGE_RESIDUAL,CHBN合计与主营收入桥接差额,ReportedRevenue,CHBN disclosure,-32,RMB mn,RMB,1,Derived,Actual,SRC_A013,High,主营业务收入-CHBN四项收入合计,,,,主要由披露值取整造成；不作为独立业务。
CM_PHASE1_20260803,中国移动,中国移动有限公司（A股600941；H股941/80941）,China Mobile Limited及其附属公司合并口径,2025FY,Annual,REV_PRINCIPAL_BRIDGE_RESIDUAL,三大主业合计与主营收入桥接差额,ReportedRevenue,Three principal businesses,30,RMB mn,RMB,1,Derived,Actual,SRC_A002,High,主营业务收入-通信/算力/智能服务收入合计,,,,三项均为四舍五入后的亿元级披露。
CM_PHASE1_20260803,中国移动,中国移动有限公司（A股600941；H股941/80941）,China Mobile Limited及其附属公司合并口径,2026Q1,Quarterly,FIN_REV_TOTAL,营业收入,Financial,Group,266478,RMB mn,RMB,1,Actual,Actual,SRC_A003,High,,,,,
CM_PHASE1_20260803,中国移动,中国移动有限公司（A股600941；H股941/80941）,China Mobile Limited及其附属公司合并口径,2026Q1,Quarterly,FIN_REV_PRINCIPAL,主营业务/通信服务收入,Financial,Group,219853,RMB mn,RMB,1,Actual,Actual,SRC_A003,High,,,,,
CM_PHASE1_20260803,中国移动,中国移动有限公司（A股600941；H股941/80941）,China Mobile Limited及其附属公司合并口径,2026Q1,Quarterly,FIN_REV_OTHER,其他业务收入,Financial,Group,46625,RMB mn,RMB,1,Actual,Actual,SRC_A003,High,,,,,
CM_PHASE1_20260803,中国移动,中国移动有限公司（A股600941；H股941/80941）,China Mobile Limited及其附属公司合并口径,2026Q1,Quarterly,FIN_EBITDA,EBITDA,Financial,Group,76659,RMB mn,RMB,1,Derived,Actual,SRC_A003,High,经营利润+折旧摊销,,,,
CM_PHASE1_20260803,中国移动,中国移动有限公司（A股600941；H股941/80941）,China Mobile Limited及其附属公司合并口径,2026Q1,Quarterly,FIN_NET_PROFIT_PARENT,归母净利润,Financial,Group,29342,RMB mn,RMB,1,Actual,Actual,SRC_A003,High,,,,,
CM_PHASE1_20260803,中国移动,中国移动有限公司（A股600941；H股941/80941）,China Mobile Limited及其附属公司合并口径,2026Q1,Quarterly,COST_NETWORK,网络运行、维护及支撑成本,Cost,Group,75167,RMB mn,RMB,1,Actual,Actual,SRC_A003,High,,,,,
CM_PHASE1_20260803,中国移动,中国移动有限公司（A股600941；H股941/80941）,China Mobile Limited及其附属公司合并口径,2026Q1,Quarterly,COST_DA,折旧及摊销,Cost,Group,47685,RMB mn,RMB,1,Actual,Actual,SRC_A003,High,,,,,
CM_PHASE1_20260803,中国移动,中国移动有限公司（A股600941；H股941/80941）,China Mobile Limited及其附属公司合并口径,2026Q1,Quarterly,COST_EMPLOYEE,人工成本,Cost,Group,37567,RMB mn,RMB,1,Actual,Actual,SRC_A003,High,,,,,
CM_PHASE1_20260803,中国移动,中国移动有限公司（A股600941；H股941/80941）,China Mobile Limited及其附属公司合并口径,2026Q1,Quarterly,COST_SELLING,销售费用,Cost,Group,14592,RMB mn,RMB,1,Actual,Actual,SRC_A003,High,,,,,
CM_PHASE1_20260803,中国移动,中国移动有限公司（A股600941；H股941/80941）,China Mobile Limited及其附属公司合并口径,2026Q1,Quarterly,COST_PRODUCTS,销售产品成本,Cost,Device & Other,46116,RMB mn,RMB,1,Actual,Actual,SRC_A003,High,,,,,
CM_PHASE1_20260803,中国移动,中国移动有限公司（A股600941；H股941/80941）,China Mobile Limited及其附属公司合并口径,2026Q1,Quarterly,COST_OTHER_OPEX,其他经营费用,Cost,Group,16377,RMB mn,RMB,1,Actual,Actual,SRC_A003,High,,,,,
CM_PHASE1_20260803,中国移动,中国移动有限公司（A股600941；H股941/80941）,China Mobile Limited及其附属公司合并口径,2026Q1,Quarterly,CF_CFO,经营活动现金流净额,CashFlow,Group,71447,RMB mn,RMB,1,Actual,Actual,SRC_A003,High,,,,,
CM_PHASE1_20260803,中国移动,中国移动有限公司（A股600941；H股941/80941）,China Mobile Limited及其附属公司合并口径,2026Q1,Quarterly,CAPEX_CASH,购建长期资产现金支出,CashFlow,Group,30399,RMB mn,RMB,1,Actual,Actual,SRC_A003,High,,,,,
CM_PHASE1_20260803,中国移动,中国移动有限公司（A股600941；H股941/80941）,China Mobile Limited及其附属公司合并口径,2026Q1,Quarterly,BS_ACCOUNTS_RECEIVABLE,应收账款,BalanceSheet,Group,123136,RMB mn,RMB,1,Actual,Actual,SRC_A003,High,,,,,
CM_PHASE1_20260803,中国移动,中国移动有限公司（A股600941；H股941/80941）,China Mobile Limited及其附属公司合并口径,2026Q1,Quarterly,BS_CONTRACT_ASSETS,合同资产,BalanceSheet,Group,19051,RMB mn,RMB,1,Actual,Actual,SRC_A003,High,,,,,
CM_PHASE1_20260803,中国移动,中国移动有限公司（A股600941；H股941/80941）,China Mobile Limited及其附属公司合并口径,2026Q1,Quarterly,BS_CASH,现金及现金等价物,BalanceSheet,Group,155287,RMB mn,RMB,1,Actual,Actual,SRC_A003,High,,,,,
CM_PHASE1_20260803,中国移动,中国移动有限公司（A股600941；H股941/80941）,China Mobile Limited及其附属公司合并口径,2026Q1,Quarterly,BS_BANK_DEPOSITS_CURRENT,流动银行存款,BalanceSheet,Group,49975,RMB mn,RMB,1,Actual,Actual,SRC_A003,High,,,,,
CM_PHASE1_20260803,中国移动,中国移动有限公司（A股600941；H股941/80941）,China Mobile Limited及其附属公司合并口径,2026Q1,Quarterly,BS_BANK_DEPOSITS_NONCURRENT,非流动银行存款,BalanceSheet,Group,65680,RMB mn,RMB,1,Actual,Actual,SRC_A003,High,,,,,
CM_PHASE1_20260803,中国移动,中国移动有限公司（A股600941；H股941/80941）,China Mobile Limited及其附属公司合并口径,2026Q1,Quarterly,BS_BORROWINGS,银行及其他借款,BalanceSheet,Group,9474,RMB mn,RMB,1,Actual,Actual,SRC_A003,High,,,,,
CM_PHASE1_20260803,中国移动,中国移动有限公司（A股600941；H股941/80941）,China Mobile Limited及其附属公司合并口径,2026Q1,Quarterly,BS_LEASE_LIAB_CURRENT,流动租赁负债,BalanceSheet,Group,45366,RMB mn,RMB,1,Actual,Actual,SRC_A003,High,,,,,
CM_PHASE1_20260803,中国移动,中国移动有限公司（A股600941；H股941/80941）,China Mobile Limited及其附属公司合并口径,2026Q1,Quarterly,BS_LEASE_LIAB_NONCURRENT,非流动租赁负债,BalanceSheet,Group,47487,RMB mn,RMB,1,Actual,Actual,SRC_A003,High,,,,,
CM_PHASE1_20260803,中国移动,中国移动有限公司（A股600941；H股941/80941）,China Mobile Limited及其附属公司合并口径,2026Q1,Quarterly,OP_MOBILE_CUSTOMERS,移动客户数,Operations,ToC Mobile,1008.929,mn customers,,1,Actual,Actual,SRC_A004,High,,,,,
CM_PHASE1_20260803,中国移动,中国移动有限公司（A股600941；H股941/80941）,China Mobile Limited及其附属公司合并口径,2026Q1,Quarterly,OP_5G_NETWORK_CUSTOMERS,5G网络客户数,Operations,ToC Mobile,668.002,mn customers,,1,Actual,Actual,SRC_A004,High,,,,,
CM_PHASE1_20260803,中国移动,中国移动有限公司（A股600941；H股941/80941）,China Mobile Limited及其附属公司合并口径,2026Q1,Quarterly,OP_BB_INTEGRATED_CUSTOMERS,宽带联网客户数,Operations,Home/Enterprise Connect,333.117,mn customers,,1,Actual,Actual,SRC_A004,High,,,,,
CM_PHASE1_20260803,中国移动,中国移动有限公司（A股600941；H股941/80941）,China Mobile Limited及其附属公司合并口径,2026Q1,Quarterly,OP_IOT_CARD_CONNECTIONS,物联网卡连接数,Operations,IoT,1504.159,mn connections,,1,Actual,Actual,SRC_A004,High,,,,,
CM_PHASE1_20260803,中国移动,中国移动有限公司（A股600941；H股941/80941）,China Mobile Limited及其附属公司合并口径,2026-06-30,Point-in-time,EQ_SHARES_A,A股已发行股份,Equity,Equity,902767867,shares,,1,Actual,Actual,SRC_A005,High,,,,,
CM_PHASE1_20260803,中国移动,中国移动有限公司（A股600941；H股941/80941）,China Mobile Limited及其附属公司合并口径,2026-06-30,Point-in-time,EQ_SHARES_H,香港股份已发行股份,Equity,Equity,20780928456,shares,,1,Actual,Actual,SRC_A005,High,,,,,
CM_PHASE1_20260803,中国移动,中国移动有限公司（A股600941；H股941/80941）,China Mobile Limited及其附属公司合并口径,2026-06-30,Point-in-time,EQ_SHARES_TOTAL,总已发行股份,Equity,Equity,21683696323,shares,,1,Derived,Actual,SRC_A005,High,A股+香港股份,,,,
CM_PHASE1_20260803,中国移动,中国移动有限公司（A股600941；H股941/80941）,China Mobile Limited及其附属公司合并口径,2026-06-30,Point-in-time,EQ_OPTIONS_TOTAL,存续股票期权合计,Equity,Equity,489034832,options,,1,Derived,Actual,SRC_A005,High,两项存续期权相加,,,,
CM_PHASE1_20260803,中国移动,中国移动有限公司（A股600941；H股941/80941）,China Mobile Limited及其附属公司合并口径,2026-06-30,Point-in-time,EQ_DILUTED_SHARES,完全稀释股份上限,Equity,Equity,22172731155,shares,,1,Derived,Actual,SRC_A005,High,已发行股份+全部存续期权；Phase 4采用库存股法和行权现金调整,,,,
CM_PHASE1_20260803,中国移动,中国移动有限公司（A股600941；H股941/80941）,China Mobile Limited及其附属公司合并口径,2026-07-31,Point-in-time,MKT_PRICE_A,A股价格,Market,Equity,97.41,CNY/share,,1,Actual,Actual,SRC_A006,High,,,,,
CM_PHASE1_20260803,中国移动,中国移动有限公司（A股600941；H股941/80941）,China Mobile Limited及其附属公司合并口径,2026-07-31,Point-in-time,MKT_PRICE_H,H股价格,Market,Equity,83.65,HKD/share,HKD,1,Actual,Actual,SRC_A007,High,,,,,
CM_PHASE1_20260803,中国移动,中国移动有限公司（A股600941；H股941/80941）,China Mobile Limited及其附属公司合并口径,2026-07-31,Point-in-time,MKT_FX_HKD_CNY,港元兑人民币,Market,Equity,0.86559,CNY/HKD,,1,Actual,Actual,SRC_A008,High,,,,,
CM_PHASE1_20260803,中国移动,中国移动有限公司（A股600941；H股941/80941）,China Mobile Limited及其附属公司合并口径,2026-07-31,Point-in-time,MKT_H_PRICE_CNY,H股人民币等值,Market,Equity,72.4066035,CNY/share,,1,Derived,Actual,SRC_A006;SRC_A007;SRC_A008,High,H股价×HKD/CNY,,,,
CM_PHASE1_20260803,中国移动,中国移动有限公司（A股600941；H股941/80941）,China Mobile Limited及其附属公司合并口径,2026-07-31,Point-in-time,MKT_A_PREMIUM,A股相对H股溢价,Market,Equity,0.345319284310857,%,,1,Derived,Actual,SRC_A006;SRC_A007;SRC_A008,High,A股价/H股人民币等值-1,,,,
CM_PHASE1_20260803,中国移动,中国移动有限公司（A股600941；H股941/80941）,China Mobile Limited及其附属公司合并口径,2026起,Policy,TAX_VAT_RATE_DATA_BB,流量/短信彩信/宽带增值税率,Tax,ToC/Home,0.09,%,,1,Actual,Actual,SRC_A009,High,,,,,2025及以前适用6%；2026起调整为9%。
CM_PHASE1_20260803,中国移动,中国移动有限公司（A股600941；H股941/80941）,China Mobile Limited及其附属公司合并口径,2025FY,Annual,AIDC_REV_ESTIMATE_RANGE,AIDC收入外边界,EstimatedRange,AI/AIDC,,RMB mn,RMB,1,Estimated,Actual,SRC_A002,Low,只建立官方披露外边界：AIDC属于算力服务，故不得高于算力服务收入,0,,89800,Phase 2再用机架、算力、资本开支和同业数据缩窄；不在Phase 1伪造基准值。
CM_PHASE1_20260803,中国移动,中国移动有限公司（A股600941；H股941/80941）,China Mobile Limited及其附属公司合并口径,2025FY,Annual,COST_CHANNEL_RANGE,渠道费外边界,EstimatedRange,ToC,,RMB mn,RMB,1,Estimated,Actual,SRC_A002,Low,公司未单列渠道费；销售费用为渠道相关支出的最大外边界,0,,56184,Phase 2以销售费用附注、合同获取成本和管理层表述缩窄。
CM_PHASE1_20260803,中国通信业,,工信部行业统计公开摘要,2025FY,Annual,IND_TELECOM_REVENUE,中国电信业务收入,Industry,Telecom market,1750000,RMB mn,RMB,1,Actual,Actual,SRC_B001,Medium,,,,,
CM_PHASE1_20260803,中国通信业,,工信部行业统计公开摘要,2025FY,Annual,IND_EMERGING_REVENUE,新兴业务收入,Industry,Cloud/Big Data/IoT,450800,RMB mn,RMB,1,Actual,Actual,SRC_B001,Medium,,,,,
CM_PHASE1_20260803,中国通信业,,工信部行业统计公开摘要,2025FY,Annual,IND_FIXED_BB_REVENUE,固定互联网宽带接入业务收入,Industry,Broadband,289600,RMB mn,RMB,1,Actual,Actual,SRC_B001,Medium,,,,,
CM_PHASE1_20260803,中国通信业,,工信部行业统计公开摘要,2025FY,Annual,IND_MOBILE_DATA_REVENUE,移动数据流量业务收入,Industry,Mobile data,609700,RMB mn,RMB,1,Actual,Actual,SRC_B001,Medium,,,,,
CM_PHASE1_20260803,中国通信业,,工信部行业统计公开摘要,2025FY,Annual,IND_5G_SUBSCRIBERS,5G移动电话用户,Industry,Mobile,1200,mn customers,,1,Actual,Actual,SRC_B001,Medium,,,,,
CM_PHASE1_20260803,中国通信业,,工信部行业统计公开摘要,2025FY,Annual,IND_FIXED_BB_SUBSCRIBERS,固定互联网宽带接入用户,Industry,Broadband,691,mn customers,,1,Actual,Actual,SRC_B001,Medium,,,,,
CM_PHASE1_20260803,中国移动,中国移动,2025年同业轻量对标,2025FY,Annual,PEER_REV_TOTAL,营业收入,Peer,Group,1050187,RMB mn,RMB,1,Actual,Actual,SRC_A002,High,,,,,
CM_PHASE1_20260803,中国移动,中国移动,2025年同业轻量对标,2025FY,Annual,PEER_REV_SERVICE,服务/主营收入,Peer,Group,895530,RMB mn,RMB,1,Actual,Actual,SRC_A002,High,,,,,
CM_PHASE1_20260803,中国移动,中国移动,2025年同业轻量对标,2025FY,Annual,PEER_EBITDA,EBITDA,Peer,Group,338931,RMB mn,RMB,1,Actual,Actual,SRC_A002,High,,,,,
CM_PHASE1_20260803,中国移动,中国移动,2025年同业轻量对标,2025FY,Annual,PEER_NET_PROFIT_PARENT,归母净利润,Peer,Group,137095,RMB mn,RMB,1,Actual,Actual,SRC_A002,High,,,,,
CM_PHASE1_20260803,中国移动,中国移动,2025年同业轻量对标,2025FY,Annual,PEER_CFO,经营现金流,Peer,Group,232919,RMB mn,RMB,1,Actual,Actual,SRC_A002,High,,,,,
CM_PHASE1_20260803,中国移动,中国移动,2025年同业轻量对标,2025FY,Annual,PEER_CAPEX,资本开支,Peer,Group,150919,RMB mn,RMB,1,Actual,Actual,SRC_A002,High,,,,,
CM_PHASE1_20260803,中国移动,中国移动,2025年同业轻量对标,2025FY,Annual,PEER_FCF,自由现金流,Peer,Group,82000,RMB mn,RMB,1,Actual,Actual,SRC_A002,High,,,,,
CM_PHASE1_20260803,中国移动,中国移动,2025年同业轻量对标,2025FY,Annual,PEER_MOBILE_CUSTOMERS,移动客户数,Peer,Mobile,1005,mn customers,,1,Actual,Actual,SRC_A002,High,,,,,
CM_PHASE1_20260803,中国移动,中国移动,2025年同业轻量对标,2025FY,Annual,PEER_BB_CUSTOMERS,宽带客户数,Peer,Broadband,329,mn customers,,1,Actual,Actual,SRC_A002,High,,,,,
CM_PHASE1_20260803,中国移动,中国移动,2025年同业轻量对标,2025FY,Annual,PEER_CLOUD_REVENUE,云/算力相关披露收入,Peer,Cloud/Computing,89800,RMB mn,RMB,1,Actual,Actual,SRC_A002,High,,,,,算力服务收入，不能与旧移动云口径直接比较
CM_PHASE1_20260803,中国电信,中国电信,2025年同业轻量对标,2025FY,Annual,PEER_REV_TOTAL,营业收入,Peer,Group,529559,RMB mn,RMB,1,Actual,Actual,SRC_A_CT25,High,,,,,
CM_PHASE1_20260803,中国电信,中国电信,2025年同业轻量对标,2025FY,Annual,PEER_REV_SERVICE,服务/主营收入,Peer,Group,485424,RMB mn,RMB,1,Actual,Actual,SRC_A_CT25,High,,,,,
CM_PHASE1_20260803,中国电信,中国电信,2025年同业轻量对标,2025FY,Annual,PEER_EBITDA,EBITDA,Peer,Group,143900,RMB mn,RMB,1,Actual,Actual,SRC_A_CT25,High,,,,,
CM_PHASE1_20260803,中国电信,中国电信,2025年同业轻量对标,2025FY,Annual,PEER_NET_PROFIT_PARENT,归母净利润,Peer,Group,33185,RMB mn,RMB,1,Actual,Actual,SRC_A_CT25,High,,,,,
CM_PHASE1_20260803,中国电信,中国电信,2025年同业轻量对标,2025FY,Annual,PEER_CAPEX,资本开支,Peer,Group,80400,RMB mn,RMB,1,Actual,Actual,SRC_A_CT25,High,,,,,
CM_PHASE1_20260803,中国电信,中国电信,2025年同业轻量对标,2025FY,Annual,PEER_FCF,自由现金流,Peer,Group,44700,RMB mn,RMB,1,Actual,Actual,SRC_A_CT25,High,,,,,
CM_PHASE1_20260803,中国电信,中国电信,2025年同业轻量对标,2025FY,Annual,PEER_MOBILE_CUSTOMERS,移动客户数,Peer,Mobile,439,mn customers,,1,Actual,Actual,SRC_A_CT25,High,,,,,
CM_PHASE1_20260803,中国电信,中国电信,2025年同业轻量对标,2025FY,Annual,PEER_BB_CUSTOMERS,宽带客户数,Peer,Broadband,201,mn customers,,1,Actual,Actual,SRC_A_CT25,High,,,,,
CM_PHASE1_20260803,中国电信,中国电信,2025年同业轻量对标,2025FY,Annual,PEER_CLOUD_REVENUE,云/算力相关披露收入,Peer,Cloud/Computing,120700,RMB mn,RMB,1,Actual,Actual,SRC_A_CT25,High,,,,,天翼云收入
CM_PHASE1_20260803,中国联通,中国联通,2025年同业轻量对标,2025FY,Annual,PEER_REV_TOTAL,营业收入,Peer,Group,392220,RMB mn,RMB,1,Actual,Actual,SRC_A_CU25,High,,,,,
CM_PHASE1_20260803,中国联通,中国联通,2025年同业轻量对标,2025FY,Annual,PEER_REV_SERVICE,服务/主营收入,Peer,Group,347740,RMB mn,RMB,1,Actual,Actual,SRC_A_CU25,High,,,,,
CM_PHASE1_20260803,中国联通,中国联通,2025年同业轻量对标,2025FY,Annual,PEER_EBITDA,EBITDA,Peer,Group,99420,RMB mn,RMB,1,Actual,Actual,SRC_A_CU25,High,,,,,
CM_PHASE1_20260803,中国联通,中国联通,2025年同业轻量对标,2025FY,Annual,PEER_NET_PROFIT_PARENT,归母净利润,Peer,Group,20816,RMB mn,RMB,1,Actual,Actual,SRC_A_CU25,High,,,,,
CM_PHASE1_20260803,中国联通,中国联通,2025年同业轻量对标,2025FY,Annual,PEER_CFO,经营现金流,Peer,Group,90170,RMB mn,RMB,1,Actual,Actual,SRC_A_CU25,High,,,,,
CM_PHASE1_20260803,中国联通,中国联通,2025年同业轻量对标,2025FY,Annual,PEER_CAPEX,资本开支,Peer,Group,54150,RMB mn,RMB,1,Actual,Actual,SRC_A_CU25,High,,,,,
CM_PHASE1_20260803,中国联通,中国联通,2025年同业轻量对标,2025FY,Annual,PEER_FCF,自由现金流,Peer,Group,36020,RMB mn,RMB,1,Actual,Actual,SRC_A_CU25,High,,,,,
CM_PHASE1_20260803,中国联通,中国联通,2025年同业轻量对标,2025FY,Annual,PEER_MOBILE_CUSTOMERS,移动客户数,Peer,Mobile,357,mn customers,,1,Actual,Actual,SRC_A_CU25,High,,,,,公司表述为超过该数值，表内按下限记录。
CM_PHASE1_20260803,中国联通,中国联通,2025年同业轻量对标,2025FY,Annual,PEER_BB_CUSTOMERS,宽带客户数,Peer,Broadband,129,mn customers,,1,Actual,Actual,SRC_A_CU25,High,,,,,公司表述为超过该数值，表内按下限记录。
CM_PHASE1_20260803,中国联通,中国联通,2025年同业轻量对标,2025FY,Annual,PEER_CLOUD_REVENUE,云/算力相关披露收入,Peer,Cloud/Computing,28100,RMB mn,RMB,1,Actual,Actual,SRC_A_CU25,High,,,,,数据中心收入；移动/宽带为公司披露下限
CM_PHASE2_20260803,中国移动,中国移动有限公司（A股600941；H股941/80941）,China Mobile Limited及其附属公司合并口径,2020FY,Annual,REV_VOICE,语音服务收入,HistoricalDiagnosis,Communications,78782,RMB mn,RMB,1,Actual,Actual,SRC_A010,High,,,,,
CM_PHASE2_20260803,中国移动,中国移动有限公司（A股600941；H股941/80941）,China Mobile Limited及其附属公司合并口径,2020FY,Annual,REV_SMS_MMS,短信及彩信服务收入,HistoricalDiagnosis,Communications,29485,RMB mn,RMB,1,Actual,Actual,SRC_A010,High,,,,,
CM_PHASE2_20260803,中国移动,中国移动有限公司（A股600941；H股941/80941）,China Mobile Limited及其附属公司合并口径,2020FY,Annual,REV_WIRELESS_DATA,无线数据流量服务收入,HistoricalDiagnosis,Communications,385679,RMB mn,RMB,1,Actual,Actual,SRC_A010,High,,,,,
CM_PHASE2_20260803,中国移动,中国移动有限公司（A股600941；H股941/80941）,China Mobile Limited及其附属公司合并口径,2020FY,Annual,REV_WIRELINE_BROADBAND,有线宽带服务收入,HistoricalDiagnosis,Home/Broadband,80808,RMB mn,RMB,1,Actual,Actual,SRC_A010,High,,,,,
CM_PHASE2_20260803,中国移动,中国移动有限公司（A股600941；H股941/80941）,China Mobile Limited及其附属公司合并口径,2020FY,Annual,REV_APPLICATION_INFO,应用及信息服务收入,HistoricalDiagnosis,Cloud/Digital/AI,101038,RMB mn,RMB,1,Actual,Actual,SRC_A010,High,,,,,
CM_PHASE2_20260803,中国移动,中国移动有限公司（A股600941；H股941/80941）,China Mobile Limited及其附属公司合并口径,2020FY,Annual,REV_SERVICE_OTHER,主营业务其他收入,HistoricalDiagnosis,Other service,19900,RMB mn,RMB,1,Actual,Actual,SRC_A010,High,,,,,
CM_PHASE2_20260803,中国移动,中国移动有限公司（A股600941；H股941/80941）,China Mobile Limited及其附属公司合并口径,2020FY,Annual,REV_LEGACY_COMM,传统移动通信收入代理,HistoricalDiagnosis,Communications,493946,RMB mn,RMB,1,Derived,Actual,SRC_A010,High,语音+短信彩信+无线数据流量服务收入,,,,
CM_PHASE2_20260803,中国移动,中国移动有限公司（A股600941；H股941/80941）,China Mobile Limited及其附属公司合并口径,2020FY,Annual,REV_WIRELESS_PER_MOBILE_MONTH,无线数据收入/移动客户/月,HistoricalDiagnosis,Communications,34.11880750176929,RMB/customer/month,RMB,1,Derived,Actual,SRC_A010,High,无线数据收入/年末移动客户/12；仅作变现强度代理,,,,
CM_PHASE2_20260803,中国移动,中国移动有限公司（A股600941；H股941/80941）,China Mobile Limited及其附属公司合并口径,2020FY,Annual,AR_DSO,应收账款周转天数,Risk,Receivables,18.248811957243483,days,,1,Derived,Actual,SRC_A010,High,期末应收账款/营业收入×365,,,,
CM_PHASE2_20260803,中国移动,中国移动有限公司（A股600941；H股941/80941）,China Mobile Limited及其附属公司合并口径,2020FY,Annual,AR_CA_REVENUE_RATIO,应收账款及合同资产/收入,Risk,Receivables,0.054997591365370344,%,,1,Derived,Actual,SRC_A010,High,（应收账款+合同资产）/营业收入,,,,
CM_PHASE2_20260803,中国移动,中国移动有限公司（A股600941；H股941/80941）,China Mobile Limited及其附属公司合并口径,2020FY,Annual,CREDIT_LOSS_REVENUE_RATIO,信用减值损失/收入,Risk,Receivables,0.0066191883552280395,%,,1,Derived,Actual,SRC_A010,High,预期信用减值损失/营业收入,,,,
CM_PHASE2_20260803,中国移动,中国移动有限公司（A股600941；H股941/80941）,China Mobile Limited及其附属公司合并口径,2021FY,Annual,REV_VOICE,语音服务收入,HistoricalDiagnosis,Communications,76163,RMB mn,RMB,1,Actual,Actual,SRC_A010,High,,,,,
CM_PHASE2_20260803,中国移动,中国移动有限公司（A股600941；H股941/80941）,China Mobile Limited及其附属公司合并口径,2021FY,Annual,REV_SMS_MMS,短信及彩信服务收入,HistoricalDiagnosis,Communications,31100,RMB mn,RMB,1,Actual,Actual,SRC_A010,High,,,,,
CM_PHASE2_20260803,中国移动,中国移动有限公司（A股600941；H股941/80941）,China Mobile Limited及其附属公司合并口径,2021FY,Annual,REV_WIRELESS_DATA,无线数据流量服务收入,HistoricalDiagnosis,Communications,392859,RMB mn,RMB,1,Actual,Actual,SRC_A010,High,,,,,
CM_PHASE2_20260803,中国移动,中国移动有限公司（A股600941；H股941/80941）,China Mobile Limited及其附属公司合并口径,2021FY,Annual,REV_WIRELINE_BROADBAND,有线宽带服务收入,HistoricalDiagnosis,Home/Broadband,94230,RMB mn,RMB,1,Actual,Actual,SRC_A010,High,,,,,
CM_PHASE2_20260803,中国移动,中国移动有限公司（A股600941；H股941/80941）,China Mobile Limited及其附属公司合并口径,2021FY,Annual,REV_APPLICATION_INFO,应用及信息服务收入,HistoricalDiagnosis,Cloud/Digital/AI,136961,RMB mn,RMB,1,Actual,Actual,SRC_A010,High,,,,,
CM_PHASE2_20260803,中国移动,中国移动有限公司（A股600941；H股941/80941）,China Mobile Limited及其附属公司合并口径,2021FY,Annual,REV_SERVICE_OTHER,主营业务其他收入,HistoricalDiagnosis,Other service,20096,RMB mn,RMB,1,Actual,Actual,SRC_A010,High,,,,,
CM_PHASE2_20260803,中国移动,中国移动有限公司（A股600941；H股941/80941）,China Mobile Limited及其附属公司合并口径,2021FY,Annual,REV_LEGACY_COMM,传统移动通信收入代理,HistoricalDiagnosis,Communications,500122,RMB mn,RMB,1,Derived,Actual,SRC_A010,High,语音+短信彩信+无线数据流量服务收入,,,,
CM_PHASE2_20260803,中国移动,中国移动有限公司（A股600941；H股941/80941）,China Mobile Limited及其附属公司合并口径,2021FY,Annual,REV_WIRELESS_PER_MOBILE_MONTH,无线数据收入/移动客户/月,HistoricalDiagnosis,Communications,34.209247648902824,RMB/customer/month,RMB,1,Derived,Actual,SRC_A010,High,无线数据收入/年末移动客户/12；仅作变现强度代理,,,,
CM_PHASE2_20260803,中国移动,中国移动有限公司（A股600941；H股941/80941）,China Mobile Limited及其附属公司合并口径,2021FY,Annual,AR_DSO,应收账款周转天数,Risk,Receivables,14.917418992806434,days,,1,Derived,Actual,SRC_A010,High,期末应收账款/营业收入×365,,,,
CM_PHASE2_20260803,中国移动,中国移动有限公司（A股600941；H股941/80941）,China Mobile Limited及其附属公司合并口径,2021FY,Annual,AR_CA_REVENUE_RATIO,应收账款及合同资产/收入,Risk,Receivables,0.048592527273541776,%,,1,Derived,Actual,SRC_A010,High,（应收账款+合同资产）/营业收入,,,,
CM_PHASE2_20260803,中国移动,中国移动有限公司（A股600941；H股941/80941）,China Mobile Limited及其附属公司合并口径,2021FY,Annual,CREDIT_LOSS_REVENUE_RATIO,信用减值损失/收入,Risk,Receivables,0.004917136060019475,%,,1,Derived,Actual,SRC_A010,High,预期信用减值损失/营业收入,,,,
CM_PHASE2_20260803,中国移动,中国移动有限公司（A股600941；H股941/80941）,China Mobile Limited及其附属公司合并口径,2022FY,Annual,REV_VOICE,语音服务收入,HistoricalDiagnosis,Communications,75032,RMB mn,RMB,1,Actual,Actual,SRC_A011,High,,,,,
CM_PHASE2_20260803,中国移动,中国移动有限公司（A股600941；H股941/80941）,China Mobile Limited及其附属公司合并口径,2022FY,Annual,REV_SMS_MMS,短信及彩信服务收入,HistoricalDiagnosis,Communications,31344,RMB mn,RMB,1,Actual,Actual,SRC_A011,High,,,,,
CM_PHASE2_20260803,中国移动,中国移动有限公司（A股600941；H股941/80941）,China Mobile Limited及其附属公司合并口径,2022FY,Annual,REV_WIRELESS_DATA,无线数据流量服务收入,HistoricalDiagnosis,Communications,395933,RMB mn,RMB,1,Actual,Actual,SRC_A011,High,,,,,
CM_PHASE2_20260803,中国移动,中国移动有限公司（A股600941；H股941/80941）,China Mobile Limited及其附属公司合并口径,2022FY,Annual,REV_WIRELINE_BROADBAND,有线宽带服务收入,HistoricalDiagnosis,Home/Broadband,105030,RMB mn,RMB,1,Actual,Actual,SRC_A011,High,,,,,
CM_PHASE2_20260803,中国移动,中国移动有限公司（A股600941；H股941/80941）,China Mobile Limited及其附属公司合并口径,2022FY,Annual,REV_APPLICATION_INFO,应用及信息服务收入,HistoricalDiagnosis,Cloud/Digital/AI,182461,RMB mn,RMB,1,Actual,Actual,SRC_A011,High,,,,,
CM_PHASE2_20260803,中国移动,中国移动有限公司（A股600941；H股941/80941）,China Mobile Limited及其附属公司合并口径,2022FY,Annual,REV_SERVICE_OTHER,主营业务其他收入,HistoricalDiagnosis,Other service,22258,RMB mn,RMB,1,Actual,Actual,SRC_A011,High,,,,,
CM_PHASE2_20260803,中国移动,中国移动有限公司（A股600941；H股941/80941）,China Mobile Limited及其附属公司合并口径,2022FY,Annual,REV_LEGACY_COMM,传统移动通信收入代理,HistoricalDiagnosis,Communications,502309,RMB mn,RMB,1,Derived,Actual,SRC_A011,High,语音+短信彩信+无线数据流量服务收入,,,,
CM_PHASE2_20260803,中国移动,中国移动有限公司（A股600941；H股941/80941）,China Mobile Limited及其附属公司合并口径,2022FY,Annual,REV_WIRELESS_PER_MOBILE_MONTH,无线数据收入/移动客户/月,HistoricalDiagnosis,Communications,33.840427350427355,RMB/customer/month,RMB,1,Derived,Actual,SRC_A011,High,无线数据收入/年末移动客户/12；仅作变现强度代理,,,,
CM_PHASE2_20260803,中国移动,中国移动有限公司（A股600941；H股941/80941）,China Mobile Limited及其附属公司合并口径,2022FY,Annual,AR_DSO,应收账款周转天数,Risk,Receivables,16.651005751878614,days,,1,Derived,Actual,SRC_A011,High,期末应收账款/营业收入×365,,,,
CM_PHASE2_20260803,中国移动,中国移动有限公司（A股600941；H股941/80941）,China Mobile Limited及其附属公司合并口径,2022FY,Annual,AR_CA_REVENUE_RATIO,应收账款及合同资产/收入,Risk,Receivables,0.06019040628044116,%,,1,Derived,Actual,SRC_A011,High,（应收账款+合同资产）/营业收入,,,,
CM_PHASE2_20260803,中国移动,中国移动有限公司（A股600941；H股941/80941）,China Mobile Limited及其附属公司合并口径,2022FY,Annual,CREDIT_LOSS_REVENUE_RATIO,信用减值损失/收入,Risk,Receivables,0.004751088013025215,%,,1,Derived,Actual,SRC_A011,High,预期信用减值损失/营业收入,,,,
CM_PHASE2_20260803,中国移动,中国移动有限公司（A股600941；H股941/80941）,China Mobile Limited及其附属公司合并口径,2023FY,Annual,REV_VOICE,语音服务收入,HistoricalDiagnosis,Communications,72258,RMB mn,RMB,1,Actual,Actual,SRC_A012,High,,,,,
CM_PHASE2_20260803,中国移动,中国移动有限公司（A股600941；H股941/80941）,China Mobile Limited及其附属公司合并口径,2023FY,Annual,REV_SMS_MMS,短信及彩信服务收入,HistoricalDiagnosis,Communications,31106,RMB mn,RMB,1,Actual,Actual,SRC_A012,High,,,,,
CM_PHASE2_20260803,中国移动,中国移动有限公司（A股600941；H股941/80941）,China Mobile Limited及其附属公司合并口径,2023FY,Annual,REV_WIRELESS_DATA,无线数据流量服务收入,HistoricalDiagnosis,Communications,394797,RMB mn,RMB,1,Actual,Actual,SRC_A012,High,,,,,
CM_PHASE2_20260803,中国移动,中国移动有限公司（A股600941；H股941/80941）,China Mobile Limited及其附属公司合并口径,2023FY,Annual,REV_WIRELINE_BROADBAND,有线宽带服务收入,HistoricalDiagnosis,Home/Broadband,118768,RMB mn,RMB,1,Actual,Actual,SRC_A012,High,,,,,
CM_PHASE2_20260803,中国移动,中国移动有限公司（A股600941；H股941/80941）,China Mobile Limited及其附属公司合并口径,2023FY,Annual,REV_APPLICATION_INFO,应用及信息服务收入,HistoricalDiagnosis,Cloud/Digital/AI,221642,RMB mn,RMB,1,Actual,Actual,SRC_A012,High,,,,,
CM_PHASE2_20260803,中国移动,中国移动有限公司（A股600941；H股941/80941）,China Mobile Limited及其附属公司合并口径,2023FY,Annual,REV_SERVICE_OTHER,主营业务其他收入,HistoricalDiagnosis,Other service,24943,RMB mn,RMB,1,Actual,Actual,SRC_A012,High,,,,,
CM_PHASE2_20260803,中国移动,中国移动有限公司（A股600941；H股941/80941）,China Mobile Limited及其附属公司合并口径,2023FY,Annual,REV_LEGACY_COMM,传统移动通信收入代理,HistoricalDiagnosis,Communications,498161,RMB mn,RMB,1,Derived,Actual,SRC_A012,High,语音+短信彩信+无线数据流量服务收入,,,,
CM_PHASE2_20260803,中国移动,中国移动有限公司（A股600941；H股941/80941）,China Mobile Limited及其附属公司合并口径,2023FY,Annual,REV_WIRELESS_PER_MOBILE_MONTH,无线数据收入/移动客户/月,HistoricalDiagnosis,Communications,33.19853683148335,RMB/customer/month,RMB,1,Derived,Actual,SRC_A012,High,无线数据收入/年末移动客户/12；仅作变现强度代理,,,,
CM_PHASE2_20260803,中国移动,中国移动有限公司（A股600941；H股941/80941）,China Mobile Limited及其附属公司合并口径,2023FY,Annual,AR_DSO,应收账款周转天数,Risk,Receivables,19.84681103606527,days,,1,Derived,Actual,SRC_A012,High,期末应收账款/营业收入×365,,,,
CM_PHASE2_20260803,中国移动,中国移动有限公司（A股600941；H股941/80941）,China Mobile Limited及其附属公司合并口径,2023FY,Annual,AR_CA_REVENUE_RATIO,应收账款及合同资产/收入,Risk,Receivables,0.07360283124395006,%,,1,Derived,Actual,SRC_A012,High,（应收账款+合同资产）/营业收入,,,,
CM_PHASE2_20260803,中国移动,中国移动有限公司（A股600941；H股941/80941）,China Mobile Limited及其附属公司合并口径,2023FY,Annual,CREDIT_LOSS_REVENUE_RATIO,信用减值损失/收入,Risk,Receivables,0.009141898070858379,%,,1,Derived,Actual,SRC_A012,High,预期信用减值损失/营业收入,,,,
CM_PHASE2_20260803,中国移动,中国移动有限公司（A股600941；H股941/80941）,China Mobile Limited及其附属公司合并口径,2024FY,Annual,REV_VOICE,语音服务收入,HistoricalDiagnosis,Communications,70090,RMB mn,RMB,1,Actual,Actual,SRC_A013,High,,,,,
CM_PHASE2_20260803,中国移动,中国移动有限公司（A股600941；H股941/80941）,China Mobile Limited及其附属公司合并口径,2024FY,Annual,REV_SMS_MMS,短信及彩信服务收入,HistoricalDiagnosis,Communications,30822,RMB mn,RMB,1,Actual,Actual,SRC_A013,High,,,,,
CM_PHASE2_20260803,中国移动,中国移动有限公司（A股600941；H股941/80941）,China Mobile Limited及其附属公司合并口径,2024FY,Annual,REV_WIRELESS_DATA,无线数据流量服务收入,HistoricalDiagnosis,Communications,385936,RMB mn,RMB,1,Actual,Actual,SRC_A013,High,,,,,
CM_PHASE2_20260803,中国移动,中国移动有限公司（A股600941；H股941/80941）,China Mobile Limited及其附属公司合并口径,2024FY,Annual,REV_WIRELINE_BROADBAND,有线宽带服务收入,HistoricalDiagnosis,Home/Broadband,130192,RMB mn,RMB,1,Actual,Actual,SRC_A013,High,,,,,
CM_PHASE2_20260803,中国移动,中国移动有限公司（A股600941；H股941/80941）,China Mobile Limited及其附属公司合并口径,2024FY,Annual,REV_APPLICATION_INFO,应用及信息服务收入,HistoricalDiagnosis,Cloud/Digital/AI,243774,RMB mn,RMB,1,Actual,Actual,SRC_A013,High,,,,,
CM_PHASE2_20260803,中国移动,中国移动有限公司（A股600941；H股941/80941）,China Mobile Limited及其附属公司合并口径,2024FY,Annual,REV_SERVICE_OTHER,主营业务其他收入,HistoricalDiagnosis,Other service,28654,RMB mn,RMB,1,Actual,Actual,SRC_A013,High,,,,,
CM_PHASE2_20260803,中国移动,中国移动有限公司（A股600941；H股941/80941）,China Mobile Limited及其附属公司合并口径,2024FY,Annual,REV_LEGACY_COMM,传统移动通信收入代理,HistoricalDiagnosis,Communications,486848,RMB mn,RMB,1,Derived,Actual,SRC_A013,High,语音+短信彩信+无线数据流量服务收入,,,,
CM_PHASE2_20260803,中国移动,中国移动有限公司（A股600941；H股941/80941）,China Mobile Limited及其附属公司合并口径,2024FY,Annual,REV_WIRELESS_PER_MOBILE_MONTH,无线数据收入/移动客户/月,HistoricalDiagnosis,Communications,32.0332005312085,RMB/customer/month,RMB,1,Derived,Actual,SRC_A013,High,无线数据收入/年末移动客户/12；仅作变现强度代理,,,,
CM_PHASE2_20260803,中国移动,中国移动有限公司（A股600941；H股941/80941）,China Mobile Limited及其附属公司合并口径,2024FY,Annual,AR_DSO,应收账款周转天数,Risk,Receivables,26.56279215457181,days,,1,Derived,Actual,SRC_A013,High,期末应收账款/营业收入×365,,,,
CM_PHASE2_20260803,中国移动,中国移动有限公司（A股600941；H股941/80941）,China Mobile Limited及其附属公司合并口径,2024FY,Annual,AR_CA_REVENUE_RATIO,应收账款及合同资产/收入,Risk,Receivables,0.09263047449025183,%,,1,Derived,Actual,SRC_A013,High,（应收账款+合同资产）/营业收入,,,,
CM_PHASE2_20260803,中国移动,中国移动有限公司（A股600941；H股941/80941）,China Mobile Limited及其附属公司合并口径,2024FY,Annual,CREDIT_LOSS_REVENUE_RATIO,信用减值损失/收入,Risk,Receivables,0.013940787444547681,%,,1,Derived,Actual,SRC_A013,High,预期信用减值损失/营业收入,,,,
CM_PHASE2_20260803,中国移动,中国移动有限公司（A股600941；H股941/80941）,China Mobile Limited及其附属公司合并口径,2025FY,Annual,REV_VOICE,语音服务收入,HistoricalDiagnosis,Communications,66633,RMB mn,RMB,1,Actual,Actual,SRC_A016,High,,,,,
CM_PHASE2_20260803,中国移动,中国移动有限公司（A股600941；H股941/80941）,China Mobile Limited及其附属公司合并口径,2025FY,Annual,REV_SMS_MMS,短信及彩信服务收入,HistoricalDiagnosis,Communications,29602,RMB mn,RMB,1,Actual,Actual,SRC_A016,High,,,,,
CM_PHASE2_20260803,中国移动,中国移动有限公司（A股600941；H股941/80941）,China Mobile Limited及其附属公司合并口径,2025FY,Annual,REV_WIRELESS_DATA,无线数据流量服务收入,HistoricalDiagnosis,Communications,369092,RMB mn,RMB,1,Actual,Actual,SRC_A016,High,,,,,
CM_PHASE2_20260803,中国移动,中国移动有限公司（A股600941；H股941/80941）,China Mobile Limited及其附属公司合并口径,2025FY,Annual,REV_WIRELINE_BROADBAND,有线宽带服务收入,HistoricalDiagnosis,Home/Broadband,141569,RMB mn,RMB,1,Actual,Actual,SRC_A016,High,,,,,
CM_PHASE2_20260803,中国移动,中国移动有限公司（A股600941；H股941/80941）,China Mobile Limited及其附属公司合并口径,2025FY,Annual,REV_APPLICATION_INFO,应用及信息服务收入,HistoricalDiagnosis,Cloud/Digital/AI,258761,RMB mn,RMB,1,Actual,Actual,SRC_A016,High,,,,,
CM_PHASE2_20260803,中国移动,中国移动有限公司（A股600941；H股941/80941）,China Mobile Limited及其附属公司合并口径,2025FY,Annual,REV_SERVICE_OTHER,主营业务其他收入,HistoricalDiagnosis,Other service,29873,RMB mn,RMB,1,Actual,Actual,SRC_A016,High,,,,,
CM_PHASE2_20260803,中国移动,中国移动有限公司（A股600941；H股941/80941）,China Mobile Limited及其附属公司合并口径,2025FY,Annual,REV_LEGACY_COMM,传统移动通信收入代理,HistoricalDiagnosis,Communications,465327,RMB mn,RMB,1,Derived,Actual,SRC_A016,High,语音+短信彩信+无线数据流量服务收入,,,,
CM_PHASE2_20260803,中国移动,中国移动有限公司（A股600941；H股941/80941）,China Mobile Limited及其附属公司合并口径,2025FY,Annual,REV_WIRELESS_PER_MOBILE_MONTH,无线数据收入/移动客户/月,HistoricalDiagnosis,Communications,30.60464344941957,RMB/customer/month,RMB,1,Derived,Actual,SRC_A016,High,无线数据收入/年末移动客户/12；仅作变现强度代理,,,,
CM_PHASE2_20260803,中国移动,中国移动有限公司（A股600941；H股941/80941）,China Mobile Limited及其附属公司合并口径,2025FY,Annual,AR_DSO,应收账款周转天数,Risk,Receivables,34.67299633303402,days,,1,Derived,Actual,SRC_A016,High,期末应收账款/营业收入×365,,,,
CM_PHASE2_20260803,中国移动,中国移动有限公司（A股600941；H股941/80941）,China Mobile Limited及其附属公司合并口径,2025FY,Annual,AR_CA_REVENUE_RATIO,应收账款及合同资产/收入,Risk,Receivables,0.11420823148639242,%,,1,Derived,Actual,SRC_A016,High,（应收账款+合同资产）/营业收入,,,,
CM_PHASE2_20260803,中国移动,中国移动有限公司（A股600941；H股941/80941）,China Mobile Limited及其附属公司合并口径,2025FY,Annual,CREDIT_LOSS_REVENUE_RATIO,信用减值损失/收入,Risk,Receivables,0.008210918626873119,%,,1,Derived,Actual,SRC_A016,High,预期信用减值损失/营业收入,,,,
CM_PHASE2_20260803,中国移动,中国移动有限公司（A股600941；H股941/80941）,China Mobile Limited及其附属公司合并口径,2024FY,Annual,AR_91PLUS_RATIO,应收账款91天以上占比,Risk,Receivables,0.5037562218613433,%,,1,Derived,Actual,SRC_A016,High,91天至1年及1年以上应收/应收总额,,,,
CM_PHASE2_20260803,中国移动,中国移动有限公司（A股600941；H股941/80941）,China Mobile Limited及其附属公司合并口径,2025FY,Annual,AR_91PLUS_RATIO,应收账款91天以上占比,Risk,Receivables,0.5026563220464706,%,,1,Derived,Actual,SRC_A016,High,91天至1年及1年以上应收/应收总额,,,,
CM_PHASE2_20260803,中国移动,中国移动有限公司（A股600941；H股941/80941）,China Mobile Limited及其附属公司合并口径,2024FY,Annual,AR_OVER1Y_RATIO,应收账款1年以上占比,Risk,Receivables,0.12327537265153615,%,,1,Derived,Actual,SRC_A016,High,1年以上应收/应收总额,,,,
CM_PHASE2_20260803,中国移动,中国移动有限公司（A股600941；H股941/80941）,China Mobile Limited及其附属公司合并口径,2025FY,Annual,AR_OVER1Y_RATIO,应收账款1年以上占比,Risk,Receivables,0.1610733545839097,%,,1,Derived,Actual,SRC_A016,High,1年以上应收/应收总额,,,,
CM_PHASE2_20260803,中国移动,中国移动有限公司（A股600941；H股941/80941）,China Mobile Limited及其附属公司合并口径,2024FY,Annual,WC_OPERATING_CASH_BEFORE_WC,营运资本变动前经营现金流,CashFlowDiagnosis,Working capital,354393,RMB mn,RMB,1,Actual,Actual,SRC_A002,High,,,,,
CM_PHASE2_20260803,中国移动,中国移动有限公司（A股600941；H股941/80941）,China Mobile Limited及其附属公司合并口径,2025FY,Annual,WC_OPERATING_CASH_BEFORE_WC,营运资本变动前经营现金流,CashFlowDiagnosis,Working capital,347767,RMB mn,RMB,1,Actual,Actual,SRC_A002,High,,,,,
CM_PHASE2_20260803,中国移动,中国移动有限公司（A股600941；H股941/80941）,China Mobile Limited及其附属公司合并口径,2024FY,Annual,WC_NET_CHANGE,营运资本净现金贡献,CashFlowDiagnosis,Working capital,2457,RMB mn,RMB,1,Derived,Actual,SRC_A002,High,经营活动产生现金-营运资本变动前经营现金流,,,,
CM_PHASE2_20260803,中国移动,中国移动有限公司（A股600941；H股941/80941）,China Mobile Limited及其附属公司合并口径,2025FY,Annual,WC_NET_CHANGE,营运资本净现金贡献,CashFlowDiagnosis,Working capital,-70369,RMB mn,RMB,1,Derived,Actual,SRC_A002,High,经营活动产生现金-营运资本变动前经营现金流,,,,
CM_PHASE2_20260803,中国移动,中国移动有限公司（A股600941；H股941/80941）,China Mobile Limited及其附属公司合并口径,2024FY,Annual,CASH_TAX_PAID,现金所得税支出,CashFlowDiagnosis,Tax,41109,RMB mn,RMB,1,Derived,Actual,SRC_A002,High,内地及其他地区所得税+香港利得税,,,,
CM_PHASE2_20260803,中国移动,中国移动有限公司（A股600941；H股941/80941）,China Mobile Limited及其附属公司合并口径,2025FY,Annual,CASH_TAX_PAID,现金所得税支出,CashFlowDiagnosis,Tax,44479,RMB mn,RMB,1,Derived,Actual,SRC_A002,High,内地及其他地区所得税+香港利得税,,,,
CM_PHASE2_20260803,中国移动,中国移动有限公司（A股600941；H股941/80941）,China Mobile Limited及其附属公司合并口径,2024FY,Annual,REV_REPORTED_COMMS,通信服务收入,ReportedRevenue,Three principal businesses,722121.2121212122,RMB mn,RMB,1,Derived,Actual,SRC_A016,Medium,2025披露收入/(1+官方同比-1.0%),,,,用于2025增量桥接；公司未直接披露该新口径2024绝对值。
CM_PHASE2_20260803,中国移动,中国移动有限公司（A股600941；H股941/80941）,China Mobile Limited及其附属公司合并口径,2024FY,Annual,REV_REPORTED_COMPUTING,算力服务收入,ReportedRevenue,Three principal businesses,80828.08280828083,RMB mn,RMB,1,Derived,Actual,SRC_A016,Medium,2025披露收入/(1+官方同比11.1%),,,,用于2025增量桥接；公司未直接披露该新口径2024绝对值。
CM_PHASE2_20260803,中国移动,中国移动有限公司（A股600941；H股941/80941）,China Mobile Limited及其附属公司合并口径,2024FY,Annual,REV_REPORTED_AI,智能服务收入,ReportedRevenue,Three principal businesses,86229.81956315291,RMB mn,RMB,1,Derived,Actual,SRC_A016,Medium,2025披露收入/(1+官方同比5.3%),,,,用于2025增量桥接；公司未直接披露该新口径2024绝对值。
CM_PHASE2_20260803,中国移动,中国移动有限公司（A股600941；H股941/80941）,China Mobile Limited及其附属公司合并口径,2025FY,Annual,TAX_VAT_AFFECTED_REVENUE_BASE,VAT调整可能涉及的2025收入基数,Tax,ToC/Home,540263,RMB mn,RMB,1,Derived,Actual,SRC_A016,High,无线数据+短信彩信+有线宽带服务收入,,,,政策可能涉及的最大收入基数；实际套餐拆分和税收处理可能不同。
CM_PHASE2_20260803,中国通信业,,工信部全国通信业统计,2025FY,Annual,IND_MOBILE_DATA_REVENUE_GROWTH,行业移动数据收入增速,IndustryDemand,Mobile data,-0.031,%,,1,Actual,Actual,SRC_G001,High,,,,,
CM_PHASE2_20260803,中国通信业,,工信部全国通信业统计,2025FY,Annual,IND_MOBILE_TRAFFIC_GROWTH,行业移动流量增速,IndustryDemand,Mobile data,0.173,%,,1,Actual,Actual,SRC_G001,High,,,,,
CM_PHASE2_20260803,中国通信业,,工信部全国通信业统计,2025FY,Annual,IND_BROADBAND_REVENUE_GROWTH,行业宽带接入收入增速,IndustryDemand,Broadband,0.059,%,,1,Actual,Actual,SRC_G001,High,,,,,
CM_PHASE2_20260803,中国通信业,,工信部全国通信业统计,2025FY,Annual,IND_EMERGING_REVENUE_GROWTH,行业新兴业务收入增速,IndustryDemand,Cloud/BigData/IoT/DC,0.047,%,,1,Actual,Actual,SRC_G001,High,,,,,
CM_PHASE2_20260803,中国通信业,,工信部全国通信业统计,2025FY,Annual,IND_CLOUD_REVENUE_GROWTH,行业云计算收入增速,IndustryDemand,Cloud,0.029,%,,1,Actual,Actual,SRC_G001,High,,,,,
CM_PHASE2_20260803,中国通信业,,工信部全国通信业统计,2025FY,Annual,IND_IOT_REVENUE_GROWTH,行业移动物联网收入增速,IndustryDemand,IoT,0.049,%,,1,Actual,Actual,SRC_G001,High,,,,,
CM_PHASE2_20260803,中国信息通信业,,工信部全国口径,2026H1,Half-year,IND_INTELLIGENT_COMPUTE_SCALE_GROWTH,全国智能算力规模增速,IndustrySupply,AI compute,1.77,%,,1,Actual,Actual,SRC_G003,High,,,,,算力供给规模增速，不等于运营商收入或利用率。
CM_PHASE2_20260803,中国移动,中国移动有限公司（A股600941；H股941/80941）,China Mobile Limited及其附属公司合并口径,2026E-2030E,Forecast driver,DRV_MOBILE_CUSTOMER_GROWTH,移动客户年增速,Driver,ToC Mobile,-0.003,%,,1,Assumption,Bear,MODEL_P2,Medium,Phase 2历史趋势、官方行业数据和同业边界综合设定,-0.003,0.002,0.007,Phase 3可根据最新中报和实际完成率调整。
CM_PHASE2_20260803,中国移动,中国移动有限公司（A股600941；H股941/80941）,China Mobile Limited及其附属公司合并口径,2026E-2030E,Forecast driver,DRV_MOBILE_CUSTOMER_GROWTH,移动客户年增速,Driver,ToC Mobile,0.002,%,,1,Assumption,Base,MODEL_P2,Medium,Phase 2历史趋势、官方行业数据和同业边界综合设定,-0.003,0.002,0.007,Phase 3可根据最新中报和实际完成率调整。
CM_PHASE2_20260803,中国移动,中国移动有限公司（A股600941；H股941/80941）,China Mobile Limited及其附属公司合并口径,2026E-2030E,Forecast driver,DRV_MOBILE_CUSTOMER_GROWTH,移动客户年增速,Driver,ToC Mobile,0.007,%,,1,Assumption,Bull,MODEL_P2,Medium,Phase 2历史趋势、官方行业数据和同业边界综合设定,-0.003,0.002,0.007,Phase 3可根据最新中报和实际完成率调整。
CM_PHASE2_20260803,中国移动,中国移动有限公司（A股600941；H股941/80941）,China Mobile Limited及其附属公司合并口径,2026E-2030E,Forecast driver,DRV_MOBILE_ARPU_GROWTH,移动ARPU内生年增速（剔除VAT一次性）,Driver,ToC Mobile,-0.015,%,,1,Assumption,Bear,MODEL_P2,Medium,Phase 2历史趋势、官方行业数据和同业边界综合设定,-0.015,-0.003,0.007,Phase 3可根据最新中报和实际完成率调整。
CM_PHASE2_20260803,中国移动,中国移动有限公司（A股600941；H股941/80941）,China Mobile Limited及其附属公司合并口径,2026E-2030E,Forecast driver,DRV_MOBILE_ARPU_GROWTH,移动ARPU内生年增速（剔除VAT一次性）,Driver,ToC Mobile,-0.003,%,,1,Assumption,Base,MODEL_P2,Medium,Phase 2历史趋势、官方行业数据和同业边界综合设定,-0.015,-0.003,0.007,Phase 3可根据最新中报和实际完成率调整。
CM_PHASE2_20260803,中国移动,中国移动有限公司（A股600941；H股941/80941）,China Mobile Limited及其附属公司合并口径,2026E-2030E,Forecast driver,DRV_MOBILE_ARPU_GROWTH,移动ARPU内生年增速（剔除VAT一次性）,Driver,ToC Mobile,0.007,%,,1,Assumption,Bull,MODEL_P2,Medium,Phase 2历史趋势、官方行业数据和同业边界综合设定,-0.015,-0.003,0.007,Phase 3可根据最新中报和实际完成率调整。
CM_PHASE2_20260803,中国移动,中国移动有限公司（A股600941；H股941/80941）,China Mobile Limited及其附属公司合并口径,2026E-2030E,Forecast driver,DRV_MOBILE_ARPU_FLOOR,2030移动ARPU下限/目标,Driver,ToC Mobile,43.5,RMB/month,RMB,1,Assumption,Bear,MODEL_P2,Medium,Phase 2历史趋势、官方行业数据和同业边界综合设定,43.5,45.5,47.5,Phase 3可根据最新中报和实际完成率调整。
CM_PHASE2_20260803,中国移动,中国移动有限公司（A股600941；H股941/80941）,China Mobile Limited及其附属公司合并口径,2026E-2030E,Forecast driver,DRV_MOBILE_ARPU_FLOOR,2030移动ARPU下限/目标,Driver,ToC Mobile,45.5,RMB/month,RMB,1,Assumption,Base,MODEL_P2,Medium,Phase 2历史趋势、官方行业数据和同业边界综合设定,43.5,45.5,47.5,Phase 3可根据最新中报和实际完成率调整。
CM_PHASE2_20260803,中国移动,中国移动有限公司（A股600941；H股941/80941）,China Mobile Limited及其附属公司合并口径,2026E-2030E,Forecast driver,DRV_MOBILE_ARPU_FLOOR,2030移动ARPU下限/目标,Driver,ToC Mobile,47.5,RMB/month,RMB,1,Assumption,Bull,MODEL_P2,Medium,Phase 2历史趋势、官方行业数据和同业边界综合设定,43.5,45.5,47.5,Phase 3可根据最新中报和实际完成率调整。
CM_PHASE2_20260803,中国移动,中国移动有限公司（A股600941；H股941/80941）,China Mobile Limited及其附属公司合并口径,2026E-2030E,Forecast driver,DRV_HOME_CUSTOMER_GROWTH,宽带联网客户年增速,Driver,Home,0.015,%,,1,Assumption,Bear,MODEL_P2,Medium,Phase 2历史趋势、官方行业数据和同业边界综合设定,0.015,0.028,0.04,Phase 3可根据最新中报和实际完成率调整。
CM_PHASE2_20260803,中国移动,中国移动有限公司（A股600941；H股941/80941）,China Mobile Limited及其附属公司合并口径,2026E-2030E,Forecast driver,DRV_HOME_CUSTOMER_GROWTH,宽带联网客户年增速,Driver,Home,0.028,%,,1,Assumption,Base,MODEL_P2,Medium,Phase 2历史趋势、官方行业数据和同业边界综合设定,0.015,0.028,0.04,Phase 3可根据最新中报和实际完成率调整。
CM_PHASE2_20260803,中国移动,中国移动有限公司（A股600941；H股941/80941）,China Mobile Limited及其附属公司合并口径,2026E-2030E,Forecast driver,DRV_HOME_CUSTOMER_GROWTH,宽带联网客户年增速,Driver,Home,0.04,%,,1,Assumption,Bull,MODEL_P2,Medium,Phase 2历史趋势、官方行业数据和同业边界综合设定,0.015,0.028,0.04,Phase 3可根据最新中报和实际完成率调整。
CM_PHASE2_20260803,中国移动,中国移动有限公司（A股600941；H股941/80941）,China Mobile Limited及其附属公司合并口径,2026E-2030E,Forecast driver,DRV_HOME_ARPU_GROWTH,家庭综合ARPU年增速,Driver,Home,0.005,%,,1,Assumption,Bear,MODEL_P2,Medium,Phase 2历史趋势、官方行业数据和同业边界综合设定,0.005,0.018,0.03,Phase 3可根据最新中报和实际完成率调整。
CM_PHASE2_20260803,中国移动,中国移动有限公司（A股600941；H股941/80941）,China Mobile Limited及其附属公司合并口径,2026E-2030E,Forecast driver,DRV_HOME_ARPU_GROWTH,家庭综合ARPU年增速,Driver,Home,0.018,%,,1,Assumption,Base,MODEL_P2,Medium,Phase 2历史趋势、官方行业数据和同业边界综合设定,0.005,0.018,0.03,Phase 3可根据最新中报和实际完成率调整。
CM_PHASE2_20260803,中国移动,中国移动有限公司（A股600941；H股941/80941）,China Mobile Limited及其附属公司合并口径,2026E-2030E,Forecast driver,DRV_HOME_ARPU_GROWTH,家庭综合ARPU年增速,Driver,Home,0.03,%,,1,Assumption,Bull,MODEL_P2,Medium,Phase 2历史趋势、官方行业数据和同业边界综合设定,0.005,0.018,0.03,Phase 3可根据最新中报和实际完成率调整。
CM_PHASE2_20260803,中国移动,中国移动有限公司（A股600941；H股941/80941）,China Mobile Limited及其附属公司合并口径,2026E-2030E,Forecast driver,DRV_ENTERPRISE_CONNECT_GROWTH,企业连接与传统网络收入增速,Driver,Enterprise Connect,-0.005,%,,1,Assumption,Bear,MODEL_P2,Medium,Phase 2历史趋势、官方行业数据和同业边界综合设定,-0.005,0.015,0.035,Phase 3可根据最新中报和实际完成率调整。
CM_PHASE2_20260803,中国移动,中国移动有限公司（A股600941；H股941/80941）,China Mobile Limited及其附属公司合并口径,2026E-2030E,Forecast driver,DRV_ENTERPRISE_CONNECT_GROWTH,企业连接与传统网络收入增速,Driver,Enterprise Connect,0.015,%,,1,Assumption,Base,MODEL_P2,Medium,Phase 2历史趋势、官方行业数据和同业边界综合设定,-0.005,0.015,0.035,Phase 3可根据最新中报和实际完成率调整。
CM_PHASE2_20260803,中国移动,中国移动有限公司（A股600941；H股941/80941）,China Mobile Limited及其附属公司合并口径,2026E-2030E,Forecast driver,DRV_ENTERPRISE_CONNECT_GROWTH,企业连接与传统网络收入增速,Driver,Enterprise Connect,0.035,%,,1,Assumption,Bull,MODEL_P2,Medium,Phase 2历史趋势、官方行业数据和同业边界综合设定,-0.005,0.015,0.035,Phase 3可根据最新中报和实际完成率调整。
CM_PHASE2_20260803,中国移动,中国移动有限公司（A股600941；H股941/80941）,China Mobile Limited及其附属公司合并口径,2026E-2030E,Forecast driver,DRV_CLOUD_NONAI_GROWTH,非AI云与数字化收入增速,Driver,Cloud & Digital,0.035,%,,1,Assumption,Bear,MODEL_P2,Medium,Phase 2历史趋势、官方行业数据和同业边界综合设定,0.035,0.065,0.1,Phase 3可根据最新中报和实际完成率调整。
CM_PHASE2_20260803,中国移动,中国移动有限公司（A股600941；H股941/80941）,China Mobile Limited及其附属公司合并口径,2026E-2030E,Forecast driver,DRV_CLOUD_NONAI_GROWTH,非AI云与数字化收入增速,Driver,Cloud & Digital,0.065,%,,1,Assumption,Base,MODEL_P2,Medium,Phase 2历史趋势、官方行业数据和同业边界综合设定,0.035,0.065,0.1,Phase 3可根据最新中报和实际完成率调整。
CM_PHASE2_20260803,中国移动,中国移动有限公司（A股600941；H股941/80941）,China Mobile Limited及其附属公司合并口径,2026E-2030E,Forecast driver,DRV_CLOUD_NONAI_GROWTH,非AI云与数字化收入增速,Driver,Cloud & Digital,0.1,%,,1,Assumption,Bull,MODEL_P2,Medium,Phase 2历史趋势、官方行业数据和同业边界综合设定,0.035,0.065,0.1,Phase 3可根据最新中报和实际完成率调整。
CM_PHASE2_20260803,中国移动,中国移动有限公司（A股600941；H股941/80941）,China Mobile Limited及其附属公司合并口径,2026E-2030E,Forecast driver,DRV_AI_AIDC_GROWTH,AI/AIDC收入增速,Driver,AI/AIDC,0.1,%,,1,Assumption,Bear,MODEL_P2,Medium,Phase 2历史趋势、官方行业数据和同业边界综合设定,0.1,0.2,0.3,Phase 3可根据最新中报和实际完成率调整。
CM_PHASE2_20260803,中国移动,中国移动有限公司（A股600941；H股941/80941）,China Mobile Limited及其附属公司合并口径,2026E-2030E,Forecast driver,DRV_AI_AIDC_GROWTH,AI/AIDC收入增速,Driver,AI/AIDC,0.2,%,,1,Assumption,Base,MODEL_P2,Medium,Phase 2历史趋势、官方行业数据和同业边界综合设定,0.1,0.2,0.3,Phase 3可根据最新中报和实际完成率调整。
CM_PHASE2_20260803,中国移动,中国移动有限公司（A股600941；H股941/80941）,China Mobile Limited及其附属公司合并口径,2026E-2030E,Forecast driver,DRV_AI_AIDC_GROWTH,AI/AIDC收入增速,Driver,AI/AIDC,0.3,%,,1,Assumption,Bull,MODEL_P2,Medium,Phase 2历史趋势、官方行业数据和同业边界综合设定,0.1,0.2,0.3,Phase 3可根据最新中报和实际完成率调整。
CM_PHASE2_20260803,中国移动,中国移动有限公司（A股600941；H股941/80941）,China Mobile Limited及其附属公司合并口径,2026E-2030E,Forecast driver,DRV_AI_SERVICE_GROWTH,智能服务收入增速,Driver,AI services,0.04,%,,1,Assumption,Bear,MODEL_P2,Medium,Phase 2历史趋势、官方行业数据和同业边界综合设定,0.04,0.08,0.13,Phase 3可根据最新中报和实际完成率调整。
CM_PHASE2_20260803,中国移动,中国移动有限公司（A股600941；H股941/80941）,China Mobile Limited及其附属公司合并口径,2026E-2030E,Forecast driver,DRV_AI_SERVICE_GROWTH,智能服务收入增速,Driver,AI services,0.08,%,,1,Assumption,Base,MODEL_P2,Medium,Phase 2历史趋势、官方行业数据和同业边界综合设定,0.04,0.08,0.13,Phase 3可根据最新中报和实际完成率调整。
CM_PHASE2_20260803,中国移动,中国移动有限公司（A股600941；H股941/80941）,China Mobile Limited及其附属公司合并口径,2026E-2030E,Forecast driver,DRV_AI_SERVICE_GROWTH,智能服务收入增速,Driver,AI services,0.13,%,,1,Assumption,Bull,MODEL_P2,Medium,Phase 2历史趋势、官方行业数据和同业边界综合设定,0.04,0.08,0.13,Phase 3可根据最新中报和实际完成率调整。
CM_PHASE2_20260803,中国移动,中国移动有限公司（A股600941；H股941/80941）,China Mobile Limited及其附属公司合并口径,2026E-2030E,Forecast driver,DRV_IOT_REVENUE_GROWTH,物联网收入增速,Driver,IoT,0.025,%,,1,Assumption,Bear,MODEL_P2,Medium,Phase 2历史趋势、官方行业数据和同业边界综合设定,0.025,0.055,0.085,Phase 3可根据最新中报和实际完成率调整。
CM_PHASE2_20260803,中国移动,中国移动有限公司（A股600941；H股941/80941）,China Mobile Limited及其附属公司合并口径,2026E-2030E,Forecast driver,DRV_IOT_REVENUE_GROWTH,物联网收入增速,Driver,IoT,0.055,%,,1,Assumption,Base,MODEL_P2,Medium,Phase 2历史趋势、官方行业数据和同业边界综合设定,0.025,0.055,0.085,Phase 3可根据最新中报和实际完成率调整。
CM_PHASE2_20260803,中国移动,中国移动有限公司（A股600941；H股941/80941）,China Mobile Limited及其附属公司合并口径,2026E-2030E,Forecast driver,DRV_IOT_REVENUE_GROWTH,物联网收入增速,Driver,IoT,0.085,%,,1,Assumption,Bull,MODEL_P2,Medium,Phase 2历史趋势、官方行业数据和同业边界综合设定,0.025,0.055,0.085,Phase 3可根据最新中报和实际完成率调整。
CM_PHASE2_20260803,中国移动,中国移动有限公司（A股600941；H股941/80941）,China Mobile Limited及其附属公司合并口径,2026E-2030E,Forecast driver,DRV_DEVICE_OTHER_GROWTH,终端及其他业务收入增速,Driver,Device & Other,-0.02,%,,1,Assumption,Bear,MODEL_P2,Medium,Phase 2历史趋势、官方行业数据和同业边界综合设定,-0.02,0.01,0.04,Phase 3可根据最新中报和实际完成率调整。
CM_PHASE2_20260803,中国移动,中国移动有限公司（A股600941；H股941/80941）,China Mobile Limited及其附属公司合并口径,2026E-2030E,Forecast driver,DRV_DEVICE_OTHER_GROWTH,终端及其他业务收入增速,Driver,Device & Other,0.01,%,,1,Assumption,Base,MODEL_P2,Medium,Phase 2历史趋势、官方行业数据和同业边界综合设定,-0.02,0.01,0.04,Phase 3可根据最新中报和实际完成率调整。
CM_PHASE2_20260803,中国移动,中国移动有限公司（A股600941；H股941/80941）,China Mobile Limited及其附属公司合并口径,2026E-2030E,Forecast driver,DRV_DEVICE_OTHER_GROWTH,终端及其他业务收入增速,Driver,Device & Other,0.04,%,,1,Assumption,Bull,MODEL_P2,Medium,Phase 2历史趋势、官方行业数据和同业边界综合设定,-0.02,0.01,0.04,Phase 3可根据最新中报和实际完成率调整。
CM_PHASE2_20260803,中国移动,中国移动有限公司（A股600941；H股941/80941）,China Mobile Limited及其附属公司合并口径,2026E-2030E,Forecast driver,DRV_NETWORK_COST_RATE,网络运行与支撑成本率,Driver,Cost,0.28,%,,1,Assumption,Bear,MODEL_P2,Medium,Phase 2历史趋势、官方行业数据和同业边界综合设定,0.28,0.27,0.26,Phase 3可根据最新中报和实际完成率调整。
CM_PHASE2_20260803,中国移动,中国移动有限公司（A股600941；H股941/80941）,China Mobile Limited及其附属公司合并口径,2026E-2030E,Forecast driver,DRV_NETWORK_COST_RATE,网络运行与支撑成本率,Driver,Cost,0.27,%,,1,Assumption,Base,MODEL_P2,Medium,Phase 2历史趋势、官方行业数据和同业边界综合设定,0.28,0.27,0.26,Phase 3可根据最新中报和实际完成率调整。
CM_PHASE2_20260803,中国移动,中国移动有限公司（A股600941；H股941/80941）,China Mobile Limited及其附属公司合并口径,2026E-2030E,Forecast driver,DRV_NETWORK_COST_RATE,网络运行与支撑成本率,Driver,Cost,0.26,%,,1,Assumption,Bull,MODEL_P2,Medium,Phase 2历史趋势、官方行业数据和同业边界综合设定,0.28,0.27,0.26,Phase 3可根据最新中报和实际完成率调整。
CM_PHASE2_20260803,中国移动,中国移动有限公司（A股600941；H股941/80941）,China Mobile Limited及其附属公司合并口径,2026E-2030E,Forecast driver,DRV_EMPLOYEE_COST_RATE,人工成本率,Driver,Cost,0.15,%,,1,Assumption,Bear,MODEL_P2,Medium,Phase 2历史趋势、官方行业数据和同业边界综合设定,0.15,0.145,0.14,Phase 3可根据最新中报和实际完成率调整。
CM_PHASE2_20260803,中国移动,中国移动有限公司（A股600941；H股941/80941）,China Mobile Limited及其附属公司合并口径,2026E-2030E,Forecast driver,DRV_EMPLOYEE_COST_RATE,人工成本率,Driver,Cost,0.145,%,,1,Assumption,Base,MODEL_P2,Medium,Phase 2历史趋势、官方行业数据和同业边界综合设定,0.15,0.145,0.14,Phase 3可根据最新中报和实际完成率调整。
CM_PHASE2_20260803,中国移动,中国移动有限公司（A股600941；H股941/80941）,China Mobile Limited及其附属公司合并口径,2026E-2030E,Forecast driver,DRV_EMPLOYEE_COST_RATE,人工成本率,Driver,Cost,0.14,%,,1,Assumption,Bull,MODEL_P2,Medium,Phase 2历史趋势、官方行业数据和同业边界综合设定,0.15,0.145,0.14,Phase 3可根据最新中报和实际完成率调整。
CM_PHASE2_20260803,中国移动,中国移动有限公司（A股600941；H股941/80941）,China Mobile Limited及其附属公司合并口径,2026E-2030E,Forecast driver,DRV_SELLING_COST_RATE,销售费用率,Driver,Cost,0.055,%,,1,Assumption,Bear,MODEL_P2,Medium,Phase 2历史趋势、官方行业数据和同业边界综合设定,0.055,0.0525,0.05,Phase 3可根据最新中报和实际完成率调整。
CM_PHASE2_20260803,中国移动,中国移动有限公司（A股600941；H股941/80941）,China Mobile Limited及其附属公司合并口径,2026E-2030E,Forecast driver,DRV_SELLING_COST_RATE,销售费用率,Driver,Cost,0.0525,%,,1,Assumption,Base,MODEL_P2,Medium,Phase 2历史趋势、官方行业数据和同业边界综合设定,0.055,0.0525,0.05,Phase 3可根据最新中报和实际完成率调整。
CM_PHASE2_20260803,中国移动,中国移动有限公司（A股600941；H股941/80941）,China Mobile Limited及其附属公司合并口径,2026E-2030E,Forecast driver,DRV_SELLING_COST_RATE,销售费用率,Driver,Cost,0.05,%,,1,Assumption,Bull,MODEL_P2,Medium,Phase 2历史趋势、官方行业数据和同业边界综合设定,0.055,0.0525,0.05,Phase 3可根据最新中报和实际完成率调整。
CM_PHASE2_20260803,中国移动,中国移动有限公司（A股600941；H股941/80941）,China Mobile Limited及其附属公司合并口径,2026E-2030E,Forecast driver,DRV_CREDIT_LOSS_RATE,信用减值/收入,Driver,Receivables,0.012,%,,1,Assumption,Bear,MODEL_P2,Medium,Phase 2历史趋势、官方行业数据和同业边界综合设定,0.012,0.009,0.007,Phase 3可根据最新中报和实际完成率调整。
CM_PHASE2_20260803,中国移动,中国移动有限公司（A股600941；H股941/80941）,China Mobile Limited及其附属公司合并口径,2026E-2030E,Forecast driver,DRV_CREDIT_LOSS_RATE,信用减值/收入,Driver,Receivables,0.009,%,,1,Assumption,Base,MODEL_P2,Medium,Phase 2历史趋势、官方行业数据和同业边界综合设定,0.012,0.009,0.007,Phase 3可根据最新中报和实际完成率调整。
CM_PHASE2_20260803,中国移动,中国移动有限公司（A股600941；H股941/80941）,China Mobile Limited及其附属公司合并口径,2026E-2030E,Forecast driver,DRV_CREDIT_LOSS_RATE,信用减值/收入,Driver,Receivables,0.007,%,,1,Assumption,Bull,MODEL_P2,Medium,Phase 2历史趋势、官方行业数据和同业边界综合设定,0.012,0.009,0.007,Phase 3可根据最新中报和实际完成率调整。
CM_PHASE2_20260803,中国移动,中国移动有限公司（A股600941；H股941/80941）,China Mobile Limited及其附属公司合并口径,2026E-2030E,Forecast driver,DRV_AR_DSO,应收账款周转天数,Driver,Receivables,40,days,,1,Assumption,Bear,MODEL_P2,Medium,Phase 2历史趋势、官方行业数据和同业边界综合设定,40,34,30,Phase 3可根据最新中报和实际完成率调整。
CM_PHASE2_20260803,中国移动,中国移动有限公司（A股600941；H股941/80941）,China Mobile Limited及其附属公司合并口径,2026E-2030E,Forecast driver,DRV_AR_DSO,应收账款周转天数,Driver,Receivables,34,days,,1,Assumption,Base,MODEL_P2,Medium,Phase 2历史趋势、官方行业数据和同业边界综合设定,40,34,30,Phase 3可根据最新中报和实际完成率调整。
CM_PHASE2_20260803,中国移动,中国移动有限公司（A股600941；H股941/80941）,China Mobile Limited及其附属公司合并口径,2026E-2030E,Forecast driver,DRV_AR_DSO,应收账款周转天数,Driver,Receivables,30,days,,1,Assumption,Bull,MODEL_P2,Medium,Phase 2历史趋势、官方行业数据和同业边界综合设定,40,34,30,Phase 3可根据最新中报和实际完成率调整。
CM_PHASE2_20260803,中国移动,中国移动有限公司（A股600941；H股941/80941）,China Mobile Limited及其附属公司合并口径,2026E-2030E,Forecast driver,DRV_CAPEX_RATE,资本开支/主营业务收入,Driver,Capex,0.17,%,,1,Assumption,Bear,MODEL_P2,Medium,Phase 2历史趋势、官方行业数据和同业边界综合设定,0.17,0.15,0.14,Phase 3可根据最新中报和实际完成率调整。
CM_PHASE2_20260803,中国移动,中国移动有限公司（A股600941；H股941/80941）,China Mobile Limited及其附属公司合并口径,2026E-2030E,Forecast driver,DRV_CAPEX_RATE,资本开支/主营业务收入,Driver,Capex,0.15,%,,1,Assumption,Base,MODEL_P2,Medium,Phase 2历史趋势、官方行业数据和同业边界综合设定,0.17,0.15,0.14,Phase 3可根据最新中报和实际完成率调整。
CM_PHASE2_20260803,中国移动,中国移动有限公司（A股600941；H股941/80941）,China Mobile Limited及其附属公司合并口径,2026E-2030E,Forecast driver,DRV_CAPEX_RATE,资本开支/主营业务收入,Driver,Capex,0.14,%,,1,Assumption,Bull,MODEL_P2,Medium,Phase 2历史趋势、官方行业数据和同业边界综合设定,0.17,0.15,0.14,Phase 3可根据最新中报和实际完成率调整。
CM_PHASE2_20260803,中国移动,中国移动有限公司（A股600941；H股941/80941）,China Mobile Limited及其附属公司合并口径,2026E-2030E,Forecast driver,DRV_CFO_RATE,经营现金流/主营业务收入,Driver,Cash flow,0.28,%,,1,Assumption,Bear,MODEL_P2,Medium,Phase 2历史趋势、官方行业数据和同业边界综合设定,0.28,0.32,0.35,Phase 3可根据最新中报和实际完成率调整。
CM_PHASE2_20260803,中国移动,中国移动有限公司（A股600941；H股941/80941）,China Mobile Limited及其附属公司合并口径,2026E-2030E,Forecast driver,DRV_CFO_RATE,经营现金流/主营业务收入,Driver,Cash flow,0.32,%,,1,Assumption,Base,MODEL_P2,Medium,Phase 2历史趋势、官方行业数据和同业边界综合设定,0.28,0.32,0.35,Phase 3可根据最新中报和实际完成率调整。
CM_PHASE2_20260803,中国移动,中国移动有限公司（A股600941；H股941/80941）,China Mobile Limited及其附属公司合并口径,2026E-2030E,Forecast driver,DRV_CFO_RATE,经营现金流/主营业务收入,Driver,Cash flow,0.35,%,,1,Assumption,Bull,MODEL_P2,Medium,Phase 2历史趋势、官方行业数据和同业边界综合设定,0.28,0.32,0.35,Phase 3可根据最新中报和实际完成率调整。
CM_PHASE2_20260803,中国移动,中国移动有限公司（A股600941；H股941/80941）,China Mobile Limited及其附属公司合并口径,2026E-2030E,Forecast driver,DRV_PAYOUT,派息率,Driver,Dividend,0.76,%,,1,Assumption,Bear,MODEL_P2,Medium,Phase 2历史趋势、官方行业数据和同业边界综合设定,0.76,0.79,0.82,Phase 3可根据最新中报和实际完成率调整。
CM_PHASE2_20260803,中国移动,中国移动有限公司（A股600941；H股941/80941）,China Mobile Limited及其附属公司合并口径,2026E-2030E,Forecast driver,DRV_PAYOUT,派息率,Driver,Dividend,0.79,%,,1,Assumption,Base,MODEL_P2,Medium,Phase 2历史趋势、官方行业数据和同业边界综合设定,0.76,0.79,0.82,Phase 3可根据最新中报和实际完成率调整。
CM_PHASE2_20260803,中国移动,中国移动有限公司（A股600941；H股941/80941）,China Mobile Limited及其附属公司合并口径,2026E-2030E,Forecast driver,DRV_PAYOUT,派息率,Driver,Dividend,0.82,%,,1,Assumption,Bull,MODEL_P2,Medium,Phase 2历史趋势、官方行业数据和同业边界综合设定,0.76,0.79,0.82,Phase 3可根据最新中报和实际完成率调整。
CM_PHASE2_20260803,中国移动,中国移动有限公司（A股600941；H股941/80941）,China Mobile Limited及其附属公司合并口径,2026E-2030E,Forecast driver,DRV_AIDC_SHARE_COMPUTING,AIDC占算力服务收入,Driver,AI/AIDC,0.2,%,,1,Assumption,Bear,MODEL_P2,Medium,Phase 2历史趋势、官方行业数据和同业边界综合设定,0.2,0.35,0.5,Phase 3可根据最新中报和实际完成率调整。
CM_PHASE2_20260803,中国移动,中国移动有限公司（A股600941；H股941/80941）,China Mobile Limited及其附属公司合并口径,2026E-2030E,Forecast driver,DRV_AIDC_SHARE_COMPUTING,AIDC占算力服务收入,Driver,AI/AIDC,0.35,%,,1,Assumption,Base,MODEL_P2,Medium,Phase 2历史趋势、官方行业数据和同业边界综合设定,0.2,0.35,0.5,Phase 3可根据最新中报和实际完成率调整。
CM_PHASE2_20260803,中国移动,中国移动有限公司（A股600941；H股941/80941）,China Mobile Limited及其附属公司合并口径,2026E-2030E,Forecast driver,DRV_AIDC_SHARE_COMPUTING,AIDC占算力服务收入,Driver,AI/AIDC,0.5,%,,1,Assumption,Bull,MODEL_P2,Medium,Phase 2历史趋势、官方行业数据和同业边界综合设定,0.2,0.35,0.5,Phase 3可根据最新中报和实际完成率调整。
CM_PHASE2_20260803,中国移动,中国移动有限公司（A股600941；H股941/80941）,China Mobile Limited及其附属公司合并口径,2026E-2030E,Forecast driver,DRV_AIDC_CONTRIBUTION_MARGIN,AIDC增量贡献利润率,Driver,AI/AIDC,0.075,%,,1,Assumption,Bear,MODEL_P2,Medium,Phase 2历史趋势、官方行业数据和同业边界综合设定,0.075,0.14,0.215,Phase 3可根据最新中报和实际完成率调整。
CM_PHASE2_20260803,中国移动,中国移动有限公司（A股600941；H股941/80941）,China Mobile Limited及其附属公司合并口径,2026E-2030E,Forecast driver,DRV_AIDC_CONTRIBUTION_MARGIN,AIDC增量贡献利润率,Driver,AI/AIDC,0.14,%,,1,Assumption,Base,MODEL_P2,Medium,Phase 2历史趋势、官方行业数据和同业边界综合设定,0.075,0.14,0.215,Phase 3可根据最新中报和实际完成率调整。
CM_PHASE2_20260803,中国移动,中国移动有限公司（A股600941；H股941/80941）,China Mobile Limited及其附属公司合并口径,2026E-2030E,Forecast driver,DRV_AIDC_CONTRIBUTION_MARGIN,AIDC增量贡献利润率,Driver,AI/AIDC,0.215,%,,1,Assumption,Bull,MODEL_P2,Medium,Phase 2历史趋势、官方行业数据和同业边界综合设定,0.075,0.14,0.215,Phase 3可根据最新中报和实际完成率调整。
CM_PHASE2_20260803,中国移动,中国移动有限公司（A股600941；H股941/80941）,China Mobile Limited及其附属公司合并口径,2026E-2030E,Forecast driver,DRV_VAT_REVENUE_IMPACT_2026,2026 VAT收入影响,Driver,Tax,-14870,RMB mn,RMB,1,Assumption,Bear,MODEL_P2,Medium,Phase 2历史趋势、官方行业数据和同业边界综合设定,-14870,-12000,-8000,Phase 3可根据最新中报和实际完成率调整。
CM_PHASE2_20260803,中国移动,中国移动有限公司（A股600941；H股941/80941）,China Mobile Limited及其附属公司合并口径,2026E-2030E,Forecast driver,DRV_VAT_REVENUE_IMPACT_2026,2026 VAT收入影响,Driver,Tax,-12000,RMB mn,RMB,1,Assumption,Base,MODEL_P2,Medium,Phase 2历史趋势、官方行业数据和同业边界综合设定,-14870,-12000,-8000,Phase 3可根据最新中报和实际完成率调整。
CM_PHASE2_20260803,中国移动,中国移动有限公司（A股600941；H股941/80941）,China Mobile Limited及其附属公司合并口径,2026E-2030E,Forecast driver,DRV_VAT_REVENUE_IMPACT_2026,2026 VAT收入影响,Driver,Tax,-8000,RMB mn,RMB,1,Assumption,Bull,MODEL_P2,Medium,Phase 2历史趋势、官方行业数据和同业边界综合设定,-14870,-12000,-8000,Phase 3可根据最新中报和实际完成率调整。
CM_PHASE2_20260803,中国移动,中国移动有限公司（A股600941；H股941/80941）,China Mobile Limited及其附属公司合并口径,2026E-2030E,Forecast driver,DRV_VAT_NP_IMPACT_2026,2026 VAT税后利润影响,Driver,Tax,-10000,RMB mn,RMB,1,Assumption,Bear,MODEL_P2,Medium,Phase 2历史趋势、官方行业数据和同业边界综合设定,-10000,-7000,-4000,Phase 3可根据最新中报和实际完成率调整。
CM_PHASE2_20260803,中国移动,中国移动有限公司（A股600941；H股941/80941）,China Mobile Limited及其附属公司合并口径,2026E-2030E,Forecast driver,DRV_VAT_NP_IMPACT_2026,2026 VAT税后利润影响,Driver,Tax,-7000,RMB mn,RMB,1,Assumption,Base,MODEL_P2,Medium,Phase 2历史趋势、官方行业数据和同业边界综合设定,-10000,-7000,-4000,Phase 3可根据最新中报和实际完成率调整。
CM_PHASE2_20260803,中国移动,中国移动有限公司（A股600941；H股941/80941）,China Mobile Limited及其附属公司合并口径,2026E-2030E,Forecast driver,DRV_VAT_NP_IMPACT_2026,2026 VAT税后利润影响,Driver,Tax,-4000,RMB mn,RMB,1,Assumption,Bull,MODEL_P2,Medium,Phase 2历史趋势、官方行业数据和同业边界综合设定,-10000,-7000,-4000,Phase 3可根据最新中报和实际完成率调整。
CM_PHASE2_20260803,中国移动,中国移动有限公司（A股600941；H股941/80941）,China Mobile Limited及其附属公司合并口径,2026E-2030E,Forecast driver,DRV_CAPEX_2026,2026资本开支,Driver,Capex,145000,RMB mn,RMB,1,Assumption,Bear,MODEL_P2,Medium,Phase 2历史趋势、官方行业数据和同业边界综合设定,145000,136600,130000,Phase 3可根据最新中报和实际完成率调整。
CM_PHASE2_20260803,中国移动,中国移动有限公司（A股600941；H股941/80941）,China Mobile Limited及其附属公司合并口径,2026E-2030E,Forecast driver,DRV_CAPEX_2026,2026资本开支,Driver,Capex,136600,RMB mn,RMB,1,Assumption,Base,MODEL_P2,Medium,Phase 2历史趋势、官方行业数据和同业边界综合设定,145000,136600,130000,Phase 3可根据最新中报和实际完成率调整。
CM_PHASE2_20260803,中国移动,中国移动有限公司（A股600941；H股941/80941）,China Mobile Limited及其附属公司合并口径,2026E-2030E,Forecast driver,DRV_CAPEX_2026,2026资本开支,Driver,Capex,130000,RMB mn,RMB,1,Assumption,Bull,MODEL_P2,Medium,Phase 2历史趋势、官方行业数据和同业边界综合设定,145000,136600,130000,Phase 3可根据最新中报和实际完成率调整。
CM_PHASE2_20260803,中国移动,中国移动有限公司（A股600941；H股941/80941）,China Mobile Limited及其附属公司合并口径,2026E-2030E,Forecast driver,DRV_NORMALIZED_FCF,正常化自由现金流,Driver,Cash flow,100000,RMB mn,RMB,1,Assumption,Bear,MODEL_P2,Medium,Phase 2历史趋势、官方行业数据和同业边界综合设定,100000,120000,140000,Phase 3可根据最新中报和实际完成率调整。
CM_PHASE2_20260803,中国移动,中国移动有限公司（A股600941；H股941/80941）,China Mobile Limited及其附属公司合并口径,2026E-2030E,Forecast driver,DRV_NORMALIZED_FCF,正常化自由现金流,Driver,Cash flow,120000,RMB mn,RMB,1,Assumption,Base,MODEL_P2,Medium,Phase 2历史趋势、官方行业数据和同业边界综合设定,100000,120000,140000,Phase 3可根据最新中报和实际完成率调整。
CM_PHASE2_20260803,中国移动,中国移动有限公司（A股600941；H股941/80941）,China Mobile Limited及其附属公司合并口径,2026E-2030E,Forecast driver,DRV_NORMALIZED_FCF,正常化自由现金流,Driver,Cash flow,140000,RMB mn,RMB,1,Assumption,Bull,MODEL_P2,Medium,Phase 2历史趋势、官方行业数据和同业边界综合设定,100000,120000,140000,Phase 3可根据最新中报和实际完成率调整。
CM_PHASE2_20260803,中国移动,中国移动有限公司（A股600941；H股941/80941）,China Mobile Limited及其附属公司合并口径,2025FY,Annual,AIDC_REVENUE_ESTIMATE,AIDC收入估算,EstimatedRange,AI/AIDC,17960.0,RMB mn,RMB,1,Estimated,Bear,SRC_A016;SRC_A_CT25P;MODEL_P2,Low,2025算力服务收入×AIDC收入占比假设,17960.0,31429.999999999996,44900.0,公司仅披露AIDC增速35.4%，未披露绝对额；中国电信AIDC仅作同业边界。
CM_PHASE2_20260803,中国移动,中国移动有限公司（A股600941；H股941/80941）,China Mobile Limited及其附属公司合并口径,2025FY,Annual,AIDC_CONTRIBUTION_MARGIN,AIDC增量贡献利润率,EstimatedRange,AI/AIDC,0.075,%,,1,Assumption,Bear,MODEL_P2,Low,综合折旧、电力、租赁容量及交付成本的情景假设,0.075,0.14,0.215,不是公司分部利润率披露。
CM_PHASE2_20260803,中国移动,中国移动有限公司（A股600941；H股941/80941）,China Mobile Limited及其附属公司合并口径,2025FY,Annual,AIDC_REVENUE_ESTIMATE,AIDC收入估算,EstimatedRange,AI/AIDC,31429.999999999996,RMB mn,RMB,1,Estimated,Base,SRC_A016;SRC_A_CT25P;MODEL_P2,Low,2025算力服务收入×AIDC收入占比假设,17960.0,31429.999999999996,44900.0,公司仅披露AIDC增速35.4%，未披露绝对额；中国电信AIDC仅作同业边界。
CM_PHASE2_20260803,中国移动,中国移动有限公司（A股600941；H股941/80941）,China Mobile Limited及其附属公司合并口径,2025FY,Annual,AIDC_CONTRIBUTION_MARGIN,AIDC增量贡献利润率,EstimatedRange,AI/AIDC,0.14,%,,1,Assumption,Base,MODEL_P2,Low,综合折旧、电力、租赁容量及交付成本的情景假设,0.075,0.14,0.215,不是公司分部利润率披露。
CM_PHASE2_20260803,中国移动,中国移动有限公司（A股600941；H股941/80941）,China Mobile Limited及其附属公司合并口径,2025FY,Annual,AIDC_REVENUE_ESTIMATE,AIDC收入估算,EstimatedRange,AI/AIDC,44900.0,RMB mn,RMB,1,Estimated,Bull,SRC_A016;SRC_A_CT25P;MODEL_P2,Low,2025算力服务收入×AIDC收入占比假设,17960.0,31429.999999999996,44900.0,公司仅披露AIDC增速35.4%，未披露绝对额；中国电信AIDC仅作同业边界。
CM_PHASE2_20260803,中国移动,中国移动有限公司（A股600941；H股941/80941）,China Mobile Limited及其附属公司合并口径,2025FY,Annual,AIDC_CONTRIBUTION_MARGIN,AIDC增量贡献利润率,EstimatedRange,AI/AIDC,0.215,%,,1,Assumption,Bull,MODEL_P2,Low,综合折旧、电力、租赁容量及交付成本的情景假设,0.075,0.14,0.215,不是公司分部利润率披露。
CM_PHASE2_20260803,中国移动,中国移动有限公司（A股600941；H股941/80941）,China Mobile Limited及其附属公司合并口径,2026E,Annual,TAX_VAT_REVENUE_IMPACT,VAT调整收入影响,Tax,ToC/Home,-14870,RMB mn,RMB,1,Estimated,Bear,SRC_A016;MODEL_P2,Medium,上限为受影响2025收入×(1-1.06/1.09)，按价格传导和套餐拆分下调,-14870,-12000,-8000,负数表示减少收入；不得与ARPU内生下降重复计算。
CM_PHASE2_20260803,中国移动,中国移动有限公司（A股600941；H股941/80941）,China Mobile Limited及其附属公司合并口径,2026E,Annual,TAX_VAT_NP_IMPACT,VAT调整税后利润影响,Tax,ToC/Home,-10000,RMB mn,RMB,1,Estimated,Bear,SRC_A016;MODEL_P2,Low,在收入机械影响基础上考虑成本、进项税和税率后的情景估算,-10000,-7000,-4000,负数表示减少归母净利润；公司未披露精确量化。
CM_PHASE2_20260803,中国移动,中国移动有限公司（A股600941；H股941/80941）,China Mobile Limited及其附属公司合并口径,2026E,Annual,TAX_VAT_REVENUE_IMPACT,VAT调整收入影响,Tax,ToC/Home,-12000,RMB mn,RMB,1,Estimated,Base,SRC_A016;MODEL_P2,Medium,上限为受影响2025收入×(1-1.06/1.09)，按价格传导和套餐拆分下调,-14870,-12000,-8000,负数表示减少收入；不得与ARPU内生下降重复计算。
CM_PHASE2_20260803,中国移动,中国移动有限公司（A股600941；H股941/80941）,China Mobile Limited及其附属公司合并口径,2026E,Annual,TAX_VAT_NP_IMPACT,VAT调整税后利润影响,Tax,ToC/Home,-7000,RMB mn,RMB,1,Estimated,Base,SRC_A016;MODEL_P2,Low,在收入机械影响基础上考虑成本、进项税和税率后的情景估算,-10000,-7000,-4000,负数表示减少归母净利润；公司未披露精确量化。
CM_PHASE2_20260803,中国移动,中国移动有限公司（A股600941；H股941/80941）,China Mobile Limited及其附属公司合并口径,2026E,Annual,TAX_VAT_REVENUE_IMPACT,VAT调整收入影响,Tax,ToC/Home,-8000,RMB mn,RMB,1,Estimated,Bull,SRC_A016;MODEL_P2,Medium,上限为受影响2025收入×(1-1.06/1.09)，按价格传导和套餐拆分下调,-14870,-12000,-8000,负数表示减少收入；不得与ARPU内生下降重复计算。
CM_PHASE2_20260803,中国移动,中国移动有限公司（A股600941；H股941/80941）,China Mobile Limited及其附属公司合并口径,2026E,Annual,TAX_VAT_NP_IMPACT,VAT调整税后利润影响,Tax,ToC/Home,-4000,RMB mn,RMB,1,Estimated,Bull,SRC_A016;MODEL_P2,Low,在收入机械影响基础上考虑成本、进项税和税率后的情景估算,-10000,-7000,-4000,负数表示减少归母净利润；公司未披露精确量化。
CM_PHASE3_20260803,中国移动,中国移动有限公司（A股600941；H股941/80941）,China Mobile Limited及其附属公司合并口径,2025FY,Annual,REV_TOC_MOBILE,ToC移动通信收入,Forecast,ToC Mobile,465327.0,RMB mn,RMB,1,Forecast,Bear,MODEL_P3,Medium,Phase 3 formula-driven forecast using G2-approved scenario drivers,,,,2025细分桥接为估算；合计严格等于公司实际收入。
CM_PHASE3_20260803,中国移动,中国移动有限公司（A股600941；H股941/80941）,China Mobile Limited及其附属公司合并口径,2025FY,Annual,REV_HOME,家庭宽带与智慧家庭收入,Forecast,Home,141569.0,RMB mn,RMB,1,Forecast,Bear,MODEL_P3,Medium,Phase 3 formula-driven forecast using G2-approved scenario drivers,,,,2025细分桥接为估算；合计严格等于公司实际收入。
CM_PHASE3_20260803,中国移动,中国移动有限公司（A股600941；H股941/80941）,China Mobile Limited及其附属公司合并口径,2025FY,Annual,REV_ENTERPRISE_CONNECT,企业连接和传统网络收入,Forecast,Enterprise Connect,96004.0,RMB mn,RMB,1,Estimated,Bear,MODEL_P3,Medium,Phase 3 formula-driven forecast using G2-approved scenario drivers,,,,2025细分桥接为估算；合计严格等于公司实际收入。
CM_PHASE3_20260803,中国移动,中国移动有限公司（A股600941；H股941/80941）,China Mobile Limited及其附属公司合并口径,2025FY,Annual,REV_CLOUD_NONAI,非AI云与数字化收入,Forecast,Cloud & Digital,71840.0,RMB mn,RMB,1,Estimated,Bear,MODEL_P3,Medium,Phase 3 formula-driven forecast using G2-approved scenario drivers,,,,2025细分桥接为估算；合计严格等于公司实际收入。
CM_PHASE3_20260803,中国移动,中国移动有限公司（A股600941；H股941/80941）,China Mobile Limited及其附属公司合并口径,2025FY,Annual,REV_AIDC,AIDC收入估算,Forecast,AI/AIDC,17960.0,RMB mn,RMB,1,Estimated,Bear,MODEL_P3,Low,Phase 3 formula-driven forecast using G2-approved scenario drivers,,,,2025细分桥接为估算；合计严格等于公司实际收入。
CM_PHASE3_20260803,中国移动,中国移动有限公司（A股600941；H股941/80941）,China Mobile Limited及其附属公司合并口径,2025FY,Annual,REV_AI_SERVICE,智能服务收入,Forecast,AI services,90800.0,RMB mn,RMB,1,Forecast,Bear,MODEL_P3,Medium,Phase 3 formula-driven forecast using G2-approved scenario drivers,,,,2025细分桥接为估算；合计严格等于公司实际收入。
CM_PHASE3_20260803,中国移动,中国移动有限公司（A股600941；H股941/80941）,China Mobile Limited及其附属公司合并口径,2025FY,Annual,REV_IOT,物联网收入估算,Forecast,IoT,12000.0,RMB mn,RMB,1,Estimated,Bear,MODEL_P3,Low,Phase 3 formula-driven forecast using G2-approved scenario drivers,,,,2025细分桥接为估算；合计严格等于公司实际收入。
CM_PHASE3_20260803,中国移动,中国移动有限公司（A股600941；H股941/80941）,China Mobile Limited及其附属公司合并口径,2025FY,Annual,REV_DEVICE_OTHER,终端、批发及其他业务收入,Forecast,Device & Other,154657.0,RMB mn,RMB,1,Forecast,Bear,MODEL_P3,Medium,Phase 3 formula-driven forecast using G2-approved scenario drivers,,,,2025细分桥接为估算；合计严格等于公司实际收入。
CM_PHASE3_20260803,中国移动,中国移动有限公司（A股600941；H股941/80941）,China Mobile Limited及其附属公司合并口径,2025FY,Annual,REV_MODEL_RESIDUAL,收入桥接及取整差额,Forecast,Group,30.0,RMB mn,RMB,1,Forecast,Bear,MODEL_P3,Medium,Phase 3 formula-driven forecast using G2-approved scenario drivers,,,,2025细分桥接为估算；合计严格等于公司实际收入。
CM_PHASE3_20260803,中国移动,中国移动有限公司（A股600941；H股941/80941）,China Mobile Limited及其附属公司合并口径,2025FY,Annual,FIN_REV_PRINCIPAL,主营业务收入,Forecast,Group,895530.0,RMB mn,RMB,1,Forecast,Bear,MODEL_P3,Medium,Phase 3 formula-driven forecast using G2-approved scenario drivers,,,,
CM_PHASE3_20260803,中国移动,中国移动有限公司（A股600941；H股941/80941）,China Mobile Limited及其附属公司合并口径,2025FY,Annual,FIN_REV_TOTAL,营业收入,Forecast,Group,1050187.0,RMB mn,RMB,1,Forecast,Bear,MODEL_P3,Medium,Phase 3 formula-driven forecast using G2-approved scenario drivers,,,,
CM_PHASE3_20260803,中国移动,中国移动有限公司（A股600941；H股941/80941）,China Mobile Limited及其附属公司合并口径,2025FY,Annual,COST_NETWORK,网络运行、维护及支撑成本,Forecast,Cost,285698.0,RMB mn,RMB,1,Forecast,Bear,MODEL_P3,Medium,Phase 3 formula-driven forecast using G2-approved scenario drivers,,,,
CM_PHASE3_20260803,中国移动,中国移动有限公司（A股600941；H股941/80941）,China Mobile Limited及其附属公司合并口径,2025FY,Annual,COST_DA,折旧及摊销,Forecast,Cost,189999.0,RMB mn,RMB,1,Forecast,Bear,MODEL_P3,Medium,Phase 3 formula-driven forecast using G2-approved scenario drivers,,,,
CM_PHASE3_20260803,中国移动,中国移动有限公司（A股600941；H股941/80941）,China Mobile Limited及其附属公司合并口径,2025FY,Annual,COST_EMPLOYEE,人工成本,Forecast,Cost,154104.0,RMB mn,RMB,1,Forecast,Bear,MODEL_P3,Medium,Phase 3 formula-driven forecast using G2-approved scenario drivers,,,,
CM_PHASE3_20260803,中国移动,中国移动有限公司（A股600941；H股941/80941）,China Mobile Limited及其附属公司合并口径,2025FY,Annual,COST_SELLING,销售费用,Forecast,Cost,56184.0,RMB mn,RMB,1,Forecast,Bear,MODEL_P3,Medium,Phase 3 formula-driven forecast using G2-approved scenario drivers,,,,
CM_PHASE3_20260803,中国移动,中国移动有限公司（A股600941；H股941/80941）,China Mobile Limited及其附属公司合并口径,2025FY,Annual,COST_PRODUCTS,产品销售成本,Forecast,Cost,152992.0,RMB mn,RMB,1,Forecast,Bear,MODEL_P3,Medium,Phase 3 formula-driven forecast using G2-approved scenario drivers,,,,
CM_PHASE3_20260803,中国移动,中国移动有限公司（A股600941；H股941/80941）,China Mobile Limited及其附属公司合并口径,2025FY,Annual,COST_OTHER_RESIDUAL,其他经营费用（扣除信用减值）,Forecast,Cost,53703.0,RMB mn,RMB,1,Forecast,Bear,MODEL_P3,Medium,Phase 3 formula-driven forecast using G2-approved scenario drivers,,,,
CM_PHASE3_20260803,中国移动,中国移动有限公司（A股600941；H股941/80941）,China Mobile Limited及其附属公司合并口径,2025FY,Annual,COST_CREDIT_NET,信用及合同资产减值净额,Forecast,Risk,8575.0,RMB mn,RMB,1,Forecast,Bear,MODEL_P3,Medium,Phase 3 formula-driven forecast using G2-approved scenario drivers,,,,
CM_PHASE3_20260803,中国移动,中国移动有限公司（A股600941；H股941/80941）,China Mobile Limited及其附属公司合并口径,2025FY,Annual,FIN_EBITDA,EBITDA,Forecast,Group,338931.0,RMB mn,RMB,1,Forecast,Bear,MODEL_P3,Medium,Phase 3 formula-driven forecast using G2-approved scenario drivers,,,,
CM_PHASE3_20260803,中国移动,中国移动有限公司（A股600941；H股941/80941）,China Mobile Limited及其附属公司合并口径,2025FY,Annual,FIN_EBIT,EBIT,Forecast,Group,148932.0,RMB mn,RMB,1,Forecast,Bear,MODEL_P3,Medium,Phase 3 formula-driven forecast using G2-approved scenario drivers,,,,
CM_PHASE3_20260803,中国移动,中国移动有限公司（A股600941；H股941/80941）,China Mobile Limited及其附属公司合并口径,2025FY,Annual,FIN_NONOP_INCOME,经营外收入净额,Forecast,Group,26676.0,RMB mn,RMB,1,Forecast,Bear,MODEL_P3,Medium,Phase 3 formula-driven forecast using G2-approved scenario drivers,,,,
CM_PHASE3_20260803,中国移动,中国移动有限公司（A股600941；H股941/80941）,China Mobile Limited及其附属公司合并口径,2025FY,Annual,FIN_PBT,税前利润,Forecast,Group,175608.0,RMB mn,RMB,1,Forecast,Bear,MODEL_P3,Medium,Phase 3 formula-driven forecast using G2-approved scenario drivers,,,,
CM_PHASE3_20260803,中国移动,中国移动有限公司（A股600941；H股941/80941）,China Mobile Limited及其附属公司合并口径,2025FY,Annual,FIN_TAX,所得税,Forecast,Group,38344.0,RMB mn,RMB,1,Forecast,Bear,MODEL_P3,Medium,Phase 3 formula-driven forecast using G2-approved scenario drivers,,,,
CM_PHASE3_20260803,中国移动,中国移动有限公司（A股600941；H股941/80941）,China Mobile Limited及其附属公司合并口径,2025FY,Annual,FIN_NET_PROFIT_PARENT,归母净利润,Forecast,Group,137095.0,RMB mn,RMB,1,Forecast,Bear,MODEL_P3,Medium,Phase 3 formula-driven forecast using G2-approved scenario drivers,,,,
CM_PHASE3_20260803,中国移动,中国移动有限公司（A股600941；H股941/80941）,China Mobile Limited及其附属公司合并口径,2025FY,Annual,CAPEX_COMPANY,公司口径资本开支,Forecast,Cash flow,150919.0,RMB mn,RMB,1,Forecast,Bear,MODEL_P3,Medium,Phase 3 formula-driven forecast using G2-approved scenario drivers,,,,
CM_PHASE3_20260803,中国移动,中国移动有限公司（A股600941；H股941/80941）,China Mobile Limited及其附属公司合并口径,2025FY,Annual,CF_CFO,经营活动现金流净额,Forecast,Cash flow,232919.0,RMB mn,RMB,1,Forecast,Bear,MODEL_P3,Medium,Phase 3 formula-driven forecast using G2-approved scenario drivers,,,,
CM_PHASE3_20260803,中国移动,中国移动有限公司（A股600941；H股941/80941）,China Mobile Limited及其附属公司合并口径,2025FY,Annual,CF_CASH_CONVERSION_ADJ,营运资本及其他现金转换调整,Forecast,Cash flow,73492.70356703567,RMB mn,RMB,1,Forecast,Bear,MODEL_P3,Medium,Phase 3 formula-driven forecast using G2-approved scenario drivers,,,,
CM_PHASE3_20260803,中国移动,中国移动有限公司（A股600941；H股941/80941）,China Mobile Limited及其附属公司合并口径,2025FY,Annual,CF_FCFF,自由现金流,Forecast,Cash flow,82000.0,RMB mn,RMB,1,Forecast,Bear,MODEL_P3,Medium,Phase 3 formula-driven forecast using G2-approved scenario drivers,,,,
CM_PHASE3_20260803,中国移动,中国移动有限公司（A股600941；H股941/80941）,China Mobile Limited及其附属公司合并口径,2025FY,Annual,DIV_PAYOUT,派息率,Forecast,Dividend,0.75,%,,1,Forecast,Bear,MODEL_P3,Medium,Phase 3 formula-driven forecast using G2-approved scenario drivers,,,,
CM_PHASE3_20260803,中国移动,中国移动有限公司（A股600941；H股941/80941）,China Mobile Limited及其附属公司合并口径,2025FY,Annual,DIV_CASH_FORECAST,预计现金分红,Forecast,Dividend,102821.25,RMB mn,RMB,1,Forecast,Bear,MODEL_P3,Medium,Phase 3 formula-driven forecast using G2-approved scenario drivers,,,,
CM_PHASE3_20260803,中国移动,中国移动有限公司（A股600941；H股941/80941）,China Mobile Limited及其附属公司合并口径,2025FY,Annual,EQ_SHARES_FORECAST,预计发行股份,Forecast,Equity,21644.606612,mn shares,,1,Forecast,Bear,MODEL_P3,Medium,Phase 3 formula-driven forecast using G2-approved scenario drivers,,,,
CM_PHASE3_20260803,中国移动,中国移动有限公司（A股600941；H股941/80941）,China Mobile Limited及其附属公司合并口径,2025FY,Annual,DIV_DPS,预计每股股息,Forecast,Dividend,5.27,HKD/share,HKD,1,Forecast,Bear,MODEL_P3,Medium,Phase 3 formula-driven forecast using G2-approved scenario drivers,,,,
CM_PHASE3_20260803,中国移动,中国移动有限公司（A股600941；H股941/80941）,China Mobile Limited及其附属公司合并口径,2025FY,Annual,FIN_EPS_BASIC,预计每股收益,Forecast,Equity,6.333910449728067,RMB/share,RMB,1,Forecast,Bear,MODEL_P3,Medium,Phase 3 formula-driven forecast using G2-approved scenario drivers,,,,
CM_PHASE3_20260803,中国移动,中国移动有限公司（A股600941；H股941/80941）,China Mobile Limited及其附属公司合并口径,2026E,Annual,REV_TOC_MOBILE,ToC移动通信收入,Forecast,ToC Mobile,445998.5467748616,RMB mn,RMB,1,Forecast,Bear,MODEL_P3,Medium,Phase 3 formula-driven forecast using G2-approved scenario drivers,,,,
CM_PHASE3_20260803,中国移动,中国移动有限公司（A股600941；H股941/80941）,China Mobile Limited及其附属公司合并口径,2026E,Annual,REV_HOME,家庭宽带与智慧家庭收入,Forecast,Home,140514.5046151384,RMB mn,RMB,1,Forecast,Bear,MODEL_P3,Medium,Phase 3 formula-driven forecast using G2-approved scenario drivers,,,,
CM_PHASE3_20260803,中国移动,中国移动有限公司（A股600941；H股941/80941）,China Mobile Limited及其附属公司合并口径,2026E,Annual,REV_ENTERPRISE_CONNECT,企业连接和传统网络收入,Forecast,Enterprise Connect,95523.98,RMB mn,RMB,1,Forecast,Bear,MODEL_P3,Medium,Phase 3 formula-driven forecast using G2-approved scenario drivers,,,,
CM_PHASE3_20260803,中国移动,中国移动有限公司（A股600941；H股941/80941）,China Mobile Limited及其附属公司合并口径,2026E,Annual,REV_CLOUD_NONAI,非AI云与数字化收入,Forecast,Cloud & Digital,74354.4,RMB mn,RMB,1,Forecast,Bear,MODEL_P3,Medium,Phase 3 formula-driven forecast using G2-approved scenario drivers,,,,
CM_PHASE3_20260803,中国移动,中国移动有限公司（A股600941；H股941/80941）,China Mobile Limited及其附属公司合并口径,2026E,Annual,REV_AIDC,AIDC收入估算,Forecast,AI/AIDC,19756.0,RMB mn,RMB,1,Forecast,Bear,MODEL_P3,Low,Phase 3 formula-driven forecast using G2-approved scenario drivers,,,,
CM_PHASE3_20260803,中国移动,中国移动有限公司（A股600941；H股941/80941）,China Mobile Limited及其附属公司合并口径,2026E,Annual,REV_AI_SERVICE,智能服务收入,Forecast,AI services,94432.0,RMB mn,RMB,1,Forecast,Bear,MODEL_P3,Medium,Phase 3 formula-driven forecast using G2-approved scenario drivers,,,,
CM_PHASE3_20260803,中国移动,中国移动有限公司（A股600941；H股941/80941）,China Mobile Limited及其附属公司合并口径,2026E,Annual,REV_IOT,物联网收入估算,Forecast,IoT,12299.999999999998,RMB mn,RMB,1,Forecast,Bear,MODEL_P3,Low,Phase 3 formula-driven forecast using G2-approved scenario drivers,,,,
CM_PHASE3_20260803,中国移动,中国移动有限公司（A股600941；H股941/80941）,China Mobile Limited及其附属公司合并口径,2026E,Annual,REV_DEVICE_OTHER,终端、批发及其他业务收入,Forecast,Device & Other,151563.86,RMB mn,RMB,1,Forecast,Bear,MODEL_P3,Medium,Phase 3 formula-driven forecast using G2-approved scenario drivers,,,,
CM_PHASE3_20260803,中国移动,中国移动有限公司（A股600941；H股941/80941）,China Mobile Limited及其附属公司合并口径,2026E,Annual,REV_MODEL_RESIDUAL,收入桥接及取整差额,Forecast,Group,30.0,RMB mn,RMB,1,Forecast,Bear,MODEL_P3,Medium,Phase 3 formula-driven forecast using G2-approved scenario drivers,,,,
CM_PHASE3_20260803,中国移动,中国移动有限公司（A股600941；H股941/80941）,China Mobile Limited及其附属公司合并口径,2026E,Annual,FIN_REV_PRINCIPAL,主营业务收入,Forecast,Group,882909.4313899999,RMB mn,RMB,1,Forecast,Bear,MODEL_P3,Medium,Phase 3 formula-driven forecast using G2-approved scenario drivers,,,,
CM_PHASE3_20260803,中国移动,中国移动有限公司（A股600941；H股941/80941）,China Mobile Limited及其附属公司合并口径,2026E,Annual,FIN_REV_TOTAL,营业收入,Forecast,Group,1034473.2913899999,RMB mn,RMB,1,Forecast,Bear,MODEL_P3,Medium,Phase 3 formula-driven forecast using G2-approved scenario drivers,,,,
CM_PHASE3_20260803,中国移动,中国移动有限公司（A股600941；H股941/80941）,China Mobile Limited及其附属公司合并口径,2026E,Annual,COST_NETWORK,网络运行、维护及支撑成本,Forecast,Cost,299997.25450309995,RMB mn,RMB,1,Forecast,Bear,MODEL_P3,Medium,Phase 3 formula-driven forecast using G2-approved scenario drivers,,,,
CM_PHASE3_20260803,中国移动,中国移动有限公司（A股600941；H股941/80941）,China Mobile Limited及其附属公司合并口径,2026E,Annual,COST_DA,折旧及摊销,Forecast,Cost,188649.03,RMB mn,RMB,1,Forecast,Bear,MODEL_P3,Medium,Phase 3 formula-driven forecast using G2-approved scenario drivers,,,,
CM_PHASE3_20260803,中国移动,中国移动有限公司（A股600941；H股941/80941）,China Mobile Limited及其附属公司合并口径,2026E,Annual,COST_EMPLOYEE,人工成本,Forecast,Cost,155170.99370849997,RMB mn,RMB,1,Forecast,Bear,MODEL_P3,Medium,Phase 3 formula-driven forecast using G2-approved scenario drivers,,,,
CM_PHASE3_20260803,中国移动,中国移动有限公司（A股600941；H股941/80941）,China Mobile Limited及其附属公司合并口径,2026E,Annual,COST_SELLING,销售费用,Forecast,Cost,57930.504317839994,RMB mn,RMB,1,Forecast,Bear,MODEL_P3,Medium,Phase 3 formula-driven forecast using G2-approved scenario drivers,,,,
CM_PHASE3_20260803,中国移动,中国移动有限公司（A股600941；H股941/80941）,China Mobile Limited及其附属公司合并口径,2026E,Annual,COST_PRODUCTS,产品销售成本,Forecast,Cost,150351.34912,RMB mn,RMB,1,Forecast,Bear,MODEL_P3,Medium,Phase 3 formula-driven forecast using G2-approved scenario drivers,,,,
CM_PHASE3_20260803,中国移动,中国移动有限公司（A股600941；H股941/80941）,China Mobile Limited及其附属公司合并口径,2026E,Annual,COST_OTHER_RESIDUAL,其他经营费用（扣除信用减值）,Forecast,Cost,54827.08444366999,RMB mn,RMB,1,Forecast,Bear,MODEL_P3,Medium,Phase 3 formula-driven forecast using G2-approved scenario drivers,,,,
CM_PHASE3_20260803,中国移动,中国移动有限公司（A股600941；H股941/80941）,China Mobile Limited及其附属公司合并口径,2026E,Annual,COST_CREDIT_NET,信用及合同资产减值净额,Forecast,Risk,12413.679496679999,RMB mn,RMB,1,Forecast,Bear,MODEL_P3,Medium,Phase 3 formula-driven forecast using G2-approved scenario drivers,,,,
CM_PHASE3_20260803,中国移动,中国移动有限公司（A股600941；H股941/80941）,China Mobile Limited及其附属公司合并口径,2026E,Annual,FIN_EBITDA,EBITDA,Forecast,Group,303782.42580021004,RMB mn,RMB,1,Forecast,Bear,MODEL_P3,Medium,Phase 3 formula-driven forecast using G2-approved scenario drivers,,,,
CM_PHASE3_20260803,中国移动,中国移动有限公司（A股600941；H股941/80941）,China Mobile Limited及其附属公司合并口径,2026E,Annual,FIN_EBIT,EBIT,Forecast,Group,115133.39580021003,RMB mn,RMB,1,Forecast,Bear,MODEL_P3,Medium,Phase 3 formula-driven forecast using G2-approved scenario drivers,,,,
CM_PHASE3_20260803,中国移动,中国移动有限公司（A股600941；H股941/80941）,China Mobile Limited及其附属公司合并口径,2026E,Annual,FIN_NONOP_INCOME,经营外收入净额,Forecast,Group,23792.885701969997,RMB mn,RMB,1,Forecast,Bear,MODEL_P3,Medium,Phase 3 formula-driven forecast using G2-approved scenario drivers,,,,
CM_PHASE3_20260803,中国移动,中国移动有限公司（A股600941；H股941/80941）,China Mobile Limited及其附属公司合并口径,2026E,Annual,FIN_PBT,税前利润,Forecast,Group,138926.28150218003,RMB mn,RMB,1,Forecast,Bear,MODEL_P3,Medium,Phase 3 formula-driven forecast using G2-approved scenario drivers,,,,
CM_PHASE3_20260803,中国移动,中国移动有限公司（A股600941；H股941/80941）,China Mobile Limited及其附属公司合并口径,2026E,Annual,FIN_TAX,所得税,Forecast,Group,31258.413337990507,RMB mn,RMB,1,Forecast,Bear,MODEL_P3,Medium,Phase 3 formula-driven forecast using G2-approved scenario drivers,,,,
CM_PHASE3_20260803,中国移动,中国移动有限公司（A股600941；H股941/80941）,China Mobile Limited及其附属公司合并口径,2026E,Annual,FIN_NET_PROFIT_PARENT,归母净利润,Forecast,Group,107497.86816418952,RMB mn,RMB,1,Forecast,Bear,MODEL_P3,Medium,Phase 3 formula-driven forecast using G2-approved scenario drivers,,,,
CM_PHASE3_20260803,中国移动,中国移动有限公司（A股600941；H股941/80941）,China Mobile Limited及其附属公司合并口径,2026E,Annual,CAPEX_COMPANY,公司口径资本开支,Forecast,Cash flow,145000.0,RMB mn,RMB,1,Forecast,Bear,MODEL_P3,Medium,Phase 3 formula-driven forecast using G2-approved scenario drivers,,,,
CM_PHASE3_20260803,中国移动,中国移动有限公司（A股600941；H股941/80941）,China Mobile Limited及其附属公司合并口径,2026E,Annual,CF_CFO,经营活动现金流净额,Forecast,Cash flow,233970.99931835,RMB mn,RMB,1,Forecast,Bear,MODEL_P3,Medium,Phase 3 formula-driven forecast using G2-approved scenario drivers,,,,
CM_PHASE3_20260803,中国移动,中国移动有限公司（A股600941；H股941/80941）,China Mobile Limited及其附属公司合并口径,2026E,Annual,CF_CASH_CONVERSION_ADJ,营运资本及其他现金转换调整,Forecast,Cash flow,43906.41242681281,RMB mn,RMB,1,Forecast,Bear,MODEL_P3,Medium,Phase 3 formula-driven forecast using G2-approved scenario drivers,,,,
CM_PHASE3_20260803,中国移动,中国移动有限公司（A股600941；H股941/80941）,China Mobile Limited及其附属公司合并口径,2026E,Annual,CF_FCFF,自由现金流,Forecast,Cash flow,88970.99931834999,RMB mn,RMB,1,Forecast,Bear,MODEL_P3,Medium,Phase 3 formula-driven forecast using G2-approved scenario drivers,,,,
CM_PHASE3_20260803,中国移动,中国移动有限公司（A股600941；H股941/80941）,China Mobile Limited及其附属公司合并口径,2026E,Annual,DIV_PAYOUT,派息率,Forecast,Dividend,0.752,%,,1,Forecast,Bear,MODEL_P3,Medium,Phase 3 formula-driven forecast using G2-approved scenario drivers,,,,
CM_PHASE3_20260803,中国移动,中国移动有限公司（A股600941；H股941/80941）,China Mobile Limited及其附属公司合并口径,2026E,Annual,DIV_CASH_FORECAST,预计现金分红,Forecast,Dividend,80838.39685947052,RMB mn,RMB,1,Forecast,Bear,MODEL_P3,Medium,Phase 3 formula-driven forecast using G2-approved scenario drivers,,,,
CM_PHASE3_20260803,中国移动,中国移动有限公司（A股600941；H股941/80941）,China Mobile Limited及其附属公司合并口径,2026E,Annual,EQ_SHARES_FORECAST,预计发行股份,Forecast,Equity,21683.696323,mn shares,,1,Forecast,Bear,MODEL_P3,Medium,Phase 3 formula-driven forecast using G2-approved scenario drivers,,,,
CM_PHASE3_20260803,中国移动,中国移动有限公司（A股600941；H股941/80941）,China Mobile Limited及其附属公司合并口径,2026E,Annual,DIV_DPS,预计每股股息,Forecast,Dividend,4.1358217111260425,HKD/share,HKD,1,Forecast,Bear,MODEL_P3,Medium,Phase 3 formula-driven forecast using G2-approved scenario drivers,,,,
CM_PHASE3_20260803,中国移动,中国移动有限公司（A股600941；H股941/80941）,China Mobile Limited及其附属公司合并口径,2026E,Annual,FIN_EPS_BASIC,预计每股收益,Forecast,Equity,4.957543518545131,RMB/share,RMB,1,Forecast,Bear,MODEL_P3,Medium,Phase 3 formula-driven forecast using G2-approved scenario drivers,,,,
CM_PHASE3_20260803,中国移动,中国移动有限公司（A股600941；H股941/80941）,China Mobile Limited及其附属公司合并口径,2027E,Annual,REV_TOC_MOBILE,ToC移动通信收入,Forecast,ToC Mobile,437990.64286751894,RMB mn,RMB,1,Forecast,Bear,MODEL_P3,Medium,Phase 3 formula-driven forecast using G2-approved scenario drivers,,,,
CM_PHASE3_20260803,中国移动,中国移动有限公司（A股600941；H股941/80941）,China Mobile Limited及其附属公司合并口径,2027E,Annual,REV_HOME,家庭宽带与智慧家庭收入,Forecast,Home,143335.33329528727,RMB mn,RMB,1,Forecast,Bear,MODEL_P3,Medium,Phase 3 formula-driven forecast using G2-approved scenario drivers,,,,
CM_PHASE3_20260803,中国移动,中国移动有限公司（A股600941；H股941/80941）,China Mobile Limited及其附属公司合并口径,2027E,Annual,REV_ENTERPRISE_CONNECT,企业连接和传统网络收入,Forecast,Enterprise Connect,95046.36009999999,RMB mn,RMB,1,Forecast,Bear,MODEL_P3,Medium,Phase 3 formula-driven forecast using G2-approved scenario drivers,,,,
CM_PHASE3_20260803,中国移动,中国移动有限公司（A股600941；H股941/80941）,China Mobile Limited及其附属公司合并口径,2027E,Annual,REV_CLOUD_NONAI,非AI云与数字化收入,Forecast,Cloud & Digital,76696.5636,RMB mn,RMB,1,Forecast,Bear,MODEL_P3,Medium,Phase 3 formula-driven forecast using G2-approved scenario drivers,,,,
CM_PHASE3_20260803,中国移动,中国移动有限公司（A股600941；H股941/80941）,China Mobile Limited及其附属公司合并口径,2027E,Annual,REV_AIDC,AIDC收入估算,Forecast,AI/AIDC,21534.04,RMB mn,RMB,1,Forecast,Bear,MODEL_P3,Low,Phase 3 formula-driven forecast using G2-approved scenario drivers,,,,
CM_PHASE3_20260803,中国移动,中国移动有限公司（A股600941；H股941/80941）,China Mobile Limited及其附属公司合并口径,2027E,Annual,REV_AI_SERVICE,智能服务收入,Forecast,AI services,97907.0976,RMB mn,RMB,1,Forecast,Bear,MODEL_P3,Medium,Phase 3 formula-driven forecast using G2-approved scenario drivers,,,,
CM_PHASE3_20260803,中国移动,中国移动有限公司（A股600941；H股941/80941）,China Mobile Limited及其附属公司合并口径,2027E,Annual,REV_IOT,物联网收入估算,Forecast,IoT,12576.749999999998,RMB mn,RMB,1,Forecast,Bear,MODEL_P3,Low,Phase 3 formula-driven forecast using G2-approved scenario drivers,,,,
CM_PHASE3_20260803,中国移动,中国移动有限公司（A股600941；H股941/80941）,China Mobile Limited及其附属公司合并口径,2027E,Annual,REV_DEVICE_OTHER,终端、批发及其他业务收入,Forecast,Device & Other,148532.58279999997,RMB mn,RMB,1,Forecast,Bear,MODEL_P3,Medium,Phase 3 formula-driven forecast using G2-approved scenario drivers,,,,
CM_PHASE3_20260803,中国移动,中国移动有限公司（A股600941；H股941/80941）,China Mobile Limited及其附属公司合并口径,2027E,Annual,REV_MODEL_RESIDUAL,收入桥接及取整差额,Forecast,Group,30.0,RMB mn,RMB,1,Forecast,Bear,MODEL_P3,Medium,Phase 3 formula-driven forecast using G2-approved scenario drivers,,,,
CM_PHASE3_20260803,中国移动,中国移动有限公司（A股600941；H股941/80941）,China Mobile Limited及其附属公司合并口径,2027E,Annual,FIN_REV_PRINCIPAL,主营业务收入,Forecast,Group,885116.7874628062,RMB mn,RMB,1,Forecast,Bear,MODEL_P3,Medium,Phase 3 formula-driven forecast using G2-approved scenario drivers,,,,
CM_PHASE3_20260803,中国移动,中国移动有限公司（A股600941；H股941/80941）,China Mobile Limited及其附属公司合并口径,2027E,Annual,FIN_REV_TOTAL,营业收入,Forecast,Group,1033649.3702628062,RMB mn,RMB,1,Forecast,Bear,MODEL_P3,Medium,Phase 3 formula-driven forecast using G2-approved scenario drivers,,,,
CM_PHASE3_20260803,中国移动,中国移动有限公司（A股600941；H股941/80941）,China Mobile Limited及其附属公司合并口径,2027E,Annual,COST_NETWORK,网络运行、维护及支撑成本,Forecast,Cost,297174.19395055674,RMB mn,RMB,1,Forecast,Bear,MODEL_P3,Medium,Phase 3 formula-driven forecast using G2-approved scenario drivers,,,,
CM_PHASE3_20260803,中国移动,中国移动有限公司（A股600941；H股941/80941）,China Mobile Limited及其附属公司合并口径,2027E,Annual,COST_DA,折旧及摊销,Forecast,Cost,187503.6547160603,RMB mn,RMB,1,Forecast,Bear,MODEL_P3,Medium,Phase 3 formula-driven forecast using G2-approved scenario drivers,,,,
CM_PHASE3_20260803,中国移动,中国移动有限公司（A股600941；H股941/80941）,China Mobile Limited及其附属公司合并口径,2027E,Annual,COST_EMPLOYEE,人工成本,Forecast,Cost,155047.40553942093,RMB mn,RMB,1,Forecast,Bear,MODEL_P3,Medium,Phase 3 formula-driven forecast using G2-approved scenario drivers,,,,
CM_PHASE3_20260803,中国移动,中国移动有限公司（A股600941；H股941/80941）,China Mobile Limited及其附属公司合并口径,2027E,Annual,COST_SELLING,销售费用,Forecast,Cost,57625.95239215145,RMB mn,RMB,1,Forecast,Bear,MODEL_P3,Medium,Phase 3 formula-driven forecast using G2-approved scenario drivers,,,,
CM_PHASE3_20260803,中国移动,中国移动有限公司（A股600941；H股941/80941）,China Mobile Limited及其附属公司合并口径,2027E,Annual,COST_PRODUCTS,产品销售成本,Forecast,Cost,147344.3221376,RMB mn,RMB,1,Forecast,Bear,MODEL_P3,Medium,Phase 3 formula-driven forecast using G2-approved scenario drivers,,,,
CM_PHASE3_20260803,中国移动,中国移动有限公司（A股600941；H股941/80941）,China Mobile Limited及其附属公司合并口径,2027E,Annual,COST_OTHER_RESIDUAL,其他经营费用（扣除信用减值）,Forecast,Cost,54525.00428136303,RMB mn,RMB,1,Forecast,Bear,MODEL_P3,Medium,Phase 3 formula-driven forecast using G2-approved scenario drivers,,,,
CM_PHASE3_20260803,中国移动,中国移动有限公司（A股600941；H股941/80941）,China Mobile Limited及其附属公司合并口径,2027E,Annual,COST_CREDIT_NET,信用及合同资产减值净额,Forecast,Risk,12403.792443153674,RMB mn,RMB,1,Forecast,Bear,MODEL_P3,Medium,Phase 3 formula-driven forecast using G2-approved scenario drivers,,,,
CM_PHASE3_20260803,中国移动,中国移动有限公司（A股600941；H股941/80941）,China Mobile Limited及其附属公司合并口径,2027E,Annual,FIN_EBITDA,EBITDA,Forecast,Group,309528.6995185603,RMB mn,RMB,1,Forecast,Bear,MODEL_P3,Medium,Phase 3 formula-driven forecast using G2-approved scenario drivers,,,,
CM_PHASE3_20260803,中国移动,中国移动有限公司（A股600941；H股941/80941）,China Mobile Limited及其附属公司合并口径,2027E,Annual,FIN_EBIT,EBIT,Forecast,Group,122025.04480250005,RMB mn,RMB,1,Forecast,Bear,MODEL_P3,Medium,Phase 3 formula-driven forecast using G2-approved scenario drivers,,,,
CM_PHASE3_20260803,中国移动,中国移动有限公司（A股600941；H股941/80941）,China Mobile Limited及其附属公司合并口径,2027E,Annual,FIN_NONOP_INCOME,经营外收入净额,Forecast,Group,23773.93551604454,RMB mn,RMB,1,Forecast,Bear,MODEL_P3,Medium,Phase 3 formula-driven forecast using G2-approved scenario drivers,,,,
CM_PHASE3_20260803,中国移动,中国移动有限公司（A股600941；H股941/80941）,China Mobile Limited及其附属公司合并口径,2027E,Annual,FIN_PBT,税前利润,Forecast,Group,145798.9803185446,RMB mn,RMB,1,Forecast,Bear,MODEL_P3,Medium,Phase 3 formula-driven forecast using G2-approved scenario drivers,,,,
CM_PHASE3_20260803,中国移动,中国移动有限公司（A股600941；H股941/80941）,China Mobile Limited及其附属公司合并口径,2027E,Annual,FIN_TAX,所得税,Forecast,Group,32804.77057167254,RMB mn,RMB,1,Forecast,Bear,MODEL_P3,Medium,Phase 3 formula-driven forecast using G2-approved scenario drivers,,,,
CM_PHASE3_20260803,中国移动,中国移动有限公司（A股600941；H股941/80941）,China Mobile Limited及其附属公司合并口径,2027E,Annual,FIN_NET_PROFIT_PARENT,归母净利润,Forecast,Group,112824.20974687207,RMB mn,RMB,1,Forecast,Bear,MODEL_P3,Medium,Phase 3 formula-driven forecast using G2-approved scenario drivers,,,,
CM_PHASE3_20260803,中国移动,中国移动有限公司（A股600941；H股941/80941）,China Mobile Limited及其附属公司合并口径,2027E,Annual,CAPEX_COMPANY,公司口径资本开支,Forecast,Cash flow,150469.85386867708,RMB mn,RMB,1,Forecast,Bear,MODEL_P3,Medium,Phase 3 formula-driven forecast using G2-approved scenario drivers,,,,
CM_PHASE3_20260803,中国移动,中国移动有限公司（A股600941；H股941/80941）,China Mobile Limited及其附属公司合并口径,2027E,Annual,CF_CFO,经营活动现金流净额,Forecast,Cash flow,237875.13663062922,RMB mn,RMB,1,Forecast,Bear,MODEL_P3,Medium,Phase 3 formula-driven forecast using G2-approved scenario drivers,,,,
CM_PHASE3_20260803,中国移动,中国移动有限公司（A股600941；H股941/80941）,China Mobile Limited及其附属公司合并口径,2027E,Annual,CF_CASH_CONVERSION_ADJ,营运资本及其他现金转换调整,Forecast,Cash flow,44197.9278073686,RMB mn,RMB,1,Forecast,Bear,MODEL_P3,Medium,Phase 3 formula-driven forecast using G2-approved scenario drivers,,,,
CM_PHASE3_20260803,中国移动,中国移动有限公司（A股600941；H股941/80941）,China Mobile Limited及其附属公司合并口径,2027E,Annual,CF_FCFF,自由现金流,Forecast,Cash flow,87405.28276195214,RMB mn,RMB,1,Forecast,Bear,MODEL_P3,Medium,Phase 3 formula-driven forecast using G2-approved scenario drivers,,,,
CM_PHASE3_20260803,中国移动,中国移动有限公司（A股600941；H股941/80941）,China Mobile Limited及其附属公司合并口径,2027E,Annual,DIV_PAYOUT,派息率,Forecast,Dividend,0.754,%,,1,Forecast,Bear,MODEL_P3,Medium,Phase 3 formula-driven forecast using G2-approved scenario drivers,,,,
CM_PHASE3_20260803,中国移动,中国移动有限公司（A股600941；H股941/80941）,China Mobile Limited及其附属公司合并口径,2027E,Annual,DIV_CASH_FORECAST,预计现金分红,Forecast,Dividend,85069.45414914154,RMB mn,RMB,1,Forecast,Bear,MODEL_P3,Medium,Phase 3 formula-driven forecast using G2-approved scenario drivers,,,,
CM_PHASE3_20260803,中国移动,中国移动有限公司（A股600941；H股941/80941）,China Mobile Limited及其附属公司合并口径,2027E,Annual,EQ_SHARES_FORECAST,预计发行股份,Forecast,Equity,21763.696323,mn shares,,1,Forecast,Bear,MODEL_P3,Medium,Phase 3 formula-driven forecast using G2-approved scenario drivers,,,,
CM_PHASE3_20260803,中国移动,中国移动有限公司（A股600941；H股941/80941）,China Mobile Limited及其附属公司合并口径,2027E,Annual,DIV_DPS,预计每股股息,Forecast,Dividend,4.336291024782903,HKD/share,HKD,1,Forecast,Bear,MODEL_P3,Medium,Phase 3 formula-driven forecast using G2-approved scenario drivers,,,,
CM_PHASE3_20260803,中国移动,中国移动有限公司（A股600941；H股941/80941）,China Mobile Limited及其附属公司合并口径,2027E,Annual,FIN_EPS_BASIC,预计每股收益,Forecast,Equity,5.184055505665129,RMB/share,RMB,1,Forecast,Bear,MODEL_P3,Medium,Phase 3 formula-driven forecast using G2-approved scenario drivers,,,,
CM_PHASE3_20260803,中国移动,中国移动有限公司（A股600941；H股941/80941）,China Mobile Limited及其附属公司合并口径,2028E,Annual,REV_TOC_MOBILE,ToC移动通信收入,Forecast,ToC Mobile,430126.52087483264,RMB mn,RMB,1,Forecast,Bear,MODEL_P3,Medium,Phase 3 formula-driven forecast using G2-approved scenario drivers,,,,
CM_PHASE3_20260803,中国移动,中国移动有限公司（A股600941；H股941/80941）,China Mobile Limited及其附属公司合并口径,2028E,Annual,REV_HOME,家庭宽带与智慧家庭收入,Forecast,Home,146212.79011119014,RMB mn,RMB,1,Forecast,Bear,MODEL_P3,Medium,Phase 3 formula-driven forecast using G2-approved scenario drivers,,,,
CM_PHASE3_20260803,中国移动,中国移动有限公司（A股600941；H股941/80941）,China Mobile Limited及其附属公司合并口径,2028E,Annual,REV_ENTERPRISE_CONNECT,企业连接和传统网络收入,Forecast,Enterprise Connect,94571.1282995,RMB mn,RMB,1,Forecast,Bear,MODEL_P3,Medium,Phase 3 formula-driven forecast using G2-approved scenario drivers,,,,
CM_PHASE3_20260803,中国移动,中国移动有限公司（A股600941；H股941/80941）,China Mobile Limited及其附属公司合并口径,2028E,Annual,REV_CLOUD_NONAI,非AI云与数字化收入,Forecast,Cloud & Digital,78844.0673808,RMB mn,RMB,1,Forecast,Bear,MODEL_P3,Medium,Phase 3 formula-driven forecast using G2-approved scenario drivers,,,,
CM_PHASE3_20260803,中国移动,中国移动有限公司（A股600941；H股941/80941）,China Mobile Limited及其附属公司合并口径,2028E,Annual,REV_AIDC,AIDC收入估算,Forecast,AI/AIDC,23256.7632,RMB mn,RMB,1,Forecast,Bear,MODEL_P3,Low,Phase 3 formula-driven forecast using G2-approved scenario drivers,,,,
CM_PHASE3_20260803,中国移动,中国移动有限公司（A股600941；H股941/80941）,China Mobile Limited及其附属公司合并口径,2028E,Annual,REV_AI_SERVICE,智能服务收入,Forecast,AI services,101196.77607936,RMB mn,RMB,1,Forecast,Bear,MODEL_P3,Medium,Phase 3 formula-driven forecast using G2-approved scenario drivers,,,,
CM_PHASE3_20260803,中国移动,中国移动有限公司（A股600941；H股941/80941）,China Mobile Limited及其附属公司合并口径,2028E,Annual,REV_IOT,物联网收入估算,Forecast,IoT,12828.284999999998,RMB mn,RMB,1,Forecast,Bear,MODEL_P3,Low,Phase 3 formula-driven forecast using G2-approved scenario drivers,,,,
CM_PHASE3_20260803,中国移动,中国移动有限公司（A股600941；H股941/80941）,China Mobile Limited及其附属公司合并口径,2028E,Annual,REV_DEVICE_OTHER,终端、批发及其他业务收入,Forecast,Device & Other,145561.93114399997,RMB mn,RMB,1,Forecast,Bear,MODEL_P3,Medium,Phase 3 formula-driven forecast using G2-approved scenario drivers,,,,
CM_PHASE3_20260803,中国移动,中国移动有限公司（A股600941；H股941/80941）,China Mobile Limited及其附属公司合并口径,2028E,Annual,REV_MODEL_RESIDUAL,收入桥接及取整差额,Forecast,Group,30.0,RMB mn,RMB,1,Forecast,Bear,MODEL_P3,Medium,Phase 3 formula-driven forecast using G2-approved scenario drivers,,,,
CM_PHASE3_20260803,中国移动,中国移动有限公司（A股600941；H股941/80941）,China Mobile Limited及其附属公司合并口径,2028E,Annual,FIN_REV_PRINCIPAL,主营业务收入,Forecast,Group,887066.3309456827,RMB mn,RMB,1,Forecast,Bear,MODEL_P3,Medium,Phase 3 formula-driven forecast using G2-approved scenario drivers,,,,
CM_PHASE3_20260803,中国移动,中国移动有限公司（A股600941；H股941/80941）,China Mobile Limited及其附属公司合并口径,2028E,Annual,FIN_REV_TOTAL,营业收入,Forecast,Group,1032628.2620896827,RMB mn,RMB,1,Forecast,Bear,MODEL_P3,Medium,Phase 3 formula-driven forecast using G2-approved scenario drivers,,,,
CM_PHASE3_20260803,中国移动,中国移动有限公司（A股600941；H股941/80941）,China Mobile Limited及其附属公司合并口径,2028E,Annual,COST_NETWORK,网络运行、维护及支撑成本,Forecast,Cost,294299.0546955596,RMB mn,RMB,1,Forecast,Bear,MODEL_P3,Medium,Phase 3 formula-driven forecast using G2-approved scenario drivers,,,,
CM_PHASE3_20260803,中国移动,中国移动有限公司（A股600941；H股941/80941）,China Mobile Limited及其附属公司合并口径,2028E,Annual,COST_DA,折旧及摊销,Forecast,Cost,186402.58336240146,RMB mn,RMB,1,Forecast,Bear,MODEL_P3,Medium,Phase 3 formula-driven forecast using G2-approved scenario drivers,,,,
CM_PHASE3_20260803,中国移动,中国移动有限公司（A股600941；H股941/80941）,China Mobile Limited及其附属公司合并口径,2028E,Annual,COST_EMPLOYEE,人工成本,Forecast,Cost,154894.23931345242,RMB mn,RMB,1,Forecast,Bear,MODEL_P3,Medium,Phase 3 formula-driven forecast using G2-approved scenario drivers,,,,
CM_PHASE3_20260803,中国移动,中国移动有限公司（A股600941；H股941/80941）,China Mobile Limited及其附属公司合并口径,2028E,Annual,COST_SELLING,销售费用,Forecast,Cost,57310.86854597739,RMB mn,RMB,1,Forecast,Bear,MODEL_P3,Medium,Phase 3 formula-driven forecast using G2-approved scenario drivers,,,,
CM_PHASE3_20260803,中国移动,中国移动有限公司（A股600941；H股941/80941）,China Mobile Limited及其附属公司合并口径,2028E,Annual,COST_PRODUCTS,产品销售成本,Forecast,Cost,144397.43569484798,RMB mn,RMB,1,Forecast,Bear,MODEL_P3,Medium,Phase 3 formula-driven forecast using G2-approved scenario drivers,,,,
CM_PHASE3_20260803,中国移动,中国移动有限公司（A股600941；H股941/80941）,China Mobile Limited及其附属公司合并口径,2028E,Annual,COST_OTHER_RESIDUAL,其他经营费用（扣除信用减值）,Forecast,Cost,54212.98375970834,RMB mn,RMB,1,Forecast,Bear,MODEL_P3,Medium,Phase 3 formula-driven forecast using G2-approved scenario drivers,,,,
CM_PHASE3_20260803,中国移动,中国移动有限公司（A股600941；H股941/80941）,China Mobile Limited及其附属公司合并口径,2028E,Annual,COST_CREDIT_NET,信用及合同资产减值净额,Forecast,Risk,12391.539145076193,RMB mn,RMB,1,Forecast,Bear,MODEL_P3,Medium,Phase 3 formula-driven forecast using G2-approved scenario drivers,,,,
CM_PHASE3_20260803,中国移动,中国移动有限公司（A股600941；H股941/80941）,China Mobile Limited及其附属公司合并口径,2028E,Annual,FIN_EBITDA,EBITDA,Forecast,Group,315122.1409350608,RMB mn,RMB,1,Forecast,Bear,MODEL_P3,Medium,Phase 3 formula-driven forecast using G2-approved scenario drivers,,,,
CM_PHASE3_20260803,中国移动,中国移动有限公司（A股600941；H股941/80941）,China Mobile Limited及其附属公司合并口径,2028E,Annual,FIN_EBIT,EBIT,Forecast,Group,128719.55757265932,RMB mn,RMB,1,Forecast,Bear,MODEL_P3,Medium,Phase 3 formula-driven forecast using G2-approved scenario drivers,,,,
CM_PHASE3_20260803,中国移动,中国移动有限公司（A股600941；H股941/80941）,China Mobile Limited及其附属公司合并口径,2028E,Annual,FIN_NONOP_INCOME,经营外收入净额,Forecast,Group,23750.450028062703,RMB mn,RMB,1,Forecast,Bear,MODEL_P3,Medium,Phase 3 formula-driven forecast using G2-approved scenario drivers,,,,
CM_PHASE3_20260803,中国移动,中国移动有限公司（A股600941；H股941/80941）,China Mobile Limited及其附属公司合并口径,2028E,Annual,FIN_PBT,税前利润,Forecast,Group,152470.00760072202,RMB mn,RMB,1,Forecast,Bear,MODEL_P3,Medium,Phase 3 formula-driven forecast using G2-approved scenario drivers,,,,
CM_PHASE3_20260803,中国移动,中国移动有限公司（A股600941；H股941/80941）,China Mobile Limited及其附属公司合并口径,2028E,Annual,FIN_TAX,所得税,Forecast,Group,34305.751710162454,RMB mn,RMB,1,Forecast,Bear,MODEL_P3,Medium,Phase 3 formula-driven forecast using G2-approved scenario drivers,,,,
CM_PHASE3_20260803,中国移动,中国移动有限公司（A股600941；H股941/80941）,China Mobile Limited及其附属公司合并口径,2028E,Annual,FIN_NET_PROFIT_PARENT,归母净利润,Forecast,Group,117994.25589055957,RMB mn,RMB,1,Forecast,Bear,MODEL_P3,Medium,Phase 3 formula-driven forecast using G2-approved scenario drivers,,,,
CM_PHASE3_20260803,中国移动,中国移动有限公司（A股600941；H股941/80941）,China Mobile Limited及其附属公司合并口径,2028E,Annual,CAPEX_COMPANY,公司口径资本开支,Forecast,Cash flow,150801.27626076608,RMB mn,RMB,1,Forecast,Bear,MODEL_P3,Medium,Phase 3 formula-driven forecast using G2-approved scenario drivers,,,,
CM_PHASE3_20260803,中国移动,中国移动有限公司（A股600941；H股941/80941）,China Mobile Limited及其附属公司合并口径,2028E,Annual,CF_CFO,经营活动现金流净额,Forecast,Cash flow,241725.57518269855,RMB mn,RMB,1,Forecast,Bear,MODEL_P3,Medium,Phase 3 formula-driven forecast using G2-approved scenario drivers,,,,
CM_PHASE3_20260803,中国移动,中国移动有限公司（A股600941；H股941/80941）,China Mobile Limited及其附属公司合并口径,2028E,Annual,CF_CASH_CONVERSION_ADJ,营运资本及其他现金转换调整,Forecast,Cash flow,44434.66529851389,RMB mn,RMB,1,Forecast,Bear,MODEL_P3,Medium,Phase 3 formula-driven forecast using G2-approved scenario drivers,,,,
CM_PHASE3_20260803,中国移动,中国移动有限公司（A股600941；H股941/80941）,China Mobile Limited及其附属公司合并口径,2028E,Annual,CF_FCFF,自由现金流,Forecast,Cash flow,90924.29892193247,RMB mn,RMB,1,Forecast,Bear,MODEL_P3,Medium,Phase 3 formula-driven forecast using G2-approved scenario drivers,,,,
CM_PHASE3_20260803,中国移动,中国移动有限公司（A股600941；H股941/80941）,China Mobile Limited及其附属公司合并口径,2028E,Annual,DIV_PAYOUT,派息率,Forecast,Dividend,0.756,%,,1,Forecast,Bear,MODEL_P3,Medium,Phase 3 formula-driven forecast using G2-approved scenario drivers,,,,
CM_PHASE3_20260803,中国移动,中国移动有限公司（A股600941；H股941/80941）,China Mobile Limited及其附属公司合并口径,2028E,Annual,DIV_CASH_FORECAST,预计现金分红,Forecast,Dividend,89203.65745326303,RMB mn,RMB,1,Forecast,Bear,MODEL_P3,Medium,Phase 3 formula-driven forecast using G2-approved scenario drivers,,,,
CM_PHASE3_20260803,中国移动,中国移动有限公司（A股600941；H股941/80941）,China Mobile Limited及其附属公司合并口径,2028E,Annual,EQ_SHARES_FORECAST,预计发行股份,Forecast,Equity,21843.696323,mn shares,,1,Forecast,Bear,MODEL_P3,Medium,Phase 3 formula-driven forecast using G2-approved scenario drivers,,,,
CM_PHASE3_20260803,中国移动,中国移动有限公司（A股600941；H股941/80941）,China Mobile Limited及其附属公司合并口径,2028E,Annual,DIV_DPS,预计每股股息,Forecast,Dividend,4.530373038171351,HKD/share,HKD,1,Forecast,Bear,MODEL_P3,Medium,Phase 3 formula-driven forecast using G2-approved scenario drivers,,,,
CM_PHASE3_20260803,中国移动,中国移动有限公司（A股600941；H股941/80941）,China Mobile Limited及其附属公司合并口径,2028E,Annual,FIN_EPS_BASIC,预计每股收益,Forecast,Equity,5.401753171523413,RMB/share,RMB,1,Forecast,Bear,MODEL_P3,Medium,Phase 3 formula-driven forecast using G2-approved scenario drivers,,,,
CM_PHASE3_20260803,中国移动,中国移动有限公司（A股600941；H股941/80941）,China Mobile Limited及其附属公司合并口径,2029E,Annual,REV_TOC_MOBILE,ToC移动通信收入,Forecast,ToC Mobile,422403.59919252497,RMB mn,RMB,1,Forecast,Bear,MODEL_P3,Medium,Phase 3 formula-driven forecast using G2-approved scenario drivers,,,,
CM_PHASE3_20260803,中国移动,中国移动有限公司（A股600941；H股941/80941）,China Mobile Limited及其附属公司合并口径,2029E,Annual,REV_HOME,家庭宽带与智慧家庭收入,Forecast,Home,149148.01187267227,RMB mn,RMB,1,Forecast,Bear,MODEL_P3,Medium,Phase 3 formula-driven forecast using G2-approved scenario drivers,,,,
CM_PHASE3_20260803,中国移动,中国移动有限公司（A股600941；H股941/80941）,China Mobile Limited及其附属公司合并口径,2029E,Annual,REV_ENTERPRISE_CONNECT,企业连接和传统网络收入,Forecast,Enterprise Connect,94098.27265800249,RMB mn,RMB,1,Forecast,Bear,MODEL_P3,Medium,Phase 3 formula-driven forecast using G2-approved scenario drivers,,,,
CM_PHASE3_20260803,中国移动,中国移动有限公司（A股600941；H股941/80941）,China Mobile Limited及其附属公司合并口径,2029E,Annual,REV_CLOUD_NONAI,非AI云与数字化收入,Forecast,Cloud & Digital,80775.7470316296,RMB mn,RMB,1,Forecast,Bear,MODEL_P3,Medium,Phase 3 formula-driven forecast using G2-approved scenario drivers,,,,
CM_PHASE3_20260803,中国移动,中国移动有限公司（A股600941；H股941/80941）,China Mobile Limited及其附属公司合并口径,2029E,Annual,REV_AIDC,AIDC收入估算,Forecast,AI/AIDC,24884.736624,RMB mn,RMB,1,Forecast,Bear,MODEL_P3,Low,Phase 3 formula-driven forecast using G2-approved scenario drivers,,,,
CM_PHASE3_20260803,中国移动,中国移动有限公司（A股600941；H股941/80941）,China Mobile Limited及其附属公司合并口径,2029E,Annual,REV_AI_SERVICE,智能服务收入,Forecast,AI services,104273.15807217255,RMB mn,RMB,1,Forecast,Bear,MODEL_P3,Medium,Phase 3 formula-driven forecast using G2-approved scenario drivers,,,,
CM_PHASE3_20260803,中国移动,中国移动有限公司（A股600941；H股941/80941）,China Mobile Limited及其附属公司合并口径,2029E,Annual,REV_IOT,物联网收入估算,Forecast,IoT,13052.779987499998,RMB mn,RMB,1,Forecast,Bear,MODEL_P3,Low,Phase 3 formula-driven forecast using G2-approved scenario drivers,,,,
CM_PHASE3_20260803,中国移动,中国移动有限公司（A股600941；H股941/80941）,China Mobile Limited及其附属公司合并口径,2029E,Annual,REV_DEVICE_OTHER,终端、批发及其他业务收入,Forecast,Device & Other,142650.69252111999,RMB mn,RMB,1,Forecast,Bear,MODEL_P3,Medium,Phase 3 formula-driven forecast using G2-approved scenario drivers,,,,
CM_PHASE3_20260803,中国移动,中国移动有限公司（A股600941；H股941/80941）,China Mobile Limited及其附属公司合并口径,2029E,Annual,REV_MODEL_RESIDUAL,收入桥接及取整差额,Forecast,Group,30.0,RMB mn,RMB,1,Forecast,Bear,MODEL_P3,Medium,Phase 3 formula-driven forecast using G2-approved scenario drivers,,,,
CM_PHASE3_20260803,中国移动,中国移动有限公司（A股600941；H股941/80941）,China Mobile Limited及其附属公司合并口径,2029E,Annual,FIN_REV_PRINCIPAL,主营业务收入,Forecast,Group,888666.3054385019,RMB mn,RMB,1,Forecast,Bear,MODEL_P3,Medium,Phase 3 formula-driven forecast using G2-approved scenario drivers,,,,
CM_PHASE3_20260803,中国移动,中国移动有限公司（A股600941；H股941/80941）,China Mobile Limited及其附属公司合并口径,2029E,Annual,FIN_REV_TOTAL,营业收入,Forecast,Group,1031316.9979596218,RMB mn,RMB,1,Forecast,Bear,MODEL_P3,Medium,Phase 3 formula-driven forecast using G2-approved scenario drivers,,,,
CM_PHASE3_20260803,中国移动,中国移动有限公司（A股600941；H股941/80941）,China Mobile Limited及其附属公司合并口径,2029E,Annual,COST_NETWORK,网络运行、维护及支撑成本,Forecast,Cost,291347.0519235932,RMB mn,RMB,1,Forecast,Bear,MODEL_P3,Medium,Phase 3 formula-driven forecast using G2-approved scenario drivers,,,,
CM_PHASE3_20260803,中国移动,中国移动有限公司（A股600941；H股941/80941）,China Mobile Limited及其附属公司合并口径,2029E,Annual,COST_DA,折旧及摊销,Forecast,Cost,185637.05963273192,RMB mn,RMB,1,Forecast,Bear,MODEL_P3,Medium,Phase 3 formula-driven forecast using G2-approved scenario drivers,,,,
CM_PHASE3_20260803,中国移动,中国移动有限公司（A股600941；H股941/80941）,China Mobile Limited及其附属公司合并口径,2029E,Annual,COST_EMPLOYEE,人工成本,Forecast,Cost,154697.54969394326,RMB mn,RMB,1,Forecast,Bear,MODEL_P3,Medium,Phase 3 formula-driven forecast using G2-approved scenario drivers,,,,
CM_PHASE3_20260803,中国移动,中国移动有限公司（A股600941；H股941/80941）,China Mobile Limited及其附属公司合并口径,2029E,Annual,COST_SELLING,销售费用,Forecast,Cost,56980.26413726911,RMB mn,RMB,1,Forecast,Bear,MODEL_P3,Medium,Phase 3 formula-driven forecast using G2-approved scenario drivers,,,,
CM_PHASE3_20260803,中国移动,中国移动有限公司（A股600941；H股941/80941）,China Mobile Limited及其附属公司合并口径,2029E,Annual,COST_PRODUCTS,产品销售成本,Forecast,Cost,141509.486980951,RMB mn,RMB,1,Forecast,Bear,MODEL_P3,Medium,Phase 3 formula-driven forecast using G2-approved scenario drivers,,,,
CM_PHASE3_20260803,中国移动,中国移动有限公司（A股600941；H股941/80941）,China Mobile Limited及其附属公司合并口径,2029E,Annual,COST_OTHER_RESIDUAL,其他经营费用（扣除信用减值）,Forecast,Cost,53886.31314339024,RMB mn,RMB,1,Forecast,Bear,MODEL_P3,Medium,Phase 3 formula-driven forecast using G2-approved scenario drivers,,,,
CM_PHASE3_20260803,中国移动,中国移动有限公司（A股600941；H股941/80941）,China Mobile Limited及其附属公司合并口径,2029E,Annual,COST_CREDIT_NET,信用及合同资产减值净额,Forecast,Risk,12375.803975515462,RMB mn,RMB,1,Forecast,Bear,MODEL_P3,Medium,Phase 3 formula-driven forecast using G2-approved scenario drivers,,,,
CM_PHASE3_20260803,中国移动,中国移动有限公司（A股600941；H股941/80941）,China Mobile Limited及其附属公司合并口径,2029E,Annual,FIN_EBITDA,EBITDA,Forecast,Group,320520.5281049596,RMB mn,RMB,1,Forecast,Bear,MODEL_P3,Medium,Phase 3 formula-driven forecast using G2-approved scenario drivers,,,,
CM_PHASE3_20260803,中国移动,中国移动有限公司（A股600941；H股941/80941）,China Mobile Limited及其附属公司合并口径,2029E,Annual,FIN_EBIT,EBIT,Forecast,Group,134883.46847222766,RMB mn,RMB,1,Forecast,Bear,MODEL_P3,Medium,Phase 3 formula-driven forecast using G2-approved scenario drivers,,,,
CM_PHASE3_20260803,中国移动,中国移动有限公司（A股600941；H股941/80941）,China Mobile Limited及其附属公司合并口径,2029E,Annual,FIN_NONOP_INCOME,经营外收入净额,Forecast,Group,23720.2909530713,RMB mn,RMB,1,Forecast,Bear,MODEL_P3,Medium,Phase 3 formula-driven forecast using G2-approved scenario drivers,,,,
CM_PHASE3_20260803,中国移动,中国移动有限公司（A股600941；H股941/80941）,China Mobile Limited及其附属公司合并口径,2029E,Annual,FIN_PBT,税前利润,Forecast,Group,158603.75942529895,RMB mn,RMB,1,Forecast,Bear,MODEL_P3,Medium,Phase 3 formula-driven forecast using G2-approved scenario drivers,,,,
CM_PHASE3_20260803,中国移动,中国移动有限公司（A股600941；H股941/80941）,China Mobile Limited及其附属公司合并口径,2029E,Annual,FIN_TAX,所得税,Forecast,Group,35685.84587069227,RMB mn,RMB,1,Forecast,Bear,MODEL_P3,Medium,Phase 3 formula-driven forecast using G2-approved scenario drivers,,,,
CM_PHASE3_20260803,中国移动,中国移动有限公司（A股600941；H股941/80941）,China Mobile Limited及其附属公司合并口径,2029E,Annual,FIN_NET_PROFIT_PARENT,归母净利润,Forecast,Group,122747.91355460668,RMB mn,RMB,1,Forecast,Bear,MODEL_P3,Medium,Phase 3 formula-driven forecast using G2-approved scenario drivers,,,,
CM_PHASE3_20260803,中国移动,中国移动有限公司（A股600941；H股941/80941）,China Mobile Limited及其附属公司合并口径,2029E,Annual,CAPEX_COMPANY,公司口径资本开支,Forecast,Cash flow,151073.27192454532,RMB mn,RMB,1,Forecast,Bear,MODEL_P3,Medium,Phase 3 formula-driven forecast using G2-approved scenario drivers,,,,
CM_PHASE3_20260803,中国移动,中国移动有限公司（A股600941；H股941/80941）,China Mobile Limited及其附属公司合并口径,2029E,Annual,CF_CFO,经营活动现金流净额,Forecast,Cash flow,245494.06687738613,RMB mn,RMB,1,Forecast,Bear,MODEL_P3,Medium,Phase 3 formula-driven forecast using G2-approved scenario drivers,,,,
CM_PHASE3_20260803,中国移动,中国移动有限公司（A股600941；H股941/80941）,China Mobile Limited及其附属公司合并口径,2029E,Annual,CF_CASH_CONVERSION_ADJ,营运资本及其他现金转换调整,Forecast,Cash flow,44677.680821322254,RMB mn,RMB,1,Forecast,Bear,MODEL_P3,Medium,Phase 3 formula-driven forecast using G2-approved scenario drivers,,,,
CM_PHASE3_20260803,中国移动,中国移动有限公司（A股600941；H股941/80941）,China Mobile Limited及其附属公司合并口径,2029E,Annual,CF_FCFF,自由现金流,Forecast,Cash flow,94420.7949528408,RMB mn,RMB,1,Forecast,Bear,MODEL_P3,Medium,Phase 3 formula-driven forecast using G2-approved scenario drivers,,,,
CM_PHASE3_20260803,中国移动,中国移动有限公司（A股600941；H股941/80941）,China Mobile Limited及其附属公司合并口径,2029E,Annual,DIV_PAYOUT,派息率,Forecast,Dividend,0.758,%,,1,Forecast,Bear,MODEL_P3,Medium,Phase 3 formula-driven forecast using G2-approved scenario drivers,,,,
CM_PHASE3_20260803,中国移动,中国移动有限公司（A股600941；H股941/80941）,China Mobile Limited及其附属公司合并口径,2029E,Annual,DIV_CASH_FORECAST,预计现金分红,Forecast,Dividend,93042.91847439186,RMB mn,RMB,1,Forecast,Bear,MODEL_P3,Medium,Phase 3 formula-driven forecast using G2-approved scenario drivers,,,,
CM_PHASE3_20260803,中国移动,中国移动有限公司（A股600941；H股941/80941）,China Mobile Limited及其附属公司合并口径,2029E,Annual,EQ_SHARES_FORECAST,预计发行股份,Forecast,Equity,21923.696323,mn shares,,1,Forecast,Bear,MODEL_P3,Medium,Phase 3 formula-driven forecast using G2-approved scenario drivers,,,,
CM_PHASE3_20260803,中国移动,中国移动有限公司（A股600941；H股941/80941）,China Mobile Limited及其附属公司合并口径,2029E,Annual,DIV_DPS,预计每股股息,Forecast,Dividend,4.708114102366323,HKD/share,HKD,1,Forecast,Bear,MODEL_P3,Medium,Phase 3 formula-driven forecast using G2-approved scenario drivers,,,,
CM_PHASE3_20260803,中国移动,中国移动有限公司（A股600941；H股941/80941）,China Mobile Limited及其附属公司合并口径,2029E,Annual,FIN_EPS_BASIC,预计每股收益,Forecast,Equity,5.598869449118974,RMB/share,RMB,1,Forecast,Bear,MODEL_P3,Medium,Phase 3 formula-driven forecast using G2-approved scenario drivers,,,,
CM_PHASE3_20260803,中国移动,中国移动有限公司（A股600941；H股941/80941）,China Mobile Limited及其附属公司合并口径,2030E,Annual,REV_TOC_MOBILE,ToC移动通信收入,Forecast,ToC Mobile,414819.34256902314,RMB mn,RMB,1,Forecast,Bear,MODEL_P3,Medium,Phase 3 formula-driven forecast using G2-approved scenario drivers,,,,
CM_PHASE3_20260803,中国移动,中国移动有限公司（A股600941；H股941/80941）,China Mobile Limited及其附属公司合并口径,2030E,Annual,REV_HOME,家庭宽带与智慧家庭收入,Forecast,Home,152142.15821101615,RMB mn,RMB,1,Forecast,Bear,MODEL_P3,Medium,Phase 3 formula-driven forecast using G2-approved scenario drivers,,,,
CM_PHASE3_20260803,中国移动,中国移动有限公司（A股600941；H股941/80941）,China Mobile Limited及其附属公司合并口径,2030E,Annual,REV_ENTERPRISE_CONNECT,企业连接和传统网络收入,Forecast,Enterprise Connect,93627.78129471248,RMB mn,RMB,1,Forecast,Bear,MODEL_P3,Medium,Phase 3 formula-driven forecast using G2-approved scenario drivers,,,,
CM_PHASE3_20260803,中国移动,中国移动有限公司（A股600941；H股941/80941）,China Mobile Limited及其附属公司合并口径,2030E,Annual,REV_CLOUD_NONAI,非AI云与数字化收入,Forecast,Cloud & Digital,82472.0377192938,RMB mn,RMB,1,Forecast,Bear,MODEL_P3,Medium,Phase 3 formula-driven forecast using G2-approved scenario drivers,,,,
CM_PHASE3_20260803,中国移动,中国移动有限公司（A股600941；H股941/80941）,China Mobile Limited及其附属公司合并口径,2030E,Annual,REV_AIDC,AIDC收入估算,Forecast,AI/AIDC,26377.820821440004,RMB mn,RMB,1,Forecast,Bear,MODEL_P3,Low,Phase 3 formula-driven forecast using G2-approved scenario drivers,,,,
CM_PHASE3_20260803,中国移动,中国移动有限公司（A股600941；H股941/80941）,China Mobile Limited及其附属公司合并口径,2030E,Annual,REV_AI_SERVICE,智能服务收入,Forecast,AI services,107109.38797173563,RMB mn,RMB,1,Forecast,Bear,MODEL_P3,Medium,Phase 3 formula-driven forecast using G2-approved scenario drivers,,,,
CM_PHASE3_20260803,中国移动,中国移动有限公司（A股600941；H股941/80941）,China Mobile Limited及其附属公司合并口径,2030E,Annual,REV_IOT,物联网收入估算,Forecast,IoT,13248.571687312497,RMB mn,RMB,1,Forecast,Bear,MODEL_P3,Low,Phase 3 formula-driven forecast using G2-approved scenario drivers,,,,
CM_PHASE3_20260803,中国移动,中国移动有限公司（A股600941；H股941/80941）,China Mobile Limited及其附属公司合并口径,2030E,Annual,REV_DEVICE_OTHER,终端、批发及其他业务收入,Forecast,Device & Other,139797.67867069758,RMB mn,RMB,1,Forecast,Bear,MODEL_P3,Medium,Phase 3 formula-driven forecast using G2-approved scenario drivers,,,,
CM_PHASE3_20260803,中国移动,中国移动有限公司（A股600941；H股941/80941）,China Mobile Limited及其附属公司合并口径,2030E,Annual,REV_MODEL_RESIDUAL,收入桥接及取整差额,Forecast,Group,30.0,RMB mn,RMB,1,Forecast,Bear,MODEL_P3,Medium,Phase 3 formula-driven forecast using G2-approved scenario drivers,,,,
CM_PHASE3_20260803,中国移动,中国移动有限公司（A股600941；H股941/80941）,China Mobile Limited及其附属公司合并口径,2030E,Annual,FIN_REV_PRINCIPAL,主营业务收入,Forecast,Group,889827.1002745337,RMB mn,RMB,1,Forecast,Bear,MODEL_P3,Medium,Phase 3 formula-driven forecast using G2-approved scenario drivers,,,,
CM_PHASE3_20260803,中国移动,中国移动有限公司（A股600941；H股941/80941）,China Mobile Limited及其附属公司合并口径,2030E,Annual,FIN_REV_TOTAL,营业收入,Forecast,Group,1029624.7789452313,RMB mn,RMB,1,Forecast,Bear,MODEL_P3,Medium,Phase 3 formula-driven forecast using G2-approved scenario drivers,,,,
CM_PHASE3_20260803,中国移动,中国移动有限公司（A股600941；H股941/80941）,China Mobile Limited及其附属公司合并口径,2030E,Annual,COST_NETWORK,网络运行、维护及支撑成本,Forecast,Cost,288294.9381046648,RMB mn,RMB,1,Forecast,Bear,MODEL_P3,Medium,Phase 3 formula-driven forecast using G2-approved scenario drivers,,,,
CM_PHASE3_20260803,中国移动,中国移动有限公司（A股600941；H股941/80941）,China Mobile Limited及其附属公司合并口径,2030E,Annual,COST_DA,折旧及摊销,Forecast,Cost,185332.46021014164,RMB mn,RMB,1,Forecast,Bear,MODEL_P3,Medium,Phase 3 formula-driven forecast using G2-approved scenario drivers,,,,
CM_PHASE3_20260803,中国移动,中国移动有限公司（A股600941；H股941/80941）,China Mobile Limited及其附属公司合并口径,2030E,Annual,COST_EMPLOYEE,人工成本,Forecast,Cost,154443.71684178468,RMB mn,RMB,1,Forecast,Bear,MODEL_P3,Medium,Phase 3 formula-driven forecast using G2-approved scenario drivers,,,,
CM_PHASE3_20260803,中国移动,中国移动有限公司（A股600941；H股941/80941）,China Mobile Limited及其附属公司合并口径,2030E,Annual,COST_SELLING,销售费用,Forecast,Cost,56629.36284198773,RMB mn,RMB,1,Forecast,Bear,MODEL_P3,Medium,Phase 3 formula-driven forecast using G2-approved scenario drivers,,,,
CM_PHASE3_20260803,中国移动,中国移动有限公司（A股600941；H股941/80941）,China Mobile Limited及其附属公司合并口径,2030E,Annual,COST_PRODUCTS,产品销售成本,Forecast,Cost,138679.297241332,RMB mn,RMB,1,Forecast,Bear,MODEL_P3,Medium,Phase 3 formula-driven forecast using G2-approved scenario drivers,,,,
CM_PHASE3_20260803,中国移动,中国移动有限公司（A股600941；H股941/80941）,China Mobile Limited及其附属公司合并口径,2030E,Annual,COST_OTHER_RESIDUAL,其他经营费用（扣除信用减值）,Forecast,Cost,53540.488505152025,RMB mn,RMB,1,Forecast,Bear,MODEL_P3,Medium,Phase 3 formula-driven forecast using G2-approved scenario drivers,,,,
CM_PHASE3_20260803,中国移动,中国移动有限公司（A股600941；H股941/80941）,China Mobile Limited及其附属公司合并口径,2030E,Annual,COST_CREDIT_NET,信用及合同资产减值净额,Forecast,Risk,12355.497347342776,RMB mn,RMB,1,Forecast,Bear,MODEL_P3,Medium,Phase 3 formula-driven forecast using G2-approved scenario drivers,,,,
CM_PHASE3_20260803,中国移动,中国移动有限公司（A股600941；H股941/80941）,China Mobile Limited及其附属公司合并口径,2030E,Annual,FIN_EBITDA,EBITDA,Forecast,Group,325681.47806296736,RMB mn,RMB,1,Forecast,Bear,MODEL_P3,Medium,Phase 3 formula-driven forecast using G2-approved scenario drivers,,,,
CM_PHASE3_20260803,中国移动,中国移动有限公司（A股600941；H股941/80941）,China Mobile Limited及其附属公司合并口径,2030E,Annual,FIN_EBIT,EBIT,Forecast,Group,140349.01785282572,RMB mn,RMB,1,Forecast,Bear,MODEL_P3,Medium,Phase 3 formula-driven forecast using G2-approved scenario drivers,,,,
CM_PHASE3_20260803,中国移动,中国移动有限公司（A股600941；H股941/80941）,China Mobile Limited及其附属公司合并口径,2030E,Annual,FIN_NONOP_INCOME,经营外收入净额,Forecast,Group,23681.36991574032,RMB mn,RMB,1,Forecast,Bear,MODEL_P3,Medium,Phase 3 formula-driven forecast using G2-approved scenario drivers,,,,
CM_PHASE3_20260803,中国移动,中国移动有限公司（A股600941；H股941/80941）,China Mobile Limited及其附属公司合并口径,2030E,Annual,FIN_PBT,税前利润,Forecast,Group,164030.38776856606,RMB mn,RMB,1,Forecast,Bear,MODEL_P3,Medium,Phase 3 formula-driven forecast using G2-approved scenario drivers,,,,
CM_PHASE3_20260803,中国移动,中国移动有限公司（A股600941；H股941/80941）,China Mobile Limited及其附属公司合并口径,2030E,Annual,FIN_TAX,所得税,Forecast,Group,36906.83724792736,RMB mn,RMB,1,Forecast,Bear,MODEL_P3,Medium,Phase 3 formula-driven forecast using G2-approved scenario drivers,,,,
CM_PHASE3_20260803,中国移动,中国移动有限公司（A股600941；H股941/80941）,China Mobile Limited及其附属公司合并口径,2030E,Annual,FIN_NET_PROFIT_PARENT,归母净利润,Forecast,Group,126953.5505206387,RMB mn,RMB,1,Forecast,Bear,MODEL_P3,Medium,Phase 3 formula-driven forecast using G2-approved scenario drivers,,,,
CM_PHASE3_20260803,中国移动,中国移动有限公司（A股600941；H股941/80941）,China Mobile Limited及其附属公司合并口径,2030E,Annual,CAPEX_COMPANY,公司口径资本开支,Forecast,Cash flow,151270.60704667075,RMB mn,RMB,1,Forecast,Bear,MODEL_P3,Medium,Phase 3 formula-driven forecast using G2-approved scenario drivers,,,,
CM_PHASE3_20260803,中国移动,中国移动有限公司（A股600941；H股941/80941）,China Mobile Limited及其附属公司合并口径,2030E,Annual,CF_CFO,经营活动现金流净额,Forecast,Cash flow,249151.58807686946,RMB mn,RMB,1,Forecast,Bear,MODEL_P3,Medium,Phase 3 formula-driven forecast using G2-approved scenario drivers,,,,
CM_PHASE3_20260803,中国移动,中国移动有限公司（A股600941；H股941/80941）,China Mobile Limited及其附属公司合并口径,2030E,Annual,CF_CASH_CONVERSION_ADJ,营运资本及其他现金转换调整,Forecast,Cash flow,44951.36096921211,RMB mn,RMB,1,Forecast,Bear,MODEL_P3,Medium,Phase 3 formula-driven forecast using G2-approved scenario drivers,,,,
CM_PHASE3_20260803,中国移动,中国移动有限公司（A股600941；H股941/80941）,China Mobile Limited及其附属公司合并口径,2030E,Annual,CF_FCFF,自由现金流,Forecast,Cash flow,97880.98103019872,RMB mn,RMB,1,Forecast,Bear,MODEL_P3,Medium,Phase 3 formula-driven forecast using G2-approved scenario drivers,,,,
CM_PHASE3_20260803,中国移动,中国移动有限公司（A股600941；H股941/80941）,China Mobile Limited及其附属公司合并口径,2030E,Annual,DIV_PAYOUT,派息率,Forecast,Dividend,0.76,%,,1,Forecast,Bear,MODEL_P3,Medium,Phase 3 formula-driven forecast using G2-approved scenario drivers,,,,
CM_PHASE3_20260803,中国移动,中国移动有限公司（A股600941；H股941/80941）,China Mobile Limited及其附属公司合并口径,2030E,Annual,DIV_CASH_FORECAST,预计现金分红,Forecast,Dividend,96484.69839568541,RMB mn,RMB,1,Forecast,Bear,MODEL_P3,Medium,Phase 3 formula-driven forecast using G2-approved scenario drivers,,,,
CM_PHASE3_20260803,中国移动,中国移动有限公司（A股600941；H股941/80941）,China Mobile Limited及其附属公司合并口径,2030E,Annual,EQ_SHARES_FORECAST,预计发行股份,Forecast,Equity,22003.696323,mn shares,,1,Forecast,Bear,MODEL_P3,Medium,Phase 3 formula-driven forecast using G2-approved scenario drivers,,,,
CM_PHASE3_20260803,中国移动,中国移动有限公司（A股600941；H股941/80941）,China Mobile Limited及其附属公司合并口径,2030E,Annual,DIV_DPS,预计每股股息,Forecast,Dividend,4.864522695769716,HKD/share,HKD,1,Forecast,Bear,MODEL_P3,Medium,Phase 3 formula-driven forecast using G2-approved scenario drivers,,,,
CM_PHASE3_20260803,中国移动,中国移动有限公司（A股600941；H股941/80941）,China Mobile Limited及其附属公司合并口径,2030E,Annual,FIN_EPS_BASIC,预计每股收益,Forecast,Equity,5.769646547427436,RMB/share,RMB,1,Forecast,Bear,MODEL_P3,Medium,Phase 3 formula-driven forecast using G2-approved scenario drivers,,,,
CM_PHASE3_20260803,中国移动,中国移动有限公司（A股600941；H股941/80941）,China Mobile Limited及其附属公司合并口径,2031E,Annual,REV_TOC_MOBILE,ToC移动通信收入,Forecast,ToC Mobile,414819.34256902314,RMB mn,RMB,1,Forecast,Bear,MODEL_P3,Medium,Phase 3 formula-driven forecast using G2-approved scenario drivers,,,,
CM_PHASE3_20260803,中国移动,中国移动有限公司（A股600941；H股941/80941）,China Mobile Limited及其附属公司合并口径,2031E,Annual,REV_HOME,家庭宽带与智慧家庭收入,Forecast,Home,152142.15821101615,RMB mn,RMB,1,Forecast,Bear,MODEL_P3,Medium,Phase 3 formula-driven forecast using G2-approved scenario drivers,,,,
CM_PHASE3_20260803,中国移动,中国移动有限公司（A股600941；H股941/80941）,China Mobile Limited及其附属公司合并口径,2031E,Annual,REV_ENTERPRISE_CONNECT,企业连接和传统网络收入,Forecast,Enterprise Connect,93627.78129471248,RMB mn,RMB,1,Forecast,Bear,MODEL_P3,Medium,Phase 3 formula-driven forecast using G2-approved scenario drivers,,,,
CM_PHASE3_20260803,中国移动,中国移动有限公司（A股600941；H股941/80941）,China Mobile Limited及其附属公司合并口径,2031E,Annual,REV_CLOUD_NONAI,非AI云与数字化收入,Forecast,Cloud & Digital,82472.0377192938,RMB mn,RMB,1,Forecast,Bear,MODEL_P3,Medium,Phase 3 formula-driven forecast using G2-approved scenario drivers,,,,
CM_PHASE3_20260803,中国移动,中国移动有限公司（A股600941；H股941/80941）,China Mobile Limited及其附属公司合并口径,2031E,Annual,REV_AIDC,AIDC收入估算,Forecast,AI/AIDC,26377.820821440004,RMB mn,RMB,1,Forecast,Bear,MODEL_P3,Low,Phase 3 formula-driven forecast using G2-approved scenario drivers,,,,
CM_PHASE3_20260803,中国移动,中国移动有限公司（A股600941；H股941/80941）,China Mobile Limited及其附属公司合并口径,2031E,Annual,REV_AI_SERVICE,智能服务收入,Forecast,AI services,107109.38797173563,RMB mn,RMB,1,Forecast,Bear,MODEL_P3,Medium,Phase 3 formula-driven forecast using G2-approved scenario drivers,,,,
CM_PHASE3_20260803,中国移动,中国移动有限公司（A股600941；H股941/80941）,China Mobile Limited及其附属公司合并口径,2031E,Annual,REV_IOT,物联网收入估算,Forecast,IoT,13248.571687312497,RMB mn,RMB,1,Forecast,Bear,MODEL_P3,Low,Phase 3 formula-driven forecast using G2-approved scenario drivers,,,,
CM_PHASE3_20260803,中国移动,中国移动有限公司（A股600941；H股941/80941）,China Mobile Limited及其附属公司合并口径,2031E,Annual,REV_DEVICE_OTHER,终端、批发及其他业务收入,Forecast,Device & Other,139797.67867069758,RMB mn,RMB,1,Forecast,Bear,MODEL_P3,Medium,Phase 3 formula-driven forecast using G2-approved scenario drivers,,,,
CM_PHASE3_20260803,中国移动,中国移动有限公司（A股600941；H股941/80941）,China Mobile Limited及其附属公司合并口径,2031E,Annual,REV_MODEL_RESIDUAL,收入桥接及取整差额,Forecast,Group,30.0,RMB mn,RMB,1,Forecast,Bear,MODEL_P3,Medium,Phase 3 formula-driven forecast using G2-approved scenario drivers,,,,
CM_PHASE3_20260803,中国移动,中国移动有限公司（A股600941；H股941/80941）,China Mobile Limited及其附属公司合并口径,2031E,Annual,FIN_REV_PRINCIPAL,主营业务收入,Forecast,Group,889827.1002745337,RMB mn,RMB,1,Forecast,Bear,MODEL_P3,Medium,Phase 3 formula-driven forecast using G2-approved scenario drivers,,,,
CM_PHASE3_20260803,中国移动,中国移动有限公司（A股600941；H股941/80941）,China Mobile Limited及其附属公司合并口径,2031E,Annual,FIN_REV_TOTAL,营业收入,Forecast,Group,1029624.7789452313,RMB mn,RMB,1,Forecast,Bear,MODEL_P3,Medium,Phase 3 formula-driven forecast using G2-approved scenario drivers,,,,
CM_PHASE3_20260803,中国移动,中国移动有限公司（A股600941；H股941/80941）,China Mobile Limited及其附属公司合并口径,2031E,Annual,COST_NETWORK,网络运行、维护及支撑成本,Forecast,Cost,288294.9381046648,RMB mn,RMB,1,Forecast,Bear,MODEL_P3,Medium,Phase 3 formula-driven forecast using G2-approved scenario drivers,,,,
CM_PHASE3_20260803,中国移动,中国移动有限公司（A股600941；H股941/80941）,China Mobile Limited及其附属公司合并口径,2031E,Annual,COST_DA,折旧及摊销,Forecast,Cost,185332.46021014164,RMB mn,RMB,1,Forecast,Bear,MODEL_P3,Medium,Phase 3 formula-driven forecast using G2-approved scenario drivers,,,,
CM_PHASE3_20260803,中国移动,中国移动有限公司（A股600941；H股941/80941）,China Mobile Limited及其附属公司合并口径,2031E,Annual,COST_EMPLOYEE,人工成本,Forecast,Cost,154443.71684178468,RMB mn,RMB,1,Forecast,Bear,MODEL_P3,Medium,Phase 3 formula-driven forecast using G2-approved scenario drivers,,,,
CM_PHASE3_20260803,中国移动,中国移动有限公司（A股600941；H股941/80941）,China Mobile Limited及其附属公司合并口径,2031E,Annual,COST_SELLING,销售费用,Forecast,Cost,56629.36284198773,RMB mn,RMB,1,Forecast,Bear,MODEL_P3,Medium,Phase 3 formula-driven forecast using G2-approved scenario drivers,,,,
CM_PHASE3_20260803,中国移动,中国移动有限公司（A股600941；H股941/80941）,China Mobile Limited及其附属公司合并口径,2031E,Annual,COST_PRODUCTS,产品销售成本,Forecast,Cost,138679.297241332,RMB mn,RMB,1,Forecast,Bear,MODEL_P3,Medium,Phase 3 formula-driven forecast using G2-approved scenario drivers,,,,
CM_PHASE3_20260803,中国移动,中国移动有限公司（A股600941；H股941/80941）,China Mobile Limited及其附属公司合并口径,2031E,Annual,COST_OTHER_RESIDUAL,其他经营费用（扣除信用减值）,Forecast,Cost,53540.488505152025,RMB mn,RMB,1,Forecast,Bear,MODEL_P3,Medium,Phase 3 formula-driven forecast using G2-approved scenario drivers,,,,
CM_PHASE3_20260803,中国移动,中国移动有限公司（A股600941；H股941/80941）,China Mobile Limited及其附属公司合并口径,2031E,Annual,COST_CREDIT_NET,信用及合同资产减值净额,Forecast,Risk,12355.497347342776,RMB mn,RMB,1,Forecast,Bear,MODEL_P3,Medium,Phase 3 formula-driven forecast using G2-approved scenario drivers,,,,
CM_PHASE3_20260803,中国移动,中国移动有限公司（A股600941；H股941/80941）,China Mobile Limited及其附属公司合并口径,2031E,Annual,FIN_EBITDA,EBITDA,Forecast,Group,325681.47806296736,RMB mn,RMB,1,Forecast,Bear,MODEL_P3,Medium,Phase 3 formula-driven forecast using G2-approved scenario drivers,,,,
CM_PHASE3_20260803,中国移动,中国移动有限公司（A股600941；H股941/80941）,China Mobile Limited及其附属公司合并口径,2031E,Annual,FIN_EBIT,EBIT,Forecast,Group,140349.01785282572,RMB mn,RMB,1,Forecast,Bear,MODEL_P3,Medium,Phase 3 formula-driven forecast using G2-approved scenario drivers,,,,
CM_PHASE3_20260803,中国移动,中国移动有限公司（A股600941；H股941/80941）,China Mobile Limited及其附属公司合并口径,2031E,Annual,FIN_NONOP_INCOME,经营外收入净额,Forecast,Group,23681.36991574032,RMB mn,RMB,1,Forecast,Bear,MODEL_P3,Medium,Phase 3 formula-driven forecast using G2-approved scenario drivers,,,,
CM_PHASE3_20260803,中国移动,中国移动有限公司（A股600941；H股941/80941）,China Mobile Limited及其附属公司合并口径,2031E,Annual,FIN_PBT,税前利润,Forecast,Group,164030.38776856606,RMB mn,RMB,1,Forecast,Bear,MODEL_P3,Medium,Phase 3 formula-driven forecast using G2-approved scenario drivers,,,,
CM_PHASE3_20260803,中国移动,中国移动有限公司（A股600941；H股941/80941）,China Mobile Limited及其附属公司合并口径,2031E,Annual,FIN_TAX,所得税,Forecast,Group,36906.83724792736,RMB mn,RMB,1,Forecast,Bear,MODEL_P3,Medium,Phase 3 formula-driven forecast using G2-approved scenario drivers,,,,
CM_PHASE3_20260803,中国移动,中国移动有限公司（A股600941；H股941/80941）,China Mobile Limited及其附属公司合并口径,2031E,Annual,FIN_NET_PROFIT_PARENT,归母净利润,Forecast,Group,126953.5505206387,RMB mn,RMB,1,Forecast,Bear,MODEL_P3,Medium,Phase 3 formula-driven forecast using G2-approved scenario drivers,,,,
CM_PHASE3_20260803,中国移动,中国移动有限公司（A股600941；H股941/80941）,China Mobile Limited及其附属公司合并口径,2031E,Annual,CAPEX_COMPANY,公司口径资本开支,Forecast,Cash flow,151270.60704667075,RMB mn,RMB,1,Forecast,Bear,MODEL_P3,Medium,Phase 3 formula-driven forecast using G2-approved scenario drivers,,,,
CM_PHASE3_20260803,中国移动,中国移动有限公司（A股600941；H股941/80941）,China Mobile Limited及其附属公司合并口径,2031E,Annual,CF_CFO,经营活动现金流净额,Forecast,Cash flow,249151.58807686946,RMB mn,RMB,1,Forecast,Bear,MODEL_P3,Medium,Phase 3 formula-driven forecast using G2-approved scenario drivers,,,,
CM_PHASE3_20260803,中国移动,中国移动有限公司（A股600941；H股941/80941）,China Mobile Limited及其附属公司合并口径,2031E,Annual,CF_CASH_CONVERSION_ADJ,营运资本及其他现金转换调整,Forecast,Cash flow,44951.36096921211,RMB mn,RMB,1,Forecast,Bear,MODEL_P3,Medium,Phase 3 formula-driven forecast using G2-approved scenario drivers,,,,
CM_PHASE3_20260803,中国移动,中国移动有限公司（A股600941；H股941/80941）,China Mobile Limited及其附属公司合并口径,2031E,Annual,CF_FCFF,自由现金流,Forecast,Cash flow,97880.98103019872,RMB mn,RMB,1,Forecast,Bear,MODEL_P3,Medium,Phase 3 formula-driven forecast using G2-approved scenario drivers,,,,
CM_PHASE3_20260803,中国移动,中国移动有限公司（A股600941；H股941/80941）,China Mobile Limited及其附属公司合并口径,2031E,Annual,DIV_PAYOUT,派息率,Forecast,Dividend,0.76,%,,1,Forecast,Bear,MODEL_P3,Medium,Phase 3 formula-driven forecast using G2-approved scenario drivers,,,,
CM_PHASE3_20260803,中国移动,中国移动有限公司（A股600941；H股941/80941）,China Mobile Limited及其附属公司合并口径,2031E,Annual,DIV_CASH_FORECAST,预计现金分红,Forecast,Dividend,96484.69839568541,RMB mn,RMB,1,Forecast,Bear,MODEL_P3,Medium,Phase 3 formula-driven forecast using G2-approved scenario drivers,,,,
CM_PHASE3_20260803,中国移动,中国移动有限公司（A股600941；H股941/80941）,China Mobile Limited及其附属公司合并口径,2031E,Annual,EQ_SHARES_FORECAST,预计发行股份,Forecast,Equity,22083.696323,mn shares,,1,Forecast,Bear,MODEL_P3,Medium,Phase 3 formula-driven forecast using G2-approved scenario drivers,,,,
CM_PHASE3_20260803,中国移动,中国移动有限公司（A股600941；H股941/80941）,China Mobile Limited及其附属公司合并口径,2031E,Annual,DIV_DPS,预计每股股息,Forecast,Dividend,4.846900563588145,HKD/share,HKD,1,Forecast,Bear,MODEL_P3,Medium,Phase 3 formula-driven forecast using G2-approved scenario drivers,,,,
CM_PHASE3_20260803,中国移动,中国移动有限公司（A股600941；H股941/80941）,China Mobile Limited及其附属公司合并口径,2031E,Annual,FIN_EPS_BASIC,预计每股收益,Forecast,Equity,5.748745529905587,RMB/share,RMB,1,Forecast,Bear,MODEL_P3,Medium,Phase 3 formula-driven forecast using G2-approved scenario drivers,,,,
CM_PHASE3_20260803,中国移动,中国移动有限公司（A股600941；H股941/80941）,China Mobile Limited及其附属公司合并口径,2032E,Annual,REV_TOC_MOBILE,ToC移动通信收入,Forecast,ToC Mobile,414819.34256902314,RMB mn,RMB,1,Forecast,Bear,MODEL_P3,Medium,Phase 3 formula-driven forecast using G2-approved scenario drivers,,,,
CM_PHASE3_20260803,中国移动,中国移动有限公司（A股600941；H股941/80941）,China Mobile Limited及其附属公司合并口径,2032E,Annual,REV_HOME,家庭宽带与智慧家庭收入,Forecast,Home,152142.15821101615,RMB mn,RMB,1,Forecast,Bear,MODEL_P3,Medium,Phase 3 formula-driven forecast using G2-approved scenario drivers,,,,
CM_PHASE3_20260803,中国移动,中国移动有限公司（A股600941；H股941/80941）,China Mobile Limited及其附属公司合并口径,2032E,Annual,REV_ENTERPRISE_CONNECT,企业连接和传统网络收入,Forecast,Enterprise Connect,93627.78129471248,RMB mn,RMB,1,Forecast,Bear,MODEL_P3,Medium,Phase 3 formula-driven forecast using G2-approved scenario drivers,,,,
CM_PHASE3_20260803,中国移动,中国移动有限公司（A股600941；H股941/80941）,China Mobile Limited及其附属公司合并口径,2032E,Annual,REV_CLOUD_NONAI,非AI云与数字化收入,Forecast,Cloud & Digital,82472.0377192938,RMB mn,RMB,1,Forecast,Bear,MODEL_P3,Medium,Phase 3 formula-driven forecast using G2-approved scenario drivers,,,,
CM_PHASE3_20260803,中国移动,中国移动有限公司（A股600941；H股941/80941）,China Mobile Limited及其附属公司合并口径,2032E,Annual,REV_AIDC,AIDC收入估算,Forecast,AI/AIDC,26377.820821440004,RMB mn,RMB,1,Forecast,Bear,MODEL_P3,Low,Phase 3 formula-driven forecast using G2-approved scenario drivers,,,,
CM_PHASE3_20260803,中国移动,中国移动有限公司（A股600941；H股941/80941）,China Mobile Limited及其附属公司合并口径,2032E,Annual,REV_AI_SERVICE,智能服务收入,Forecast,AI services,107109.38797173563,RMB mn,RMB,1,Forecast,Bear,MODEL_P3,Medium,Phase 3 formula-driven forecast using G2-approved scenario drivers,,,,
CM_PHASE3_20260803,中国移动,中国移动有限公司（A股600941；H股941/80941）,China Mobile Limited及其附属公司合并口径,2032E,Annual,REV_IOT,物联网收入估算,Forecast,IoT,13248.571687312497,RMB mn,RMB,1,Forecast,Bear,MODEL_P3,Low,Phase 3 formula-driven forecast using G2-approved scenario drivers,,,,
CM_PHASE3_20260803,中国移动,中国移动有限公司（A股600941；H股941/80941）,China Mobile Limited及其附属公司合并口径,2032E,Annual,REV_DEVICE_OTHER,终端、批发及其他业务收入,Forecast,Device & Other,139797.67867069758,RMB mn,RMB,1,Forecast,Bear,MODEL_P3,Medium,Phase 3 formula-driven forecast using G2-approved scenario drivers,,,,
CM_PHASE3_20260803,中国移动,中国移动有限公司（A股600941；H股941/80941）,China Mobile Limited及其附属公司合并口径,2032E,Annual,REV_MODEL_RESIDUAL,收入桥接及取整差额,Forecast,Group,30.0,RMB mn,RMB,1,Forecast,Bear,MODEL_P3,Medium,Phase 3 formula-driven forecast using G2-approved scenario drivers,,,,
CM_PHASE3_20260803,中国移动,中国移动有限公司（A股600941；H股941/80941）,China Mobile Limited及其附属公司合并口径,2032E,Annual,FIN_REV_PRINCIPAL,主营业务收入,Forecast,Group,889827.1002745337,RMB mn,RMB,1,Forecast,Bear,MODEL_P3,Medium,Phase 3 formula-driven forecast using G2-approved scenario drivers,,,,
CM_PHASE3_20260803,中国移动,中国移动有限公司（A股600941；H股941/80941）,China Mobile Limited及其附属公司合并口径,2032E,Annual,FIN_REV_TOTAL,营业收入,Forecast,Group,1029624.7789452313,RMB mn,RMB,1,Forecast,Bear,MODEL_P3,Medium,Phase 3 formula-driven forecast using G2-approved scenario drivers,,,,
CM_PHASE3_20260803,中国移动,中国移动有限公司（A股600941；H股941/80941）,China Mobile Limited及其附属公司合并口径,2032E,Annual,COST_NETWORK,网络运行、维护及支撑成本,Forecast,Cost,288294.9381046648,RMB mn,RMB,1,Forecast,Bear,MODEL_P3,Medium,Phase 3 formula-driven forecast using G2-approved scenario drivers,,,,
CM_PHASE3_20260803,中国移动,中国移动有限公司（A股600941；H股941/80941）,China Mobile Limited及其附属公司合并口径,2032E,Annual,COST_DA,折旧及摊销,Forecast,Cost,185332.46021014164,RMB mn,RMB,1,Forecast,Bear,MODEL_P3,Medium,Phase 3 formula-driven forecast using G2-approved scenario drivers,,,,
CM_PHASE3_20260803,中国移动,中国移动有限公司（A股600941；H股941/80941）,China Mobile Limited及其附属公司合并口径,2032E,Annual,COST_EMPLOYEE,人工成本,Forecast,Cost,154443.71684178468,RMB mn,RMB,1,Forecast,Bear,MODEL_P3,Medium,Phase 3 formula-driven forecast using G2-approved scenario drivers,,,,
CM_PHASE3_20260803,中国移动,中国移动有限公司（A股600941；H股941/80941）,China Mobile Limited及其附属公司合并口径,2032E,Annual,COST_SELLING,销售费用,Forecast,Cost,56629.36284198773,RMB mn,RMB,1,Forecast,Bear,MODEL_P3,Medium,Phase 3 formula-driven forecast using G2-approved scenario drivers,,,,
CM_PHASE3_20260803,中国移动,中国移动有限公司（A股600941；H股941/80941）,China Mobile Limited及其附属公司合并口径,2032E,Annual,COST_PRODUCTS,产品销售成本,Forecast,Cost,138679.297241332,RMB mn,RMB,1,Forecast,Bear,MODEL_P3,Medium,Phase 3 formula-driven forecast using G2-approved scenario drivers,,,,
CM_PHASE3_20260803,中国移动,中国移动有限公司（A股600941；H股941/80941）,China Mobile Limited及其附属公司合并口径,2032E,Annual,COST_OTHER_RESIDUAL,其他经营费用（扣除信用减值）,Forecast,Cost,53540.488505152025,RMB mn,RMB,1,Forecast,Bear,MODEL_P3,Medium,Phase 3 formula-driven forecast using G2-approved scenario drivers,,,,
CM_PHASE3_20260803,中国移动,中国移动有限公司（A股600941；H股941/80941）,China Mobile Limited及其附属公司合并口径,2032E,Annual,COST_CREDIT_NET,信用及合同资产减值净额,Forecast,Risk,12355.497347342776,RMB mn,RMB,1,Forecast,Bear,MODEL_P3,Medium,Phase 3 formula-driven forecast using G2-approved scenario drivers,,,,
CM_PHASE3_20260803,中国移动,中国移动有限公司（A股600941；H股941/80941）,China Mobile Limited及其附属公司合并口径,2032E,Annual,FIN_EBITDA,EBITDA,Forecast,Group,325681.47806296736,RMB mn,RMB,1,Forecast,Bear,MODEL_P3,Medium,Phase 3 formula-driven forecast using G2-approved scenario drivers,,,,
CM_PHASE3_20260803,中国移动,中国移动有限公司（A股600941；H股941/80941）,China Mobile Limited及其附属公司合并口径,2032E,Annual,FIN_EBIT,EBIT,Forecast,Group,140349.01785282572,RMB mn,RMB,1,Forecast,Bear,MODEL_P3,Medium,Phase 3 formula-driven forecast using G2-approved scenario drivers,,,,
CM_PHASE3_20260803,中国移动,中国移动有限公司（A股600941；H股941/80941）,China Mobile Limited及其附属公司合并口径,2032E,Annual,FIN_NONOP_INCOME,经营外收入净额,Forecast,Group,23681.36991574032,RMB mn,RMB,1,Forecast,Bear,MODEL_P3,Medium,Phase 3 formula-driven forecast using G2-approved scenario drivers,,,,
CM_PHASE3_20260803,中国移动,中国移动有限公司（A股600941；H股941/80941）,China Mobile Limited及其附属公司合并口径,2032E,Annual,FIN_PBT,税前利润,Forecast,Group,164030.38776856606,RMB mn,RMB,1,Forecast,Bear,MODEL_P3,Medium,Phase 3 formula-driven forecast using G2-approved scenario drivers,,,,
CM_PHASE3_20260803,中国移动,中国移动有限公司（A股600941；H股941/80941）,China Mobile Limited及其附属公司合并口径,2032E,Annual,FIN_TAX,所得税,Forecast,Group,36906.83724792736,RMB mn,RMB,1,Forecast,Bear,MODEL_P3,Medium,Phase 3 formula-driven forecast using G2-approved scenario drivers,,,,
CM_PHASE3_20260803,中国移动,中国移动有限公司（A股600941；H股941/80941）,China Mobile Limited及其附属公司合并口径,2032E,Annual,FIN_NET_PROFIT_PARENT,归母净利润,Forecast,Group,126953.5505206387,RMB mn,RMB,1,Forecast,Bear,MODEL_P3,Medium,Phase 3 formula-driven forecast using G2-approved scenario drivers,,,,
CM_PHASE3_20260803,中国移动,中国移动有限公司（A股600941；H股941/80941）,China Mobile Limited及其附属公司合并口径,2032E,Annual,CAPEX_COMPANY,公司口径资本开支,Forecast,Cash flow,151270.60704667075,RMB mn,RMB,1,Forecast,Bear,MODEL_P3,Medium,Phase 3 formula-driven forecast using G2-approved scenario drivers,,,,
CM_PHASE3_20260803,中国移动,中国移动有限公司（A股600941；H股941/80941）,China Mobile Limited及其附属公司合并口径,2032E,Annual,CF_CFO,经营活动现金流净额,Forecast,Cash flow,249151.58807686946,RMB mn,RMB,1,Forecast,Bear,MODEL_P3,Medium,Phase 3 formula-driven forecast using G2-approved scenario drivers,,,,
CM_PHASE3_20260803,中国移动,中国移动有限公司（A股600941；H股941/80941）,China Mobile Limited及其附属公司合并口径,2032E,Annual,CF_CASH_CONVERSION_ADJ,营运资本及其他现金转换调整,Forecast,Cash flow,44951.36096921211,RMB mn,RMB,1,Forecast,Bear,MODEL_P3,Medium,Phase 3 formula-driven forecast using G2-approved scenario drivers,,,,
CM_PHASE3_20260803,中国移动,中国移动有限公司（A股600941；H股941/80941）,China Mobile Limited及其附属公司合并口径,2032E,Annual,CF_FCFF,自由现金流,Forecast,Cash flow,97880.98103019872,RMB mn,RMB,1,Forecast,Bear,MODEL_P3,Medium,Phase 3 formula-driven forecast using G2-approved scenario drivers,,,,
CM_PHASE3_20260803,中国移动,中国移动有限公司（A股600941；H股941/80941）,China Mobile Limited及其附属公司合并口径,2032E,Annual,DIV_PAYOUT,派息率,Forecast,Dividend,0.76,%,,1,Forecast,Bear,MODEL_P3,Medium,Phase 3 formula-driven forecast using G2-approved scenario drivers,,,,
CM_PHASE3_20260803,中国移动,中国移动有限公司（A股600941；H股941/80941）,China Mobile Limited及其附属公司合并口径,2032E,Annual,DIV_CASH_FORECAST,预计现金分红,Forecast,Dividend,96484.69839568541,RMB mn,RMB,1,Forecast,Bear,MODEL_P3,Medium,Phase 3 formula-driven forecast using G2-approved scenario drivers,,,,
CM_PHASE3_20260803,中国移动,中国移动有限公司（A股600941；H股941/80941）,China Mobile Limited及其附属公司合并口径,2032E,Annual,EQ_SHARES_FORECAST,预计发行股份,Forecast,Equity,22172.731155,mn shares,,1,Forecast,Bear,MODEL_P3,Medium,Phase 3 formula-driven forecast using G2-approved scenario drivers,,,,
CM_PHASE3_20260803,中国移动,中国移动有限公司（A股600941；H股941/80941）,China Mobile Limited及其附属公司合并口径,2032E,Annual,DIV_DPS,预计每股股息,Forecast,Dividend,4.827437784087368,HKD/share,HKD,1,Forecast,Bear,MODEL_P3,Medium,Phase 3 formula-driven forecast using G2-approved scenario drivers,,,,
CM_PHASE3_20260803,中国移动,中国移动有限公司（A股600941；H股941/80941）,China Mobile Limited及其附属公司合并口径,2032E,Annual,FIN_EPS_BASIC,预计每股收益,Forecast,Equity,5.7256613825857166,RMB/share,RMB,1,Forecast,Bear,MODEL_P3,Medium,Phase 3 formula-driven forecast using G2-approved scenario drivers,,,,
CM_PHASE3_20260803,中国移动,中国移动有限公司（A股600941；H股941/80941）,China Mobile Limited及其附属公司合并口径,2033E,Annual,REV_TOC_MOBILE,ToC移动通信收入,Forecast,ToC Mobile,414819.34256902314,RMB mn,RMB,1,Forecast,Bear,MODEL_P3,Medium,Phase 3 formula-driven forecast using G2-approved scenario drivers,,,,
CM_PHASE3_20260803,中国移动,中国移动有限公司（A股600941；H股941/80941）,China Mobile Limited及其附属公司合并口径,2033E,Annual,REV_HOME,家庭宽带与智慧家庭收入,Forecast,Home,152142.15821101615,RMB mn,RMB,1,Forecast,Bear,MODEL_P3,Medium,Phase 3 formula-driven forecast using G2-approved scenario drivers,,,,
CM_PHASE3_20260803,中国移动,中国移动有限公司（A股600941；H股941/80941）,China Mobile Limited及其附属公司合并口径,2033E,Annual,REV_ENTERPRISE_CONNECT,企业连接和传统网络收入,Forecast,Enterprise Connect,93627.78129471248,RMB mn,RMB,1,Forecast,Bear,MODEL_P3,Medium,Phase 3 formula-driven forecast using G2-approved scenario drivers,,,,
CM_PHASE3_20260803,中国移动,中国移动有限公司（A股600941；H股941/80941）,China Mobile Limited及其附属公司合并口径,2033E,Annual,REV_CLOUD_NONAI,非AI云与数字化收入,Forecast,Cloud & Digital,82472.0377192938,RMB mn,RMB,1,Forecast,Bear,MODEL_P3,Medium,Phase 3 formula-driven forecast using G2-approved scenario drivers,,,,
CM_PHASE3_20260803,中国移动,中国移动有限公司（A股600941；H股941/80941）,China Mobile Limited及其附属公司合并口径,2033E,Annual,REV_AIDC,AIDC收入估算,Forecast,AI/AIDC,26377.820821440004,RMB mn,RMB,1,Forecast,Bear,MODEL_P3,Low,Phase 3 formula-driven forecast using G2-approved scenario drivers,,,,
CM_PHASE3_20260803,中国移动,中国移动有限公司（A股600941；H股941/80941）,China Mobile Limited及其附属公司合并口径,2033E,Annual,REV_AI_SERVICE,智能服务收入,Forecast,AI services,107109.38797173563,RMB mn,RMB,1,Forecast,Bear,MODEL_P3,Medium,Phase 3 formula-driven forecast using G2-approved scenario drivers,,,,
CM_PHASE3_20260803,中国移动,中国移动有限公司（A股600941；H股941/80941）,China Mobile Limited及其附属公司合并口径,2033E,Annual,REV_IOT,物联网收入估算,Forecast,IoT,13248.571687312497,RMB mn,RMB,1,Forecast,Bear,MODEL_P3,Low,Phase 3 formula-driven forecast using G2-approved scenario drivers,,,,
CM_PHASE3_20260803,中国移动,中国移动有限公司（A股600941；H股941/80941）,China Mobile Limited及其附属公司合并口径,2033E,Annual,REV_DEVICE_OTHER,终端、批发及其他业务收入,Forecast,Device & Other,139797.67867069758,RMB mn,RMB,1,Forecast,Bear,MODEL_P3,Medium,Phase 3 formula-driven forecast using G2-approved scenario drivers,,,,
CM_PHASE3_20260803,中国移动,中国移动有限公司（A股600941；H股941/80941）,China Mobile Limited及其附属公司合并口径,2033E,Annual,REV_MODEL_RESIDUAL,收入桥接及取整差额,Forecast,Group,30.0,RMB mn,RMB,1,Forecast,Bear,MODEL_P3,Medium,Phase 3 formula-driven forecast using G2-approved scenario drivers,,,,
CM_PHASE3_20260803,中国移动,中国移动有限公司（A股600941；H股941/80941）,China Mobile Limited及其附属公司合并口径,2033E,Annual,FIN_REV_PRINCIPAL,主营业务收入,Forecast,Group,889827.1002745337,RMB mn,RMB,1,Forecast,Bear,MODEL_P3,Medium,Phase 3 formula-driven forecast using G2-approved scenario drivers,,,,
CM_PHASE3_20260803,中国移动,中国移动有限公司（A股600941；H股941/80941）,China Mobile Limited及其附属公司合并口径,2033E,Annual,FIN_REV_TOTAL,营业收入,Forecast,Group,1029624.7789452313,RMB mn,RMB,1,Forecast,Bear,MODEL_P3,Medium,Phase 3 formula-driven forecast using G2-approved scenario drivers,,,,
CM_PHASE3_20260803,中国移动,中国移动有限公司（A股600941；H股941/80941）,China Mobile Limited及其附属公司合并口径,2033E,Annual,COST_NETWORK,网络运行、维护及支撑成本,Forecast,Cost,288294.9381046648,RMB mn,RMB,1,Forecast,Bear,MODEL_P3,Medium,Phase 3 formula-driven forecast using G2-approved scenario drivers,,,,
CM_PHASE3_20260803,中国移动,中国移动有限公司（A股600941；H股941/80941）,China Mobile Limited及其附属公司合并口径,2033E,Annual,COST_DA,折旧及摊销,Forecast,Cost,185332.46021014164,RMB mn,RMB,1,Forecast,Bear,MODEL_P3,Medium,Phase 3 formula-driven forecast using G2-approved scenario drivers,,,,
CM_PHASE3_20260803,中国移动,中国移动有限公司（A股600941；H股941/80941）,China Mobile Limited及其附属公司合并口径,2033E,Annual,COST_EMPLOYEE,人工成本,Forecast,Cost,154443.71684178468,RMB mn,RMB,1,Forecast,Bear,MODEL_P3,Medium,Phase 3 formula-driven forecast using G2-approved scenario drivers,,,,
CM_PHASE3_20260803,中国移动,中国移动有限公司（A股600941；H股941/80941）,China Mobile Limited及其附属公司合并口径,2033E,Annual,COST_SELLING,销售费用,Forecast,Cost,56629.36284198773,RMB mn,RMB,1,Forecast,Bear,MODEL_P3,Medium,Phase 3 formula-driven forecast using G2-approved scenario drivers,,,,
CM_PHASE3_20260803,中国移动,中国移动有限公司（A股600941；H股941/80941）,China Mobile Limited及其附属公司合并口径,2033E,Annual,COST_PRODUCTS,产品销售成本,Forecast,Cost,138679.297241332,RMB mn,RMB,1,Forecast,Bear,MODEL_P3,Medium,Phase 3 formula-driven forecast using G2-approved scenario drivers,,,,
CM_PHASE3_20260803,中国移动,中国移动有限公司（A股600941；H股941/80941）,China Mobile Limited及其附属公司合并口径,2033E,Annual,COST_OTHER_RESIDUAL,其他经营费用（扣除信用减值）,Forecast,Cost,53540.488505152025,RMB mn,RMB,1,Forecast,Bear,MODEL_P3,Medium,Phase 3 formula-driven forecast using G2-approved scenario drivers,,,,
CM_PHASE3_20260803,中国移动,中国移动有限公司（A股600941；H股941/80941）,China Mobile Limited及其附属公司合并口径,2033E,Annual,COST_CREDIT_NET,信用及合同资产减值净额,Forecast,Risk,12355.497347342776,RMB mn,RMB,1,Forecast,Bear,MODEL_P3,Medium,Phase 3 formula-driven forecast using G2-approved scenario drivers,,,,
CM_PHASE3_20260803,中国移动,中国移动有限公司（A股600941；H股941/80941）,China Mobile Limited及其附属公司合并口径,2033E,Annual,FIN_EBITDA,EBITDA,Forecast,Group,325681.47806296736,RMB mn,RMB,1,Forecast,Bear,MODEL_P3,Medium,Phase 3 formula-driven forecast using G2-approved scenario drivers,,,,
CM_PHASE3_20260803,中国移动,中国移动有限公司（A股600941；H股941/80941）,China Mobile Limited及其附属公司合并口径,2033E,Annual,FIN_EBIT,EBIT,Forecast,Group,140349.01785282572,RMB mn,RMB,1,Forecast,Bear,MODEL_P3,Medium,Phase 3 formula-driven forecast using G2-approved scenario drivers,,,,
CM_PHASE3_20260803,中国移动,中国移动有限公司（A股600941；H股941/80941）,China Mobile Limited及其附属公司合并口径,2033E,Annual,FIN_NONOP_INCOME,经营外收入净额,Forecast,Group,23681.36991574032,RMB mn,RMB,1,Forecast,Bear,MODEL_P3,Medium,Phase 3 formula-driven forecast using G2-approved scenario drivers,,,,
CM_PHASE3_20260803,中国移动,中国移动有限公司（A股600941；H股941/80941）,China Mobile Limited及其附属公司合并口径,2033E,Annual,FIN_PBT,税前利润,Forecast,Group,164030.38776856606,RMB mn,RMB,1,Forecast,Bear,MODEL_P3,Medium,Phase 3 formula-driven forecast using G2-approved scenario drivers,,,,
CM_PHASE3_20260803,中国移动,中国移动有限公司（A股600941；H股941/80941）,China Mobile Limited及其附属公司合并口径,2033E,Annual,FIN_TAX,所得税,Forecast,Group,36906.83724792736,RMB mn,RMB,1,Forecast,Bear,MODEL_P3,Medium,Phase 3 formula-driven forecast using G2-approved scenario drivers,,,,
CM_PHASE3_20260803,中国移动,中国移动有限公司（A股600941；H股941/80941）,China Mobile Limited及其附属公司合并口径,2033E,Annual,FIN_NET_PROFIT_PARENT,归母净利润,Forecast,Group,126953.5505206387,RMB mn,RMB,1,Forecast,Bear,MODEL_P3,Medium,Phase 3 formula-driven forecast using G2-approved scenario drivers,,,,
CM_PHASE3_20260803,中国移动,中国移动有限公司（A股600941；H股941/80941）,China Mobile Limited及其附属公司合并口径,2033E,Annual,CAPEX_COMPANY,公司口径资本开支,Forecast,Cash flow,151270.60704667075,RMB mn,RMB,1,Forecast,Bear,MODEL_P3,Medium,Phase 3 formula-driven forecast using G2-approved scenario drivers,,,,
CM_PHASE3_20260803,中国移动,中国移动有限公司（A股600941；H股941/80941）,China Mobile Limited及其附属公司合并口径,2033E,Annual,CF_CFO,经营活动现金流净额,Forecast,Cash flow,249151.58807686946,RMB mn,RMB,1,Forecast,Bear,MODEL_P3,Medium,Phase 3 formula-driven forecast using G2-approved scenario drivers,,,,
CM_PHASE3_20260803,中国移动,中国移动有限公司（A股600941；H股941/80941）,China Mobile Limited及其附属公司合并口径,2033E,Annual,CF_CASH_CONVERSION_ADJ,营运资本及其他现金转换调整,Forecast,Cash flow,44951.36096921211,RMB mn,RMB,1,Forecast,Bear,MODEL_P3,Medium,Phase 3 formula-driven forecast using G2-approved scenario drivers,,,,
CM_PHASE3_20260803,中国移动,中国移动有限公司（A股600941；H股941/80941）,China Mobile Limited及其附属公司合并口径,2033E,Annual,CF_FCFF,自由现金流,Forecast,Cash flow,97880.98103019872,RMB mn,RMB,1,Forecast,Bear,MODEL_P3,Medium,Phase 3 formula-driven forecast using G2-approved scenario drivers,,,,
CM_PHASE3_20260803,中国移动,中国移动有限公司（A股600941；H股941/80941）,China Mobile Limited及其附属公司合并口径,2033E,Annual,DIV_PAYOUT,派息率,Forecast,Dividend,0.76,%,,1,Forecast,Bear,MODEL_P3,Medium,Phase 3 formula-driven forecast using G2-approved scenario drivers,,,,
CM_PHASE3_20260803,中国移动,中国移动有限公司（A股600941；H股941/80941）,China Mobile Limited及其附属公司合并口径,2033E,Annual,DIV_CASH_FORECAST,预计现金分红,Forecast,Dividend,96484.69839568541,RMB mn,RMB,1,Forecast,Bear,MODEL_P3,Medium,Phase 3 formula-driven forecast using G2-approved scenario drivers,,,,
CM_PHASE3_20260803,中国移动,中国移动有限公司（A股600941；H股941/80941）,China Mobile Limited及其附属公司合并口径,2033E,Annual,EQ_SHARES_FORECAST,预计发行股份,Forecast,Equity,22172.731155,mn shares,,1,Forecast,Bear,MODEL_P3,Medium,Phase 3 formula-driven forecast using G2-approved scenario drivers,,,,
CM_PHASE3_20260803,中国移动,中国移动有限公司（A股600941；H股941/80941）,China Mobile Limited及其附属公司合并口径,2033E,Annual,DIV_DPS,预计每股股息,Forecast,Dividend,4.827437784087368,HKD/share,HKD,1,Forecast,Bear,MODEL_P3,Medium,Phase 3 formula-driven forecast using G2-approved scenario drivers,,,,
CM_PHASE3_20260803,中国移动,中国移动有限公司（A股600941；H股941/80941）,China Mobile Limited及其附属公司合并口径,2033E,Annual,FIN_EPS_BASIC,预计每股收益,Forecast,Equity,5.7256613825857166,RMB/share,RMB,1,Forecast,Bear,MODEL_P3,Medium,Phase 3 formula-driven forecast using G2-approved scenario drivers,,,,
CM_PHASE3_20260803,中国移动,中国移动有限公司（A股600941；H股941/80941）,China Mobile Limited及其附属公司合并口径,2034E,Annual,REV_TOC_MOBILE,ToC移动通信收入,Forecast,ToC Mobile,414819.34256902314,RMB mn,RMB,1,Forecast,Bear,MODEL_P3,Medium,Phase 3 formula-driven forecast using G2-approved scenario drivers,,,,
CM_PHASE3_20260803,中国移动,中国移动有限公司（A股600941；H股941/80941）,China Mobile Limited及其附属公司合并口径,2034E,Annual,REV_HOME,家庭宽带与智慧家庭收入,Forecast,Home,152142.15821101615,RMB mn,RMB,1,Forecast,Bear,MODEL_P3,Medium,Phase 3 formula-driven forecast using G2-approved scenario drivers,,,,
CM_PHASE3_20260803,中国移动,中国移动有限公司（A股600941；H股941/80941）,China Mobile Limited及其附属公司合并口径,2034E,Annual,REV_ENTERPRISE_CONNECT,企业连接和传统网络收入,Forecast,Enterprise Connect,93627.78129471248,RMB mn,RMB,1,Forecast,Bear,MODEL_P3,Medium,Phase 3 formula-driven forecast using G2-approved scenario drivers,,,,
CM_PHASE3_20260803,中国移动,中国移动有限公司（A股600941；H股941/80941）,China Mobile Limited及其附属公司合并口径,2034E,Annual,REV_CLOUD_NONAI,非AI云与数字化收入,Forecast,Cloud & Digital,82472.0377192938,RMB mn,RMB,1,Forecast,Bear,MODEL_P3,Medium,Phase 3 formula-driven forecast using G2-approved scenario drivers,,,,
CM_PHASE3_20260803,中国移动,中国移动有限公司（A股600941；H股941/80941）,China Mobile Limited及其附属公司合并口径,2034E,Annual,REV_AIDC,AIDC收入估算,Forecast,AI/AIDC,26377.820821440004,RMB mn,RMB,1,Forecast,Bear,MODEL_P3,Low,Phase 3 formula-driven forecast using G2-approved scenario drivers,,,,
CM_PHASE3_20260803,中国移动,中国移动有限公司（A股600941；H股941/80941）,China Mobile Limited及其附属公司合并口径,2034E,Annual,REV_AI_SERVICE,智能服务收入,Forecast,AI services,107109.38797173563,RMB mn,RMB,1,Forecast,Bear,MODEL_P3,Medium,Phase 3 formula-driven forecast using G2-approved scenario drivers,,,,
CM_PHASE3_20260803,中国移动,中国移动有限公司（A股600941；H股941/80941）,China Mobile Limited及其附属公司合并口径,2034E,Annual,REV_IOT,物联网收入估算,Forecast,IoT,13248.571687312497,RMB mn,RMB,1,Forecast,Bear,MODEL_P3,Low,Phase 3 formula-driven forecast using G2-approved scenario drivers,,,,
CM_PHASE3_20260803,中国移动,中国移动有限公司（A股600941；H股941/80941）,China Mobile Limited及其附属公司合并口径,2034E,Annual,REV_DEVICE_OTHER,终端、批发及其他业务收入,Forecast,Device & Other,139797.67867069758,RMB mn,RMB,1,Forecast,Bear,MODEL_P3,Medium,Phase 3 formula-driven forecast using G2-approved scenario drivers,,,,
CM_PHASE3_20260803,中国移动,中国移动有限公司（A股600941；H股941/80941）,China Mobile Limited及其附属公司合并口径,2034E,Annual,REV_MODEL_RESIDUAL,收入桥接及取整差额,Forecast,Group,30.0,RMB mn,RMB,1,Forecast,Bear,MODEL_P3,Medium,Phase 3 formula-driven forecast using G2-approved scenario drivers,,,,
CM_PHASE3_20260803,中国移动,中国移动有限公司（A股600941；H股941/80941）,China Mobile Limited及其附属公司合并口径,2034E,Annual,FIN_REV_PRINCIPAL,主营业务收入,Forecast,Group,889827.1002745337,RMB mn,RMB,1,Forecast,Bear,MODEL_P3,Medium,Phase 3 formula-driven forecast using G2-approved scenario drivers,,,,
CM_PHASE3_20260803,中国移动,中国移动有限公司（A股600941；H股941/80941）,China Mobile Limited及其附属公司合并口径,2034E,Annual,FIN_REV_TOTAL,营业收入,Forecast,Group,1029624.7789452313,RMB mn,RMB,1,Forecast,Bear,MODEL_P3,Medium,Phase 3 formula-driven forecast using G2-approved scenario drivers,,,,
CM_PHASE3_20260803,中国移动,中国移动有限公司（A股600941；H股941/80941）,China Mobile Limited及其附属公司合并口径,2034E,Annual,COST_NETWORK,网络运行、维护及支撑成本,Forecast,Cost,288294.9381046648,RMB mn,RMB,1,Forecast,Bear,MODEL_P3,Medium,Phase 3 formula-driven forecast using G2-approved scenario drivers,,,,
CM_PHASE3_20260803,中国移动,中国移动有限公司（A股600941；H股941/80941）,China Mobile Limited及其附属公司合并口径,2034E,Annual,COST_DA,折旧及摊销,Forecast,Cost,185332.46021014164,RMB mn,RMB,1,Forecast,Bear,MODEL_P3,Medium,Phase 3 formula-driven forecast using G2-approved scenario drivers,,,,
CM_PHASE3_20260803,中国移动,中国移动有限公司（A股600941；H股941/80941）,China Mobile Limited及其附属公司合并口径,2034E,Annual,COST_EMPLOYEE,人工成本,Forecast,Cost,154443.71684178468,RMB mn,RMB,1,Forecast,Bear,MODEL_P3,Medium,Phase 3 formula-driven forecast using G2-approved scenario drivers,,,,
CM_PHASE3_20260803,中国移动,中国移动有限公司（A股600941；H股941/80941）,China Mobile Limited及其附属公司合并口径,2034E,Annual,COST_SELLING,销售费用,Forecast,Cost,56629.36284198773,RMB mn,RMB,1,Forecast,Bear,MODEL_P3,Medium,Phase 3 formula-driven forecast using G2-approved scenario drivers,,,,
CM_PHASE3_20260803,中国移动,中国移动有限公司（A股600941；H股941/80941）,China Mobile Limited及其附属公司合并口径,2034E,Annual,COST_PRODUCTS,产品销售成本,Forecast,Cost,138679.297241332,RMB mn,RMB,1,Forecast,Bear,MODEL_P3,Medium,Phase 3 formula-driven forecast using G2-approved scenario drivers,,,,
CM_PHASE3_20260803,中国移动,中国移动有限公司（A股600941；H股941/80941）,China Mobile Limited及其附属公司合并口径,2034E,Annual,COST_OTHER_RESIDUAL,其他经营费用（扣除信用减值）,Forecast,Cost,53540.488505152025,RMB mn,RMB,1,Forecast,Bear,MODEL_P3,Medium,Phase 3 formula-driven forecast using G2-approved scenario drivers,,,,
CM_PHASE3_20260803,中国移动,中国移动有限公司（A股600941；H股941/80941）,China Mobile Limited及其附属公司合并口径,2034E,Annual,COST_CREDIT_NET,信用及合同资产减值净额,Forecast,Risk,12355.497347342776,RMB mn,RMB,1,Forecast,Bear,MODEL_P3,Medium,Phase 3 formula-driven forecast using G2-approved scenario drivers,,,,
CM_PHASE3_20260803,中国移动,中国移动有限公司（A股600941；H股941/80941）,China Mobile Limited及其附属公司合并口径,2034E,Annual,FIN_EBITDA,EBITDA,Forecast,Group,325681.47806296736,RMB mn,RMB,1,Forecast,Bear,MODEL_P3,Medium,Phase 3 formula-driven forecast using G2-approved scenario drivers,,,,
CM_PHASE3_20260803,中国移动,中国移动有限公司（A股600941；H股941/80941）,China Mobile Limited及其附属公司合并口径,2034E,Annual,FIN_EBIT,EBIT,Forecast,Group,140349.01785282572,RMB mn,RMB,1,Forecast,Bear,MODEL_P3,Medium,Phase 3 formula-driven forecast using G2-approved scenario drivers,,,,
CM_PHASE3_20260803,中国移动,中国移动有限公司（A股600941；H股941/80941）,China Mobile Limited及其附属公司合并口径,2034E,Annual,FIN_NONOP_INCOME,经营外收入净额,Forecast,Group,23681.36991574032,RMB mn,RMB,1,Forecast,Bear,MODEL_P3,Medium,Phase 3 formula-driven forecast using G2-approved scenario drivers,,,,
CM_PHASE3_20260803,中国移动,中国移动有限公司（A股600941；H股941/80941）,China Mobile Limited及其附属公司合并口径,2034E,Annual,FIN_PBT,税前利润,Forecast,Group,164030.38776856606,RMB mn,RMB,1,Forecast,Bear,MODEL_P3,Medium,Phase 3 formula-driven forecast using G2-approved scenario drivers,,,,
CM_PHASE3_20260803,中国移动,中国移动有限公司（A股600941；H股941/80941）,China Mobile Limited及其附属公司合并口径,2034E,Annual,FIN_TAX,所得税,Forecast,Group,36906.83724792736,RMB mn,RMB,1,Forecast,Bear,MODEL_P3,Medium,Phase 3 formula-driven forecast using G2-approved scenario drivers,,,,
CM_PHASE3_20260803,中国移动,中国移动有限公司（A股600941；H股941/80941）,China Mobile Limited及其附属公司合并口径,2034E,Annual,FIN_NET_PROFIT_PARENT,归母净利润,Forecast,Group,126953.5505206387,RMB mn,RMB,1,Forecast,Bear,MODEL_P3,Medium,Phase 3 formula-driven forecast using G2-approved scenario drivers,,,,
CM_PHASE3_20260803,中国移动,中国移动有限公司（A股600941；H股941/80941）,China Mobile Limited及其附属公司合并口径,2034E,Annual,CAPEX_COMPANY,公司口径资本开支,Forecast,Cash flow,151270.60704667075,RMB mn,RMB,1,Forecast,Bear,MODEL_P3,Medium,Phase 3 formula-driven forecast using G2-approved scenario drivers,,,,
CM_PHASE3_20260803,中国移动,中国移动有限公司（A股600941；H股941/80941）,China Mobile Limited及其附属公司合并口径,2034E,Annual,CF_CFO,经营活动现金流净额,Forecast,Cash flow,249151.58807686946,RMB mn,RMB,1,Forecast,Bear,MODEL_P3,Medium,Phase 3 formula-driven forecast using G2-approved scenario drivers,,,,
CM_PHASE3_20260803,中国移动,中国移动有限公司（A股600941；H股941/80941）,China Mobile Limited及其附属公司合并口径,2034E,Annual,CF_CASH_CONVERSION_ADJ,营运资本及其他现金转换调整,Forecast,Cash flow,44951.36096921211,RMB mn,RMB,1,Forecast,Bear,MODEL_P3,Medium,Phase 3 formula-driven forecast using G2-approved scenario drivers,,,,
CM_PHASE3_20260803,中国移动,中国移动有限公司（A股600941；H股941/80941）,China Mobile Limited及其附属公司合并口径,2034E,Annual,CF_FCFF,自由现金流,Forecast,Cash flow,97880.98103019872,RMB mn,RMB,1,Forecast,Bear,MODEL_P3,Medium,Phase 3 formula-driven forecast using G2-approved scenario drivers,,,,
CM_PHASE3_20260803,中国移动,中国移动有限公司（A股600941；H股941/80941）,China Mobile Limited及其附属公司合并口径,2034E,Annual,DIV_PAYOUT,派息率,Forecast,Dividend,0.76,%,,1,Forecast,Bear,MODEL_P3,Medium,Phase 3 formula-driven forecast using G2-approved scenario drivers,,,,
CM_PHASE3_20260803,中国移动,中国移动有限公司（A股600941；H股941/80941）,China Mobile Limited及其附属公司合并口径,2034E,Annual,DIV_CASH_FORECAST,预计现金分红,Forecast,Dividend,96484.69839568541,RMB mn,RMB,1,Forecast,Bear,MODEL_P3,Medium,Phase 3 formula-driven forecast using G2-approved scenario drivers,,,,
CM_PHASE3_20260803,中国移动,中国移动有限公司（A股600941；H股941/80941）,China Mobile Limited及其附属公司合并口径,2034E,Annual,EQ_SHARES_FORECAST,预计发行股份,Forecast,Equity,22172.731155,mn shares,,1,Forecast,Bear,MODEL_P3,Medium,Phase 3 formula-driven forecast using G2-approved scenario drivers,,,,
CM_PHASE3_20260803,中国移动,中国移动有限公司（A股600941；H股941/80941）,China Mobile Limited及其附属公司合并口径,2034E,Annual,DIV_DPS,预计每股股息,Forecast,Dividend,4.827437784087368,HKD/share,HKD,1,Forecast,Bear,MODEL_P3,Medium,Phase 3 formula-driven forecast using G2-approved scenario drivers,,,,
CM_PHASE3_20260803,中国移动,中国移动有限公司（A股600941；H股941/80941）,China Mobile Limited及其附属公司合并口径,2034E,Annual,FIN_EPS_BASIC,预计每股收益,Forecast,Equity,5.7256613825857166,RMB/share,RMB,1,Forecast,Bear,MODEL_P3,Medium,Phase 3 formula-driven forecast using G2-approved scenario drivers,,,,
CM_PHASE3_20260803,中国移动,中国移动有限公司（A股600941；H股941/80941）,China Mobile Limited及其附属公司合并口径,2035E,Annual,REV_TOC_MOBILE,ToC移动通信收入,Forecast,ToC Mobile,414819.34256902314,RMB mn,RMB,1,Forecast,Bear,MODEL_P3,Medium,Phase 3 formula-driven forecast using G2-approved scenario drivers,,,,
CM_PHASE3_20260803,中国移动,中国移动有限公司（A股600941；H股941/80941）,China Mobile Limited及其附属公司合并口径,2035E,Annual,REV_HOME,家庭宽带与智慧家庭收入,Forecast,Home,152142.15821101615,RMB mn,RMB,1,Forecast,Bear,MODEL_P3,Medium,Phase 3 formula-driven forecast using G2-approved scenario drivers,,,,
CM_PHASE3_20260803,中国移动,中国移动有限公司（A股600941；H股941/80941）,China Mobile Limited及其附属公司合并口径,2035E,Annual,REV_ENTERPRISE_CONNECT,企业连接和传统网络收入,Forecast,Enterprise Connect,93627.78129471248,RMB mn,RMB,1,Forecast,Bear,MODEL_P3,Medium,Phase 3 formula-driven forecast using G2-approved scenario drivers,,,,
CM_PHASE3_20260803,中国移动,中国移动有限公司（A股600941；H股941/80941）,China Mobile Limited及其附属公司合并口径,2035E,Annual,REV_CLOUD_NONAI,非AI云与数字化收入,Forecast,Cloud & Digital,82472.0377192938,RMB mn,RMB,1,Forecast,Bear,MODEL_P3,Medium,Phase 3 formula-driven forecast using G2-approved scenario drivers,,,,
CM_PHASE3_20260803,中国移动,中国移动有限公司（A股600941；H股941/80941）,China Mobile Limited及其附属公司合并口径,2035E,Annual,REV_AIDC,AIDC收入估算,Forecast,AI/AIDC,26377.820821440004,RMB mn,RMB,1,Forecast,Bear,MODEL_P3,Low,Phase 3 formula-driven forecast using G2-approved scenario drivers,,,,
CM_PHASE3_20260803,中国移动,中国移动有限公司（A股600941；H股941/80941）,China Mobile Limited及其附属公司合并口径,2035E,Annual,REV_AI_SERVICE,智能服务收入,Forecast,AI services,107109.38797173563,RMB mn,RMB,1,Forecast,Bear,MODEL_P3,Medium,Phase 3 formula-driven forecast using G2-approved scenario drivers,,,,
CM_PHASE3_20260803,中国移动,中国移动有限公司（A股600941；H股941/80941）,China Mobile Limited及其附属公司合并口径,2035E,Annual,REV_IOT,物联网收入估算,Forecast,IoT,13248.571687312497,RMB mn,RMB,1,Forecast,Bear,MODEL_P3,Low,Phase 3 formula-driven forecast using G2-approved scenario drivers,,,,
CM_PHASE3_20260803,中国移动,中国移动有限公司（A股600941；H股941/80941）,China Mobile Limited及其附属公司合并口径,2035E,Annual,REV_DEVICE_OTHER,终端、批发及其他业务收入,Forecast,Device & Other,139797.67867069758,RMB mn,RMB,1,Forecast,Bear,MODEL_P3,Medium,Phase 3 formula-driven forecast using G2-approved scenario drivers,,,,
CM_PHASE3_20260803,中国移动,中国移动有限公司（A股600941；H股941/80941）,China Mobile Limited及其附属公司合并口径,2035E,Annual,REV_MODEL_RESIDUAL,收入桥接及取整差额,Forecast,Group,30.0,RMB mn,RMB,1,Forecast,Bear,MODEL_P3,Medium,Phase 3 formula-driven forecast using G2-approved scenario drivers,,,,
CM_PHASE3_20260803,中国移动,中国移动有限公司（A股600941；H股941/80941）,China Mobile Limited及其附属公司合并口径,2035E,Annual,FIN_REV_PRINCIPAL,主营业务收入,Forecast,Group,889827.1002745337,RMB mn,RMB,1,Forecast,Bear,MODEL_P3,Medium,Phase 3 formula-driven forecast using G2-approved scenario drivers,,,,
CM_PHASE3_20260803,中国移动,中国移动有限公司（A股600941；H股941/80941）,China Mobile Limited及其附属公司合并口径,2035E,Annual,FIN_REV_TOTAL,营业收入,Forecast,Group,1029624.7789452313,RMB mn,RMB,1,Forecast,Bear,MODEL_P3,Medium,Phase 3 formula-driven forecast using G2-approved scenario drivers,,,,
CM_PHASE3_20260803,中国移动,中国移动有限公司（A股600941；H股941/80941）,China Mobile Limited及其附属公司合并口径,2035E,Annual,COST_NETWORK,网络运行、维护及支撑成本,Forecast,Cost,288294.9381046648,RMB mn,RMB,1,Forecast,Bear,MODEL_P3,Medium,Phase 3 formula-driven forecast using G2-approved scenario drivers,,,,
CM_PHASE3_20260803,中国移动,中国移动有限公司（A股600941；H股941/80941）,China Mobile Limited及其附属公司合并口径,2035E,Annual,COST_DA,折旧及摊销,Forecast,Cost,185332.46021014164,RMB mn,RMB,1,Forecast,Bear,MODEL_P3,Medium,Phase 3 formula-driven forecast using G2-approved scenario drivers,,,,
CM_PHASE3_20260803,中国移动,中国移动有限公司（A股600941；H股941/80941）,China Mobile Limited及其附属公司合并口径,2035E,Annual,COST_EMPLOYEE,人工成本,Forecast,Cost,154443.71684178468,RMB mn,RMB,1,Forecast,Bear,MODEL_P3,Medium,Phase 3 formula-driven forecast using G2-approved scenario drivers,,,,
CM_PHASE3_20260803,中国移动,中国移动有限公司（A股600941；H股941/80941）,China Mobile Limited及其附属公司合并口径,2035E,Annual,COST_SELLING,销售费用,Forecast,Cost,56629.36284198773,RMB mn,RMB,1,Forecast,Bear,MODEL_P3,Medium,Phase 3 formula-driven forecast using G2-approved scenario drivers,,,,
CM_PHASE3_20260803,中国移动,中国移动有限公司（A股600941；H股941/80941）,China Mobile Limited及其附属公司合并口径,2035E,Annual,COST_PRODUCTS,产品销售成本,Forecast,Cost,138679.297241332,RMB mn,RMB,1,Forecast,Bear,MODEL_P3,Medium,Phase 3 formula-driven forecast using G2-approved scenario drivers,,,,
CM_PHASE3_20260803,中国移动,中国移动有限公司（A股600941；H股941/80941）,China Mobile Limited及其附属公司合并口径,2035E,Annual,COST_OTHER_RESIDUAL,其他经营费用（扣除信用减值）,Forecast,Cost,53540.488505152025,RMB mn,RMB,1,Forecast,Bear,MODEL_P3,Medium,Phase 3 formula-driven forecast using G2-approved scenario drivers,,,,
CM_PHASE3_20260803,中国移动,中国移动有限公司（A股600941；H股941/80941）,China Mobile Limited及其附属公司合并口径,2035E,Annual,COST_CREDIT_NET,信用及合同资产减值净额,Forecast,Risk,12355.497347342776,RMB mn,RMB,1,Forecast,Bear,MODEL_P3,Medium,Phase 3 formula-driven forecast using G2-approved scenario drivers,,,,
CM_PHASE3_20260803,中国移动,中国移动有限公司（A股600941；H股941/80941）,China Mobile Limited及其附属公司合并口径,2035E,Annual,FIN_EBITDA,EBITDA,Forecast,Group,325681.47806296736,RMB mn,RMB,1,Forecast,Bear,MODEL_P3,Medium,Phase 3 formula-driven forecast using G2-approved scenario drivers,,,,
CM_PHASE3_20260803,中国移动,中国移动有限公司（A股600941；H股941/80941）,China Mobile Limited及其附属公司合并口径,2035E,Annual,FIN_EBIT,EBIT,Forecast,Group,140349.01785282572,RMB mn,RMB,1,Forecast,Bear,MODEL_P3,Medium,Phase 3 formula-driven forecast using G2-approved scenario drivers,,,,
CM_PHASE3_20260803,中国移动,中国移动有限公司（A股600941；H股941/80941）,China Mobile Limited及其附属公司合并口径,2035E,Annual,FIN_NONOP_INCOME,经营外收入净额,Forecast,Group,23681.36991574032,RMB mn,RMB,1,Forecast,Bear,MODEL_P3,Medium,Phase 3 formula-driven forecast using G2-approved scenario drivers,,,,
CM_PHASE3_20260803,中国移动,中国移动有限公司（A股600941；H股941/80941）,China Mobile Limited及其附属公司合并口径,2035E,Annual,FIN_PBT,税前利润,Forecast,Group,164030.38776856606,RMB mn,RMB,1,Forecast,Bear,MODEL_P3,Medium,Phase 3 formula-driven forecast using G2-approved scenario drivers,,,,
CM_PHASE3_20260803,中国移动,中国移动有限公司（A股600941；H股941/80941）,China Mobile Limited及其附属公司合并口径,2035E,Annual,FIN_TAX,所得税,Forecast,Group,36906.83724792736,RMB mn,RMB,1,Forecast,Bear,MODEL_P3,Medium,Phase 3 formula-driven forecast using G2-approved scenario drivers,,,,
CM_PHASE3_20260803,中国移动,中国移动有限公司（A股600941；H股941/80941）,China Mobile Limited及其附属公司合并口径,2035E,Annual,FIN_NET_PROFIT_PARENT,归母净利润,Forecast,Group,126953.5505206387,RMB mn,RMB,1,Forecast,Bear,MODEL_P3,Medium,Phase 3 formula-driven forecast using G2-approved scenario drivers,,,,
CM_PHASE3_20260803,中国移动,中国移动有限公司（A股600941；H股941/80941）,China Mobile Limited及其附属公司合并口径,2035E,Annual,CAPEX_COMPANY,公司口径资本开支,Forecast,Cash flow,151270.60704667075,RMB mn,RMB,1,Forecast,Bear,MODEL_P3,Medium,Phase 3 formula-driven forecast using G2-approved scenario drivers,,,,
CM_PHASE3_20260803,中国移动,中国移动有限公司（A股600941；H股941/80941）,China Mobile Limited及其附属公司合并口径,2035E,Annual,CF_CFO,经营活动现金流净额,Forecast,Cash flow,249151.58807686946,RMB mn,RMB,1,Forecast,Bear,MODEL_P3,Medium,Phase 3 formula-driven forecast using G2-approved scenario drivers,,,,
CM_PHASE3_20260803,中国移动,中国移动有限公司（A股600941；H股941/80941）,China Mobile Limited及其附属公司合并口径,2035E,Annual,CF_CASH_CONVERSION_ADJ,营运资本及其他现金转换调整,Forecast,Cash flow,44951.36096921211,RMB mn,RMB,1,Forecast,Bear,MODEL_P3,Medium,Phase 3 formula-driven forecast using G2-approved scenario drivers,,,,
CM_PHASE3_20260803,中国移动,中国移动有限公司（A股600941；H股941/80941）,China Mobile Limited及其附属公司合并口径,2035E,Annual,CF_FCFF,自由现金流,Forecast,Cash flow,97880.98103019872,RMB mn,RMB,1,Forecast,Bear,MODEL_P3,Medium,Phase 3 formula-driven forecast using G2-approved scenario drivers,,,,
CM_PHASE3_20260803,中国移动,中国移动有限公司（A股600941；H股941/80941）,China Mobile Limited及其附属公司合并口径,2035E,Annual,DIV_PAYOUT,派息率,Forecast,Dividend,0.76,%,,1,Forecast,Bear,MODEL_P3,Medium,Phase 3 formula-driven forecast using G2-approved scenario drivers,,,,
CM_PHASE3_20260803,中国移动,中国移动有限公司（A股600941；H股941/80941）,China Mobile Limited及其附属公司合并口径,2035E,Annual,DIV_CASH_FORECAST,预计现金分红,Forecast,Dividend,96484.69839568541,RMB mn,RMB,1,Forecast,Bear,MODEL_P3,Medium,Phase 3 formula-driven forecast using G2-approved scenario drivers,,,,
CM_PHASE3_20260803,中国移动,中国移动有限公司（A股600941；H股941/80941）,China Mobile Limited及其附属公司合并口径,2035E,Annual,EQ_SHARES_FORECAST,预计发行股份,Forecast,Equity,22172.731155,mn shares,,1,Forecast,Bear,MODEL_P3,Medium,Phase 3 formula-driven forecast using G2-approved scenario drivers,,,,
CM_PHASE3_20260803,中国移动,中国移动有限公司（A股600941；H股941/80941）,China Mobile Limited及其附属公司合并口径,2035E,Annual,DIV_DPS,预计每股股息,Forecast,Dividend,4.827437784087368,HKD/share,HKD,1,Forecast,Bear,MODEL_P3,Medium,Phase 3 formula-driven forecast using G2-approved scenario drivers,,,,
CM_PHASE3_20260803,中国移动,中国移动有限公司（A股600941；H股941/80941）,China Mobile Limited及其附属公司合并口径,2035E,Annual,FIN_EPS_BASIC,预计每股收益,Forecast,Equity,5.7256613825857166,RMB/share,RMB,1,Forecast,Bear,MODEL_P3,Medium,Phase 3 formula-driven forecast using G2-approved scenario drivers,,,,
CM_PHASE3_20260803,中国移动,中国移动有限公司（A股600941；H股941/80941）,China Mobile Limited及其附属公司合并口径,2025FY,Annual,REV_TOC_MOBILE,ToC移动通信收入,Forecast,ToC Mobile,465327.0,RMB mn,RMB,1,Forecast,Base,MODEL_P3,Medium,Phase 3 formula-driven forecast using G2-approved scenario drivers,,,,2025细分桥接为估算；合计严格等于公司实际收入。
CM_PHASE3_20260803,中国移动,中国移动有限公司（A股600941；H股941/80941）,China Mobile Limited及其附属公司合并口径,2025FY,Annual,REV_HOME,家庭宽带与智慧家庭收入,Forecast,Home,141569.0,RMB mn,RMB,1,Forecast,Base,MODEL_P3,Medium,Phase 3 formula-driven forecast using G2-approved scenario drivers,,,,2025细分桥接为估算；合计严格等于公司实际收入。
CM_PHASE3_20260803,中国移动,中国移动有限公司（A股600941；H股941/80941）,China Mobile Limited及其附属公司合并口径,2025FY,Annual,REV_ENTERPRISE_CONNECT,企业连接和传统网络收入,Forecast,Enterprise Connect,96004.0,RMB mn,RMB,1,Estimated,Base,MODEL_P3,Medium,Phase 3 formula-driven forecast using G2-approved scenario drivers,,,,2025细分桥接为估算；合计严格等于公司实际收入。
CM_PHASE3_20260803,中国移动,中国移动有限公司（A股600941；H股941/80941）,China Mobile Limited及其附属公司合并口径,2025FY,Annual,REV_CLOUD_NONAI,非AI云与数字化收入,Forecast,Cloud & Digital,58370.0,RMB mn,RMB,1,Estimated,Base,MODEL_P3,Medium,Phase 3 formula-driven forecast using G2-approved scenario drivers,,,,2025细分桥接为估算；合计严格等于公司实际收入。
CM_PHASE3_20260803,中国移动,中国移动有限公司（A股600941；H股941/80941）,China Mobile Limited及其附属公司合并口径,2025FY,Annual,REV_AIDC,AIDC收入估算,Forecast,AI/AIDC,31430.0,RMB mn,RMB,1,Estimated,Base,MODEL_P3,Low,Phase 3 formula-driven forecast using G2-approved scenario drivers,,,,2025细分桥接为估算；合计严格等于公司实际收入。
CM_PHASE3_20260803,中国移动,中国移动有限公司（A股600941；H股941/80941）,China Mobile Limited及其附属公司合并口径,2025FY,Annual,REV_AI_SERVICE,智能服务收入,Forecast,AI services,90800.0,RMB mn,RMB,1,Forecast,Base,MODEL_P3,Medium,Phase 3 formula-driven forecast using G2-approved scenario drivers,,,,2025细分桥接为估算；合计严格等于公司实际收入。
CM_PHASE3_20260803,中国移动,中国移动有限公司（A股600941；H股941/80941）,China Mobile Limited及其附属公司合并口径,2025FY,Annual,REV_IOT,物联网收入估算,Forecast,IoT,12000.0,RMB mn,RMB,1,Estimated,Base,MODEL_P3,Low,Phase 3 formula-driven forecast using G2-approved scenario drivers,,,,2025细分桥接为估算；合计严格等于公司实际收入。
CM_PHASE3_20260803,中国移动,中国移动有限公司（A股600941；H股941/80941）,China Mobile Limited及其附属公司合并口径,2025FY,Annual,REV_DEVICE_OTHER,终端、批发及其他业务收入,Forecast,Device & Other,154657.0,RMB mn,RMB,1,Forecast,Base,MODEL_P3,Medium,Phase 3 formula-driven forecast using G2-approved scenario drivers,,,,2025细分桥接为估算；合计严格等于公司实际收入。
CM_PHASE3_20260803,中国移动,中国移动有限公司（A股600941；H股941/80941）,China Mobile Limited及其附属公司合并口径,2025FY,Annual,REV_MODEL_RESIDUAL,收入桥接及取整差额,Forecast,Group,30.0,RMB mn,RMB,1,Forecast,Base,MODEL_P3,Medium,Phase 3 formula-driven forecast using G2-approved scenario drivers,,,,2025细分桥接为估算；合计严格等于公司实际收入。
CM_PHASE3_20260803,中国移动,中国移动有限公司（A股600941；H股941/80941）,China Mobile Limited及其附属公司合并口径,2025FY,Annual,FIN_REV_PRINCIPAL,主营业务收入,Forecast,Group,895530.0,RMB mn,RMB,1,Forecast,Base,MODEL_P3,Medium,Phase 3 formula-driven forecast using G2-approved scenario drivers,,,,
CM_PHASE3_20260803,中国移动,中国移动有限公司（A股600941；H股941/80941）,China Mobile Limited及其附属公司合并口径,2025FY,Annual,FIN_REV_TOTAL,营业收入,Forecast,Group,1050187.0,RMB mn,RMB,1,Forecast,Base,MODEL_P3,Medium,Phase 3 formula-driven forecast using G2-approved scenario drivers,,,,
CM_PHASE3_20260803,中国移动,中国移动有限公司（A股600941；H股941/80941）,China Mobile Limited及其附属公司合并口径,2025FY,Annual,COST_NETWORK,网络运行、维护及支撑成本,Forecast,Cost,285698.0,RMB mn,RMB,1,Forecast,Base,MODEL_P3,Medium,Phase 3 formula-driven forecast using G2-approved scenario drivers,,,,
CM_PHASE3_20260803,中国移动,中国移动有限公司（A股600941；H股941/80941）,China Mobile Limited及其附属公司合并口径,2025FY,Annual,COST_DA,折旧及摊销,Forecast,Cost,189999.0,RMB mn,RMB,1,Forecast,Base,MODEL_P3,Medium,Phase 3 formula-driven forecast using G2-approved scenario drivers,,,,
CM_PHASE3_20260803,中国移动,中国移动有限公司（A股600941；H股941/80941）,China Mobile Limited及其附属公司合并口径,2025FY,Annual,COST_EMPLOYEE,人工成本,Forecast,Cost,154104.0,RMB mn,RMB,1,Forecast,Base,MODEL_P3,Medium,Phase 3 formula-driven forecast using G2-approved scenario drivers,,,,
CM_PHASE3_20260803,中国移动,中国移动有限公司（A股600941；H股941/80941）,China Mobile Limited及其附属公司合并口径,2025FY,Annual,COST_SELLING,销售费用,Forecast,Cost,56184.0,RMB mn,RMB,1,Forecast,Base,MODEL_P3,Medium,Phase 3 formula-driven forecast using G2-approved scenario drivers,,,,
CM_PHASE3_20260803,中国移动,中国移动有限公司（A股600941；H股941/80941）,China Mobile Limited及其附属公司合并口径,2025FY,Annual,COST_PRODUCTS,产品销售成本,Forecast,Cost,152992.0,RMB mn,RMB,1,Forecast,Base,MODEL_P3,Medium,Phase 3 formula-driven forecast using G2-approved scenario drivers,,,,
CM_PHASE3_20260803,中国移动,中国移动有限公司（A股600941；H股941/80941）,China Mobile Limited及其附属公司合并口径,2025FY,Annual,COST_OTHER_RESIDUAL,其他经营费用（扣除信用减值）,Forecast,Cost,53703.0,RMB mn,RMB,1,Forecast,Base,MODEL_P3,Medium,Phase 3 formula-driven forecast using G2-approved scenario drivers,,,,
CM_PHASE3_20260803,中国移动,中国移动有限公司（A股600941；H股941/80941）,China Mobile Limited及其附属公司合并口径,2025FY,Annual,COST_CREDIT_NET,信用及合同资产减值净额,Forecast,Risk,8575.0,RMB mn,RMB,1,Forecast,Base,MODEL_P3,Medium,Phase 3 formula-driven forecast using G2-approved scenario drivers,,,,
CM_PHASE3_20260803,中国移动,中国移动有限公司（A股600941；H股941/80941）,China Mobile Limited及其附属公司合并口径,2025FY,Annual,FIN_EBITDA,EBITDA,Forecast,Group,338931.0,RMB mn,RMB,1,Forecast,Base,MODEL_P3,Medium,Phase 3 formula-driven forecast using G2-approved scenario drivers,,,,
CM_PHASE3_20260803,中国移动,中国移动有限公司（A股600941；H股941/80941）,China Mobile Limited及其附属公司合并口径,2025FY,Annual,FIN_EBIT,EBIT,Forecast,Group,148932.0,RMB mn,RMB,1,Forecast,Base,MODEL_P3,Medium,Phase 3 formula-driven forecast using G2-approved scenario drivers,,,,
CM_PHASE3_20260803,中国移动,中国移动有限公司（A股600941；H股941/80941）,China Mobile Limited及其附属公司合并口径,2025FY,Annual,FIN_NONOP_INCOME,经营外收入净额,Forecast,Group,26676.0,RMB mn,RMB,1,Forecast,Base,MODEL_P3,Medium,Phase 3 formula-driven forecast using G2-approved scenario drivers,,,,
CM_PHASE3_20260803,中国移动,中国移动有限公司（A股600941；H股941/80941）,China Mobile Limited及其附属公司合并口径,2025FY,Annual,FIN_PBT,税前利润,Forecast,Group,175608.0,RMB mn,RMB,1,Forecast,Base,MODEL_P3,Medium,Phase 3 formula-driven forecast using G2-approved scenario drivers,,,,
CM_PHASE3_20260803,中国移动,中国移动有限公司（A股600941；H股941/80941）,China Mobile Limited及其附属公司合并口径,2025FY,Annual,FIN_TAX,所得税,Forecast,Group,38344.0,RMB mn,RMB,1,Forecast,Base,MODEL_P3,Medium,Phase 3 formula-driven forecast using G2-approved scenario drivers,,,,
CM_PHASE3_20260803,中国移动,中国移动有限公司（A股600941；H股941/80941）,China Mobile Limited及其附属公司合并口径,2025FY,Annual,FIN_NET_PROFIT_PARENT,归母净利润,Forecast,Group,137095.0,RMB mn,RMB,1,Forecast,Base,MODEL_P3,Medium,Phase 3 formula-driven forecast using G2-approved scenario drivers,,,,
CM_PHASE3_20260803,中国移动,中国移动有限公司（A股600941；H股941/80941）,China Mobile Limited及其附属公司合并口径,2025FY,Annual,CAPEX_COMPANY,公司口径资本开支,Forecast,Cash flow,150919.0,RMB mn,RMB,1,Forecast,Base,MODEL_P3,Medium,Phase 3 formula-driven forecast using G2-approved scenario drivers,,,,
CM_PHASE3_20260803,中国移动,中国移动有限公司（A股600941；H股941/80941）,China Mobile Limited及其附属公司合并口径,2025FY,Annual,CF_CFO,经营活动现金流净额,Forecast,Cash flow,232919.0,RMB mn,RMB,1,Forecast,Base,MODEL_P3,Medium,Phase 3 formula-driven forecast using G2-approved scenario drivers,,,,
CM_PHASE3_20260803,中国移动,中国移动有限公司（A股600941；H股941/80941）,China Mobile Limited及其附属公司合并口径,2025FY,Annual,CF_CASH_CONVERSION_ADJ,营运资本及其他现金转换调整,Forecast,Cash flow,73492.70356703567,RMB mn,RMB,1,Forecast,Base,MODEL_P3,Medium,Phase 3 formula-driven forecast using G2-approved scenario drivers,,,,
CM_PHASE3_20260803,中国移动,中国移动有限公司（A股600941；H股941/80941）,China Mobile Limited及其附属公司合并口径,2025FY,Annual,CF_FCFF,自由现金流,Forecast,Cash flow,82000.0,RMB mn,RMB,1,Forecast,Base,MODEL_P3,Medium,Phase 3 formula-driven forecast using G2-approved scenario drivers,,,,
CM_PHASE3_20260803,中国移动,中国移动有限公司（A股600941；H股941/80941）,China Mobile Limited及其附属公司合并口径,2025FY,Annual,DIV_PAYOUT,派息率,Forecast,Dividend,0.75,%,,1,Forecast,Base,MODEL_P3,Medium,Phase 3 formula-driven forecast using G2-approved scenario drivers,,,,
CM_PHASE3_20260803,中国移动,中国移动有限公司（A股600941；H股941/80941）,China Mobile Limited及其附属公司合并口径,2025FY,Annual,DIV_CASH_FORECAST,预计现金分红,Forecast,Dividend,102821.25,RMB mn,RMB,1,Forecast,Base,MODEL_P3,Medium,Phase 3 formula-driven forecast using G2-approved scenario drivers,,,,
CM_PHASE3_20260803,中国移动,中国移动有限公司（A股600941；H股941/80941）,China Mobile Limited及其附属公司合并口径,2025FY,Annual,EQ_SHARES_FORECAST,预计发行股份,Forecast,Equity,21644.606612,mn shares,,1,Forecast,Base,MODEL_P3,Medium,Phase 3 formula-driven forecast using G2-approved scenario drivers,,,,
CM_PHASE3_20260803,中国移动,中国移动有限公司（A股600941；H股941/80941）,China Mobile Limited及其附属公司合并口径,2025FY,Annual,DIV_DPS,预计每股股息,Forecast,Dividend,5.27,HKD/share,HKD,1,Forecast,Base,MODEL_P3,Medium,Phase 3 formula-driven forecast using G2-approved scenario drivers,,,,
CM_PHASE3_20260803,中国移动,中国移动有限公司（A股600941；H股941/80941）,China Mobile Limited及其附属公司合并口径,2025FY,Annual,FIN_EPS_BASIC,预计每股收益,Forecast,Equity,6.333910449728067,RMB/share,RMB,1,Forecast,Base,MODEL_P3,Medium,Phase 3 formula-driven forecast using G2-approved scenario drivers,,,,
CM_PHASE3_20260803,中国移动,中国移动有限公司（A股600941；H股941/80941）,China Mobile Limited及其附属公司合并口径,2026E,Annual,REV_TOC_MOBILE,ToC移动通信收入,Forecast,ToC Mobile,456003.327353961,RMB mn,RMB,1,Forecast,Base,MODEL_P3,Medium,Phase 3 formula-driven forecast using G2-approved scenario drivers,,,,
CM_PHASE3_20260803,中国移动,中国移动有限公司（A股600941；H股941/80941）,China Mobile Limited及其附属公司合并口径,2026E,Annual,REV_HOME,家庭宽带与智慧家庭收入,Forecast,Home,145008.07846003908,RMB mn,RMB,1,Forecast,Base,MODEL_P3,Medium,Phase 3 formula-driven forecast using G2-approved scenario drivers,,,,
CM_PHASE3_20260803,中国移动,中国移动有限公司（A股600941；H股941/80941）,China Mobile Limited及其附属公司合并口径,2026E,Annual,REV_ENTERPRISE_CONNECT,企业连接和传统网络收入,Forecast,Enterprise Connect,97444.06,RMB mn,RMB,1,Forecast,Base,MODEL_P3,Medium,Phase 3 formula-driven forecast using G2-approved scenario drivers,,,,
CM_PHASE3_20260803,中国移动,中国移动有限公司（A股600941；H股941/80941）,China Mobile Limited及其附属公司合并口径,2026E,Annual,REV_CLOUD_NONAI,非AI云与数字化收入,Forecast,Cloud & Digital,62164.049999999996,RMB mn,RMB,1,Forecast,Base,MODEL_P3,Medium,Phase 3 formula-driven forecast using G2-approved scenario drivers,,,,
CM_PHASE3_20260803,中国移动,中国移动有限公司（A股600941；H股941/80941）,China Mobile Limited及其附属公司合并口径,2026E,Annual,REV_AIDC,AIDC收入估算,Forecast,AI/AIDC,37716.0,RMB mn,RMB,1,Forecast,Base,MODEL_P3,Low,Phase 3 formula-driven forecast using G2-approved scenario drivers,,,,
CM_PHASE3_20260803,中国移动,中国移动有限公司（A股600941；H股941/80941）,China Mobile Limited及其附属公司合并口径,2026E,Annual,REV_AI_SERVICE,智能服务收入,Forecast,AI services,98064.0,RMB mn,RMB,1,Forecast,Base,MODEL_P3,Medium,Phase 3 formula-driven forecast using G2-approved scenario drivers,,,,
CM_PHASE3_20260803,中国移动,中国移动有限公司（A股600941；H股941/80941）,China Mobile Limited及其附属公司合并口径,2026E,Annual,REV_IOT,物联网收入估算,Forecast,IoT,12660.0,RMB mn,RMB,1,Forecast,Base,MODEL_P3,Low,Phase 3 formula-driven forecast using G2-approved scenario drivers,,,,
CM_PHASE3_20260803,中国移动,中国移动有限公司（A股600941；H股941/80941）,China Mobile Limited及其附属公司合并口径,2026E,Annual,REV_DEVICE_OTHER,终端、批发及其他业务收入,Forecast,Device & Other,156203.57,RMB mn,RMB,1,Forecast,Base,MODEL_P3,Medium,Phase 3 formula-driven forecast using G2-approved scenario drivers,,,,
CM_PHASE3_20260803,中国移动,中国移动有限公司（A股600941；H股941/80941）,China Mobile Limited及其附属公司合并口径,2026E,Annual,REV_MODEL_RESIDUAL,收入桥接及取整差额,Forecast,Group,30.0,RMB mn,RMB,1,Forecast,Base,MODEL_P3,Medium,Phase 3 formula-driven forecast using G2-approved scenario drivers,,,,
CM_PHASE3_20260803,中国移动,中国移动有限公司（A股600941；H股941/80941）,China Mobile Limited及其附属公司合并口径,2026E,Annual,FIN_REV_PRINCIPAL,主营业务收入,Forecast,Group,909089.515814,RMB mn,RMB,1,Forecast,Base,MODEL_P3,Medium,Phase 3 formula-driven forecast using G2-approved scenario drivers,,,,
CM_PHASE3_20260803,中国移动,中国移动有限公司（A股600941；H股941/80941）,China Mobile Limited及其附属公司合并口径,2026E,Annual,FIN_REV_TOTAL,营业收入,Forecast,Group,1065293.085814,RMB mn,RMB,1,Forecast,Base,MODEL_P3,Medium,Phase 3 formula-driven forecast using G2-approved scenario drivers,,,,
CM_PHASE3_20260803,中国移动,中国移动有限公司（A股600941；H股941/80941）,China Mobile Limited及其附属公司合并口径,2026E,Annual,COST_NETWORK,网络运行、维护及支撑成本,Forecast,Cost,300412.650199548,RMB mn,RMB,1,Forecast,Base,MODEL_P3,Medium,Phase 3 formula-driven forecast using G2-approved scenario drivers,,,,
CM_PHASE3_20260803,中国移动,中国移动有限公司（A股600941；H股941/80941）,China Mobile Limited及其附属公司合并口径,2026E,Annual,COST_DA,折旧及摊销,Forecast,Cost,188397.03,RMB mn,RMB,1,Forecast,Base,MODEL_P3,Medium,Phase 3 formula-driven forecast using G2-approved scenario drivers,,,,
CM_PHASE3_20260803,中国移动,中国移动有限公司（A股600941；H股941/80941）,China Mobile Limited及其附属公司合并口径,2026E,Annual,COST_EMPLOYEE,人工成本,Forecast,Cost,156598.083614658,RMB mn,RMB,1,Forecast,Base,MODEL_P3,Medium,Phase 3 formula-driven forecast using G2-approved scenario drivers,,,,
CM_PHASE3_20260803,中国移动,中国移动有限公司（A股600941；H股941/80941）,China Mobile Limited及其附属公司合并口径,2026E,Annual,COST_SELLING,销售费用,Forecast,Cost,57525.82663395601,RMB mn,RMB,1,Forecast,Base,MODEL_P3,Medium,Phase 3 formula-driven forecast using G2-approved scenario drivers,,,,
CM_PHASE3_20260803,中国移动,中国移动有限公司（A股600941；H股941/80941）,China Mobile Limited及其附属公司合并口径,2026E,Annual,COST_PRODUCTS,产品销售成本,Forecast,Cost,154485.33073000002,RMB mn,RMB,1,Forecast,Base,MODEL_P3,Medium,Phase 3 formula-driven forecast using G2-approved scenario drivers,,,,
CM_PHASE3_20260803,中国移动,中国移动有限公司（A股600941；H股941/80941）,China Mobile Limited及其附属公司合并口径,2026E,Annual,COST_OTHER_RESIDUAL,其他经营费用（扣除信用减值）,Forecast,Cost,55395.240462328,RMB mn,RMB,1,Forecast,Base,MODEL_P3,Medium,Phase 3 formula-driven forecast using G2-approved scenario drivers,,,,
CM_PHASE3_20260803,中国移动,中国移动有限公司（A股600941；H股941/80941）,China Mobile Limited及其附属公司合并口径,2026E,Annual,COST_CREDIT_NET,信用及合同资产减值净额,Forecast,Risk,10652.930858140002,RMB mn,RMB,1,Forecast,Base,MODEL_P3,Medium,Phase 3 formula-driven forecast using G2-approved scenario drivers,,,,
CM_PHASE3_20260803,中国移动,中国移动有限公司（A股600941；H股941/80941）,China Mobile Limited及其附属公司合并口径,2026E,Annual,FIN_EBITDA,EBITDA,Forecast,Group,330223.0233153701,RMB mn,RMB,1,Forecast,Base,MODEL_P3,Medium,Phase 3 formula-driven forecast using G2-approved scenario drivers,,,,
CM_PHASE3_20260803,中国移动,中国移动有限公司（A股600941；H股941/80941）,China Mobile Limited及其附属公司合并口径,2026E,Annual,FIN_EBIT,EBIT,Forecast,Group,141825.9933153701,RMB mn,RMB,1,Forecast,Base,MODEL_P3,Medium,Phase 3 formula-driven forecast using G2-approved scenario drivers,,,,
CM_PHASE3_20260803,中国移动,中国移动有限公司（A股600941；H股941/80941）,China Mobile Limited及其附属公司合并口径,2026E,Annual,FIN_NONOP_INCOME,经营外收入净额,Forecast,Group,26632.327145350006,RMB mn,RMB,1,Forecast,Base,MODEL_P3,Medium,Phase 3 formula-driven forecast using G2-approved scenario drivers,,,,
CM_PHASE3_20260803,中国移动,中国移动有限公司（A股600941；H股941/80941）,China Mobile Limited及其附属公司合并口径,2026E,Annual,FIN_PBT,税前利润,Forecast,Group,168458.3204607201,RMB mn,RMB,1,Forecast,Base,MODEL_P3,Medium,Phase 3 formula-driven forecast using G2-approved scenario drivers,,,,
CM_PHASE3_20260803,中国移动,中国移动有限公司（A股600941；H股941/80941）,China Mobile Limited及其附属公司合并口径,2026E,Annual,FIN_TAX,所得税,Forecast,Group,37060.830501358425,RMB mn,RMB,1,Forecast,Base,MODEL_P3,Medium,Phase 3 formula-driven forecast using G2-approved scenario drivers,,,,
CM_PHASE3_20260803,中国移动,中国移动有限公司（A股600941；H股941/80941）,China Mobile Limited及其附属公司合并口径,2026E,Annual,FIN_NET_PROFIT_PARENT,归母净利润,Forecast,Group,131227.48995936167,RMB mn,RMB,1,Forecast,Base,MODEL_P3,Medium,Phase 3 formula-driven forecast using G2-approved scenario drivers,,,,
CM_PHASE3_20260803,中国移动,中国移动有限公司（A股600941；H股941/80941）,China Mobile Limited及其附属公司合并口径,2026E,Annual,CAPEX_COMPANY,公司口径资本开支,Forecast,Cash flow,136600.0,RMB mn,RMB,1,Forecast,Base,MODEL_P3,Medium,Phase 3 formula-driven forecast using G2-approved scenario drivers,,,,
CM_PHASE3_20260803,中国移动,中国移动有限公司（A股600941；H股941/80941）,China Mobile Limited及其附属公司合并口径,2026E,Annual,CF_CFO,经营活动现金流净额,Forecast,Cash flow,259090.51200699,RMB mn,RMB,1,Forecast,Base,MODEL_P3,Medium,Phase 3 formula-driven forecast using G2-approved scenario drivers,,,,
CM_PHASE3_20260803,中国移动,中国移动有限公司（A股600941；H股941/80941）,China Mobile Limited及其附属公司合并口径,2026E,Annual,CF_CASH_CONVERSION_ADJ,营运资本及其他现金转换调整,Forecast,Cash flow,39930.7927789987,RMB mn,RMB,1,Forecast,Base,MODEL_P3,Medium,Phase 3 formula-driven forecast using G2-approved scenario drivers,,,,
CM_PHASE3_20260803,中国移动,中国移动有限公司（A股600941；H股941/80941）,China Mobile Limited及其附属公司合并口径,2026E,Annual,CF_FCFF,自由现金流,Forecast,Cash flow,122490.51200699,RMB mn,RMB,1,Forecast,Base,MODEL_P3,Medium,Phase 3 formula-driven forecast using G2-approved scenario drivers,,,,
CM_PHASE3_20260803,中国移动,中国移动有限公司（A股600941；H股941/80941）,China Mobile Limited及其附属公司合并口径,2026E,Annual,DIV_PAYOUT,派息率,Forecast,Dividend,0.758,%,,1,Forecast,Base,MODEL_P3,Medium,Phase 3 formula-driven forecast using G2-approved scenario drivers,,,,
CM_PHASE3_20260803,中国移动,中国移动有限公司（A股600941；H股941/80941）,China Mobile Limited及其附属公司合并口径,2026E,Annual,DIV_CASH_FORECAST,预计现金分红,Forecast,Dividend,99470.43738919614,RMB mn,RMB,1,Forecast,Base,MODEL_P3,Medium,Phase 3 formula-driven forecast using G2-approved scenario drivers,,,,
CM_PHASE3_20260803,中国移动,中国移动有限公司（A股600941；H股941/80941）,China Mobile Limited及其附属公司合并口径,2026E,Annual,EQ_SHARES_FORECAST,预计发行股份,Forecast,Equity,21683.696323,mn shares,,1,Forecast,Base,MODEL_P3,Medium,Phase 3 formula-driven forecast using G2-approved scenario drivers,,,,
CM_PHASE3_20260803,中国移动,中国移动有限公司（A股600941；H股941/80941）,China Mobile Limited及其附属公司合并口径,2026E,Annual,DIV_DPS,预计每股股息,Forecast,Dividend,5.089066712747965,HKD/share,HKD,1,Forecast,Base,MODEL_P3,Medium,Phase 3 formula-driven forecast using G2-approved scenario drivers,,,,
CM_PHASE3_20260803,中国移动,中国移动有限公司（A股600941；H股941/80941）,China Mobile Limited及其附属公司合并口径,2026E,Annual,FIN_EPS_BASIC,预计每股收益,Forecast,Equity,6.051896687935444,RMB/share,RMB,1,Forecast,Base,MODEL_P3,Medium,Phase 3 formula-driven forecast using G2-approved scenario drivers,,,,
CM_PHASE3_20260803,中国移动,中国移动有限公司（A股600941；H股941/80941）,China Mobile Limited及其附属公司合并口径,2027E,Annual,REV_TOC_MOBILE,ToC移动通信收入,Forecast,ToC Mobile,455544.58800664294,RMB mn,RMB,1,Forecast,Base,MODEL_P3,Medium,Phase 3 formula-driven forecast using G2-approved scenario drivers,,,,
CM_PHASE3_20260803,中国移动,中国移动有限公司（A股600941；H股941/80941）,China Mobile Limited及其附属公司合并口径,2027E,Annual,REV_HOME,家庭宽带与智慧家庭收入,Forecast,Home,151751.53414074474,RMB mn,RMB,1,Forecast,Base,MODEL_P3,Medium,Phase 3 formula-driven forecast using G2-approved scenario drivers,,,,
CM_PHASE3_20260803,中国移动,中国移动有限公司（A股600941；H股941/80941）,China Mobile Limited及其附属公司合并口径,2027E,Annual,REV_ENTERPRISE_CONNECT,企业连接和传统网络收入,Forecast,Enterprise Connect,98905.72089999999,RMB mn,RMB,1,Forecast,Base,MODEL_P3,Medium,Phase 3 formula-driven forecast using G2-approved scenario drivers,,,,
CM_PHASE3_20260803,中国移动,中国移动有限公司（A股600941；H股941/80941）,China Mobile Limited及其附属公司合并口径,2027E,Annual,REV_CLOUD_NONAI,非AI云与数字化收入,Forecast,Cloud & Digital,65800.646925,RMB mn,RMB,1,Forecast,Base,MODEL_P3,Medium,Phase 3 formula-driven forecast using G2-approved scenario drivers,,,,
CM_PHASE3_20260803,中国移动,中国移动有限公司（A股600941；H股941/80941）,China Mobile Limited及其附属公司合并口径,2027E,Annual,REV_AIDC,AIDC收入估算,Forecast,AI/AIDC,44504.88,RMB mn,RMB,1,Forecast,Base,MODEL_P3,Low,Phase 3 formula-driven forecast using G2-approved scenario drivers,,,,
CM_PHASE3_20260803,中国移动,中国移动有限公司（A股600941；H股941/80941）,China Mobile Limited及其附属公司合并口径,2027E,Annual,REV_AI_SERVICE,智能服务收入,Forecast,AI services,105281.51039999998,RMB mn,RMB,1,Forecast,Base,MODEL_P3,Medium,Phase 3 formula-driven forecast using G2-approved scenario drivers,,,,
CM_PHASE3_20260803,中国移动,中国移动有限公司（A股600941；H股941/80941）,China Mobile Limited及其附属公司合并口径,2027E,Annual,REV_IOT,物联网收入估算,Forecast,IoT,13286.670000000002,RMB mn,RMB,1,Forecast,Base,MODEL_P3,Low,Phase 3 formula-driven forecast using G2-approved scenario drivers,,,,
CM_PHASE3_20260803,中国移动,中国移动有限公司（A股600941；H股941/80941）,China Mobile Limited及其附属公司合并口径,2027E,Annual,REV_DEVICE_OTHER,终端、批发及其他业务收入,Forecast,Device & Other,157765.60570000001,RMB mn,RMB,1,Forecast,Base,MODEL_P3,Medium,Phase 3 formula-driven forecast using G2-approved scenario drivers,,,,
CM_PHASE3_20260803,中国移动,中国移动有限公司（A股600941；H股941/80941）,China Mobile Limited及其附属公司合并口径,2027E,Annual,REV_MODEL_RESIDUAL,收入桥接及取整差额,Forecast,Group,30.0,RMB mn,RMB,1,Forecast,Base,MODEL_P3,Medium,Phase 3 formula-driven forecast using G2-approved scenario drivers,,,,
CM_PHASE3_20260803,中国移动,中国移动有限公司（A股600941；H股941/80941）,China Mobile Limited及其附属公司合并口径,2027E,Annual,FIN_REV_PRINCIPAL,主营业务收入,Forecast,Group,935105.5503723877,RMB mn,RMB,1,Forecast,Base,MODEL_P3,Medium,Phase 3 formula-driven forecast using G2-approved scenario drivers,,,,
CM_PHASE3_20260803,中国移动,中国移动有限公司（A股600941；H股941/80941）,China Mobile Limited及其附属公司合并口径,2027E,Annual,FIN_REV_TOTAL,营业收入,Forecast,Group,1092871.1560723877,RMB mn,RMB,1,Forecast,Base,MODEL_P3,Medium,Phase 3 formula-driven forecast using G2-approved scenario drivers,,,,
CM_PHASE3_20260803,中国移动,中国移动有限公司（A股600941；H股941/80941）,China Mobile Limited及其附属公司合并口径,2027E,Annual,COST_NETWORK,网络运行、维护及支撑成本,Forecast,Cost,304911.05254419614,RMB mn,RMB,1,Forecast,Base,MODEL_P3,Medium,Phase 3 formula-driven forecast using G2-approved scenario drivers,,,,
CM_PHASE3_20260803,中国移动,中国移动有限公司（A股600941；H股941/80941）,China Mobile Limited及其附属公司合并口径,2027E,Annual,COST_DA,折旧及摊销,Forecast,Cost,186953.0940766757,RMB mn,RMB,1,Forecast,Base,MODEL_P3,Medium,Phase 3 formula-driven forecast using G2-approved scenario drivers,,,,
CM_PHASE3_20260803,中国移动,中国移动有限公司（A股600941；H股941/80941）,China Mobile Limited及其附属公司合并口径,2027E,Annual,COST_EMPLOYEE,人工成本,Forecast,Cost,160105.6243646048,RMB mn,RMB,1,Forecast,Base,MODEL_P3,Medium,Phase 3 formula-driven forecast using G2-approved scenario drivers,,,,
CM_PHASE3_20260803,中国移动,中国移动有限公司（A股600941；H股941/80941）,China Mobile Limited及其附属公司合并口径,2027E,Annual,COST_SELLING,销售费用,Forecast,Cost,58605.21574438179,RMB mn,RMB,1,Forecast,Base,MODEL_P3,Medium,Phase 3 formula-driven forecast using G2-approved scenario drivers,,,,
CM_PHASE3_20260803,中国移动,中国移动有限公司（A股600941；H股941/80941）,China Mobile Limited及其附属公司合并口径,2027E,Annual,COST_PRODUCTS,产品销售成本,Forecast,Cost,156030.1840373,RMB mn,RMB,1,Forecast,Base,MODEL_P3,Medium,Phase 3 formula-driven forecast using G2-approved scenario drivers,,,,
CM_PHASE3_20260803,中国移动,中国移动有限公司（A股600941；H股941/80941）,China Mobile Limited及其附属公司合并口径,2027E,Annual,COST_OTHER_RESIDUAL,其他经营费用（扣除信用减值）,Forecast,Cost,56282.86453772796,RMB mn,RMB,1,Forecast,Base,MODEL_P3,Medium,Phase 3 formula-driven forecast using G2-approved scenario drivers,,,,
CM_PHASE3_20260803,中国移动,中国移动有限公司（A股600941；H股941/80941）,China Mobile Limited及其附属公司合并口径,2027E,Annual,COST_CREDIT_NET,信用及合同资产减值净额,Forecast,Risk,10655.49377170578,RMB mn,RMB,1,Forecast,Base,MODEL_P3,Medium,Phase 3 formula-driven forecast using G2-approved scenario drivers,,,,
CM_PHASE3_20260803,中国移动,中国移动有限公司（A股600941；H股941/80941）,China Mobile Limited及其附属公司合并口径,2027E,Annual,FIN_EBITDA,EBITDA,Forecast,Group,346280.72107247123,RMB mn,RMB,1,Forecast,Base,MODEL_P3,Medium,Phase 3 formula-driven forecast using G2-approved scenario drivers,,,,
CM_PHASE3_20260803,中国移动,中国移动有限公司（A股600941；H股941/80941）,China Mobile Limited及其附属公司合并口径,2027E,Annual,FIN_EBIT,EBIT,Forecast,Group,159327.62699579552,RMB mn,RMB,1,Forecast,Base,MODEL_P3,Medium,Phase 3 formula-driven forecast using G2-approved scenario drivers,,,,
CM_PHASE3_20260803,中国移动,中国移动有限公司（A股600941；H股941/80941）,China Mobile Limited及其附属公司合并口径,2027E,Annual,FIN_NONOP_INCOME,经营外收入净额,Forecast,Group,27321.778901809696,RMB mn,RMB,1,Forecast,Base,MODEL_P3,Medium,Phase 3 formula-driven forecast using G2-approved scenario drivers,,,,
CM_PHASE3_20260803,中国移动,中国移动有限公司（A股600941；H股941/80941）,China Mobile Limited及其附属公司合并口径,2027E,Annual,FIN_PBT,税前利润,Forecast,Group,186649.40589760523,RMB mn,RMB,1,Forecast,Base,MODEL_P3,Medium,Phase 3 formula-driven forecast using G2-approved scenario drivers,,,,
CM_PHASE3_20260803,中国移动,中国移动有限公司（A股600941；H股941/80941）,China Mobile Limited及其附属公司合并口径,2027E,Annual,FIN_TAX,所得税,Forecast,Group,41062.86929747315,RMB mn,RMB,1,Forecast,Base,MODEL_P3,Medium,Phase 3 formula-driven forecast using G2-approved scenario drivers,,,,
CM_PHASE3_20260803,中国移动,中国移动有限公司（A股600941；H股941/80941）,China Mobile Limited及其附属公司合并口径,2027E,Annual,FIN_NET_PROFIT_PARENT,归母净利润,Forecast,Group,145416.53660013207,RMB mn,RMB,1,Forecast,Base,MODEL_P3,Medium,Phase 3 formula-driven forecast using G2-approved scenario drivers,,,,
CM_PHASE3_20260803,中国移动,中国移动有限公司（A股600941；H股941/80941）,China Mobile Limited及其附属公司合并口径,2027E,Annual,CAPEX_COMPANY,公司口径资本开支,Forecast,Cash flow,140265.83255585816,RMB mn,RMB,1,Forecast,Base,MODEL_P3,Medium,Phase 3 formula-driven forecast using G2-approved scenario drivers,,,,
CM_PHASE3_20260803,中国移动,中国移动有限公司（A股600941；H股941/80941）,China Mobile Limited及其附属公司合并口径,2027E,Annual,CF_CFO,经营活动现金流净额,Forecast,Cash flow,274687.25542188884,RMB mn,RMB,1,Forecast,Base,MODEL_P3,Medium,Phase 3 formula-driven forecast using G2-approved scenario drivers,,,,
CM_PHASE3_20260803,中国移动,中国移动有限公司（A股600941；H股941/80941）,China Mobile Limited及其附属公司合并口径,2027E,Annual,CF_CASH_CONVERSION_ADJ,营运资本及其他现金转换调整,Forecast,Cash flow,36541.387711507385,RMB mn,RMB,1,Forecast,Base,MODEL_P3,Medium,Phase 3 formula-driven forecast using G2-approved scenario drivers,,,,
CM_PHASE3_20260803,中国移动,中国移动有限公司（A股600941；H股941/80941）,China Mobile Limited及其附属公司合并口径,2027E,Annual,CF_FCFF,自由现金流,Forecast,Cash flow,134421.42286603068,RMB mn,RMB,1,Forecast,Base,MODEL_P3,Medium,Phase 3 formula-driven forecast using G2-approved scenario drivers,,,,
CM_PHASE3_20260803,中国移动,中国移动有限公司（A股600941；H股941/80941）,China Mobile Limited及其附属公司合并口径,2027E,Annual,DIV_PAYOUT,派息率,Forecast,Dividend,0.766,%,,1,Forecast,Base,MODEL_P3,Medium,Phase 3 formula-driven forecast using G2-approved scenario drivers,,,,
CM_PHASE3_20260803,中国移动,中国移动有限公司（A股600941；H股941/80941）,China Mobile Limited及其附属公司合并口径,2027E,Annual,DIV_CASH_FORECAST,预计现金分红,Forecast,Dividend,111389.06703570117,RMB mn,RMB,1,Forecast,Base,MODEL_P3,Medium,Phase 3 formula-driven forecast using G2-approved scenario drivers,,,,
CM_PHASE3_20260803,中国移动,中国移动有限公司（A股600941；H股941/80941）,China Mobile Limited及其附属公司合并口径,2027E,Annual,EQ_SHARES_FORECAST,预计发行股份,Forecast,Equity,21763.696323,mn shares,,1,Forecast,Base,MODEL_P3,Medium,Phase 3 formula-driven forecast using G2-approved scenario drivers,,,,
CM_PHASE3_20260803,中国移动,中国移动有限公司（A股600941；H股941/80941）,China Mobile Limited及其附属公司合并口径,2027E,Annual,DIV_DPS,预计每股股息,Forecast,Dividend,5.6778948034513315,HKD/share,HKD,1,Forecast,Base,MODEL_P3,Medium,Phase 3 formula-driven forecast using G2-approved scenario drivers,,,,
CM_PHASE3_20260803,中国移动,中国移动有限公司（A股600941；H股941/80941）,China Mobile Limited及其附属公司合并口径,2027E,Annual,FIN_EPS_BASIC,预计每股收益,Forecast,Equity,6.681610257833594,RMB/share,RMB,1,Forecast,Base,MODEL_P3,Medium,Phase 3 formula-driven forecast using G2-approved scenario drivers,,,,
CM_PHASE3_20260803,中国移动,中国移动有限公司（A股600941；H股941/80941）,China Mobile Limited及其附属公司合并口径,2028E,Annual,REV_TOC_MOBILE,ToC移动通信收入,Forecast,ToC Mobile,455086.31015110825,RMB mn,RMB,1,Forecast,Base,MODEL_P3,Medium,Phase 3 formula-driven forecast using G2-approved scenario drivers,,,,
CM_PHASE3_20260803,中国移动,中国移动有限公司（A股600941；H股941/80941）,China Mobile Limited及其附属公司合并口径,2028E,Annual,REV_HOME,家庭宽带与智慧家庭收入,Forecast,Home,158808.58748442595,RMB mn,RMB,1,Forecast,Base,MODEL_P3,Medium,Phase 3 formula-driven forecast using G2-approved scenario drivers,,,,
CM_PHASE3_20260803,中国移动,中国移动有限公司（A股600941；H股941/80941）,China Mobile Limited及其附属公司合并口径,2028E,Annual,REV_ENTERPRISE_CONNECT,企业连接和传统网络收入,Forecast,Enterprise Connect,100389.30671349997,RMB mn,RMB,1,Forecast,Base,MODEL_P3,Medium,Phase 3 formula-driven forecast using G2-approved scenario drivers,,,,
CM_PHASE3_20260803,中国移动,中国移动有限公司（A股600941；H股941/80941）,China Mobile Limited及其附属公司合并口径,2028E,Annual,REV_CLOUD_NONAI,非AI云与数字化收入,Forecast,Cloud & Digital,69222.2805651,RMB mn,RMB,1,Forecast,Base,MODEL_P3,Medium,Phase 3 formula-driven forecast using G2-approved scenario drivers,,,,
CM_PHASE3_20260803,中国移动,中国移动有限公司（A股600941；H股941/80941）,China Mobile Limited及其附属公司合并口径,2028E,Annual,REV_AIDC,AIDC收入估算,Forecast,AI/AIDC,51625.660800000005,RMB mn,RMB,1,Forecast,Base,MODEL_P3,Low,Phase 3 formula-driven forecast using G2-approved scenario drivers,,,,
CM_PHASE3_20260803,中国移动,中国移动有限公司（A股600941；H股941/80941）,China Mobile Limited及其附属公司合并口径,2028E,Annual,REV_AI_SERVICE,智能服务收入,Forecast,AI services,112356.42789887998,RMB mn,RMB,1,Forecast,Base,MODEL_P3,Medium,Phase 3 formula-driven forecast using G2-approved scenario drivers,,,,
CM_PHASE3_20260803,中国移动,中国移动有限公司（A股600941；H股941/80941）,China Mobile Limited及其附属公司合并口径,2028E,Annual,REV_IOT,物联网收入估算,Forecast,IoT,13871.283480000002,RMB mn,RMB,1,Forecast,Base,MODEL_P3,Low,Phase 3 formula-driven forecast using G2-approved scenario drivers,,,,
CM_PHASE3_20260803,中国移动,中国移动有限公司（A股600941；H股941/80941）,China Mobile Limited及其附属公司合并口径,2028E,Annual,REV_DEVICE_OTHER,终端、批发及其他业务收入,Forecast,Device & Other,159343.26175700003,RMB mn,RMB,1,Forecast,Base,MODEL_P3,Medium,Phase 3 formula-driven forecast using G2-approved scenario drivers,,,,
CM_PHASE3_20260803,中国移动,中国移动有限公司（A股600941；H股941/80941）,China Mobile Limited及其附属公司合并口径,2028E,Annual,REV_MODEL_RESIDUAL,收入桥接及取整差额,Forecast,Group,30.0,RMB mn,RMB,1,Forecast,Base,MODEL_P3,Medium,Phase 3 formula-driven forecast using G2-approved scenario drivers,,,,
CM_PHASE3_20260803,中国移动,中国移动有限公司（A股600941；H股941/80941）,China Mobile Limited及其附属公司合并口径,2028E,Annual,FIN_REV_PRINCIPAL,主营业务收入,Forecast,Group,961389.8570930142,RMB mn,RMB,1,Forecast,Base,MODEL_P3,Medium,Phase 3 formula-driven forecast using G2-approved scenario drivers,,,,
CM_PHASE3_20260803,中国移动,中国移动有限公司（A股600941；H股941/80941）,China Mobile Limited及其附属公司合并口径,2028E,Annual,FIN_REV_TOTAL,营业收入,Forecast,Group,1120733.1188500142,RMB mn,RMB,1,Forecast,Base,MODEL_P3,Medium,Phase 3 formula-driven forecast using G2-approved scenario drivers,,,,
CM_PHASE3_20260803,中国移动,中国移动有限公司（A股600941；H股941/80941）,China Mobile Limited及其附属公司合并口径,2028E,Annual,COST_NETWORK,网络运行、维护及支撑成本,Forecast,Cost,309322.3408026039,RMB mn,RMB,1,Forecast,Base,MODEL_P3,Medium,Phase 3 formula-driven forecast using G2-approved scenario drivers,,,,
CM_PHASE3_20260803,中国移动,中国移动有限公司（A股600941；H股941/80941）,China Mobile Limited及其附属公司合并口径,2028E,Annual,COST_DA,折旧及摊销,Forecast,Cost,190524.63020450243,RMB mn,RMB,1,Forecast,Base,MODEL_P3,Medium,Phase 3 formula-driven forecast using G2-approved scenario drivers,,,,
CM_PHASE3_20260803,中国移动,中国移动有限公司（A股600941；H股941/80941）,China Mobile Limited及其附属公司合并口径,2028E,Annual,COST_EMPLOYEE,人工成本,Forecast,Cost,163627.03535210207,RMB mn,RMB,1,Forecast,Base,MODEL_P3,Medium,Phase 3 formula-driven forecast using G2-approved scenario drivers,,,,
CM_PHASE3_20260803,中国移动,中国移动有限公司（A股600941；H股941/80941）,China Mobile Limited及其附属公司合并口径,2028E,Annual,COST_SELLING,销售费用,Forecast,Cost,59679.038578763255,RMB mn,RMB,1,Forecast,Base,MODEL_P3,Medium,Phase 3 formula-driven forecast using G2-approved scenario drivers,,,,
CM_PHASE3_20260803,中国移动,中国移动有限公司（A股600941；H股941/80941）,China Mobile Limited及其附属公司合并口径,2028E,Annual,COST_PRODUCTS,产品销售成本,Forecast,Cost,157590.48587767303,RMB mn,RMB,1,Forecast,Base,MODEL_P3,Medium,Phase 3 formula-driven forecast using G2-approved scenario drivers,,,,
CM_PHASE3_20260803,中国移动,中国移动有限公司（A股600941；H股941/80941）,China Mobile Limited及其附属公司合并口径,2028E,Annual,COST_OTHER_RESIDUAL,其他经营费用（扣除信用减值）,Forecast,Cost,57157.389061350725,RMB mn,RMB,1,Forecast,Base,MODEL_P3,Medium,Phase 3 formula-driven forecast using G2-approved scenario drivers,,,,
CM_PHASE3_20260803,中国移动,中国移动有限公司（A股600941；H股941/80941）,China Mobile Limited及其附属公司合并口径,2028E,Annual,COST_CREDIT_NET,信用及合同资产减值净额,Forecast,Risk,10646.964629075135,RMB mn,RMB,1,Forecast,Base,MODEL_P3,Medium,Phase 3 formula-driven forecast using G2-approved scenario drivers,,,,
CM_PHASE3_20260803,中国移动,中国移动有限公司（A股600941；H股941/80941）,China Mobile Limited及其附属公司合并口径,2028E,Annual,FIN_EBITDA,EBITDA,Forecast,Group,362709.864548446,RMB mn,RMB,1,Forecast,Base,MODEL_P3,Medium,Phase 3 formula-driven forecast using G2-approved scenario drivers,,,,
CM_PHASE3_20260803,中国移动,中国移动有限公司（A股600941；H股941/80941）,China Mobile Limited及其附属公司合并口径,2028E,Annual,FIN_EBIT,EBIT,Forecast,Group,172185.2343439436,RMB mn,RMB,1,Forecast,Base,MODEL_P3,Medium,Phase 3 formula-driven forecast using G2-approved scenario drivers,,,,
CM_PHASE3_20260803,中国移动,中国移动有限公司（A股600941；H股941/80941）,China Mobile Limited及其附属公司合并口径,2028E,Annual,FIN_NONOP_INCOME,经营外收入净额,Forecast,Group,28018.327971250357,RMB mn,RMB,1,Forecast,Base,MODEL_P3,Medium,Phase 3 formula-driven forecast using G2-approved scenario drivers,,,,
CM_PHASE3_20260803,中国移动,中国移动有限公司（A股600941；H股941/80941）,China Mobile Limited及其附属公司合并口径,2028E,Annual,FIN_PBT,税前利润,Forecast,Group,200203.56231519394,RMB mn,RMB,1,Forecast,Base,MODEL_P3,Medium,Phase 3 formula-driven forecast using G2-approved scenario drivers,,,,
CM_PHASE3_20260803,中国移动,中国移动有限公司（A股600941；H股941/80941）,China Mobile Limited及其附属公司合并口径,2028E,Annual,FIN_TAX,所得税,Forecast,Group,44044.783709342664,RMB mn,RMB,1,Forecast,Base,MODEL_P3,Medium,Phase 3 formula-driven forecast using G2-approved scenario drivers,,,,
CM_PHASE3_20260803,中国移动,中国移动有限公司（A股600941；H股941/80941）,China Mobile Limited及其附属公司合并口径,2028E,Annual,FIN_NET_PROFIT_PARENT,归母净利润,Forecast,Group,155988.7786058513,RMB mn,RMB,1,Forecast,Base,MODEL_P3,Medium,Phase 3 formula-driven forecast using G2-approved scenario drivers,,,,
CM_PHASE3_20260803,中国移动,中国移动有限公司（A股600941；H股941/80941）,China Mobile Limited及其附属公司合并口径,2028E,Annual,CAPEX_COMPANY,公司口径资本开支,Forecast,Cash flow,144208.4785639521,RMB mn,RMB,1,Forecast,Base,MODEL_P3,Medium,Phase 3 formula-driven forecast using G2-approved scenario drivers,,,,
CM_PHASE3_20260803,中国移动,中国移动有限公司（A股600941；H股941/80941）,China Mobile Limited及其附属公司合并口径,2028E,Annual,CF_CFO,经营活动现金流净额,Forecast,Cash flow,290820.43177063676,RMB mn,RMB,1,Forecast,Base,MODEL_P3,Medium,Phase 3 formula-driven forecast using G2-approved scenario drivers,,,,
CM_PHASE3_20260803,中国移动,中国移动有限公司（A股600941；H股941/80941）,China Mobile Limited及其附属公司合并口径,2028E,Annual,CF_CASH_CONVERSION_ADJ,营运资本及其他现金转换调整,Forecast,Cash flow,34008.68122214166,RMB mn,RMB,1,Forecast,Base,MODEL_P3,Medium,Phase 3 formula-driven forecast using G2-approved scenario drivers,,,,
CM_PHASE3_20260803,中国移动,中国移动有限公司（A股600941；H股941/80941）,China Mobile Limited及其附属公司合并口径,2028E,Annual,CF_FCFF,自由现金流,Forecast,Cash flow,146611.95320668464,RMB mn,RMB,1,Forecast,Base,MODEL_P3,Medium,Phase 3 formula-driven forecast using G2-approved scenario drivers,,,,
CM_PHASE3_20260803,中国移动,中国移动有限公司（A股600941；H股941/80941）,China Mobile Limited及其附属公司合并口径,2028E,Annual,DIV_PAYOUT,派息率,Forecast,Dividend,0.774,%,,1,Forecast,Base,MODEL_P3,Medium,Phase 3 formula-driven forecast using G2-approved scenario drivers,,,,
CM_PHASE3_20260803,中国移动,中国移动有限公司（A股600941；H股941/80941）,China Mobile Limited及其附属公司合并口径,2028E,Annual,DIV_CASH_FORECAST,预计现金分红,Forecast,Dividend,120735.3146409289,RMB mn,RMB,1,Forecast,Base,MODEL_P3,Medium,Phase 3 formula-driven forecast using G2-approved scenario drivers,,,,
CM_PHASE3_20260803,中国移动,中国移动有限公司（A股600941；H股941/80941）,China Mobile Limited及其附属公司合并口径,2028E,Annual,EQ_SHARES_FORECAST,预计发行股份,Forecast,Equity,21843.696323,mn shares,,1,Forecast,Base,MODEL_P3,Medium,Phase 3 formula-driven forecast using G2-approved scenario drivers,,,,
CM_PHASE3_20260803,中国移动,中国移动有限公司（A股600941；H股941/80941）,China Mobile Limited及其附属公司合并口径,2028E,Annual,DIV_DPS,预计每股股息,Forecast,Dividend,6.131766676618381,HKD/share,HKD,1,Forecast,Base,MODEL_P3,Medium,Phase 3 formula-driven forecast using G2-approved scenario drivers,,,,
CM_PHASE3_20260803,中国移动,中国移动有限公司（A股600941；H股941/80941）,China Mobile Limited及其附属公司合并口径,2028E,Annual,FIN_EPS_BASIC,预计每股收益,Forecast,Equity,7.141134737421028,RMB/share,RMB,1,Forecast,Base,MODEL_P3,Medium,Phase 3 formula-driven forecast using G2-approved scenario drivers,,,,
CM_PHASE3_20260803,中国移动,中国移动有限公司（A股600941；H股941/80941）,China Mobile Limited及其附属公司合并口径,2029E,Annual,REV_TOC_MOBILE,ToC移动通信收入,Forecast,ToC Mobile,454628.49332309625,RMB mn,RMB,1,Forecast,Base,MODEL_P3,Medium,Phase 3 formula-driven forecast using G2-approved scenario drivers,,,,
CM_PHASE3_20260803,中国移动,中国移动有限公司（A股600941；H股941/80941）,China Mobile Limited及其附属公司合并口径,2029E,Annual,REV_HOME,家庭宽带与智慧家庭收入,Forecast,Home,166193.82203680172,RMB mn,RMB,1,Forecast,Base,MODEL_P3,Medium,Phase 3 formula-driven forecast using G2-approved scenario drivers,,,,
CM_PHASE3_20260803,中国移动,中国移动有限公司（A股600941；H股941/80941）,China Mobile Limited及其附属公司合并口径,2029E,Annual,REV_ENTERPRISE_CONNECT,企业连接和传统网络收入,Forecast,Enterprise Connect,101895.14631420246,RMB mn,RMB,1,Forecast,Base,MODEL_P3,Medium,Phase 3 formula-driven forecast using G2-approved scenario drivers,,,,
CM_PHASE3_20260803,中国移动,中国移动有限公司（A股600941；H股941/80941）,China Mobile Limited及其附属公司合并口径,2029E,Annual,REV_CLOUD_NONAI,非AI云与数字化收入,Forecast,Cloud & Digital,72371.89433081205,RMB mn,RMB,1,Forecast,Base,MODEL_P3,Medium,Phase 3 formula-driven forecast using G2-approved scenario drivers,,,,
CM_PHASE3_20260803,中国移动,中国移动有限公司（A股600941；H股941/80941）,China Mobile Limited及其附属公司合并口径,2029E,Annual,REV_AIDC,AIDC收入估算,Forecast,AI/AIDC,58853.253312,RMB mn,RMB,1,Forecast,Base,MODEL_P3,Low,Phase 3 formula-driven forecast using G2-approved scenario drivers,,,,
CM_PHASE3_20260803,中国移动,中国移动有限公司（A股600941；H股941/80941）,China Mobile Limited及其附属公司合并口径,2029E,Annual,REV_AI_SERVICE,智能服务收入,Forecast,AI services,119187.69871513188,RMB mn,RMB,1,Forecast,Base,MODEL_P3,Medium,Phase 3 formula-driven forecast using G2-approved scenario drivers,,,,
CM_PHASE3_20260803,中国移动,中国移动有限公司（A股600941；H股941/80941）,China Mobile Limited及其附属公司合并口径,2029E,Annual,REV_IOT,物联网收入估算,Forecast,IoT,14405.327893980002,RMB mn,RMB,1,Forecast,Base,MODEL_P3,Low,Phase 3 formula-driven forecast using G2-approved scenario drivers,,,,
CM_PHASE3_20260803,中国移动,中国移动有限公司（A股600941；H股941/80941）,China Mobile Limited及其附属公司合并口径,2029E,Annual,REV_DEVICE_OTHER,终端、批发及其他业务收入,Forecast,Device & Other,160936.69437457004,RMB mn,RMB,1,Forecast,Base,MODEL_P3,Medium,Phase 3 formula-driven forecast using G2-approved scenario drivers,,,,
CM_PHASE3_20260803,中国移动,中国移动有限公司（A股600941；H股941/80941）,China Mobile Limited及其附属公司合并口径,2029E,Annual,REV_MODEL_RESIDUAL,收入桥接及取整差额,Forecast,Group,30.0,RMB mn,RMB,1,Forecast,Base,MODEL_P3,Medium,Phase 3 formula-driven forecast using G2-approved scenario drivers,,,,
CM_PHASE3_20260803,中国移动,中国移动有限公司（A股600941；H股941/80941）,China Mobile Limited及其附属公司合并口径,2029E,Annual,FIN_REV_PRINCIPAL,主营业务收入,Forecast,Group,987565.6359260244,RMB mn,RMB,1,Forecast,Base,MODEL_P3,Medium,Phase 3 formula-driven forecast using G2-approved scenario drivers,,,,
CM_PHASE3_20260803,中国移动,中国移动有限公司（A股600941；H股941/80941）,China Mobile Limited及其附属公司合并口径,2029E,Annual,FIN_REV_TOTAL,营业收入,Forecast,Group,1148502.3303005944,RMB mn,RMB,1,Forecast,Base,MODEL_P3,Medium,Phase 3 formula-driven forecast using G2-approved scenario drivers,,,,
CM_PHASE3_20260803,中国移动,中国移动有限公司（A股600941；H股941/80941）,China Mobile Limited及其附属公司合并口径,2029E,Annual,COST_NETWORK,网络运行、维护及支撑成本,Forecast,Cost,313541.1361720623,RMB mn,RMB,1,Forecast,Base,MODEL_P3,Medium,Phase 3 formula-driven forecast using G2-approved scenario drivers,,,,
CM_PHASE3_20260803,中国移动,中国移动有限公司（A股600941；H股941/80941）,China Mobile Limited及其附属公司合并口径,2029E,Annual,COST_DA,折旧及摊销,Forecast,Cost,195245.39615110107,RMB mn,RMB,1,Forecast,Base,MODEL_P3,Medium,Phase 3 formula-driven forecast using G2-approved scenario drivers,,,,
CM_PHASE3_20260803,中国移动,中国移动有限公司（A股600941；H股941/80941）,China Mobile Limited及其附属公司合并口径,2029E,Annual,COST_EMPLOYEE,人工成本,Forecast,Cost,167107.08905873648,RMB mn,RMB,1,Forecast,Base,MODEL_P3,Medium,Phase 3 formula-driven forecast using G2-approved scenario drivers,,,,
CM_PHASE3_20260803,中国移动,中国移动有限公司（A股600941；H股941/80941）,China Mobile Limited及其附属公司合并口径,2029E,Annual,COST_SELLING,销售费用,Forecast,Cost,60727.06071464393,RMB mn,RMB,1,Forecast,Base,MODEL_P3,Medium,Phase 3 formula-driven forecast using G2-approved scenario drivers,,,,
CM_PHASE3_20260803,中国移动,中国移动有限公司（A股600941；H股941/80941）,China Mobile Limited及其附属公司合并口径,2029E,Annual,COST_PRODUCTS,产品销售成本,Forecast,Cost,159166.39073644977,RMB mn,RMB,1,Forecast,Base,MODEL_P3,Medium,Phase 3 formula-driven forecast using G2-approved scenario drivers,,,,
CM_PHASE3_20260803,中国移动,中国移动有限公司（A股600941；H股941/80941）,China Mobile Limited及其附属公司合并口径,2029E,Annual,COST_OTHER_RESIDUAL,其他经营费用（扣除信用减值）,Forecast,Cost,57999.367680180025,RMB mn,RMB,1,Forecast,Base,MODEL_P3,Medium,Phase 3 formula-driven forecast using G2-approved scenario drivers,,,,
CM_PHASE3_20260803,中国移动,中国移动有限公司（A股600941；H股941/80941）,China Mobile Limited及其附属公司合并口径,2029E,Annual,COST_CREDIT_NET,信用及合同资产减值净额,Forecast,Risk,10623.646555280498,RMB mn,RMB,1,Forecast,Base,MODEL_P3,Medium,Phase 3 formula-driven forecast using G2-approved scenario drivers,,,,
CM_PHASE3_20260803,中国移动,中国移动有限公司（A股600941；H股941/80941）,China Mobile Limited及其附属公司合并口径,2029E,Annual,FIN_EBITDA,EBITDA,Forecast,Group,379337.63938324153,RMB mn,RMB,1,Forecast,Base,MODEL_P3,Medium,Phase 3 formula-driven forecast using G2-approved scenario drivers,,,,
CM_PHASE3_20260803,中国移动,中国移动有限公司（A股600941；H股941/80941）,China Mobile Limited及其附属公司合并口径,2029E,Annual,FIN_EBIT,EBIT,Forecast,Group,184092.24323214043,RMB mn,RMB,1,Forecast,Base,MODEL_P3,Medium,Phase 3 formula-driven forecast using G2-approved scenario drivers,,,,
CM_PHASE3_20260803,中国移动,中国移动有限公司（A股600941；H股941/80941）,China Mobile Limited及其附属公司合并口径,2029E,Annual,FIN_NONOP_INCOME,经营外收入净额,Forecast,Group,28712.558257514862,RMB mn,RMB,1,Forecast,Base,MODEL_P3,Medium,Phase 3 formula-driven forecast using G2-approved scenario drivers,,,,
CM_PHASE3_20260803,中国移动,中国移动有限公司（A股600941；H股941/80941）,China Mobile Limited及其附属公司合并口径,2029E,Annual,FIN_PBT,税前利润,Forecast,Group,212804.8014896553,RMB mn,RMB,1,Forecast,Base,MODEL_P3,Medium,Phase 3 formula-driven forecast using G2-approved scenario drivers,,,,
CM_PHASE3_20260803,中国移动,中国移动有限公司（A股600941；H股941/80941）,China Mobile Limited及其附属公司合并口径,2029E,Annual,FIN_TAX,所得税,Forecast,Group,46817.05632772417,RMB mn,RMB,1,Forecast,Base,MODEL_P3,Medium,Phase 3 formula-driven forecast using G2-approved scenario drivers,,,,
CM_PHASE3_20260803,中国移动,中国移动有限公司（A股600941；H股941/80941）,China Mobile Limited及其附属公司合并口径,2029E,Annual,FIN_NET_PROFIT_PARENT,归母净利润,Forecast,Group,165817.74516193115,RMB mn,RMB,1,Forecast,Base,MODEL_P3,Medium,Phase 3 formula-driven forecast using G2-approved scenario drivers,,,,
CM_PHASE3_20260803,中国移动,中国移动有限公司（A股600941；H股941/80941）,China Mobile Limited及其附属公司合并口径,2029E,Annual,CAPEX_COMPANY,公司口径资本开支,Forecast,Cash flow,148134.84538890366,RMB mn,RMB,1,Forecast,Base,MODEL_P3,Medium,Phase 3 formula-driven forecast using G2-approved scenario drivers,,,,
CM_PHASE3_20260803,中国移动,中国移动有限公司（A股600941；H股941/80941）,China Mobile Limited及其附属公司合并口径,2029E,Annual,CF_CFO,经营活动现金流净额,Forecast,Cash flow,307379.80418197514,RMB mn,RMB,1,Forecast,Base,MODEL_P3,Medium,Phase 3 formula-driven forecast using G2-approved scenario drivers,,,,
CM_PHASE3_20260803,中国移动,中国移动有限公司（A股600941；H股941/80941）,China Mobile Limited及其附属公司合并口径,2029E,Annual,CF_CASH_CONVERSION_ADJ,营运资本及其他现金转换调整,Forecast,Cash flow,31457.541690195503,RMB mn,RMB,1,Forecast,Base,MODEL_P3,Medium,Phase 3 formula-driven forecast using G2-approved scenario drivers,,,,
CM_PHASE3_20260803,中国移动,中国移动有限公司（A股600941；H股941/80941）,China Mobile Limited及其附属公司合并口径,2029E,Annual,CF_FCFF,自由现金流,Forecast,Cash flow,159244.95879307148,RMB mn,RMB,1,Forecast,Base,MODEL_P3,Medium,Phase 3 formula-driven forecast using G2-approved scenario drivers,,,,
CM_PHASE3_20260803,中国移动,中国移动有限公司（A股600941；H股941/80941）,China Mobile Limited及其附属公司合并口径,2029E,Annual,DIV_PAYOUT,派息率,Forecast,Dividend,0.782,%,,1,Forecast,Base,MODEL_P3,Medium,Phase 3 formula-driven forecast using G2-approved scenario drivers,,,,
CM_PHASE3_20260803,中国移动,中国移动有限公司（A股600941；H股941/80941）,China Mobile Limited及其附属公司合并口径,2029E,Annual,DIV_CASH_FORECAST,预计现金分红,Forecast,Dividend,129669.47671663016,RMB mn,RMB,1,Forecast,Base,MODEL_P3,Medium,Phase 3 formula-driven forecast using G2-approved scenario drivers,,,,
CM_PHASE3_20260803,中国移动,中国移动有限公司（A股600941；H股941/80941）,China Mobile Limited及其附属公司合并口径,2029E,Annual,EQ_SHARES_FORECAST,预计发行股份,Forecast,Equity,21923.696323,mn shares,,1,Forecast,Base,MODEL_P3,Medium,Phase 3 formula-driven forecast using G2-approved scenario drivers,,,,
CM_PHASE3_20260803,中国移动,中国移动有限公司（A股600941；H股941/80941）,China Mobile Limited及其附属公司合并口径,2029E,Annual,DIV_DPS,预计每股股息,Forecast,Dividend,6.561474016360043,HKD/share,HKD,1,Forecast,Base,MODEL_P3,Medium,Phase 3 formula-driven forecast using G2-approved scenario drivers,,,,
CM_PHASE3_20260803,中国移动,中国移动有限公司（A股600941；H股941/80941）,China Mobile Limited及其附属公司合并口径,2029E,Annual,FIN_EPS_BASIC,预计每股收益,Forecast,Equity,7.5634027546702,RMB/share,RMB,1,Forecast,Base,MODEL_P3,Medium,Phase 3 formula-driven forecast using G2-approved scenario drivers,,,,
CM_PHASE3_20260803,中国移动,中国移动有限公司（A股600941；H股941/80941）,China Mobile Limited及其附属公司合并口径,2030E,Annual,REV_TOC_MOBILE,ToC移动通信收入,Forecast,ToC Mobile,454171.13705881324,RMB mn,RMB,1,Forecast,Base,MODEL_P3,Medium,Phase 3 formula-driven forecast using G2-approved scenario drivers,,,,
CM_PHASE3_20260803,中国移动,中国移动有限公司（A股600941；H股941/80941）,China Mobile Limited及其附属公司合并口径,2030E,Annual,REV_HOME,家庭宽带与智慧家庭收入,Forecast,Home,173922.49953680116,RMB mn,RMB,1,Forecast,Base,MODEL_P3,Medium,Phase 3 formula-driven forecast using G2-approved scenario drivers,,,,
CM_PHASE3_20260803,中国移动,中国移动有限公司（A股600941；H股941/80941）,China Mobile Limited及其附属公司合并口径,2030E,Annual,REV_ENTERPRISE_CONNECT,企业连接和传统网络收入,Forecast,Enterprise Connect,103423.57350891549,RMB mn,RMB,1,Forecast,Base,MODEL_P3,Medium,Phase 3 formula-driven forecast using G2-approved scenario drivers,,,,
CM_PHASE3_20260803,中国移动,中国移动有限公司（A股600941；H股941/80941）,China Mobile Limited及其附属公司合并口径,2030E,Annual,REV_CLOUD_NONAI,非AI云与数字化收入,Forecast,Cloud & Digital,75194.39820971372,RMB mn,RMB,1,Forecast,Base,MODEL_P3,Medium,Phase 3 formula-driven forecast using G2-approved scenario drivers,,,,
CM_PHASE3_20260803,中国移动,中国移动有限公司（A股600941；H股941/80941）,China Mobile Limited及其附属公司合并口径,2030E,Annual,REV_AIDC,AIDC收入估算,Forecast,AI/AIDC,65915.64370944,RMB mn,RMB,1,Forecast,Base,MODEL_P3,Low,Phase 3 formula-driven forecast using G2-approved scenario drivers,,,,
CM_PHASE3_20260803,中国移动,中国移动有限公司（A股600941；H股941/80941）,China Mobile Limited及其附属公司合并口径,2030E,Annual,REV_AI_SERVICE,智能服务收入,Forecast,AI services,125671.50952523504,RMB mn,RMB,1,Forecast,Base,MODEL_P3,Medium,Phase 3 formula-driven forecast using G2-approved scenario drivers,,,,
CM_PHASE3_20260803,中国移动,中国移动有限公司（A股600941；H股941/80941）,China Mobile Limited及其附属公司合并口径,2030E,Annual,REV_IOT,物联网收入估算,Forecast,IoT,14880.70371448134,RMB mn,RMB,1,Forecast,Base,MODEL_P3,Low,Phase 3 formula-driven forecast using G2-approved scenario drivers,,,,
CM_PHASE3_20260803,中国移动,中国移动有限公司（A股600941；H股941/80941）,China Mobile Limited及其附属公司合并口径,2030E,Annual,REV_DEVICE_OTHER,终端、批发及其他业务收入,Forecast,Device & Other,162546.06131831574,RMB mn,RMB,1,Forecast,Base,MODEL_P3,Medium,Phase 3 formula-driven forecast using G2-approved scenario drivers,,,,
CM_PHASE3_20260803,中国移动,中国移动有限公司（A股600941；H股941/80941）,China Mobile Limited及其附属公司合并口径,2030E,Annual,REV_MODEL_RESIDUAL,收入桥接及取整差额,Forecast,Group,30.0,RMB mn,RMB,1,Forecast,Base,MODEL_P3,Medium,Phase 3 formula-driven forecast using G2-approved scenario drivers,,,,
CM_PHASE3_20260803,中国移动,中国移动有限公司（A股600941；H股941/80941）,China Mobile Limited及其附属公司合并口径,2030E,Annual,FIN_REV_PRINCIPAL,主营业务收入,Forecast,Group,1013209.4652634,RMB mn,RMB,1,Forecast,Base,MODEL_P3,Medium,Phase 3 formula-driven forecast using G2-approved scenario drivers,,,,
CM_PHASE3_20260803,中国移动,中国移动有限公司（A股600941；H股941/80941）,China Mobile Limited及其附属公司合并口径,2030E,Annual,FIN_REV_TOTAL,营业收入,Forecast,Group,1175755.5265817158,RMB mn,RMB,1,Forecast,Base,MODEL_P3,Medium,Phase 3 formula-driven forecast using G2-approved scenario drivers,,,,
CM_PHASE3_20260803,中国移动,中国移动有限公司（A股600941；H股941/80941）,China Mobile Limited及其附属公司合并口径,2030E,Annual,COST_NETWORK,网络运行、维护及支撑成本,Forecast,Cost,317453.9921770633,RMB mn,RMB,1,Forecast,Base,MODEL_P3,Medium,Phase 3 formula-driven forecast using G2-approved scenario drivers,,,,
CM_PHASE3_20260803,中国移动,中国移动有限公司（A股600941；H股941/80941）,China Mobile Limited及其附属公司合并口径,2030E,Annual,COST_DA,折旧及摊销,Forecast,Cost,199878.4395188917,RMB mn,RMB,1,Forecast,Base,MODEL_P3,Medium,Phase 3 formula-driven forecast using G2-approved scenario drivers,,,,
CM_PHASE3_20260803,中国移动,中国移动有限公司（A股600941；H股941/80941）,China Mobile Limited及其附属公司合并口径,2030E,Annual,COST_EMPLOYEE,人工成本,Forecast,Cost,170484.55135434878,RMB mn,RMB,1,Forecast,Base,MODEL_P3,Medium,Phase 3 formula-driven forecast using G2-approved scenario drivers,,,,
CM_PHASE3_20260803,中国移动,中国移动有限公司（A股600941；H股941/80941）,China Mobile Limited及其附属公司合并口径,2030E,Annual,COST_SELLING,销售费用,Forecast,Cost,61727.16514554008,RMB mn,RMB,1,Forecast,Base,MODEL_P3,Medium,Phase 3 formula-driven forecast using G2-approved scenario drivers,,,,
CM_PHASE3_20260803,中国移动,中国移动有限公司（A股600941；H股941/80941）,China Mobile Limited及其附属公司合并口径,2030E,Annual,COST_PRODUCTS,产品销售成本,Forecast,Cost,160758.05464381428,RMB mn,RMB,1,Forecast,Base,MODEL_P3,Medium,Phase 3 formula-driven forecast using G2-approved scenario drivers,,,,
CM_PHASE3_20260803,中国移动,中国移动有限公司（A股600941；H股941/80941）,China Mobile Limited及其附属公司合并口径,2030E,Annual,COST_OTHER_RESIDUAL,其他经营费用（扣除信用减值）,Forecast,Cost,58787.77632908579,RMB mn,RMB,1,Forecast,Base,MODEL_P3,Medium,Phase 3 formula-driven forecast using G2-approved scenario drivers,,,,
CM_PHASE3_20260803,中国移动,中国移动有限公司（A股600941；H股941/80941）,China Mobile Limited及其附属公司合并口径,2030E,Annual,COST_CREDIT_NET,信用及合同资产减值净额,Forecast,Risk,10581.799739235441,RMB mn,RMB,1,Forecast,Base,MODEL_P3,Medium,Phase 3 formula-driven forecast using G2-approved scenario drivers,,,,
CM_PHASE3_20260803,中国移动,中国移动有限公司（A股600941；H股941/80941）,China Mobile Limited及其附属公司合并口径,2030E,Annual,FIN_EBITDA,EBITDA,Forecast,Group,395962.18719262804,RMB mn,RMB,1,Forecast,Base,MODEL_P3,Medium,Phase 3 formula-driven forecast using G2-approved scenario drivers,,,,
CM_PHASE3_20260803,中国移动,中国移动有限公司（A股600941；H股941/80941）,China Mobile Limited及其附属公司合并口径,2030E,Annual,FIN_EBIT,EBIT,Forecast,Group,196083.74767373633,RMB mn,RMB,1,Forecast,Base,MODEL_P3,Medium,Phase 3 formula-driven forecast using G2-approved scenario drivers,,,,
CM_PHASE3_20260803,中国移动,中国移动有限公司（A股600941；H股941/80941）,China Mobile Limited及其附属公司合并口径,2030E,Annual,FIN_NONOP_INCOME,经营外收入净额,Forecast,Group,29393.888164542896,RMB mn,RMB,1,Forecast,Base,MODEL_P3,Medium,Phase 3 formula-driven forecast using G2-approved scenario drivers,,,,
CM_PHASE3_20260803,中国移动,中国移动有限公司（A股600941；H股941/80941）,China Mobile Limited及其附属公司合并口径,2030E,Annual,FIN_PBT,税前利润,Forecast,Group,225477.63583827924,RMB mn,RMB,1,Forecast,Base,MODEL_P3,Medium,Phase 3 formula-driven forecast using G2-approved scenario drivers,,,,
CM_PHASE3_20260803,中国移动,中国移动有限公司（A股600941；H股941/80941）,China Mobile Limited及其附属公司合并口径,2030E,Annual,FIN_TAX,所得税,Forecast,Group,49605.07988442143,RMB mn,RMB,1,Forecast,Base,MODEL_P3,Medium,Phase 3 formula-driven forecast using G2-approved scenario drivers,,,,
CM_PHASE3_20260803,中国移动,中国移动有限公司（A股600941；H股941/80941）,China Mobile Limited及其附属公司合并口径,2030E,Annual,FIN_NET_PROFIT_PARENT,归母净利润,Forecast,Group,175702.5559538578,RMB mn,RMB,1,Forecast,Base,MODEL_P3,Medium,Phase 3 formula-driven forecast using G2-approved scenario drivers,,,,
CM_PHASE3_20260803,中国移动,中国移动有限公司（A股600941；H股941/80941）,China Mobile Limited及其附属公司合并口径,2030E,Annual,CAPEX_COMPANY,公司口径资本开支,Forecast,Cash flow,151981.41978951,RMB mn,RMB,1,Forecast,Base,MODEL_P3,Medium,Phase 3 formula-driven forecast using G2-approved scenario drivers,,,,
CM_PHASE3_20260803,中国移动,中国移动有限公司（A股600941；H股941/80941）,China Mobile Limited及其附属公司合并口径,2030E,Annual,CF_CFO,经营活动现金流净额,Forecast,Cash flow,324227.028884288,RMB mn,RMB,1,Forecast,Base,MODEL_P3,Medium,Phase 3 formula-driven forecast using G2-approved scenario drivers,,,,
CM_PHASE3_20260803,中国移动,中国移动有限公司（A股600941；H股941/80941）,China Mobile Limited及其附属公司合并口径,2030E,Annual,CF_CASH_CONVERSION_ADJ,营运资本及其他现金转换调整,Forecast,Cash flow,28596.73382011807,RMB mn,RMB,1,Forecast,Base,MODEL_P3,Medium,Phase 3 formula-driven forecast using G2-approved scenario drivers,,,,
CM_PHASE3_20260803,中国移动,中国移动有限公司（A股600941；H股941/80941）,China Mobile Limited及其附属公司合并口径,2030E,Annual,CF_FCFF,自由现金流,Forecast,Cash flow,172245.609094778,RMB mn,RMB,1,Forecast,Base,MODEL_P3,Medium,Phase 3 formula-driven forecast using G2-approved scenario drivers,,,,
CM_PHASE3_20260803,中国移动,中国移动有限公司（A股600941；H股941/80941）,China Mobile Limited及其附属公司合并口径,2030E,Annual,DIV_PAYOUT,派息率,Forecast,Dividend,0.79,%,,1,Forecast,Base,MODEL_P3,Medium,Phase 3 formula-driven forecast using G2-approved scenario drivers,,,,
CM_PHASE3_20260803,中国移动,中国移动有限公司（A股600941；H股941/80941）,China Mobile Limited及其附属公司合并口径,2030E,Annual,DIV_CASH_FORECAST,预计现金分红,Forecast,Dividend,138805.01920354768,RMB mn,RMB,1,Forecast,Base,MODEL_P3,Medium,Phase 3 formula-driven forecast using G2-approved scenario drivers,,,,
CM_PHASE3_20260803,中国移动,中国移动有限公司（A股600941；H股941/80941）,China Mobile Limited及其附属公司合并口径,2030E,Annual,EQ_SHARES_FORECAST,预计发行股份,Forecast,Equity,22003.696323,mn shares,,1,Forecast,Base,MODEL_P3,Medium,Phase 3 formula-driven forecast using G2-approved scenario drivers,,,,
CM_PHASE3_20260803,中国移动,中国移动有限公司（A股600941；H股941/80941）,China Mobile Limited及其附属公司合并口径,2030E,Annual,DIV_DPS,预计每股股息,Forecast,Dividend,6.998209844977898,HKD/share,HKD,1,Forecast,Base,MODEL_P3,Medium,Phase 3 formula-driven forecast using G2-approved scenario drivers,,,,
CM_PHASE3_20260803,中国移动,中国移动有限公司（A股600941；H股941/80941）,China Mobile Limited及其附属公司合并口径,2030E,Annual,FIN_EPS_BASIC,预计每股收益,Forecast,Equity,7.985138195631233,RMB/share,RMB,1,Forecast,Base,MODEL_P3,Medium,Phase 3 formula-driven forecast using G2-approved scenario drivers,,,,
CM_PHASE3_20260803,中国移动,中国移动有限公司（A股600941；H股941/80941）,China Mobile Limited及其附属公司合并口径,2031E,Annual,REV_TOC_MOBILE,ToC移动通信收入,Forecast,ToC Mobile,458712.8484294014,RMB mn,RMB,1,Forecast,Base,MODEL_P3,Medium,Phase 3 formula-driven forecast using G2-approved scenario drivers,,,,
CM_PHASE3_20260803,中国移动,中国移动有限公司（A股600941；H股941/80941）,China Mobile Limited及其附属公司合并口径,2031E,Annual,REV_HOME,家庭宽带与智慧家庭收入,Forecast,Home,175661.72453216917,RMB mn,RMB,1,Forecast,Base,MODEL_P3,Medium,Phase 3 formula-driven forecast using G2-approved scenario drivers,,,,
CM_PHASE3_20260803,中国移动,中国移动有限公司（A股600941；H股941/80941）,China Mobile Limited及其附属公司合并口径,2031E,Annual,REV_ENTERPRISE_CONNECT,企业连接和传统网络收入,Forecast,Enterprise Connect,104457.80924400465,RMB mn,RMB,1,Forecast,Base,MODEL_P3,Medium,Phase 3 formula-driven forecast using G2-approved scenario drivers,,,,
CM_PHASE3_20260803,中国移动,中国移动有限公司（A股600941；H股941/80941）,China Mobile Limited及其附属公司合并口径,2031E,Annual,REV_CLOUD_NONAI,非AI云与数字化收入,Forecast,Cloud & Digital,75946.34219181085,RMB mn,RMB,1,Forecast,Base,MODEL_P3,Medium,Phase 3 formula-driven forecast using G2-approved scenario drivers,,,,
CM_PHASE3_20260803,中国移动,中国移动有限公司（A股600941；H股941/80941）,China Mobile Limited及其附属公司合并口径,2031E,Annual,REV_AIDC,AIDC收入估算,Forecast,AI/AIDC,66574.8001465344,RMB mn,RMB,1,Forecast,Base,MODEL_P3,Low,Phase 3 formula-driven forecast using G2-approved scenario drivers,,,,
CM_PHASE3_20260803,中国移动,中国移动有限公司（A股600941；H股941/80941）,China Mobile Limited及其附属公司合并口径,2031E,Annual,REV_AI_SERVICE,智能服务收入,Forecast,AI services,126928.2246204874,RMB mn,RMB,1,Forecast,Base,MODEL_P3,Medium,Phase 3 formula-driven forecast using G2-approved scenario drivers,,,,
CM_PHASE3_20260803,中国移动,中国移动有限公司（A股600941；H股941/80941）,China Mobile Limited及其附属公司合并口径,2031E,Annual,REV_IOT,物联网收入估算,Forecast,IoT,15029.510751626154,RMB mn,RMB,1,Forecast,Base,MODEL_P3,Low,Phase 3 formula-driven forecast using G2-approved scenario drivers,,,,
CM_PHASE3_20260803,中国移动,中国移动有限公司（A股600941；H股941/80941）,China Mobile Limited及其附属公司合并口径,2031E,Annual,REV_DEVICE_OTHER,终端、批发及其他业务收入,Forecast,Device & Other,164171.5219314989,RMB mn,RMB,1,Forecast,Base,MODEL_P3,Medium,Phase 3 formula-driven forecast using G2-approved scenario drivers,,,,
CM_PHASE3_20260803,中国移动,中国移动有限公司（A股600941；H股941/80941）,China Mobile Limited及其附属公司合并口径,2031E,Annual,REV_MODEL_RESIDUAL,收入桥接及取整差额,Forecast,Group,30.3,RMB mn,RMB,1,Forecast,Base,MODEL_P3,Medium,Phase 3 formula-driven forecast using G2-approved scenario drivers,,,,
CM_PHASE3_20260803,中国移动,中国移动有限公司（A股600941；H股941/80941）,China Mobile Limited及其附属公司合并口径,2031E,Annual,FIN_REV_PRINCIPAL,主营业务收入,Forecast,Group,1023341.559916034,RMB mn,RMB,1,Forecast,Base,MODEL_P3,Medium,Phase 3 formula-driven forecast using G2-approved scenario drivers,,,,
CM_PHASE3_20260803,中国移动,中国移动有限公司（A股600941；H股941/80941）,China Mobile Limited及其附属公司合并口径,2031E,Annual,FIN_REV_TOTAL,营业收入,Forecast,Group,1187513.081847533,RMB mn,RMB,1,Forecast,Base,MODEL_P3,Medium,Phase 3 formula-driven forecast using G2-approved scenario drivers,,,,
CM_PHASE3_20260803,中国移动,中国移动有限公司（A股600941；H股941/80941）,China Mobile Limited及其附属公司合并口径,2031E,Annual,COST_NETWORK,网络运行、维护及支撑成本,Forecast,Cost,320628.5320988339,RMB mn,RMB,1,Forecast,Base,MODEL_P3,Medium,Phase 3 formula-driven forecast using G2-approved scenario drivers,,,,
CM_PHASE3_20260803,中国移动,中国移动有限公司（A股600941；H股941/80941）,China Mobile Limited及其附属公司合并口径,2031E,Annual,COST_DA,折旧及摊销,Forecast,Cost,201877.22391408062,RMB mn,RMB,1,Forecast,Base,MODEL_P3,Medium,Phase 3 formula-driven forecast using G2-approved scenario drivers,,,,
CM_PHASE3_20260803,中国移动,中国移动有限公司（A股600941；H股941/80941）,China Mobile Limited及其附属公司合并口径,2031E,Annual,COST_EMPLOYEE,人工成本,Forecast,Cost,172189.39686789227,RMB mn,RMB,1,Forecast,Base,MODEL_P3,Medium,Phase 3 formula-driven forecast using G2-approved scenario drivers,,,,
CM_PHASE3_20260803,中国移动,中国移动有限公司（A股600941；H股941/80941）,China Mobile Limited及其附属公司合并口径,2031E,Annual,COST_SELLING,销售费用,Forecast,Cost,62344.43679699548,RMB mn,RMB,1,Forecast,Base,MODEL_P3,Medium,Phase 3 formula-driven forecast using G2-approved scenario drivers,,,,
CM_PHASE3_20260803,中国移动,中国移动有限公司（A股600941；H股941/80941）,China Mobile Limited及其附属公司合并口径,2031E,Annual,COST_PRODUCTS,产品销售成本,Forecast,Cost,162365.63519025242,RMB mn,RMB,1,Forecast,Base,MODEL_P3,Medium,Phase 3 formula-driven forecast using G2-approved scenario drivers,,,,
CM_PHASE3_20260803,中国移动,中国移动有限公司（A股600941；H股941/80941）,China Mobile Limited及其附属公司合并口径,2031E,Annual,COST_OTHER_RESIDUAL,其他经营费用（扣除信用减值）,Forecast,Cost,59375.654092376644,RMB mn,RMB,1,Forecast,Base,MODEL_P3,Medium,Phase 3 formula-driven forecast using G2-approved scenario drivers,,,,
CM_PHASE3_20260803,中国移动,中国移动有限公司（A股600941；H股941/80941）,China Mobile Limited及其附属公司合并口径,2031E,Annual,COST_CREDIT_NET,信用及合同资产减值净额,Forecast,Risk,10687.617736627795,RMB mn,RMB,1,Forecast,Base,MODEL_P3,Medium,Phase 3 formula-driven forecast using G2-approved scenario drivers,,,,
CM_PHASE3_20260803,中国移动,中国移动有限公司（A股600941；H股941/80941）,China Mobile Limited及其附属公司合并口径,2031E,Annual,FIN_EBITDA,EBITDA,Forecast,Group,399921.80906455434,RMB mn,RMB,1,Forecast,Base,MODEL_P3,Medium,Phase 3 formula-driven forecast using G2-approved scenario drivers,,,,
CM_PHASE3_20260803,中国移动,中国移动有限公司（A股600941；H股941/80941）,China Mobile Limited及其附属公司合并口径,2031E,Annual,FIN_EBIT,EBIT,Forecast,Group,198044.58515047372,RMB mn,RMB,1,Forecast,Base,MODEL_P3,Medium,Phase 3 formula-driven forecast using G2-approved scenario drivers,,,,
CM_PHASE3_20260803,中国移动,中国移动有限公司（A股600941；H股941/80941）,China Mobile Limited及其附属公司合并口径,2031E,Annual,FIN_NONOP_INCOME,经营外收入净额,Forecast,Group,29687.827046188322,RMB mn,RMB,1,Forecast,Base,MODEL_P3,Medium,Phase 3 formula-driven forecast using G2-approved scenario drivers,,,,
CM_PHASE3_20260803,中国移动,中国移动有限公司（A股600941；H股941/80941）,China Mobile Limited及其附属公司合并口径,2031E,Annual,FIN_PBT,税前利润,Forecast,Group,227732.41219666204,RMB mn,RMB,1,Forecast,Base,MODEL_P3,Medium,Phase 3 formula-driven forecast using G2-approved scenario drivers,,,,
CM_PHASE3_20260803,中国移动,中国移动有限公司（A股600941；H股941/80941）,China Mobile Limited及其附属公司合并口径,2031E,Annual,FIN_TAX,所得税,Forecast,Group,50101.13068326565,RMB mn,RMB,1,Forecast,Base,MODEL_P3,Medium,Phase 3 formula-driven forecast using G2-approved scenario drivers,,,,
CM_PHASE3_20260803,中国移动,中国移动有限公司（A股600941；H股941/80941）,China Mobile Limited及其附属公司合并口径,2031E,Annual,FIN_NET_PROFIT_PARENT,归母净利润,Forecast,Group,177461.2815133964,RMB mn,RMB,1,Forecast,Base,MODEL_P3,Medium,Phase 3 formula-driven forecast using G2-approved scenario drivers,,,,
CM_PHASE3_20260803,中国移动,中国移动有限公司（A股600941；H股941/80941）,China Mobile Limited及其附属公司合并口径,2031E,Annual,CAPEX_COMPANY,公司口径资本开支,Forecast,Cash flow,153501.23398740508,RMB mn,RMB,1,Forecast,Base,MODEL_P3,Medium,Phase 3 formula-driven forecast using G2-approved scenario drivers,,,,
CM_PHASE3_20260803,中国移动,中国移动有限公司（A股600941；H股941/80941）,China Mobile Limited及其附属公司合并口径,2031E,Annual,CF_CFO,经营活动现金流净额,Forecast,Cash flow,327469.2991731309,RMB mn,RMB,1,Forecast,Base,MODEL_P3,Medium,Phase 3 formula-driven forecast using G2-approved scenario drivers,,,,
CM_PHASE3_20260803,中国移动,中国移动有限公司（A股600941；H股941/80941）,China Mobile Limited及其附属公司合并口径,2031E,Annual,CF_CASH_CONVERSION_ADJ,营运资本及其他现金转换调整,Forecast,Cash flow,28882.70115831925,RMB mn,RMB,1,Forecast,Base,MODEL_P3,Medium,Phase 3 formula-driven forecast using G2-approved scenario drivers,,,,
CM_PHASE3_20260803,中国移动,中国移动有限公司（A股600941；H股941/80941）,China Mobile Limited及其附属公司合并口径,2031E,Annual,CF_FCFF,自由现金流,Forecast,Cash flow,173968.0651857258,RMB mn,RMB,1,Forecast,Base,MODEL_P3,Medium,Phase 3 formula-driven forecast using G2-approved scenario drivers,,,,
CM_PHASE3_20260803,中国移动,中国移动有限公司（A股600941；H股941/80941）,China Mobile Limited及其附属公司合并口径,2031E,Annual,DIV_PAYOUT,派息率,Forecast,Dividend,0.79,%,,1,Forecast,Base,MODEL_P3,Medium,Phase 3 formula-driven forecast using G2-approved scenario drivers,,,,
CM_PHASE3_20260803,中国移动,中国移动有限公司（A股600941；H股941/80941）,China Mobile Limited及其附属公司合并口径,2031E,Annual,DIV_CASH_FORECAST,预计现金分红,Forecast,Dividend,140194.41239558315,RMB mn,RMB,1,Forecast,Base,MODEL_P3,Medium,Phase 3 formula-driven forecast using G2-approved scenario drivers,,,,
CM_PHASE3_20260803,中国移动,中国移动有限公司（A股600941；H股941/80941）,China Mobile Limited及其附属公司合并口径,2031E,Annual,EQ_SHARES_FORECAST,预计发行股份,Forecast,Equity,22083.696323,mn shares,,1,Forecast,Base,MODEL_P3,Medium,Phase 3 formula-driven forecast using G2-approved scenario drivers,,,,
CM_PHASE3_20260803,中国移动,中国移动有限公司（A股600941；H股941/80941）,China Mobile Limited及其附属公司合并口径,2031E,Annual,DIV_DPS,预计每股股息,Forecast,Dividend,7.042654304264758,HKD/share,HKD,1,Forecast,Base,MODEL_P3,Medium,Phase 3 formula-driven forecast using G2-approved scenario drivers,,,,
CM_PHASE3_20260803,中国移动,中国移动有限公司（A股600941；H股941/80941）,China Mobile Limited及其附属公司合并口径,2031E,Annual,FIN_EPS_BASIC,预计每股收益,Forecast,Equity,8.03585047166999,RMB/share,RMB,1,Forecast,Base,MODEL_P3,Medium,Phase 3 formula-driven forecast using G2-approved scenario drivers,,,,
CM_PHASE3_20260803,中国移动,中国移动有限公司（A股600941；H股941/80941）,China Mobile Limited及其附属公司合并口径,2032E,Annual,REV_TOC_MOBILE,ToC移动通信收入,Forecast,ToC Mobile,463299.9769136954,RMB mn,RMB,1,Forecast,Base,MODEL_P3,Medium,Phase 3 formula-driven forecast using G2-approved scenario drivers,,,,
CM_PHASE3_20260803,中国移动,中国移动有限公司（A股600941；H股941/80941）,China Mobile Limited及其附属公司合并口径,2032E,Annual,REV_HOME,家庭宽带与智慧家庭收入,Forecast,Home,177418.34177749086,RMB mn,RMB,1,Forecast,Base,MODEL_P3,Medium,Phase 3 formula-driven forecast using G2-approved scenario drivers,,,,
CM_PHASE3_20260803,中国移动,中国移动有限公司（A股600941；H股941/80941）,China Mobile Limited及其附属公司合并口径,2032E,Annual,REV_ENTERPRISE_CONNECT,企业连接和传统网络收入,Forecast,Enterprise Connect,105502.38733644469,RMB mn,RMB,1,Forecast,Base,MODEL_P3,Medium,Phase 3 formula-driven forecast using G2-approved scenario drivers,,,,
CM_PHASE3_20260803,中国移动,中国移动有限公司（A股600941；H股941/80941）,China Mobile Limited及其附属公司合并口径,2032E,Annual,REV_CLOUD_NONAI,非AI云与数字化收入,Forecast,Cloud & Digital,76705.80561372895,RMB mn,RMB,1,Forecast,Base,MODEL_P3,Medium,Phase 3 formula-driven forecast using G2-approved scenario drivers,,,,
CM_PHASE3_20260803,中国移动,中国移动有限公司（A股600941；H股941/80941）,China Mobile Limited及其附属公司合并口径,2032E,Annual,REV_AIDC,AIDC收入估算,Forecast,AI/AIDC,67240.54814799974,RMB mn,RMB,1,Forecast,Base,MODEL_P3,Low,Phase 3 formula-driven forecast using G2-approved scenario drivers,,,,
CM_PHASE3_20260803,中国移动,中国移动有限公司（A股600941；H股941/80941）,China Mobile Limited及其附属公司合并口径,2032E,Annual,REV_AI_SERVICE,智能服务收入,Forecast,AI services,128197.50686669227,RMB mn,RMB,1,Forecast,Base,MODEL_P3,Medium,Phase 3 formula-driven forecast using G2-approved scenario drivers,,,,
CM_PHASE3_20260803,中国移动,中国移动有限公司（A股600941；H股941/80941）,China Mobile Limited及其附属公司合并口径,2032E,Annual,REV_IOT,物联网收入估算,Forecast,IoT,15179.805859142416,RMB mn,RMB,1,Forecast,Base,MODEL_P3,Low,Phase 3 formula-driven forecast using G2-approved scenario drivers,,,,
CM_PHASE3_20260803,中国移动,中国移动有限公司（A股600941；H股941/80941）,China Mobile Limited及其附属公司合并口径,2032E,Annual,REV_DEVICE_OTHER,终端、批发及其他业务收入,Forecast,Device & Other,165813.2371508139,RMB mn,RMB,1,Forecast,Base,MODEL_P3,Medium,Phase 3 formula-driven forecast using G2-approved scenario drivers,,,,
CM_PHASE3_20260803,中国移动,中国移动有限公司（A股600941；H股941/80941）,China Mobile Limited及其附属公司合并口径,2032E,Annual,REV_MODEL_RESIDUAL,收入桥接及取整差额,Forecast,Group,30.603,RMB mn,RMB,1,Forecast,Base,MODEL_P3,Medium,Phase 3 formula-driven forecast using G2-approved scenario drivers,,,,
CM_PHASE3_20260803,中国移动,中国移动有限公司（A股600941；H股941/80941）,China Mobile Limited及其附属公司合并口径,2032E,Annual,FIN_REV_PRINCIPAL,主营业务收入,Forecast,Group,1033574.9755151942,RMB mn,RMB,1,Forecast,Base,MODEL_P3,Medium,Phase 3 formula-driven forecast using G2-approved scenario drivers,,,,
CM_PHASE3_20260803,中国移动,中国移动有限公司（A股600941；H股941/80941）,China Mobile Limited及其附属公司合并口径,2032E,Annual,FIN_REV_TOTAL,营业收入,Forecast,Group,1199388.2126660082,RMB mn,RMB,1,Forecast,Base,MODEL_P3,Medium,Phase 3 formula-driven forecast using G2-approved scenario drivers,,,,
CM_PHASE3_20260803,中国移动,中国移动有限公司（A股600941；H股941/80941）,China Mobile Limited及其附属公司合并口径,2032E,Annual,COST_NETWORK,网络运行、维护及支撑成本,Forecast,Cost,323834.8174198222,RMB mn,RMB,1,Forecast,Base,MODEL_P3,Medium,Phase 3 formula-driven forecast using G2-approved scenario drivers,,,,
CM_PHASE3_20260803,中国移动,中国移动有限公司（A股600941；H股941/80941）,China Mobile Limited及其附属公司合并口径,2032E,Annual,COST_DA,折旧及摊销,Forecast,Cost,203895.99615322144,RMB mn,RMB,1,Forecast,Base,MODEL_P3,Medium,Phase 3 formula-driven forecast using G2-approved scenario drivers,,,,
CM_PHASE3_20260803,中国移动,中国移动有限公司（A股600941；H股941/80941）,China Mobile Limited及其附属公司合并口径,2032E,Annual,COST_EMPLOYEE,人工成本,Forecast,Cost,173911.29083657116,RMB mn,RMB,1,Forecast,Base,MODEL_P3,Medium,Phase 3 formula-driven forecast using G2-approved scenario drivers,,,,
CM_PHASE3_20260803,中国移动,中国移动有限公司（A股600941；H股941/80941）,China Mobile Limited及其附属公司合并口径,2032E,Annual,COST_SELLING,销售费用,Forecast,Cost,62967.88116496542,RMB mn,RMB,1,Forecast,Base,MODEL_P3,Medium,Phase 3 formula-driven forecast using G2-approved scenario drivers,,,,
CM_PHASE3_20260803,中国移动,中国移动有限公司（A股600941；H股941/80941）,China Mobile Limited及其附属公司合并口径,2032E,Annual,COST_PRODUCTS,产品销售成本,Forecast,Cost,163989.29154215494,RMB mn,RMB,1,Forecast,Base,MODEL_P3,Medium,Phase 3 formula-driven forecast using G2-approved scenario drivers,,,,
CM_PHASE3_20260803,中国移动,中国移动有限公司（A股600941；H股941/80941）,China Mobile Limited及其附属公司合并口径,2032E,Annual,COST_OTHER_RESIDUAL,其他经营费用（扣除信用减值）,Forecast,Cost,59969.41063330041,RMB mn,RMB,1,Forecast,Base,MODEL_P3,Medium,Phase 3 formula-driven forecast using G2-approved scenario drivers,,,,
CM_PHASE3_20260803,中国移动,中国移动有限公司（A股600941；H股941/80941）,China Mobile Limited及其附属公司合并口径,2032E,Annual,COST_CREDIT_NET,信用及合同资产减值净额,Forecast,Risk,10794.493913994072,RMB mn,RMB,1,Forecast,Base,MODEL_P3,Medium,Phase 3 formula-driven forecast using G2-approved scenario drivers,,,,
CM_PHASE3_20260803,中国移动,中国移动有限公司（A股600941；H股941/80941）,China Mobile Limited及其附属公司合并口径,2032E,Annual,FIN_EBITDA,EBITDA,Forecast,Group,403921.0271551999,RMB mn,RMB,1,Forecast,Base,MODEL_P3,Medium,Phase 3 formula-driven forecast using G2-approved scenario drivers,,,,
CM_PHASE3_20260803,中国移动,中国移动有限公司（A股600941；H股941/80941）,China Mobile Limited及其附属公司合并口径,2032E,Annual,FIN_EBIT,EBIT,Forecast,Group,200025.03100197844,RMB mn,RMB,1,Forecast,Base,MODEL_P3,Medium,Phase 3 formula-driven forecast using G2-approved scenario drivers,,,,
CM_PHASE3_20260803,中国移动,中国移动有限公司（A股600941；H股941/80941）,China Mobile Limited及其附属公司合并口径,2032E,Annual,FIN_NONOP_INCOME,经营外收入净额,Forecast,Group,29984.705316650205,RMB mn,RMB,1,Forecast,Base,MODEL_P3,Medium,Phase 3 formula-driven forecast using G2-approved scenario drivers,,,,
CM_PHASE3_20260803,中国移动,中国移动有限公司（A股600941；H股941/80941）,China Mobile Limited及其附属公司合并口径,2032E,Annual,FIN_PBT,税前利润,Forecast,Group,230009.73631862865,RMB mn,RMB,1,Forecast,Base,MODEL_P3,Medium,Phase 3 formula-driven forecast using G2-approved scenario drivers,,,,
CM_PHASE3_20260803,中国移动,中国移动有限公司（A股600941；H股941/80941）,China Mobile Limited及其附属公司合并口径,2032E,Annual,FIN_TAX,所得税,Forecast,Group,50602.1419900983,RMB mn,RMB,1,Forecast,Base,MODEL_P3,Medium,Phase 3 formula-driven forecast using G2-approved scenario drivers,,,,
CM_PHASE3_20260803,中国移动,中国移动有限公司（A股600941；H股941/80941）,China Mobile Limited及其附属公司合并口径,2032E,Annual,FIN_NET_PROFIT_PARENT,归母净利润,Forecast,Group,179237.59432853037,RMB mn,RMB,1,Forecast,Base,MODEL_P3,Medium,Phase 3 formula-driven forecast using G2-approved scenario drivers,,,,
CM_PHASE3_20260803,中国移动,中国移动有限公司（A股600941；H股941/80941）,China Mobile Limited及其附属公司合并口径,2032E,Annual,CAPEX_COMPANY,公司口径资本开支,Forecast,Cash flow,155036.24632727914,RMB mn,RMB,1,Forecast,Base,MODEL_P3,Medium,Phase 3 formula-driven forecast using G2-approved scenario drivers,,,,
CM_PHASE3_20260803,中国移动,中国移动有限公司（A股600941；H股941/80941）,China Mobile Limited及其附属公司合并口径,2032E,Annual,CF_CFO,经营活动现金流净额,Forecast,Cash flow,330743.99216486217,RMB mn,RMB,1,Forecast,Base,MODEL_P3,Medium,Phase 3 formula-driven forecast using G2-approved scenario drivers,,,,
CM_PHASE3_20260803,中国移动,中国移动有限公司（A股600941；H股941/80941）,China Mobile Limited及其附属公司合并口径,2032E,Annual,CF_CASH_CONVERSION_ADJ,营运资本及其他现金转换调整,Forecast,Cash flow,29171.52816990245,RMB mn,RMB,1,Forecast,Base,MODEL_P3,Medium,Phase 3 formula-driven forecast using G2-approved scenario drivers,,,,
CM_PHASE3_20260803,中国移动,中国移动有限公司（A股600941；H股941/80941）,China Mobile Limited及其附属公司合并口径,2032E,Annual,CF_FCFF,自由现金流,Forecast,Cash flow,175707.74583758303,RMB mn,RMB,1,Forecast,Base,MODEL_P3,Medium,Phase 3 formula-driven forecast using G2-approved scenario drivers,,,,
CM_PHASE3_20260803,中国移动,中国移动有限公司（A股600941；H股941/80941）,China Mobile Limited及其附属公司合并口径,2032E,Annual,DIV_PAYOUT,派息率,Forecast,Dividend,0.79,%,,1,Forecast,Base,MODEL_P3,Medium,Phase 3 formula-driven forecast using G2-approved scenario drivers,,,,
CM_PHASE3_20260803,中国移动,中国移动有限公司（A股600941；H股941/80941）,China Mobile Limited及其附属公司合并口径,2032E,Annual,DIV_CASH_FORECAST,预计现金分红,Forecast,Dividend,141597.699519539,RMB mn,RMB,1,Forecast,Base,MODEL_P3,Medium,Phase 3 formula-driven forecast using G2-approved scenario drivers,,,,
CM_PHASE3_20260803,中国移动,中国移动有限公司（A股600941；H股941/80941）,China Mobile Limited及其附属公司合并口径,2032E,Annual,EQ_SHARES_FORECAST,预计发行股份,Forecast,Equity,22172.731155,mn shares,,1,Forecast,Base,MODEL_P3,Medium,Phase 3 formula-driven forecast using G2-approved scenario drivers,,,,
CM_PHASE3_20260803,中国移动,中国移动有限公司（A股600941；H股941/80941）,China Mobile Limited及其附属公司合并口径,2032E,Annual,DIV_DPS,预计每股股息,Forecast,Dividend,7.084585391946868,HKD/share,HKD,1,Forecast,Base,MODEL_P3,Medium,Phase 3 formula-driven forecast using G2-approved scenario drivers,,,,
CM_PHASE3_20260803,中国移动,中国移动有限公司（A股600941；H股941/80941）,China Mobile Limited及其附属公司合并口径,2032E,Annual,FIN_EPS_BASIC,预计每股收益,Forecast,Equity,8.08369492578779,RMB/share,RMB,1,Forecast,Base,MODEL_P3,Medium,Phase 3 formula-driven forecast using G2-approved scenario drivers,,,,
CM_PHASE3_20260803,中国移动,中国移动有限公司（A股600941；H股941/80941）,China Mobile Limited及其附属公司合并口径,2033E,Annual,REV_TOC_MOBILE,ToC移动通信收入,Forecast,ToC Mobile,467932.97668283235,RMB mn,RMB,1,Forecast,Base,MODEL_P3,Medium,Phase 3 formula-driven forecast using G2-approved scenario drivers,,,,
CM_PHASE3_20260803,中国移动,中国移动有限公司（A股600941；H股941/80941）,China Mobile Limited及其附属公司合并口径,2033E,Annual,REV_HOME,家庭宽带与智慧家庭收入,Forecast,Home,179192.52519526577,RMB mn,RMB,1,Forecast,Base,MODEL_P3,Medium,Phase 3 formula-driven forecast using G2-approved scenario drivers,,,,
CM_PHASE3_20260803,中国移动,中国移动有限公司（A股600941；H股941/80941）,China Mobile Limited及其附属公司合并口径,2033E,Annual,REV_ENTERPRISE_CONNECT,企业连接和传统网络收入,Forecast,Enterprise Connect,106557.41120980914,RMB mn,RMB,1,Forecast,Base,MODEL_P3,Medium,Phase 3 formula-driven forecast using G2-approved scenario drivers,,,,
CM_PHASE3_20260803,中国移动,中国移动有限公司（A股600941；H股941/80941）,China Mobile Limited及其附属公司合并口径,2033E,Annual,REV_CLOUD_NONAI,非AI云与数字化收入,Forecast,Cloud & Digital,77472.86366986624,RMB mn,RMB,1,Forecast,Base,MODEL_P3,Medium,Phase 3 formula-driven forecast using G2-approved scenario drivers,,,,
CM_PHASE3_20260803,中国移动,中国移动有限公司（A股600941；H股941/80941）,China Mobile Limited及其附属公司合并口径,2033E,Annual,REV_AIDC,AIDC收入估算,Forecast,AI/AIDC,67912.95362947974,RMB mn,RMB,1,Forecast,Base,MODEL_P3,Low,Phase 3 formula-driven forecast using G2-approved scenario drivers,,,,
CM_PHASE3_20260803,中国移动,中国移动有限公司（A股600941；H股941/80941）,China Mobile Limited及其附属公司合并口径,2033E,Annual,REV_AI_SERVICE,智能服务收入,Forecast,AI services,129479.4819353592,RMB mn,RMB,1,Forecast,Base,MODEL_P3,Medium,Phase 3 formula-driven forecast using G2-approved scenario drivers,,,,
CM_PHASE3_20260803,中国移动,中国移动有限公司（A股600941；H股941/80941）,China Mobile Limited及其附属公司合并口径,2033E,Annual,REV_IOT,物联网收入估算,Forecast,IoT,15331.60391773384,RMB mn,RMB,1,Forecast,Base,MODEL_P3,Low,Phase 3 formula-driven forecast using G2-approved scenario drivers,,,,
CM_PHASE3_20260803,中国移动,中国移动有限公司（A股600941；H股941/80941）,China Mobile Limited及其附属公司合并口径,2033E,Annual,REV_DEVICE_OTHER,终端、批发及其他业务收入,Forecast,Device & Other,167471.36952232203,RMB mn,RMB,1,Forecast,Base,MODEL_P3,Medium,Phase 3 formula-driven forecast using G2-approved scenario drivers,,,,
CM_PHASE3_20260803,中国移动,中国移动有限公司（A股600941；H股941/80941）,China Mobile Limited及其附属公司合并口径,2033E,Annual,REV_MODEL_RESIDUAL,收入桥接及取整差额,Forecast,Group,30.90903,RMB mn,RMB,1,Forecast,Base,MODEL_P3,Medium,Phase 3 formula-driven forecast using G2-approved scenario drivers,,,,
CM_PHASE3_20260803,中国移动,中国移动有限公司（A股600941；H股941/80941）,China Mobile Limited及其附属公司合并口径,2033E,Annual,FIN_REV_PRINCIPAL,主营业务收入,Forecast,Group,1043910.7252703463,RMB mn,RMB,1,Forecast,Base,MODEL_P3,Medium,Phase 3 formula-driven forecast using G2-approved scenario drivers,,,,
CM_PHASE3_20260803,中国移动,中国移动有限公司（A股600941；H股941/80941）,China Mobile Limited及其附属公司合并口径,2033E,Annual,FIN_REV_TOTAL,营业收入,Forecast,Group,1211382.0947926682,RMB mn,RMB,1,Forecast,Base,MODEL_P3,Medium,Phase 3 formula-driven forecast using G2-approved scenario drivers,,,,
CM_PHASE3_20260803,中国移动,中国移动有限公司（A股600941；H股941/80941）,China Mobile Limited及其附属公司合并口径,2033E,Annual,COST_NETWORK,网络运行、维护及支撑成本,Forecast,Cost,327073.16559402045,RMB mn,RMB,1,Forecast,Base,MODEL_P3,Medium,Phase 3 formula-driven forecast using G2-approved scenario drivers,,,,
CM_PHASE3_20260803,中国移动,中国移动有限公司（A股600941；H股941/80941）,China Mobile Limited及其附属公司合并口径,2033E,Annual,COST_DA,折旧及摊销,Forecast,Cost,205934.95611475364,RMB mn,RMB,1,Forecast,Base,MODEL_P3,Medium,Phase 3 formula-driven forecast using G2-approved scenario drivers,,,,
CM_PHASE3_20260803,中国移动,中国移动有限公司（A股600941；H股941/80941）,China Mobile Limited及其附属公司合并口径,2033E,Annual,COST_EMPLOYEE,人工成本,Forecast,Cost,175650.4037449369,RMB mn,RMB,1,Forecast,Base,MODEL_P3,Medium,Phase 3 formula-driven forecast using G2-approved scenario drivers,,,,
CM_PHASE3_20260803,中国移动,中国移动有限公司（A股600941；H股941/80941）,China Mobile Limited及其附属公司合并口径,2033E,Annual,COST_SELLING,销售费用,Forecast,Cost,63597.55997661508,RMB mn,RMB,1,Forecast,Base,MODEL_P3,Medium,Phase 3 formula-driven forecast using G2-approved scenario drivers,,,,
CM_PHASE3_20260803,中国移动,中国移动有限公司（A股600941；H股941/80941）,China Mobile Limited及其附属公司合并口径,2033E,Annual,COST_PRODUCTS,产品销售成本,Forecast,Cost,165629.18445757648,RMB mn,RMB,1,Forecast,Base,MODEL_P3,Medium,Phase 3 formula-driven forecast using G2-approved scenario drivers,,,,
CM_PHASE3_20260803,中国移动,中国移动有限公司（A股600941；H股941/80941）,China Mobile Limited及其附属公司合并口径,2033E,Annual,COST_OTHER_RESIDUAL,其他经营费用（扣除信用减值）,Forecast,Cost,60569.10473963342,RMB mn,RMB,1,Forecast,Base,MODEL_P3,Medium,Phase 3 formula-driven forecast using G2-approved scenario drivers,,,,
CM_PHASE3_20260803,中国移动,中国移动有限公司（A股600941；H股941/80941）,China Mobile Limited及其附属公司合并口径,2033E,Annual,COST_CREDIT_NET,信用及合同资产减值净额,Forecast,Risk,10902.438853134014,RMB mn,RMB,1,Forecast,Base,MODEL_P3,Medium,Phase 3 formula-driven forecast using G2-approved scenario drivers,,,,
CM_PHASE3_20260803,中国移动,中国移动有限公司（A股600941；H股941/80941）,China Mobile Limited及其附属公司合并口径,2033E,Annual,FIN_EBITDA,EBITDA,Forecast,Group,407960.237426752,RMB mn,RMB,1,Forecast,Base,MODEL_P3,Medium,Phase 3 formula-driven forecast using G2-approved scenario drivers,,,,
CM_PHASE3_20260803,中国移动,中国移动有限公司（A股600941；H股941/80941）,China Mobile Limited及其附属公司合并口径,2033E,Annual,FIN_EBIT,EBIT,Forecast,Group,202025.28131199832,RMB mn,RMB,1,Forecast,Base,MODEL_P3,Medium,Phase 3 formula-driven forecast using G2-approved scenario drivers,,,,
CM_PHASE3_20260803,中国移动,中国移动有限公司（A股600941；H股941/80941）,China Mobile Limited及其附属公司合并口径,2033E,Annual,FIN_NONOP_INCOME,经营外收入净额,Forecast,Group,30284.55236981671,RMB mn,RMB,1,Forecast,Base,MODEL_P3,Medium,Phase 3 formula-driven forecast using G2-approved scenario drivers,,,,
CM_PHASE3_20260803,中国移动,中国移动有限公司（A股600941；H股941/80941）,China Mobile Limited及其附属公司合并口径,2033E,Annual,FIN_PBT,税前利润,Forecast,Group,232309.833681815,RMB mn,RMB,1,Forecast,Base,MODEL_P3,Medium,Phase 3 formula-driven forecast using G2-approved scenario drivers,,,,
CM_PHASE3_20260803,中国移动,中国移动有限公司（A股600941；H股941/80941）,China Mobile Limited及其附属公司合并口径,2033E,Annual,FIN_TAX,所得税,Forecast,Group,51108.1634099993,RMB mn,RMB,1,Forecast,Base,MODEL_P3,Medium,Phase 3 formula-driven forecast using G2-approved scenario drivers,,,,
CM_PHASE3_20260803,中国移动,中国移动有限公司（A股600941；H股941/80941）,China Mobile Limited及其附属公司合并口径,2033E,Annual,FIN_NET_PROFIT_PARENT,归母净利润,Forecast,Group,181031.6702718157,RMB mn,RMB,1,Forecast,Base,MODEL_P3,Medium,Phase 3 formula-driven forecast using G2-approved scenario drivers,,,,
CM_PHASE3_20260803,中国移动,中国移动有限公司（A股600941；H股941/80941）,China Mobile Limited及其附属公司合并口径,2033E,Annual,CAPEX_COMPANY,公司口径资本开支,Forecast,Cash flow,156586.60879055192,RMB mn,RMB,1,Forecast,Base,MODEL_P3,Medium,Phase 3 formula-driven forecast using G2-approved scenario drivers,,,,
CM_PHASE3_20260803,中国移动,中国移动有限公司（A股600941；H股941/80941）,China Mobile Limited及其附属公司合并口径,2033E,Annual,CF_CFO,经营活动现金流净额,Forecast,Cash flow,334051.4320865108,RMB mn,RMB,1,Forecast,Base,MODEL_P3,Medium,Phase 3 formula-driven forecast using G2-approved scenario drivers,,,,
CM_PHASE3_20260803,中国移动,中国移动有限公司（A股600941；H股941/80941）,China Mobile Limited及其附属公司合并口径,2033E,Annual,CF_CASH_CONVERSION_ADJ,营运资本及其他现金转换调整,Forecast,Cash flow,29463.243451601535,RMB mn,RMB,1,Forecast,Base,MODEL_P3,Medium,Phase 3 formula-driven forecast using G2-approved scenario drivers,,,,
CM_PHASE3_20260803,中国移动,中国移动有限公司（A股600941；H股941/80941）,China Mobile Limited及其附属公司合并口径,2033E,Annual,CF_FCFF,自由现金流,Forecast,Cash flow,177464.8232959589,RMB mn,RMB,1,Forecast,Base,MODEL_P3,Medium,Phase 3 formula-driven forecast using G2-approved scenario drivers,,,,
CM_PHASE3_20260803,中国移动,中国移动有限公司（A股600941；H股941/80941）,China Mobile Limited及其附属公司合并口径,2033E,Annual,DIV_PAYOUT,派息率,Forecast,Dividend,0.79,%,,1,Forecast,Base,MODEL_P3,Medium,Phase 3 formula-driven forecast using G2-approved scenario drivers,,,,
CM_PHASE3_20260803,中国移动,中国移动有限公司（A股600941；H股941/80941）,China Mobile Limited及其附属公司合并口径,2033E,Annual,DIV_CASH_FORECAST,预计现金分红,Forecast,Dividend,143015.01951473442,RMB mn,RMB,1,Forecast,Base,MODEL_P3,Medium,Phase 3 formula-driven forecast using G2-approved scenario drivers,,,,
CM_PHASE3_20260803,中国移动,中国移动有限公司（A股600941；H股941/80941）,China Mobile Limited及其附属公司合并口径,2033E,Annual,EQ_SHARES_FORECAST,预计发行股份,Forecast,Equity,22172.731155,mn shares,,1,Forecast,Base,MODEL_P3,Medium,Phase 3 formula-driven forecast using G2-approved scenario drivers,,,,
CM_PHASE3_20260803,中国移动,中国移动有限公司（A股600941；H股941/80941）,China Mobile Limited及其附属公司合并口径,2033E,Annual,DIV_DPS,预计每股股息,Forecast,Dividend,7.155498440447985,HKD/share,HKD,1,Forecast,Base,MODEL_P3,Medium,Phase 3 formula-driven forecast using G2-approved scenario drivers,,,,
CM_PHASE3_20260803,中国移动,中国移动有限公司（A股600941；H股941/80941）,China Mobile Limited及其附属公司合并口径,2033E,Annual,FIN_EPS_BASIC,预计每股收益,Forecast,Equity,8.164608545798954,RMB/share,RMB,1,Forecast,Base,MODEL_P3,Medium,Phase 3 formula-driven forecast using G2-approved scenario drivers,,,,
CM_PHASE3_20260803,中国移动,中国移动有限公司（A股600941；H股941/80941）,China Mobile Limited及其附属公司合并口径,2034E,Annual,REV_TOC_MOBILE,ToC移动通信收入,Forecast,ToC Mobile,472612.3064496607,RMB mn,RMB,1,Forecast,Base,MODEL_P3,Medium,Phase 3 formula-driven forecast using G2-approved scenario drivers,,,,
CM_PHASE3_20260803,中国移动,中国移动有限公司（A股600941；H股941/80941）,China Mobile Limited及其附属公司合并口径,2034E,Annual,REV_HOME,家庭宽带与智慧家庭收入,Forecast,Home,180984.45044721843,RMB mn,RMB,1,Forecast,Base,MODEL_P3,Medium,Phase 3 formula-driven forecast using G2-approved scenario drivers,,,,
CM_PHASE3_20260803,中国移动,中国移动有限公司（A股600941；H股941/80941）,China Mobile Limited及其附属公司合并口径,2034E,Annual,REV_ENTERPRISE_CONNECT,企业连接和传统网络收入,Forecast,Enterprise Connect,107622.98532190724,RMB mn,RMB,1,Forecast,Base,MODEL_P3,Medium,Phase 3 formula-driven forecast using G2-approved scenario drivers,,,,
CM_PHASE3_20260803,中国移动,中国移动有限公司（A股600941；H股941/80941）,China Mobile Limited及其附属公司合并口径,2034E,Annual,REV_CLOUD_NONAI,非AI云与数字化收入,Forecast,Cloud & Digital,78247.59230656491,RMB mn,RMB,1,Forecast,Base,MODEL_P3,Medium,Phase 3 formula-driven forecast using G2-approved scenario drivers,,,,
CM_PHASE3_20260803,中国移动,中国移动有限公司（A股600941；H股941/80941）,China Mobile Limited及其附属公司合并口径,2034E,Annual,REV_AIDC,AIDC收入估算,Forecast,AI/AIDC,68592.08316577454,RMB mn,RMB,1,Forecast,Base,MODEL_P3,Low,Phase 3 formula-driven forecast using G2-approved scenario drivers,,,,
CM_PHASE3_20260803,中国移动,中国移动有限公司（A股600941；H股941/80941）,China Mobile Limited及其附属公司合并口径,2034E,Annual,REV_AI_SERVICE,智能服务收入,Forecast,AI services,130774.2767547128,RMB mn,RMB,1,Forecast,Base,MODEL_P3,Medium,Phase 3 formula-driven forecast using G2-approved scenario drivers,,,,
CM_PHASE3_20260803,中国移动,中国移动有限公司（A股600941；H股941/80941）,China Mobile Limited及其附属公司合并口径,2034E,Annual,REV_IOT,物联网收入估算,Forecast,IoT,15484.919956911179,RMB mn,RMB,1,Forecast,Base,MODEL_P3,Low,Phase 3 formula-driven forecast using G2-approved scenario drivers,,,,
CM_PHASE3_20260803,中国移动,中国移动有限公司（A股600941；H股941/80941）,China Mobile Limited及其附属公司合并口径,2034E,Annual,REV_DEVICE_OTHER,终端、批发及其他业务收入,Forecast,Device & Other,169146.08321754524,RMB mn,RMB,1,Forecast,Base,MODEL_P3,Medium,Phase 3 formula-driven forecast using G2-approved scenario drivers,,,,
CM_PHASE3_20260803,中国移动,中国移动有限公司（A股600941；H股941/80941）,China Mobile Limited及其附属公司合并口径,2034E,Annual,REV_MODEL_RESIDUAL,收入桥接及取整差额,Forecast,Group,31.218120300000002,RMB mn,RMB,1,Forecast,Base,MODEL_P3,Medium,Phase 3 formula-driven forecast using G2-approved scenario drivers,,,,
CM_PHASE3_20260803,中国移动,中国移动有限公司（A股600941；H股941/80941）,China Mobile Limited及其附属公司合并口径,2034E,Annual,FIN_REV_PRINCIPAL,主营业务收入,Forecast,Group,1054349.8325230498,RMB mn,RMB,1,Forecast,Base,MODEL_P3,Medium,Phase 3 formula-driven forecast using G2-approved scenario drivers,,,,
CM_PHASE3_20260803,中国移动,中国移动有限公司（A股600941；H股941/80941）,China Mobile Limited及其附属公司合并口径,2034E,Annual,FIN_REV_TOTAL,营业收入,Forecast,Group,1223495.915740595,RMB mn,RMB,1,Forecast,Base,MODEL_P3,Medium,Phase 3 formula-driven forecast using G2-approved scenario drivers,,,,
CM_PHASE3_20260803,中国移动,中国移动有限公司（A股600941；H股941/80941）,China Mobile Limited及其附属公司合并口径,2034E,Annual,COST_NETWORK,网络运行、维护及支撑成本,Forecast,Cost,330343.8972499607,RMB mn,RMB,1,Forecast,Base,MODEL_P3,Medium,Phase 3 formula-driven forecast using G2-approved scenario drivers,,,,
CM_PHASE3_20260803,中国移动,中国移动有限公司（A股600941；H股941/80941）,China Mobile Limited及其附属公司合并口径,2034E,Annual,COST_DA,折旧及摊销,Forecast,Cost,207994.30567590118,RMB mn,RMB,1,Forecast,Base,MODEL_P3,Medium,Phase 3 formula-driven forecast using G2-approved scenario drivers,,,,
CM_PHASE3_20260803,中国移动,中国移动有限公司（A股600941；H股941/80941）,China Mobile Limited及其附属公司合并口径,2034E,Annual,COST_EMPLOYEE,人工成本,Forecast,Cost,177406.90778238626,RMB mn,RMB,1,Forecast,Base,MODEL_P3,Medium,Phase 3 formula-driven forecast using G2-approved scenario drivers,,,,
CM_PHASE3_20260803,中国移动,中国移动有限公司（A股600941；H股941/80941）,China Mobile Limited及其附属公司合并口径,2034E,Annual,COST_SELLING,销售费用,Forecast,Cost,64233.53557638123,RMB mn,RMB,1,Forecast,Base,MODEL_P3,Medium,Phase 3 formula-driven forecast using G2-approved scenario drivers,,,,
CM_PHASE3_20260803,中国移动,中国移动有限公司（A股600941；H股941/80941）,China Mobile Limited及其附属公司合并口径,2034E,Annual,COST_PRODUCTS,产品销售成本,Forecast,Cost,167285.47630215224,RMB mn,RMB,1,Forecast,Base,MODEL_P3,Medium,Phase 3 formula-driven forecast using G2-approved scenario drivers,,,,
CM_PHASE3_20260803,中国移动,中国移动有限公司（A股600941；H股941/80941）,China Mobile Limited及其附属公司合并口径,2034E,Annual,COST_OTHER_RESIDUAL,其他经营费用（扣除信用减值）,Forecast,Cost,61174.795787029754,RMB mn,RMB,1,Forecast,Base,MODEL_P3,Medium,Phase 3 formula-driven forecast using G2-approved scenario drivers,,,,
CM_PHASE3_20260803,中国移动,中国移动有限公司（A股600941；H股941/80941）,China Mobile Limited及其附属公司合并口径,2034E,Annual,COST_CREDIT_NET,信用及合同资产减值净额,Forecast,Risk,11011.463241665353,RMB mn,RMB,1,Forecast,Base,MODEL_P3,Medium,Phase 3 formula-driven forecast using G2-approved scenario drivers,,,,
CM_PHASE3_20260803,中国移动,中国移动有限公司（A股600941；H股941/80941）,China Mobile Limited及其附属公司合并口径,2034E,Annual,FIN_EBITDA,EBITDA,Forecast,Group,412039.8398010194,RMB mn,RMB,1,Forecast,Base,MODEL_P3,Medium,Phase 3 formula-driven forecast using G2-approved scenario drivers,,,,
CM_PHASE3_20260803,中国移动,中国移动有限公司（A股600941；H股941/80941）,China Mobile Limited及其附属公司合并口径,2034E,Annual,FIN_EBIT,EBIT,Forecast,Group,204045.53412511823,RMB mn,RMB,1,Forecast,Base,MODEL_P3,Medium,Phase 3 formula-driven forecast using G2-approved scenario drivers,,,,
CM_PHASE3_20260803,中国移动,中国移动有限公司（A股600941；H股941/80941）,China Mobile Limited及其附属公司合并口径,2034E,Annual,FIN_NONOP_INCOME,经营外收入净额,Forecast,Group,30587.397893514877,RMB mn,RMB,1,Forecast,Base,MODEL_P3,Medium,Phase 3 formula-driven forecast using G2-approved scenario drivers,,,,
CM_PHASE3_20260803,中国移动,中国移动有限公司（A股600941；H股941/80941）,China Mobile Limited及其附属公司合并口径,2034E,Annual,FIN_PBT,税前利润,Forecast,Group,234632.93201863312,RMB mn,RMB,1,Forecast,Base,MODEL_P3,Medium,Phase 3 formula-driven forecast using G2-approved scenario drivers,,,,
CM_PHASE3_20260803,中国移动,中国移动有限公司（A股600941；H股941/80941）,China Mobile Limited及其附属公司合并口径,2034E,Annual,FIN_TAX,所得税,Forecast,Group,51619.24504409928,RMB mn,RMB,1,Forecast,Base,MODEL_P3,Medium,Phase 3 formula-driven forecast using G2-approved scenario drivers,,,,
CM_PHASE3_20260803,中国移动,中国移动有限公司（A股600941；H股941/80941）,China Mobile Limited及其附属公司合并口径,2034E,Annual,FIN_NET_PROFIT_PARENT,归母净利润,Forecast,Group,182843.68697453383,RMB mn,RMB,1,Forecast,Base,MODEL_P3,Medium,Phase 3 formula-driven forecast using G2-approved scenario drivers,,,,
CM_PHASE3_20260803,中国移动,中国移动有限公司（A股600941；H股941/80941）,China Mobile Limited及其附属公司合并口径,2034E,Annual,CAPEX_COMPANY,公司口径资本开支,Forecast,Cash flow,158152.47487845743,RMB mn,RMB,1,Forecast,Base,MODEL_P3,Medium,Phase 3 formula-driven forecast using G2-approved scenario drivers,,,,
CM_PHASE3_20260803,中国移动,中国移动有限公司（A股600941；H股941/80941）,China Mobile Limited及其附属公司合并口径,2034E,Annual,CF_CFO,经营活动现金流净额,Forecast,Cash flow,337391.9464073759,RMB mn,RMB,1,Forecast,Base,MODEL_P3,Medium,Phase 3 formula-driven forecast using G2-approved scenario drivers,,,,
CM_PHASE3_20260803,中国移动,中国移动有限公司（A股600941；H股941/80941）,China Mobile Limited及其附属公司合并口径,2034E,Annual,CF_CASH_CONVERSION_ADJ,营运资本及其他现金转换调整,Forecast,Cash flow,29757.875886117516,RMB mn,RMB,1,Forecast,Base,MODEL_P3,Medium,Phase 3 formula-driven forecast using G2-approved scenario drivers,,,,
CM_PHASE3_20260803,中国移动,中国移动有限公司（A股600941；H股941/80941）,China Mobile Limited及其附属公司合并口径,2034E,Annual,CF_FCFF,自由现金流,Forecast,Cash flow,179239.47152891848,RMB mn,RMB,1,Forecast,Base,MODEL_P3,Medium,Phase 3 formula-driven forecast using G2-approved scenario drivers,,,,
CM_PHASE3_20260803,中国移动,中国移动有限公司（A股600941；H股941/80941）,China Mobile Limited及其附属公司合并口径,2034E,Annual,DIV_PAYOUT,派息率,Forecast,Dividend,0.79,%,,1,Forecast,Base,MODEL_P3,Medium,Phase 3 formula-driven forecast using G2-approved scenario drivers,,,,
CM_PHASE3_20260803,中国移动,中国移动有限公司（A股600941；H股941/80941）,China Mobile Limited及其附属公司合并口径,2034E,Annual,DIV_CASH_FORECAST,预计现金分红,Forecast,Dividend,144446.51270988173,RMB mn,RMB,1,Forecast,Base,MODEL_P3,Medium,Phase 3 formula-driven forecast using G2-approved scenario drivers,,,,
CM_PHASE3_20260803,中国移动,中国移动有限公司（A股600941；H股941/80941）,China Mobile Limited及其附属公司合并口径,2034E,Annual,EQ_SHARES_FORECAST,预计发行股份,Forecast,Equity,22172.731155,mn shares,,1,Forecast,Base,MODEL_P3,Medium,Phase 3 formula-driven forecast using G2-approved scenario drivers,,,,
CM_PHASE3_20260803,中国移动,中国移动有限公司（A股600941；H股941/80941）,China Mobile Limited及其附属公司合并口径,2034E,Annual,DIV_DPS,预计每股股息,Forecast,Dividend,7.22712061943411,HKD/share,HKD,1,Forecast,Base,MODEL_P3,Medium,Phase 3 formula-driven forecast using G2-approved scenario drivers,,,,
CM_PHASE3_20260803,中国移动,中国移动有限公司（A股600941；H股941/80941）,China Mobile Limited及其附属公司合并口径,2034E,Annual,FIN_EPS_BASIC,预计每股收益,Forecast,Equity,8.246331302010224,RMB/share,RMB,1,Forecast,Base,MODEL_P3,Medium,Phase 3 formula-driven forecast using G2-approved scenario drivers,,,,
CM_PHASE3_20260803,中国移动,中国移动有限公司（A股600941；H股941/80941）,China Mobile Limited及其附属公司合并口径,2035E,Annual,REV_TOC_MOBILE,ToC移动通信收入,Forecast,ToC Mobile,477338.4295141573,RMB mn,RMB,1,Forecast,Base,MODEL_P3,Medium,Phase 3 formula-driven forecast using G2-approved scenario drivers,,,,
CM_PHASE3_20260803,中国移动,中国移动有限公司（A股600941；H股941/80941）,China Mobile Limited及其附属公司合并口径,2035E,Annual,REV_HOME,家庭宽带与智慧家庭收入,Forecast,Home,182794.29495169062,RMB mn,RMB,1,Forecast,Base,MODEL_P3,Medium,Phase 3 formula-driven forecast using G2-approved scenario drivers,,,,
CM_PHASE3_20260803,中国移动,中国移动有限公司（A股600941；H股941/80941）,China Mobile Limited及其附属公司合并口径,2035E,Annual,REV_ENTERPRISE_CONNECT,企业连接和传统网络收入,Forecast,Enterprise Connect,108699.21517512632,RMB mn,RMB,1,Forecast,Base,MODEL_P3,Medium,Phase 3 formula-driven forecast using G2-approved scenario drivers,,,,
CM_PHASE3_20260803,中国移动,中国移动有限公司（A股600941；H股941/80941）,China Mobile Limited及其附属公司合并口径,2035E,Annual,REV_CLOUD_NONAI,非AI云与数字化收入,Forecast,Cloud & Digital,79030.06822963056,RMB mn,RMB,1,Forecast,Base,MODEL_P3,Medium,Phase 3 formula-driven forecast using G2-approved scenario drivers,,,,
CM_PHASE3_20260803,中国移动,中国移动有限公司（A股600941；H股941/80941）,China Mobile Limited及其附属公司合并口径,2035E,Annual,REV_AIDC,AIDC收入估算,Forecast,AI/AIDC,69278.00399743229,RMB mn,RMB,1,Forecast,Base,MODEL_P3,Low,Phase 3 formula-driven forecast using G2-approved scenario drivers,,,,
CM_PHASE3_20260803,中国移动,中国移动有限公司（A股600941；H股941/80941）,China Mobile Limited及其附属公司合并口径,2035E,Annual,REV_AI_SERVICE,智能服务收入,Forecast,AI services,132082.01952225994,RMB mn,RMB,1,Forecast,Base,MODEL_P3,Medium,Phase 3 formula-driven forecast using G2-approved scenario drivers,,,,
CM_PHASE3_20260803,中国移动,中国移动有限公司（A股600941；H股941/80941）,China Mobile Limited及其附属公司合并口径,2035E,Annual,REV_IOT,物联网收入估算,Forecast,IoT,15639.76915648029,RMB mn,RMB,1,Forecast,Base,MODEL_P3,Low,Phase 3 formula-driven forecast using G2-approved scenario drivers,,,,
CM_PHASE3_20260803,中国移动,中国移动有限公司（A股600941；H股941/80941）,China Mobile Limited及其附属公司合并口径,2035E,Annual,REV_DEVICE_OTHER,终端、批发及其他业务收入,Forecast,Device & Other,170837.5440497207,RMB mn,RMB,1,Forecast,Base,MODEL_P3,Medium,Phase 3 formula-driven forecast using G2-approved scenario drivers,,,,
CM_PHASE3_20260803,中国移动,中国移动有限公司（A股600941；H股941/80941）,China Mobile Limited及其附属公司合并口径,2035E,Annual,REV_MODEL_RESIDUAL,收入桥接及取整差额,Forecast,Group,31.530301503000004,RMB mn,RMB,1,Forecast,Base,MODEL_P3,Medium,Phase 3 formula-driven forecast using G2-approved scenario drivers,,,,
CM_PHASE3_20260803,中国移动,中国移动有限公司（A股600941；H股941/80941）,China Mobile Limited及其附属公司合并口径,2035E,Annual,FIN_REV_PRINCIPAL,主营业务收入,Forecast,Group,1064893.3308482803,RMB mn,RMB,1,Forecast,Base,MODEL_P3,Medium,Phase 3 formula-driven forecast using G2-approved scenario drivers,,,,
CM_PHASE3_20260803,中国移动,中国移动有限公司（A股600941；H股941/80941）,China Mobile Limited及其附属公司合并口径,2035E,Annual,FIN_REV_TOTAL,营业收入,Forecast,Group,1235730.874898001,RMB mn,RMB,1,Forecast,Base,MODEL_P3,Medium,Phase 3 formula-driven forecast using G2-approved scenario drivers,,,,
CM_PHASE3_20260803,中国移动,中国移动有限公司（A股600941；H股941/80941）,China Mobile Limited及其附属公司合并口径,2035E,Annual,COST_NETWORK,网络运行、维护及支撑成本,Forecast,Cost,333647.3362224603,RMB mn,RMB,1,Forecast,Base,MODEL_P3,Medium,Phase 3 formula-driven forecast using G2-approved scenario drivers,,,,
CM_PHASE3_20260803,中国移动,中国移动有限公司（A股600941；H股941/80941）,China Mobile Limited及其附属公司合并口径,2035E,Annual,COST_DA,折旧及摊销,Forecast,Cost,210074.2487326602,RMB mn,RMB,1,Forecast,Base,MODEL_P3,Medium,Phase 3 formula-driven forecast using G2-approved scenario drivers,,,,
CM_PHASE3_20260803,中国移动,中国移动有限公司（A股600941；H股941/80941）,China Mobile Limited及其附属公司合并口径,2035E,Annual,COST_EMPLOYEE,人工成本,Forecast,Cost,179180.97686021015,RMB mn,RMB,1,Forecast,Base,MODEL_P3,Medium,Phase 3 formula-driven forecast using G2-approved scenario drivers,,,,
CM_PHASE3_20260803,中国移动,中国移动有限公司（A股600941；H股941/80941）,China Mobile Limited及其附属公司合并口径,2035E,Annual,COST_SELLING,销售费用,Forecast,Cost,64875.87093214505,RMB mn,RMB,1,Forecast,Base,MODEL_P3,Medium,Phase 3 formula-driven forecast using G2-approved scenario drivers,,,,
CM_PHASE3_20260803,中国移动,中国移动有限公司（A股600941；H股941/80941）,China Mobile Limited及其附属公司合并口径,2035E,Annual,COST_PRODUCTS,产品销售成本,Forecast,Cost,168958.33106517376,RMB mn,RMB,1,Forecast,Base,MODEL_P3,Medium,Phase 3 formula-driven forecast using G2-approved scenario drivers,,,,
CM_PHASE3_20260803,中国移动,中国移动有限公司（A股600941；H股941/80941）,China Mobile Limited及其附属公司合并口径,2035E,Annual,COST_OTHER_RESIDUAL,其他经营费用（扣除信用减值）,Forecast,Cost,61786.54374490006,RMB mn,RMB,1,Forecast,Base,MODEL_P3,Medium,Phase 3 formula-driven forecast using G2-approved scenario drivers,,,,
CM_PHASE3_20260803,中国移动,中国移动有限公司（A股600941；H股941/80941）,China Mobile Limited及其附属公司合并口径,2035E,Annual,COST_CREDIT_NET,信用及合同资产减值净额,Forecast,Risk,11121.57787408201,RMB mn,RMB,1,Forecast,Base,MODEL_P3,Medium,Phase 3 formula-driven forecast using G2-approved scenario drivers,,,,
CM_PHASE3_20260803,中国移动,中国移动有限公司（A股600941；H股941/80941）,China Mobile Limited及其附属公司合并口径,2035E,Annual,FIN_EBITDA,EBITDA,Forecast,Group,416160.2381990298,RMB mn,RMB,1,Forecast,Base,MODEL_P3,Medium,Phase 3 formula-driven forecast using G2-approved scenario drivers,,,,
CM_PHASE3_20260803,中国移动,中国移动有限公司（A股600941；H股941/80941）,China Mobile Limited及其附属公司合并口径,2035E,Annual,FIN_EBIT,EBIT,Forecast,Group,206085.98946636962,RMB mn,RMB,1,Forecast,Base,MODEL_P3,Medium,Phase 3 formula-driven forecast using G2-approved scenario drivers,,,,
CM_PHASE3_20260803,中国移动,中国移动有限公司（A股600941；H股941/80941）,China Mobile Limited及其附属公司合并口径,2035E,Annual,FIN_NONOP_INCOME,经营外收入净额,Forecast,Group,30893.27187245003,RMB mn,RMB,1,Forecast,Base,MODEL_P3,Medium,Phase 3 formula-driven forecast using G2-approved scenario drivers,,,,
CM_PHASE3_20260803,中国移动,中国移动有限公司（A股600941；H股941/80941）,China Mobile Limited及其附属公司合并口径,2035E,Annual,FIN_PBT,税前利润,Forecast,Group,236979.26133881963,RMB mn,RMB,1,Forecast,Base,MODEL_P3,Medium,Phase 3 formula-driven forecast using G2-approved scenario drivers,,,,
CM_PHASE3_20260803,中国移动,中国移动有限公司（A股600941；H股941/80941）,China Mobile Limited及其附属公司合并口径,2035E,Annual,FIN_TAX,所得税,Forecast,Group,52135.43749454032,RMB mn,RMB,1,Forecast,Base,MODEL_P3,Medium,Phase 3 formula-driven forecast using G2-approved scenario drivers,,,,
CM_PHASE3_20260803,中国移动,中国移动有限公司（A股600941；H股941/80941）,China Mobile Limited及其附属公司合并口径,2035E,Annual,FIN_NET_PROFIT_PARENT,归母净利润,Forecast,Group,184673.8238442793,RMB mn,RMB,1,Forecast,Base,MODEL_P3,Medium,Phase 3 formula-driven forecast using G2-approved scenario drivers,,,,
CM_PHASE3_20260803,中国移动,中国移动有限公司（A股600941；H股941/80941）,China Mobile Limited及其附属公司合并口径,2035E,Annual,CAPEX_COMPANY,公司口径资本开支,Forecast,Cash flow,159733.999627242,RMB mn,RMB,1,Forecast,Base,MODEL_P3,Medium,Phase 3 formula-driven forecast using G2-approved scenario drivers,,,,
CM_PHASE3_20260803,中国移动,中国移动有限公司（A股600941；H股941/80941）,China Mobile Limited及其附属公司合并口径,2035E,Annual,CF_CFO,经营活动现金流净额,Forecast,Cash flow,340765.8658714497,RMB mn,RMB,1,Forecast,Base,MODEL_P3,Medium,Phase 3 formula-driven forecast using G2-approved scenario drivers,,,,
CM_PHASE3_20260803,中国移动,中国移动有限公司（A股600941；H股941/80941）,China Mobile Limited及其附属公司合并口径,2035E,Annual,CF_CASH_CONVERSION_ADJ,营运资本及其他现金转换调整,Forecast,Cash flow,30055.454644978803,RMB mn,RMB,1,Forecast,Base,MODEL_P3,Medium,Phase 3 formula-driven forecast using G2-approved scenario drivers,,,,
CM_PHASE3_20260803,中国移动,中国移动有限公司（A股600941；H股941/80941）,China Mobile Limited及其附属公司合并口径,2035E,Annual,CF_FCFF,自由现金流,Forecast,Cash flow,181031.8662442077,RMB mn,RMB,1,Forecast,Base,MODEL_P3,Medium,Phase 3 formula-driven forecast using G2-approved scenario drivers,,,,
CM_PHASE3_20260803,中国移动,中国移动有限公司（A股600941；H股941/80941）,China Mobile Limited及其附属公司合并口径,2035E,Annual,DIV_PAYOUT,派息率,Forecast,Dividend,0.79,%,,1,Forecast,Base,MODEL_P3,Medium,Phase 3 formula-driven forecast using G2-approved scenario drivers,,,,
CM_PHASE3_20260803,中国移动,中国移动有限公司（A股600941；H股941/80941）,China Mobile Limited及其附属公司合并口径,2035E,Annual,DIV_CASH_FORECAST,预计现金分红,Forecast,Dividend,145892.32083698065,RMB mn,RMB,1,Forecast,Base,MODEL_P3,Medium,Phase 3 formula-driven forecast using G2-approved scenario drivers,,,,
CM_PHASE3_20260803,中国移动,中国移动有限公司（A股600941；H股941/80941）,China Mobile Limited及其附属公司合并口径,2035E,Annual,EQ_SHARES_FORECAST,预计发行股份,Forecast,Equity,22172.731155,mn shares,,1,Forecast,Base,MODEL_P3,Medium,Phase 3 formula-driven forecast using G2-approved scenario drivers,,,,
CM_PHASE3_20260803,中国移动,中国移动有限公司（A股600941；H股941/80941）,China Mobile Limited及其附属公司合并口径,2035E,Annual,DIV_DPS,预计每股股息,Forecast,Dividend,7.2994590202101035,HKD/share,HKD,1,Forecast,Base,MODEL_P3,Medium,Phase 3 formula-driven forecast using G2-approved scenario drivers,,,,
CM_PHASE3_20260803,中国移动,中国移动有限公司（A股600941；H股941/80941）,China Mobile Limited及其附属公司合并口径,2035E,Annual,FIN_EPS_BASIC,预计每股收益,Forecast,Equity,8.328871285783617,RMB/share,RMB,1,Forecast,Base,MODEL_P3,Medium,Phase 3 formula-driven forecast using G2-approved scenario drivers,,,,
CM_PHASE3_20260803,中国移动,中国移动有限公司（A股600941；H股941/80941）,China Mobile Limited及其附属公司合并口径,2025FY,Annual,REV_TOC_MOBILE,ToC移动通信收入,Forecast,ToC Mobile,465327.0,RMB mn,RMB,1,Forecast,Bull,MODEL_P3,Medium,Phase 3 formula-driven forecast using G2-approved scenario drivers,,,,2025细分桥接为估算；合计严格等于公司实际收入。
CM_PHASE3_20260803,中国移动,中国移动有限公司（A股600941；H股941/80941）,China Mobile Limited及其附属公司合并口径,2025FY,Annual,REV_HOME,家庭宽带与智慧家庭收入,Forecast,Home,141569.0,RMB mn,RMB,1,Forecast,Bull,MODEL_P3,Medium,Phase 3 formula-driven forecast using G2-approved scenario drivers,,,,2025细分桥接为估算；合计严格等于公司实际收入。
CM_PHASE3_20260803,中国移动,中国移动有限公司（A股600941；H股941/80941）,China Mobile Limited及其附属公司合并口径,2025FY,Annual,REV_ENTERPRISE_CONNECT,企业连接和传统网络收入,Forecast,Enterprise Connect,96004.0,RMB mn,RMB,1,Estimated,Bull,MODEL_P3,Medium,Phase 3 formula-driven forecast using G2-approved scenario drivers,,,,2025细分桥接为估算；合计严格等于公司实际收入。
CM_PHASE3_20260803,中国移动,中国移动有限公司（A股600941；H股941/80941）,China Mobile Limited及其附属公司合并口径,2025FY,Annual,REV_CLOUD_NONAI,非AI云与数字化收入,Forecast,Cloud & Digital,44900.0,RMB mn,RMB,1,Estimated,Bull,MODEL_P3,Medium,Phase 3 formula-driven forecast using G2-approved scenario drivers,,,,2025细分桥接为估算；合计严格等于公司实际收入。
CM_PHASE3_20260803,中国移动,中国移动有限公司（A股600941；H股941/80941）,China Mobile Limited及其附属公司合并口径,2025FY,Annual,REV_AIDC,AIDC收入估算,Forecast,AI/AIDC,44900.0,RMB mn,RMB,1,Estimated,Bull,MODEL_P3,Low,Phase 3 formula-driven forecast using G2-approved scenario drivers,,,,2025细分桥接为估算；合计严格等于公司实际收入。
CM_PHASE3_20260803,中国移动,中国移动有限公司（A股600941；H股941/80941）,China Mobile Limited及其附属公司合并口径,2025FY,Annual,REV_AI_SERVICE,智能服务收入,Forecast,AI services,90800.0,RMB mn,RMB,1,Forecast,Bull,MODEL_P3,Medium,Phase 3 formula-driven forecast using G2-approved scenario drivers,,,,2025细分桥接为估算；合计严格等于公司实际收入。
CM_PHASE3_20260803,中国移动,中国移动有限公司（A股600941；H股941/80941）,China Mobile Limited及其附属公司合并口径,2025FY,Annual,REV_IOT,物联网收入估算,Forecast,IoT,12000.0,RMB mn,RMB,1,Estimated,Bull,MODEL_P3,Low,Phase 3 formula-driven forecast using G2-approved scenario drivers,,,,2025细分桥接为估算；合计严格等于公司实际收入。
CM_PHASE3_20260803,中国移动,中国移动有限公司（A股600941；H股941/80941）,China Mobile Limited及其附属公司合并口径,2025FY,Annual,REV_DEVICE_OTHER,终端、批发及其他业务收入,Forecast,Device & Other,154657.0,RMB mn,RMB,1,Forecast,Bull,MODEL_P3,Medium,Phase 3 formula-driven forecast using G2-approved scenario drivers,,,,2025细分桥接为估算；合计严格等于公司实际收入。
CM_PHASE3_20260803,中国移动,中国移动有限公司（A股600941；H股941/80941）,China Mobile Limited及其附属公司合并口径,2025FY,Annual,REV_MODEL_RESIDUAL,收入桥接及取整差额,Forecast,Group,30.0,RMB mn,RMB,1,Forecast,Bull,MODEL_P3,Medium,Phase 3 formula-driven forecast using G2-approved scenario drivers,,,,2025细分桥接为估算；合计严格等于公司实际收入。
CM_PHASE3_20260803,中国移动,中国移动有限公司（A股600941；H股941/80941）,China Mobile Limited及其附属公司合并口径,2025FY,Annual,FIN_REV_PRINCIPAL,主营业务收入,Forecast,Group,895530.0,RMB mn,RMB,1,Forecast,Bull,MODEL_P3,Medium,Phase 3 formula-driven forecast using G2-approved scenario drivers,,,,
CM_PHASE3_20260803,中国移动,中国移动有限公司（A股600941；H股941/80941）,China Mobile Limited及其附属公司合并口径,2025FY,Annual,FIN_REV_TOTAL,营业收入,Forecast,Group,1050187.0,RMB mn,RMB,1,Forecast,Bull,MODEL_P3,Medium,Phase 3 formula-driven forecast using G2-approved scenario drivers,,,,
CM_PHASE3_20260803,中国移动,中国移动有限公司（A股600941；H股941/80941）,China Mobile Limited及其附属公司合并口径,2025FY,Annual,COST_NETWORK,网络运行、维护及支撑成本,Forecast,Cost,285698.0,RMB mn,RMB,1,Forecast,Bull,MODEL_P3,Medium,Phase 3 formula-driven forecast using G2-approved scenario drivers,,,,
CM_PHASE3_20260803,中国移动,中国移动有限公司（A股600941；H股941/80941）,China Mobile Limited及其附属公司合并口径,2025FY,Annual,COST_DA,折旧及摊销,Forecast,Cost,189999.0,RMB mn,RMB,1,Forecast,Bull,MODEL_P3,Medium,Phase 3 formula-driven forecast using G2-approved scenario drivers,,,,
CM_PHASE3_20260803,中国移动,中国移动有限公司（A股600941；H股941/80941）,China Mobile Limited及其附属公司合并口径,2025FY,Annual,COST_EMPLOYEE,人工成本,Forecast,Cost,154104.0,RMB mn,RMB,1,Forecast,Bull,MODEL_P3,Medium,Phase 3 formula-driven forecast using G2-approved scenario drivers,,,,
CM_PHASE3_20260803,中国移动,中国移动有限公司（A股600941；H股941/80941）,China Mobile Limited及其附属公司合并口径,2025FY,Annual,COST_SELLING,销售费用,Forecast,Cost,56184.0,RMB mn,RMB,1,Forecast,Bull,MODEL_P3,Medium,Phase 3 formula-driven forecast using G2-approved scenario drivers,,,,
CM_PHASE3_20260803,中国移动,中国移动有限公司（A股600941；H股941/80941）,China Mobile Limited及其附属公司合并口径,2025FY,Annual,COST_PRODUCTS,产品销售成本,Forecast,Cost,152992.0,RMB mn,RMB,1,Forecast,Bull,MODEL_P3,Medium,Phase 3 formula-driven forecast using G2-approved scenario drivers,,,,
CM_PHASE3_20260803,中国移动,中国移动有限公司（A股600941；H股941/80941）,China Mobile Limited及其附属公司合并口径,2025FY,Annual,COST_OTHER_RESIDUAL,其他经营费用（扣除信用减值）,Forecast,Cost,53703.0,RMB mn,RMB,1,Forecast,Bull,MODEL_P3,Medium,Phase 3 formula-driven forecast using G2-approved scenario drivers,,,,
CM_PHASE3_20260803,中国移动,中国移动有限公司（A股600941；H股941/80941）,China Mobile Limited及其附属公司合并口径,2025FY,Annual,COST_CREDIT_NET,信用及合同资产减值净额,Forecast,Risk,8575.0,RMB mn,RMB,1,Forecast,Bull,MODEL_P3,Medium,Phase 3 formula-driven forecast using G2-approved scenario drivers,,,,
CM_PHASE3_20260803,中国移动,中国移动有限公司（A股600941；H股941/80941）,China Mobile Limited及其附属公司合并口径,2025FY,Annual,FIN_EBITDA,EBITDA,Forecast,Group,338931.0,RMB mn,RMB,1,Forecast,Bull,MODEL_P3,Medium,Phase 3 formula-driven forecast using G2-approved scenario drivers,,,,
CM_PHASE3_20260803,中国移动,中国移动有限公司（A股600941；H股941/80941）,China Mobile Limited及其附属公司合并口径,2025FY,Annual,FIN_EBIT,EBIT,Forecast,Group,148932.0,RMB mn,RMB,1,Forecast,Bull,MODEL_P3,Medium,Phase 3 formula-driven forecast using G2-approved scenario drivers,,,,
CM_PHASE3_20260803,中国移动,中国移动有限公司（A股600941；H股941/80941）,China Mobile Limited及其附属公司合并口径,2025FY,Annual,FIN_NONOP_INCOME,经营外收入净额,Forecast,Group,26676.0,RMB mn,RMB,1,Forecast,Bull,MODEL_P3,Medium,Phase 3 formula-driven forecast using G2-approved scenario drivers,,,,
CM_PHASE3_20260803,中国移动,中国移动有限公司（A股600941；H股941/80941）,China Mobile Limited及其附属公司合并口径,2025FY,Annual,FIN_PBT,税前利润,Forecast,Group,175608.0,RMB mn,RMB,1,Forecast,Bull,MODEL_P3,Medium,Phase 3 formula-driven forecast using G2-approved scenario drivers,,,,
CM_PHASE3_20260803,中国移动,中国移动有限公司（A股600941；H股941/80941）,China Mobile Limited及其附属公司合并口径,2025FY,Annual,FIN_TAX,所得税,Forecast,Group,38344.0,RMB mn,RMB,1,Forecast,Bull,MODEL_P3,Medium,Phase 3 formula-driven forecast using G2-approved scenario drivers,,,,
CM_PHASE3_20260803,中国移动,中国移动有限公司（A股600941；H股941/80941）,China Mobile Limited及其附属公司合并口径,2025FY,Annual,FIN_NET_PROFIT_PARENT,归母净利润,Forecast,Group,137095.0,RMB mn,RMB,1,Forecast,Bull,MODEL_P3,Medium,Phase 3 formula-driven forecast using G2-approved scenario drivers,,,,
CM_PHASE3_20260803,中国移动,中国移动有限公司（A股600941；H股941/80941）,China Mobile Limited及其附属公司合并口径,2025FY,Annual,CAPEX_COMPANY,公司口径资本开支,Forecast,Cash flow,150919.0,RMB mn,RMB,1,Forecast,Bull,MODEL_P3,Medium,Phase 3 formula-driven forecast using G2-approved scenario drivers,,,,
CM_PHASE3_20260803,中国移动,中国移动有限公司（A股600941；H股941/80941）,China Mobile Limited及其附属公司合并口径,2025FY,Annual,CF_CFO,经营活动现金流净额,Forecast,Cash flow,232919.0,RMB mn,RMB,1,Forecast,Bull,MODEL_P3,Medium,Phase 3 formula-driven forecast using G2-approved scenario drivers,,,,
CM_PHASE3_20260803,中国移动,中国移动有限公司（A股600941；H股941/80941）,China Mobile Limited及其附属公司合并口径,2025FY,Annual,CF_CASH_CONVERSION_ADJ,营运资本及其他现金转换调整,Forecast,Cash flow,73492.70356703567,RMB mn,RMB,1,Forecast,Bull,MODEL_P3,Medium,Phase 3 formula-driven forecast using G2-approved scenario drivers,,,,
CM_PHASE3_20260803,中国移动,中国移动有限公司（A股600941；H股941/80941）,China Mobile Limited及其附属公司合并口径,2025FY,Annual,CF_FCFF,自由现金流,Forecast,Cash flow,82000.0,RMB mn,RMB,1,Forecast,Bull,MODEL_P3,Medium,Phase 3 formula-driven forecast using G2-approved scenario drivers,,,,
CM_PHASE3_20260803,中国移动,中国移动有限公司（A股600941；H股941/80941）,China Mobile Limited及其附属公司合并口径,2025FY,Annual,DIV_PAYOUT,派息率,Forecast,Dividend,0.75,%,,1,Forecast,Bull,MODEL_P3,Medium,Phase 3 formula-driven forecast using G2-approved scenario drivers,,,,
CM_PHASE3_20260803,中国移动,中国移动有限公司（A股600941；H股941/80941）,China Mobile Limited及其附属公司合并口径,2025FY,Annual,DIV_CASH_FORECAST,预计现金分红,Forecast,Dividend,102821.25,RMB mn,RMB,1,Forecast,Bull,MODEL_P3,Medium,Phase 3 formula-driven forecast using G2-approved scenario drivers,,,,
CM_PHASE3_20260803,中国移动,中国移动有限公司（A股600941；H股941/80941）,China Mobile Limited及其附属公司合并口径,2025FY,Annual,EQ_SHARES_FORECAST,预计发行股份,Forecast,Equity,21644.606612,mn shares,,1,Forecast,Bull,MODEL_P3,Medium,Phase 3 formula-driven forecast using G2-approved scenario drivers,,,,
CM_PHASE3_20260803,中国移动,中国移动有限公司（A股600941；H股941/80941）,China Mobile Limited及其附属公司合并口径,2025FY,Annual,DIV_DPS,预计每股股息,Forecast,Dividend,5.27,HKD/share,HKD,1,Forecast,Bull,MODEL_P3,Medium,Phase 3 formula-driven forecast using G2-approved scenario drivers,,,,
CM_PHASE3_20260803,中国移动,中国移动有限公司（A股600941；H股941/80941）,China Mobile Limited及其附属公司合并口径,2025FY,Annual,FIN_EPS_BASIC,预计每股收益,Forecast,Equity,6.333910449728067,RMB/share,RMB,1,Forecast,Bull,MODEL_P3,Medium,Phase 3 formula-driven forecast using G2-approved scenario drivers,,,,
CM_PHASE3_20260803,中国移动,中国移动有限公司（A股600941；H股941/80941）,China Mobile Limited及其附属公司合并口径,2026E,Annual,REV_TOC_MOBILE,ToC移动通信收入,Forecast,ToC Mobile,465960.67656697385,RMB mn,RMB,1,Forecast,Bull,MODEL_P3,Medium,Phase 3 formula-driven forecast using G2-approved scenario drivers,,,,
CM_PHASE3_20260803,中国移动,中国移动有限公司（A股600941；H股941/80941）,China Mobile Limited及其附属公司合并口径,2026E,Annual,REV_HOME,家庭宽带与智慧家庭收入,Forecast,Home,149552.41525602606,RMB mn,RMB,1,Forecast,Bull,MODEL_P3,Medium,Phase 3 formula-driven forecast using G2-approved scenario drivers,,,,
CM_PHASE3_20260803,中国移动,中国移动有限公司（A股600941；H股941/80941）,China Mobile Limited及其附属公司合并口径,2026E,Annual,REV_ENTERPRISE_CONNECT,企业连接和传统网络收入,Forecast,Enterprise Connect,99364.14,RMB mn,RMB,1,Forecast,Bull,MODEL_P3,Medium,Phase 3 formula-driven forecast using G2-approved scenario drivers,,,,
CM_PHASE3_20260803,中国移动,中国移动有限公司（A股600941；H股941/80941）,China Mobile Limited及其附属公司合并口径,2026E,Annual,REV_CLOUD_NONAI,非AI云与数字化收入,Forecast,Cloud & Digital,49390.00000000001,RMB mn,RMB,1,Forecast,Bull,MODEL_P3,Medium,Phase 3 formula-driven forecast using G2-approved scenario drivers,,,,
CM_PHASE3_20260803,中国移动,中国移动有限公司（A股600941；H股941/80941）,China Mobile Limited及其附属公司合并口径,2026E,Annual,REV_AIDC,AIDC收入估算,Forecast,AI/AIDC,58370.0,RMB mn,RMB,1,Forecast,Bull,MODEL_P3,Low,Phase 3 formula-driven forecast using G2-approved scenario drivers,,,,
CM_PHASE3_20260803,中国移动,中国移动有限公司（A股600941；H股941/80941）,China Mobile Limited及其附属公司合并口径,2026E,Annual,REV_AI_SERVICE,智能服务收入,Forecast,AI services,102603.99999999999,RMB mn,RMB,1,Forecast,Bull,MODEL_P3,Medium,Phase 3 formula-driven forecast using G2-approved scenario drivers,,,,
CM_PHASE3_20260803,中国移动,中国移动有限公司（A股600941；H股941/80941）,China Mobile Limited及其附属公司合并口径,2026E,Annual,REV_IOT,物联网收入估算,Forecast,IoT,13020.0,RMB mn,RMB,1,Forecast,Bull,MODEL_P3,Low,Phase 3 formula-driven forecast using G2-approved scenario drivers,,,,
CM_PHASE3_20260803,中国移动,中国移动有限公司（A股600941；H股941/80941）,China Mobile Limited及其附属公司合并口径,2026E,Annual,REV_DEVICE_OTHER,终端、批发及其他业务收入,Forecast,Device & Other,160843.28,RMB mn,RMB,1,Forecast,Bull,MODEL_P3,Medium,Phase 3 formula-driven forecast using G2-approved scenario drivers,,,,
CM_PHASE3_20260803,中国移动,中国移动有限公司（A股600941；H股941/80941）,China Mobile Limited及其附属公司合并口径,2026E,Annual,REV_MODEL_RESIDUAL,收入桥接及取整差额,Forecast,Group,30.0,RMB mn,RMB,1,Forecast,Bull,MODEL_P3,Medium,Phase 3 formula-driven forecast using G2-approved scenario drivers,,,,
CM_PHASE3_20260803,中国移动,中国移动有限公司（A股600941；H股941/80941）,China Mobile Limited及其附属公司合并口径,2026E,Annual,FIN_REV_PRINCIPAL,主营业务收入,Forecast,Group,938291.2318229999,RMB mn,RMB,1,Forecast,Bull,MODEL_P3,Medium,Phase 3 formula-driven forecast using G2-approved scenario drivers,,,,
CM_PHASE3_20260803,中国移动,中国移动有限公司（A股600941；H股941/80941）,China Mobile Limited及其附属公司合并口径,2026E,Annual,FIN_REV_TOTAL,营业收入,Forecast,Group,1099134.511823,RMB mn,RMB,1,Forecast,Bull,MODEL_P3,Medium,Phase 3 formula-driven forecast using G2-approved scenario drivers,,,,
CM_PHASE3_20260803,中国移动,中国移动有限公司（A股600941；H股941/80941）,China Mobile Limited及其附属公司合并口径,2026E,Annual,COST_NETWORK,网络运行、维护及支撑成本,Forecast,Cost,305559.394286794,RMB mn,RMB,1,Forecast,Bull,MODEL_P3,Medium,Phase 3 formula-driven forecast using G2-approved scenario drivers,,,,
CM_PHASE3_20260803,中国移动,中国移动有限公司（A股600941；H股941/80941）,China Mobile Limited及其附属公司合并口径,2026E,Annual,COST_DA,折旧及摊销,Forecast,Cost,188199.03,RMB mn,RMB,1,Forecast,Bull,MODEL_P3,Medium,Phase 3 formula-driven forecast using G2-approved scenario drivers,,,,
CM_PHASE3_20260803,中国移动,中国移动有限公司（A股600941；H股941/80941）,China Mobile Limited及其附属公司合并口径,2026E,Annual,COST_EMPLOYEE,人工成本,Forecast,Cost,159374.50421433497,RMB mn,RMB,1,Forecast,Bull,MODEL_P3,Medium,Phase 3 formula-driven forecast using G2-approved scenario drivers,,,,
CM_PHASE3_20260803,中国移动,中国移动有限公司（A股600941；H股941/80941）,China Mobile Limited及其附属公司合并口径,2026E,Annual,COST_SELLING,销售费用,Forecast,Cost,57154.99461479599,RMB mn,RMB,1,Forecast,Bull,MODEL_P3,Medium,Phase 3 formula-driven forecast using G2-approved scenario drivers,,,,
CM_PHASE3_20260803,中国移动,中国移动有限公司（A股600941；H股941/80941）,China Mobile Limited及其附属公司合并口径,2026E,Annual,COST_PRODUCTS,产品销售成本,Forecast,Cost,158591.47407999999,RMB mn,RMB,1,Forecast,Bull,MODEL_P3,Medium,Phase 3 formula-driven forecast using G2-approved scenario drivers,,,,
CM_PHASE3_20260803,中国移动,中国移动有限公司（A股600941；H股941/80941）,China Mobile Limited及其附属公司合并口径,2026E,Annual,COST_OTHER_RESIDUAL,其他经营费用（扣除信用减值）,Forecast,Cost,54956.725591149996,RMB mn,RMB,1,Forecast,Bull,MODEL_P3,Medium,Phase 3 formula-driven forecast using G2-approved scenario drivers,,,,
CM_PHASE3_20260803,中国移动,中国移动有限公司（A股600941；H股941/80941）,China Mobile Limited及其附属公司合并口径,2026E,Annual,COST_CREDIT_NET,信用及合同资产减值净额,Forecast,Risk,8793.076094584,RMB mn,RMB,1,Forecast,Bull,MODEL_P3,Medium,Phase 3 formula-driven forecast using G2-approved scenario drivers,,,,
CM_PHASE3_20260803,中国移动,中国移动有限公司（A股600941；H股941/80941）,China Mobile Limited及其附属公司合并口径,2026E,Annual,FIN_EBITDA,EBITDA,Forecast,Group,354704.3429413409,RMB mn,RMB,1,Forecast,Bull,MODEL_P3,Medium,Phase 3 formula-driven forecast using G2-approved scenario drivers,,,,
CM_PHASE3_20260803,中国移动,中国移动有限公司（A股600941；H股941/80941）,China Mobile Limited及其附属公司合并口径,2026E,Annual,FIN_EBIT,EBIT,Forecast,Group,166505.3129413409,RMB mn,RMB,1,Forecast,Bull,MODEL_P3,Medium,Phase 3 formula-driven forecast using G2-approved scenario drivers,,,,
CM_PHASE3_20260803,中国移动,中国移动有限公司（A股600941；H股941/80941）,China Mobile Limited及其附属公司合并口径,2026E,Annual,FIN_NONOP_INCOME,经营外收入净额,Forecast,Group,29676.631819221,RMB mn,RMB,1,Forecast,Bull,MODEL_P3,Medium,Phase 3 formula-driven forecast using G2-approved scenario drivers,,,,
CM_PHASE3_20260803,中国移动,中国移动有限公司（A股600941；H股941/80941）,China Mobile Limited及其附属公司合并口径,2026E,Annual,FIN_PBT,税前利润,Forecast,Group,196181.9447605619,RMB mn,RMB,1,Forecast,Bull,MODEL_P3,Medium,Phase 3 formula-driven forecast using G2-approved scenario drivers,,,,
CM_PHASE3_20260803,中国移动,中国移动有限公司（A股600941；H股941/80941）,China Mobile Limited及其附属公司合并口径,2026E,Annual,FIN_TAX,所得税,Forecast,Group,42179.118123520806,RMB mn,RMB,1,Forecast,Bull,MODEL_P3,Medium,Phase 3 formula-driven forecast using G2-approved scenario drivers,,,,
CM_PHASE3_20260803,中国移动,中国移动有限公司（A股600941；H股941/80941）,China Mobile Limited及其附属公司合并口径,2026E,Annual,FIN_NET_PROFIT_PARENT,归母净利润,Forecast,Group,153832.8266370411,RMB mn,RMB,1,Forecast,Bull,MODEL_P3,Medium,Phase 3 formula-driven forecast using G2-approved scenario drivers,,,,
CM_PHASE3_20260803,中国移动,中国移动有限公司（A股600941；H股941/80941）,China Mobile Limited及其附属公司合并口径,2026E,Annual,CAPEX_COMPANY,公司口径资本开支,Forecast,Cash flow,130000.0,RMB mn,RMB,1,Forecast,Bull,MODEL_P3,Medium,Phase 3 formula-driven forecast using G2-approved scenario drivers,,,,
CM_PHASE3_20260803,中国移动,中国移动有限公司（A股600941；H股941/80941）,China Mobile Limited及其附属公司合并口径,2026E,Annual,CF_CFO,经营活动现金流净额,Forecast,Cash flow,286178.82570601493,RMB mn,RMB,1,Forecast,Bull,MODEL_P3,Medium,Phase 3 formula-driven forecast using G2-approved scenario drivers,,,,
CM_PHASE3_20260803,中国移动,中国移动有限公司（A股600941；H股941/80941）,China Mobile Limited及其附属公司合并口径,2026E,Annual,CF_CASH_CONVERSION_ADJ,营运资本及其他现金转换调整,Forecast,Cash flow,32726.87495293765,RMB mn,RMB,1,Forecast,Bull,MODEL_P3,Medium,Phase 3 formula-driven forecast using G2-approved scenario drivers,,,,
CM_PHASE3_20260803,中国移动,中国移动有限公司（A股600941；H股941/80941）,China Mobile Limited及其附属公司合并口径,2026E,Annual,CF_FCFF,自由现金流,Forecast,Cash flow,156178.82570601493,RMB mn,RMB,1,Forecast,Bull,MODEL_P3,Medium,Phase 3 formula-driven forecast using G2-approved scenario drivers,,,,
CM_PHASE3_20260803,中国移动,中国移动有限公司（A股600941；H股941/80941）,China Mobile Limited及其附属公司合并口径,2026E,Annual,DIV_PAYOUT,派息率,Forecast,Dividend,0.764,%,,1,Forecast,Bull,MODEL_P3,Medium,Phase 3 formula-driven forecast using G2-approved scenario drivers,,,,
CM_PHASE3_20260803,中国移动,中国移动有限公司（A股600941；H股941/80941）,China Mobile Limited及其附属公司合并口径,2026E,Annual,DIV_CASH_FORECAST,预计现金分红,Forecast,Dividend,117528.27955069939,RMB mn,RMB,1,Forecast,Bull,MODEL_P3,Medium,Phase 3 formula-driven forecast using G2-approved scenario drivers,,,,
CM_PHASE3_20260803,中国移动,中国移动有限公司（A股600941；H股941/80941）,China Mobile Limited及其附属公司合并口径,2026E,Annual,EQ_SHARES_FORECAST,预计发行股份,Forecast,Equity,21683.696323,mn shares,,1,Forecast,Bull,MODEL_P3,Medium,Phase 3 formula-driven forecast using G2-approved scenario drivers,,,,
CM_PHASE3_20260803,中国移动,中国移动有限公司（A股600941；H股941/80941）,China Mobile Limited及其附属公司合并口径,2026E,Annual,DIV_DPS,预计每股股息,Forecast,Dividend,6.012934807231122,HKD/share,HKD,1,Forecast,Bull,MODEL_P3,Medium,Phase 3 formula-driven forecast using G2-approved scenario drivers,,,,
CM_PHASE3_20260803,中国移动,中国移动有限公司（A股600941；H股941/80941）,China Mobile Limited及其附属公司合并口径,2026E,Annual,FIN_EPS_BASIC,预计每股收益,Forecast,Equity,7.094400527730591,RMB/share,RMB,1,Forecast,Bull,MODEL_P3,Medium,Phase 3 formula-driven forecast using G2-approved scenario drivers,,,,
CM_PHASE3_20260803,中国移动,中国移动有限公司（A股600941；H股941/80941）,China Mobile Limited及其附属公司合并口径,2027E,Annual,REV_TOC_MOBILE,ToC移动通信收入,Forecast,ToC Mobile,472506.9581120632,RMB mn,RMB,1,Forecast,Bull,MODEL_P3,Medium,Phase 3 formula-driven forecast using G2-approved scenario drivers,,,,
CM_PHASE3_20260803,中国移动,中国移动有限公司（A股600941；H股941/80941）,China Mobile Limited及其附属公司合并口径,2027E,Annual,REV_HOME,家庭宽带与智慧家庭收入,Forecast,Home,160200.54722225515,RMB mn,RMB,1,Forecast,Bull,MODEL_P3,Medium,Phase 3 formula-driven forecast using G2-approved scenario drivers,,,,
CM_PHASE3_20260803,中国移动,中国移动有限公司（A股600941；H股941/80941）,China Mobile Limited及其附属公司合并口径,2027E,Annual,REV_ENTERPRISE_CONNECT,企业连接和传统网络收入,Forecast,Enterprise Connect,102841.88489999999,RMB mn,RMB,1,Forecast,Bull,MODEL_P3,Medium,Phase 3 formula-driven forecast using G2-approved scenario drivers,,,,
CM_PHASE3_20260803,中国移动,中国移动有限公司（A股600941；H股941/80941）,China Mobile Limited及其附属公司合并口径,2027E,Annual,REV_CLOUD_NONAI,非AI云与数字化收入,Forecast,Cloud & Digital,53835.10000000001,RMB mn,RMB,1,Forecast,Bull,MODEL_P3,Medium,Phase 3 formula-driven forecast using G2-approved scenario drivers,,,,
CM_PHASE3_20260803,中国移动,中国移动有限公司（A股600941；H股941/80941）,China Mobile Limited及其附属公司合并口径,2027E,Annual,REV_AIDC,AIDC收入估算,Forecast,AI/AIDC,74129.9,RMB mn,RMB,1,Forecast,Bull,MODEL_P3,Low,Phase 3 formula-driven forecast using G2-approved scenario drivers,,,,
CM_PHASE3_20260803,中国移动,中国移动有限公司（A股600941；H股941/80941）,China Mobile Limited及其附属公司合并口径,2027E,Annual,REV_AI_SERVICE,智能服务收入,Forecast,AI services,114875.43839999997,RMB mn,RMB,1,Forecast,Bull,MODEL_P3,Medium,Phase 3 formula-driven forecast using G2-approved scenario drivers,,,,
CM_PHASE3_20260803,中国移动,中国移动有限公司（A股600941；H股941/80941）,China Mobile Limited及其附属公司合并口径,2027E,Annual,REV_IOT,物联网收入估算,Forecast,IoT,14016.03,RMB mn,RMB,1,Forecast,Bull,MODEL_P3,Low,Phase 3 formula-driven forecast using G2-approved scenario drivers,,,,
CM_PHASE3_20260803,中国移动,中国移动有限公司（A股600941；H股941/80941）,China Mobile Limited及其附属公司合并口径,2027E,Annual,REV_DEVICE_OTHER,终端、批发及其他业务收入,Forecast,Device & Other,167277.0112,RMB mn,RMB,1,Forecast,Bull,MODEL_P3,Medium,Phase 3 formula-driven forecast using G2-approved scenario drivers,,,,
CM_PHASE3_20260803,中国移动,中国移动有限公司（A股600941；H股941/80941）,China Mobile Limited及其附属公司合并口径,2027E,Annual,REV_MODEL_RESIDUAL,收入桥接及取整差额,Forecast,Group,30.0,RMB mn,RMB,1,Forecast,Bull,MODEL_P3,Medium,Phase 3 formula-driven forecast using G2-approved scenario drivers,,,,
CM_PHASE3_20260803,中国移动,中国移动有限公司（A股600941；H股941/80941）,China Mobile Limited及其附属公司合并口径,2027E,Annual,FIN_REV_PRINCIPAL,主营业务收入,Forecast,Group,992435.8586343182,RMB mn,RMB,1,Forecast,Bull,MODEL_P3,Medium,Phase 3 formula-driven forecast using G2-approved scenario drivers,,,,
CM_PHASE3_20260803,中国移动,中国移动有限公司（A股600941；H股941/80941）,China Mobile Limited及其附属公司合并口径,2027E,Annual,FIN_REV_TOTAL,营业收入,Forecast,Group,1159712.8698343183,RMB mn,RMB,1,Forecast,Bull,MODEL_P3,Medium,Phase 3 formula-driven forecast using G2-approved scenario drivers,,,,
CM_PHASE3_20260803,中国移动,中国移动有限公司（A股600941；H股941/80941）,China Mobile Limited及其附属公司合并口径,2027E,Annual,COST_NETWORK,网络运行、维护及支撑成本,Forecast,Cost,317181.46989968605,RMB mn,RMB,1,Forecast,Bull,MODEL_P3,Medium,Phase 3 formula-driven forecast using G2-approved scenario drivers,,,,
CM_PHASE3_20260803,中国移动,中国移动有限公司（A股600941；H股941/80941）,China Mobile Limited及其附属公司合并口径,2027E,Annual,COST_DA,折旧及摊销,Forecast,Cost,186721.28970626413,RMB mn,RMB,1,Forecast,Bull,MODEL_P3,Medium,Phase 3 formula-driven forecast using G2-approved scenario drivers,,,,
CM_PHASE3_20260803,中国移动,中国移动有限公司（A股600941；H股941/80941）,China Mobile Limited及其附属公司合并口径,2027E,Annual,COST_EMPLOYEE,人工成本,Forecast,Cost,166708.72503868325,RMB mn,RMB,1,Forecast,Bull,MODEL_P3,Medium,Phase 3 formula-driven forecast using G2-approved scenario drivers,,,,
CM_PHASE3_20260803,中国移动,中国移动有限公司（A股600941；H股941/80941）,China Mobile Limited及其附属公司合并口径,2027E,Annual,COST_SELLING,销售费用,Forecast,Cost,59725.212796467385,RMB mn,RMB,1,Forecast,Bull,MODEL_P3,Medium,Phase 3 formula-driven forecast using G2-approved scenario drivers,,,,
CM_PHASE3_20260803,中国移动,中国移动有限公司（A股600941；H股941/80941）,China Mobile Limited及其附属公司合并口径,2027E,Annual,COST_PRODUCTS,产品销售成本,Forecast,Cost,164935.1330432,RMB mn,RMB,1,Forecast,Bull,MODEL_P3,Medium,Phase 3 formula-driven forecast using G2-approved scenario drivers,,,,
CM_PHASE3_20260803,中国移动,中国移动有限公司（A股600941；H股941/80941）,China Mobile Limited及其附属公司合并口径,2027E,Annual,COST_OTHER_RESIDUAL,其他经营费用（扣除信用减值）,Forecast,Cost,57405.787056798756,RMB mn,RMB,1,Forecast,Bull,MODEL_P3,Medium,Phase 3 formula-driven forecast using G2-approved scenario drivers,,,,
CM_PHASE3_20260803,中国移动,中国移动有限公司（A股600941；H股941/80941）,China Mobile Limited及其附属公司合并口径,2027E,Annual,COST_CREDIT_NET,信用及合同资产减值净额,Forecast,Risk,8987.774741215966,RMB mn,RMB,1,Forecast,Bull,MODEL_P3,Medium,Phase 3 formula-driven forecast using G2-approved scenario drivers,,,,
CM_PHASE3_20260803,中国移动,中国移动有限公司（A股600941；H股941/80941）,China Mobile Limited及其附属公司合并口径,2027E,Annual,FIN_EBITDA,EBITDA,Forecast,Group,384768.7672582668,RMB mn,RMB,1,Forecast,Bull,MODEL_P3,Medium,Phase 3 formula-driven forecast using G2-approved scenario drivers,,,,
CM_PHASE3_20260803,中国移动,中国移动有限公司（A股600941；H股941/80941）,China Mobile Limited及其附属公司合并口径,2027E,Annual,FIN_EBIT,EBIT,Forecast,Group,198047.4775520027,RMB mn,RMB,1,Forecast,Bull,MODEL_P3,Medium,Phase 3 formula-driven forecast using G2-approved scenario drivers,,,,
CM_PHASE3_20260803,中国移动,中国移动有限公司（A股600941；H股941/80941）,China Mobile Limited及其附属公司合并口径,2027E,Annual,FIN_NONOP_INCOME,经营外收入净额,Forecast,Group,31312.247485526594,RMB mn,RMB,1,Forecast,Bull,MODEL_P3,Medium,Phase 3 formula-driven forecast using G2-approved scenario drivers,,,,
CM_PHASE3_20260803,中国移动,中国移动有限公司（A股600941；H股941/80941）,China Mobile Limited及其附属公司合并口径,2027E,Annual,FIN_PBT,税前利润,Forecast,Group,229359.7250375293,RMB mn,RMB,1,Forecast,Bull,MODEL_P3,Medium,Phase 3 formula-driven forecast using G2-approved scenario drivers,,,,
CM_PHASE3_20260803,中国移动,中国移动有限公司（A股600941；H股941/80941）,China Mobile Limited及其附属公司合并口径,2027E,Annual,FIN_TAX,所得税,Forecast,Group,49312.3408830688,RMB mn,RMB,1,Forecast,Bull,MODEL_P3,Medium,Phase 3 formula-driven forecast using G2-approved scenario drivers,,,,
CM_PHASE3_20260803,中国移动,中国移动有限公司（A股600941；H股941/80941）,China Mobile Limited及其附属公司合并口径,2027E,Annual,FIN_NET_PROFIT_PARENT,归母净利润,Forecast,Group,179877.3841544605,RMB mn,RMB,1,Forecast,Bull,MODEL_P3,Medium,Phase 3 formula-driven forecast using G2-approved scenario drivers,,,,
CM_PHASE3_20260803,中国移动,中国移动有限公司（A股600941；H股941/80941）,China Mobile Limited及其附属公司合并口径,2027E,Annual,CAPEX_COMPANY,公司口径资本开支,Forecast,Cash flow,138941.02020880458,RMB mn,RMB,1,Forecast,Bull,MODEL_P3,Medium,Phase 3 formula-driven forecast using G2-approved scenario drivers,,,,
CM_PHASE3_20260803,中国移动,中国移动有限公司（A股600941；H股941/80941）,China Mobile Limited及其附属公司合并口径,2027E,Annual,CF_CFO,经营活动现金流净额,Forecast,Cash flow,313857.84029310313,RMB mn,RMB,1,Forecast,Bull,MODEL_P3,Medium,Phase 3 formula-driven forecast using G2-approved scenario drivers,,,,
CM_PHASE3_20260803,中国移动,中国移动有限公司（A股600941；H股941/80941）,China Mobile Limited及其附属公司合并口径,2027E,Annual,CF_CASH_CONVERSION_ADJ,营运资本及其他现金转换调整,Forecast,Cash flow,28330.71929148317,RMB mn,RMB,1,Forecast,Bull,MODEL_P3,Medium,Phase 3 formula-driven forecast using G2-approved scenario drivers,,,,
CM_PHASE3_20260803,中国移动,中国移动有限公司（A股600941；H股941/80941）,China Mobile Limited及其附属公司合并口径,2027E,Annual,CF_FCFF,自由现金流,Forecast,Cash flow,174916.82008429855,RMB mn,RMB,1,Forecast,Bull,MODEL_P3,Medium,Phase 3 formula-driven forecast using G2-approved scenario drivers,,,,
CM_PHASE3_20260803,中国移动,中国移动有限公司（A股600941；H股941/80941）,China Mobile Limited及其附属公司合并口径,2027E,Annual,DIV_PAYOUT,派息率,Forecast,Dividend,0.778,%,,1,Forecast,Bull,MODEL_P3,Medium,Phase 3 formula-driven forecast using G2-approved scenario drivers,,,,
CM_PHASE3_20260803,中国移动,中国移动有限公司（A股600941；H股941/80941）,China Mobile Limited及其附属公司合并口径,2027E,Annual,DIV_CASH_FORECAST,预计现金分红,Forecast,Dividend,139944.60487217028,RMB mn,RMB,1,Forecast,Bull,MODEL_P3,Medium,Phase 3 formula-driven forecast using G2-approved scenario drivers,,,,
CM_PHASE3_20260803,中国移动,中国移动有限公司（A股600941；H股941/80941）,China Mobile Limited及其附属公司合并口径,2027E,Annual,EQ_SHARES_FORECAST,预计发行股份,Forecast,Equity,21763.696323,mn shares,,1,Forecast,Bull,MODEL_P3,Medium,Phase 3 formula-driven forecast using G2-approved scenario drivers,,,,
CM_PHASE3_20260803,中国移动,中国移动有限公司（A股600941；H股941/80941）,China Mobile Limited及其附属公司合并口径,2027E,Annual,DIV_DPS,预计每股股息,Forecast,Dividend,7.1334715867588,HKD/share,HKD,1,Forecast,Bull,MODEL_P3,Medium,Phase 3 formula-driven forecast using G2-approved scenario drivers,,,,
CM_PHASE3_20260803,中国移动,中国移动有限公司（A股600941；H股941/80941）,China Mobile Limited及其附属公司合并口径,2027E,Annual,FIN_EPS_BASIC,预计每股收益,Forecast,Equity,8.265019943527012,RMB/share,RMB,1,Forecast,Bull,MODEL_P3,Medium,Phase 3 formula-driven forecast using G2-approved scenario drivers,,,,
CM_PHASE3_20260803,中国移动,中国移动有限公司（A股600941；H股941/80941）,China Mobile Limited及其附属公司合并口径,2028E,Annual,REV_TOC_MOBILE,ToC移动通信收入,Forecast,ToC Mobile,479145.20836657943,RMB mn,RMB,1,Forecast,Bull,MODEL_P3,Medium,Phase 3 formula-driven forecast using G2-approved scenario drivers,,,,
CM_PHASE3_20260803,中国移动,中国移动有限公司（A股600941；H股941/80941）,China Mobile Limited及其附属公司合并口径,2028E,Annual,REV_HOME,家庭宽带与智慧家庭收入,Forecast,Home,171606.82618447972,RMB mn,RMB,1,Forecast,Bull,MODEL_P3,Medium,Phase 3 formula-driven forecast using G2-approved scenario drivers,,,,
CM_PHASE3_20260803,中国移动,中国移动有限公司（A股600941；H股941/80941）,China Mobile Limited及其附属公司合并口径,2028E,Annual,REV_ENTERPRISE_CONNECT,企业连接和传统网络收入,Forecast,Enterprise Connect,106441.35087149998,RMB mn,RMB,1,Forecast,Bull,MODEL_P3,Medium,Phase 3 formula-driven forecast using G2-approved scenario drivers,,,,
CM_PHASE3_20260803,中国移动,中国移动有限公司（A股600941；H股941/80941）,China Mobile Limited及其附属公司合并口径,2028E,Annual,REV_CLOUD_NONAI,非AI云与数字化收入,Forecast,Cloud & Digital,58141.90800000002,RMB mn,RMB,1,Forecast,Bull,MODEL_P3,Medium,Phase 3 formula-driven forecast using G2-approved scenario drivers,,,,
CM_PHASE3_20260803,中国移动,中国移动有限公司（A股600941；H股941/80941）,China Mobile Limited及其附属公司合并口径,2028E,Annual,REV_AIDC,AIDC收入估算,Forecast,AI/AIDC,91921.07599999999,RMB mn,RMB,1,Forecast,Bull,MODEL_P3,Low,Phase 3 formula-driven forecast using G2-approved scenario drivers,,,,
CM_PHASE3_20260803,中国移动,中国移动有限公司（A股600941；H股941/80941）,China Mobile Limited及其附属公司合并口径,2028E,Annual,REV_AI_SERVICE,智能服务收入,Forecast,AI services,127419.83627327996,RMB mn,RMB,1,Forecast,Bull,MODEL_P3,Medium,Phase 3 formula-driven forecast using G2-approved scenario drivers,,,,
CM_PHASE3_20260803,中国移动,中国移动有限公司（A股600941；H股941/80941）,China Mobile Limited及其附属公司合并口径,2028E,Annual,REV_IOT,物联网收入估算,Forecast,IoT,14969.120040000002,RMB mn,RMB,1,Forecast,Bull,MODEL_P3,Low,Phase 3 formula-driven forecast using G2-approved scenario drivers,,,,
CM_PHASE3_20260803,中国移动,中国移动有限公司（A股600941；H股941/80941）,China Mobile Limited及其附属公司合并口径,2028E,Annual,REV_DEVICE_OTHER,终端、批发及其他业务收入,Forecast,Device & Other,173968.091648,RMB mn,RMB,1,Forecast,Bull,MODEL_P3,Medium,Phase 3 formula-driven forecast using G2-approved scenario drivers,,,,
CM_PHASE3_20260803,中国移动,中国移动有限公司（A股600941；H股941/80941）,China Mobile Limited及其附属公司合并口径,2028E,Annual,REV_MODEL_RESIDUAL,收入桥接及取整差额,Forecast,Group,30.0,RMB mn,RMB,1,Forecast,Bull,MODEL_P3,Medium,Phase 3 formula-driven forecast using G2-approved scenario drivers,,,,
CM_PHASE3_20260803,中国移动,中国移动有限公司（A股600941；H股941/80941）,China Mobile Limited及其附属公司合并口径,2028E,Annual,FIN_REV_PRINCIPAL,主营业务收入,Forecast,Group,1049675.325735839,RMB mn,RMB,1,Forecast,Bull,MODEL_P3,Medium,Phase 3 formula-driven forecast using G2-approved scenario drivers,,,,
CM_PHASE3_20260803,中国移动,中国移动有限公司（A股600941；H股941/80941）,China Mobile Limited及其附属公司合并口径,2028E,Annual,FIN_REV_TOTAL,营业收入,Forecast,Group,1223643.4173838391,RMB mn,RMB,1,Forecast,Bull,MODEL_P3,Medium,Phase 3 formula-driven forecast using G2-approved scenario drivers,,,,
CM_PHASE3_20260803,中国移动,中国移动有限公司（A股600941；H股941/80941）,China Mobile Limited及其附属公司合并口径,2028E,Annual,COST_NETWORK,网络运行、维护及支撑成本,Forecast,Cost,329160.07927625277,RMB mn,RMB,1,Forecast,Bull,MODEL_P3,Medium,Phase 3 formula-driven forecast using G2-approved scenario drivers,,,,
CM_PHASE3_20260803,中国移动,中国移动有限公司（A股600941；H股941/80941）,China Mobile Limited及其附属公司合并口径,2028E,Annual,COST_DA,折旧及摊销,Forecast,Cost,195782.94678141427,RMB mn,RMB,1,Forecast,Bull,MODEL_P3,Medium,Phase 3 formula-driven forecast using G2-approved scenario drivers,,,,
CM_PHASE3_20260803,中国移动,中国移动有限公司（A股600941；H股941/80941）,China Mobile Limited及其附属公司合并口径,2028E,Annual,COST_EMPLOYEE,人工成本,Forecast,Cost,174369.1869771971,RMB mn,RMB,1,Forecast,Bull,MODEL_P3,Medium,Phase 3 formula-driven forecast using G2-approved scenario drivers,,,,
CM_PHASE3_20260803,中国移动,中国移动有限公司（A股600941；H股941/80941）,China Mobile Limited及其附属公司合并口径,2028E,Annual,COST_SELLING,销售费用,Forecast,Cost,62405.8142865758,RMB mn,RMB,1,Forecast,Bull,MODEL_P3,Medium,Phase 3 formula-driven forecast using G2-approved scenario drivers,,,,
CM_PHASE3_20260803,中国移动,中国移动有限公司（A股600941；H股941/80941）,China Mobile Limited及其附属公司合并口径,2028E,Annual,COST_PRODUCTS,产品销售成本,Forecast,Cost,171532.538364928,RMB mn,RMB,1,Forecast,Bull,MODEL_P3,Medium,Phase 3 formula-driven forecast using G2-approved scenario drivers,,,,
CM_PHASE3_20260803,中国移动,中国移动有限公司（A股600941；H股941/80941）,China Mobile Limited及其附属公司合并口径,2028E,Annual,COST_OTHER_RESIDUAL,其他经营费用（扣除信用减值）,Forecast,Cost,59958.52745180812,RMB mn,RMB,1,Forecast,Bull,MODEL_P3,Medium,Phase 3 formula-driven forecast using G2-approved scenario drivers,,,,
CM_PHASE3_20260803,中国移动,中国移动有限公司（A股600941；H股941/80941）,China Mobile Limited及其附属公司合并口径,2028E,Annual,COST_CREDIT_NET,信用及合同资产减值净额,Forecast,Risk,9177.325630378793,RMB mn,RMB,1,Forecast,Bull,MODEL_P3,Medium,Phase 3 formula-driven forecast using G2-approved scenario drivers,,,,
CM_PHASE3_20260803,中国移动,中国移动有限公司（A股600941；H股941/80941）,China Mobile Limited及其附属公司合并口径,2028E,Annual,FIN_EBITDA,EBITDA,Forecast,Group,417039.94539669855,RMB mn,RMB,1,Forecast,Bull,MODEL_P3,Medium,Phase 3 formula-driven forecast using G2-approved scenario drivers,,,,
CM_PHASE3_20260803,中国移动,中国移动有限公司（A股600941；H股941/80941）,China Mobile Limited及其附属公司合并口径,2028E,Annual,FIN_EBIT,EBIT,Forecast,Group,221256.9986152843,RMB mn,RMB,1,Forecast,Bull,MODEL_P3,Medium,Phase 3 formula-driven forecast using G2-approved scenario drivers,,,,
CM_PHASE3_20260803,中国移动,中国移动有限公司（A股600941；H股941/80941）,China Mobile Limited及其附属公司合并口径,2028E,Annual,FIN_NONOP_INCOME,经营外收入净额,Forecast,Group,33038.37226936366,RMB mn,RMB,1,Forecast,Bull,MODEL_P3,Medium,Phase 3 formula-driven forecast using G2-approved scenario drivers,,,,
CM_PHASE3_20260803,中国移动,中国移动有限公司（A股600941；H股941/80941）,China Mobile Limited及其附属公司合并口径,2028E,Annual,FIN_PBT,税前利润,Forecast,Group,254295.37088464797,RMB mn,RMB,1,Forecast,Bull,MODEL_P3,Medium,Phase 3 formula-driven forecast using G2-approved scenario drivers,,,,
CM_PHASE3_20260803,中国移动,中国移动有限公司（A股600941；H股941/80941）,China Mobile Limited及其附属公司合并口径,2028E,Annual,FIN_TAX,所得税,Forecast,Group,54673.504740199314,RMB mn,RMB,1,Forecast,Bull,MODEL_P3,Medium,Phase 3 formula-driven forecast using G2-approved scenario drivers,,,,
CM_PHASE3_20260803,中国移动,中国移动有限公司（A股600941；H股941/80941）,China Mobile Limited及其附属公司合并口径,2028E,Annual,FIN_NET_PROFIT_PARENT,归母净利润,Forecast,Group,199451.86614444866,RMB mn,RMB,1,Forecast,Bull,MODEL_P3,Medium,Phase 3 formula-driven forecast using G2-approved scenario drivers,,,,
CM_PHASE3_20260803,中国移动,中国移动有限公司（A股600941；H股941/80941）,China Mobile Limited及其附属公司合并口径,2028E,Annual,CAPEX_COMPANY,公司口径资本开支,Forecast,Cash flow,146954.5456030175,RMB mn,RMB,1,Forecast,Bull,MODEL_P3,Medium,Phase 3 formula-driven forecast using G2-approved scenario drivers,,,,
CM_PHASE3_20260803,中国移动,中国移动有限公司（A股600941；H股941/80941）,China Mobile Limited及其附属公司合并口径,2028E,Annual,CF_CFO,经营活动现金流净额,Forecast,Cash flow,343768.6691784873,RMB mn,RMB,1,Forecast,Bull,MODEL_P3,Medium,Phase 3 formula-driven forecast using G2-approved scenario drivers,,,,
CM_PHASE3_20260803,中国移动,中国移动有限公司（A股600941；H股941/80941）,China Mobile Limited及其附属公司合并口径,2028E,Annual,CF_CASH_CONVERSION_ADJ,营运资本及其他现金转换调整,Forecast,Cash flow,25701.021515925124,RMB mn,RMB,1,Forecast,Bull,MODEL_P3,Medium,Phase 3 formula-driven forecast using G2-approved scenario drivers,,,,
CM_PHASE3_20260803,中国移动,中国移动有限公司（A股600941；H股941/80941）,China Mobile Limited及其附属公司合并口径,2028E,Annual,CF_FCFF,自由现金流,Forecast,Cash flow,196814.12357546983,RMB mn,RMB,1,Forecast,Bull,MODEL_P3,Medium,Phase 3 formula-driven forecast using G2-approved scenario drivers,,,,
CM_PHASE3_20260803,中国移动,中国移动有限公司（A股600941；H股941/80941）,China Mobile Limited及其附属公司合并口径,2028E,Annual,DIV_PAYOUT,派息率,Forecast,Dividend,0.7919999999999999,%,,1,Forecast,Bull,MODEL_P3,Medium,Phase 3 formula-driven forecast using G2-approved scenario drivers,,,,
CM_PHASE3_20260803,中国移动,中国移动有限公司（A股600941；H股941/80941）,China Mobile Limited及其附属公司合并口径,2028E,Annual,DIV_CASH_FORECAST,预计现金分红,Forecast,Dividend,157965.87798640333,RMB mn,RMB,1,Forecast,Bull,MODEL_P3,Medium,Phase 3 formula-driven forecast using G2-approved scenario drivers,,,,
CM_PHASE3_20260803,中国移动,中国移动有限公司（A股600941；H股941/80941）,China Mobile Limited及其附属公司合并口径,2028E,Annual,EQ_SHARES_FORECAST,预计发行股份,Forecast,Equity,21843.696323,mn shares,,1,Forecast,Bull,MODEL_P3,Medium,Phase 3 formula-driven forecast using G2-approved scenario drivers,,,,
CM_PHASE3_20260803,中国移动,中国移动有限公司（A股600941；H股941/80941）,China Mobile Limited及其附属公司合并口径,2028E,Annual,DIV_DPS,预计每股股息,Forecast,Dividend,8.022589824364754,HKD/share,HKD,1,Forecast,Bull,MODEL_P3,Medium,Phase 3 formula-driven forecast using G2-approved scenario drivers,,,,
CM_PHASE3_20260803,中国移动,中国移动有限公司（A股600941；H股941/80941）,China Mobile Limited及其附属公司合并口径,2028E,Annual,FIN_EPS_BASIC,预计每股收益,Forecast,Equity,9.130866094967578,RMB/share,RMB,1,Forecast,Bull,MODEL_P3,Medium,Phase 3 formula-driven forecast using G2-approved scenario drivers,,,,
CM_PHASE3_20260803,中国移动,中国移动有限公司（A股600941；H股941/80941）,China Mobile Limited及其附属公司合并口径,2029E,Annual,REV_TOC_MOBILE,ToC移动通信收入,Forecast,ToC Mobile,485876.7193989214,RMB mn,RMB,1,Forecast,Bull,MODEL_P3,Medium,Phase 3 formula-driven forecast using G2-approved scenario drivers,,,,
CM_PHASE3_20260803,中国移动,中国移动有限公司（A股600941；H股941/80941）,China Mobile Limited及其附属公司合并口径,2029E,Annual,REV_HOME,家庭宽带与智慧家庭收入,Forecast,Home,183825.2322088147,RMB mn,RMB,1,Forecast,Bull,MODEL_P3,Medium,Phase 3 formula-driven forecast using G2-approved scenario drivers,,,,
CM_PHASE3_20260803,中国移动,中国移动有限公司（A股600941；H股941/80941）,China Mobile Limited及其附属公司合并口径,2029E,Annual,REV_ENTERPRISE_CONNECT,企业连接和传统网络收入,Forecast,Enterprise Connect,110166.79815200246,RMB mn,RMB,1,Forecast,Bull,MODEL_P3,Medium,Phase 3 formula-driven forecast using G2-approved scenario drivers,,,,
CM_PHASE3_20260803,中国移动,中国移动有限公司（A股600941；H股941/80941）,China Mobile Limited及其附属公司合并口径,2029E,Annual,REV_CLOUD_NONAI,非AI云与数字化收入,Forecast,Cloud & Digital,62211.84156000002,RMB mn,RMB,1,Forecast,Bull,MODEL_P3,Medium,Phase 3 formula-driven forecast using G2-approved scenario drivers,,,,
CM_PHASE3_20260803,中国移动,中国移动有限公司（A股600941；H股941/80941）,China Mobile Limited及其附属公司合并口径,2029E,Annual,REV_AIDC,AIDC收入估算,Forecast,AI/AIDC,111224.50195999998,RMB mn,RMB,1,Forecast,Bull,MODEL_P3,Low,Phase 3 formula-driven forecast using G2-approved scenario drivers,,,,
CM_PHASE3_20260803,中国移动,中国移动有限公司（A股600941；H股941/80941）,China Mobile Limited及其附属公司合并口径,2029E,Annual,REV_AI_SERVICE,智能服务收入,Forecast,AI services,140008.91609708001,RMB mn,RMB,1,Forecast,Bull,MODEL_P3,Medium,Phase 3 formula-driven forecast using G2-approved scenario drivers,,,,
CM_PHASE3_20260803,中国移动,中国移动有限公司（A股600941；H股941/80941）,China Mobile Limited及其附属公司合并口径,2029E,Annual,REV_IOT,物联网收入估算,Forecast,IoT,15859.78268238,RMB mn,RMB,1,Forecast,Bull,MODEL_P3,Low,Phase 3 formula-driven forecast using G2-approved scenario drivers,,,,
CM_PHASE3_20260803,中国移动,中国移动有限公司（A股600941；H股941/80941）,China Mobile Limited及其附属公司合并口径,2029E,Annual,REV_DEVICE_OTHER,终端、批发及其他业务收入,Forecast,Device & Other,180926.81531392,RMB mn,RMB,1,Forecast,Bull,MODEL_P3,Medium,Phase 3 formula-driven forecast using G2-approved scenario drivers,,,,
CM_PHASE3_20260803,中国移动,中国移动有限公司（A股600941；H股941/80941）,China Mobile Limited及其附属公司合并口径,2029E,Annual,REV_MODEL_RESIDUAL,收入桥接及取整差额,Forecast,Group,30.0,RMB mn,RMB,1,Forecast,Bull,MODEL_P3,Medium,Phase 3 formula-driven forecast using G2-approved scenario drivers,,,,
CM_PHASE3_20260803,中国移动,中国移动有限公司（A股600941；H股941/80941）,China Mobile Limited及其附属公司合并口径,2029E,Annual,FIN_REV_PRINCIPAL,主营业务收入,Forecast,Group,1109203.7920591987,RMB mn,RMB,1,Forecast,Bull,MODEL_P3,Medium,Phase 3 formula-driven forecast using G2-approved scenario drivers,,,,
CM_PHASE3_20260803,中国移动,中国移动有限公司（A股600941；H股941/80941）,China Mobile Limited及其附属公司合并口径,2029E,Annual,FIN_REV_TOTAL,营业收入,Forecast,Group,1290130.6073731186,RMB mn,RMB,1,Forecast,Bull,MODEL_P3,Medium,Phase 3 formula-driven forecast using G2-approved scenario drivers,,,,
CM_PHASE3_20260803,中国移动,中国移动有限公司（A股600941；H股941/80941）,China Mobile Limited及其附属公司合并口径,2029E,Annual,COST_NETWORK,网络运行、维护及支撑成本,Forecast,Cost,341239.5456501899,RMB mn,RMB,1,Forecast,Bull,MODEL_P3,Medium,Phase 3 formula-driven forecast using G2-approved scenario drivers,,,,
CM_PHASE3_20260803,中国移动,中国移动有限公司（A股600941；H股941/80941）,China Mobile Limited及其附属公司合并口径,2029E,Annual,COST_DA,折旧及摊销,Forecast,Cost,206420.89717969898,RMB mn,RMB,1,Forecast,Bull,MODEL_P3,Medium,Phase 3 formula-driven forecast using G2-approved scenario drivers,,,,
CM_PHASE3_20260803,中国移动,中国移动有限公司（A股600941；H股941/80941）,China Mobile Limited及其附属公司合并口径,2029E,Annual,COST_EMPLOYEE,人工成本,Forecast,Cost,182230.94829145304,RMB mn,RMB,1,Forecast,Bull,MODEL_P3,Medium,Phase 3 formula-driven forecast using G2-approved scenario drivers,,,,
CM_PHASE3_20260803,中国移动,中国移动有限公司（A股600941；H股941/80941）,China Mobile Limited及其附属公司合并口径,2029E,Annual,COST_SELLING,销售费用,Forecast,Cost,65151.5956723425,RMB mn,RMB,1,Forecast,Bull,MODEL_P3,Medium,Phase 3 formula-driven forecast using G2-approved scenario drivers,,,,
CM_PHASE3_20260803,中国移动,中国移动有限公司（A股600941；H股941/80941）,China Mobile Limited及其附属公司合并口径,2029E,Annual,COST_PRODUCTS,产品销售成本,Forecast,Cost,178393.8398995251,RMB mn,RMB,1,Forecast,Bull,MODEL_P3,Medium,Phase 3 formula-driven forecast using G2-approved scenario drivers,,,,
CM_PHASE3_20260803,中国移动,中国移动有限公司（A股600941；H股941/80941）,China Mobile Limited及其附属公司合并口径,2029E,Annual,COST_OTHER_RESIDUAL,其他经营费用（扣除信用减值）,Forecast,Cost,62571.334457596255,RMB mn,RMB,1,Forecast,Bull,MODEL_P3,Medium,Phase 3 formula-driven forecast using G2-approved scenario drivers,,,,
CM_PHASE3_20260803,中国移动,中国移动有限公司（A股600941；H股941/80941）,China Mobile Limited及其附属公司合并口径,2029E,Annual,COST_CREDIT_NET,信用及合同资产减值净额,Forecast,Risk,9353.446903455111,RMB mn,RMB,1,Forecast,Bull,MODEL_P3,Medium,Phase 3 formula-driven forecast using G2-approved scenario drivers,,,,
CM_PHASE3_20260803,中国移动,中国移动有限公司（A股600941；H股941/80941）,China Mobile Limited及其附属公司合并口径,2029E,Annual,FIN_EBITDA,EBITDA,Forecast,Group,451189.8964985566,RMB mn,RMB,1,Forecast,Bull,MODEL_P3,Medium,Phase 3 formula-driven forecast using G2-approved scenario drivers,,,,
CM_PHASE3_20260803,中国移动,中国移动有限公司（A股600941；H股941/80941）,China Mobile Limited及其附属公司合并口径,2029E,Annual,FIN_EBIT,EBIT,Forecast,Group,244768.9993188576,RMB mn,RMB,1,Forecast,Bull,MODEL_P3,Medium,Phase 3 formula-driven forecast using G2-approved scenario drivers,,,,
CM_PHASE3_20260803,中国移动,中国移动有限公司（A股600941；H股941/80941）,China Mobile Limited及其附属公司合并口径,2029E,Annual,FIN_NONOP_INCOME,经营外收入净额,Forecast,Group,34833.5263990742,RMB mn,RMB,1,Forecast,Bull,MODEL_P3,Medium,Phase 3 formula-driven forecast using G2-approved scenario drivers,,,,
CM_PHASE3_20260803,中国移动,中国移动有限公司（A股600941；H股941/80941）,China Mobile Limited及其附属公司合并口径,2029E,Annual,FIN_PBT,税前利润,Forecast,Group,279602.5257179318,RMB mn,RMB,1,Forecast,Bull,MODEL_P3,Medium,Phase 3 formula-driven forecast using G2-approved scenario drivers,,,,
CM_PHASE3_20260803,中国移动,中国移动有限公司（A股600941；H股941/80941）,China Mobile Limited及其附属公司合并口径,2029E,Annual,FIN_TAX,所得税,Forecast,Group,60114.543029355336,RMB mn,RMB,1,Forecast,Bull,MODEL_P3,Medium,Phase 3 formula-driven forecast using G2-approved scenario drivers,,,,
CM_PHASE3_20260803,中国移动,中国移动有限公司（A股600941；H股941/80941）,China Mobile Limited及其附属公司合并口径,2029E,Annual,FIN_NET_PROFIT_PARENT,归母净利润,Forecast,Group,219317.98268857645,RMB mn,RMB,1,Forecast,Bull,MODEL_P3,Medium,Phase 3 formula-driven forecast using G2-approved scenario drivers,,,,
CM_PHASE3_20260803,中国移动,中国移动有限公司（A股600941；H股941/80941）,China Mobile Limited及其附属公司合并口径,2029E,Annual,CAPEX_COMPANY,公司口径资本开支,Forecast,Cash flow,155288.53088828785,RMB mn,RMB,1,Forecast,Bull,MODEL_P3,Medium,Phase 3 formula-driven forecast using G2-approved scenario drivers,,,,
CM_PHASE3_20260803,中国移动,中国移动有限公司（A股600941；H股941/80941）,China Mobile Limited及其附属公司合并口径,2029E,Annual,CF_CFO,经营活动现金流净额,Forecast,Cash flow,375742.78456005355,RMB mn,RMB,1,Forecast,Bull,MODEL_P3,Medium,Phase 3 formula-driven forecast using G2-approved scenario drivers,,,,
CM_PHASE3_20260803,中国移动,中国移动有限公司（A股600941；H股941/80941）,China Mobile Limited及其附属公司合并口径,2029E,Annual,CF_CASH_CONVERSION_ADJ,营运资本及其他现金转换调整,Forecast,Cash flow,22821.77708494867,RMB mn,RMB,1,Forecast,Bull,MODEL_P3,Medium,Phase 3 formula-driven forecast using G2-approved scenario drivers,,,,
CM_PHASE3_20260803,中国移动,中国移动有限公司（A股600941；H股941/80941）,China Mobile Limited及其附属公司合并口径,2029E,Annual,CF_FCFF,自由现金流,Forecast,Cash flow,220454.2536717657,RMB mn,RMB,1,Forecast,Bull,MODEL_P3,Medium,Phase 3 formula-driven forecast using G2-approved scenario drivers,,,,
CM_PHASE3_20260803,中国移动,中国移动有限公司（A股600941；H股941/80941）,China Mobile Limited及其附属公司合并口径,2029E,Annual,DIV_PAYOUT,派息率,Forecast,Dividend,0.8059999999999999,%,,1,Forecast,Bull,MODEL_P3,Medium,Phase 3 formula-driven forecast using G2-approved scenario drivers,,,,
CM_PHASE3_20260803,中国移动,中国移动有限公司（A股600941；H股941/80941）,China Mobile Limited及其附属公司合并口径,2029E,Annual,DIV_CASH_FORECAST,预计现金分红,Forecast,Dividend,176770.2940469926,RMB mn,RMB,1,Forecast,Bull,MODEL_P3,Medium,Phase 3 formula-driven forecast using G2-approved scenario drivers,,,,
CM_PHASE3_20260803,中国移动,中国移动有限公司（A股600941；H股941/80941）,China Mobile Limited及其附属公司合并口径,2029E,Annual,EQ_SHARES_FORECAST,预计发行股份,Forecast,Equity,21923.696323,mn shares,,1,Forecast,Bull,MODEL_P3,Medium,Phase 3 formula-driven forecast using G2-approved scenario drivers,,,,
CM_PHASE3_20260803,中国移动,中国移动有限公司（A股600941；H股941/80941）,China Mobile Limited及其附属公司合并口径,2029E,Annual,DIV_DPS,预计每股股息,Forecast,Dividend,8.944847473923,HKD/share,HKD,1,Forecast,Bull,MODEL_P3,Medium,Phase 3 formula-driven forecast using G2-approved scenario drivers,,,,
CM_PHASE3_20260803,中国移动,中国移动有限公司（A股600941；H股941/80941）,China Mobile Limited及其附属公司合并口径,2029E,Annual,FIN_EPS_BASIC,预计每股收益,Forecast,Equity,10.003695520015548,RMB/share,RMB,1,Forecast,Bull,MODEL_P3,Medium,Phase 3 formula-driven forecast using G2-approved scenario drivers,,,,
CM_PHASE3_20260803,中国移动,中国移动有限公司（A股600941；H股941/80941）,China Mobile Limited及其附属公司合并口径,2030E,Annual,REV_TOC_MOBILE,ToC移动通信收入,Forecast,ToC Mobile,492702.80142975674,RMB mn,RMB,1,Forecast,Bull,MODEL_P3,Medium,Phase 3 formula-driven forecast using G2-approved scenario drivers,,,,
CM_PHASE3_20260803,中国移动,中国移动有限公司（A股600941；H股941/80941）,China Mobile Limited及其附属公司合并口径,2030E,Annual,REV_HOME,家庭宽带与智慧家庭收入,Forecast,Home,196913.58874208233,RMB mn,RMB,1,Forecast,Bull,MODEL_P3,Medium,Phase 3 formula-driven forecast using G2-approved scenario drivers,,,,
CM_PHASE3_20260803,中国移动,中国移动有限公司（A股600941；H股941/80941）,China Mobile Limited及其附属公司合并口径,2030E,Annual,REV_ENTERPRISE_CONNECT,企业连接和传统网络收入,Forecast,Enterprise Connect,114022.63608732253,RMB mn,RMB,1,Forecast,Bull,MODEL_P3,Medium,Phase 3 formula-driven forecast using G2-approved scenario drivers,,,,
CM_PHASE3_20260803,中国移动,中国移动有限公司（A股600941；H股941/80941）,China Mobile Limited及其附属公司合并口径,2030E,Annual,REV_CLOUD_NONAI,非AI云与数字化收入,Forecast,Cloud & Digital,65944.55205360003,RMB mn,RMB,1,Forecast,Bull,MODEL_P3,Medium,Phase 3 formula-driven forecast using G2-approved scenario drivers,,,,
CM_PHASE3_20260803,中国移动,中国移动有限公司（A股600941；H股941/80941）,China Mobile Limited及其附属公司合并口径,2030E,Annual,REV_AIDC,AIDC收入估算,Forecast,AI/AIDC,131244.91231279998,RMB mn,RMB,1,Forecast,Bull,MODEL_P3,Low,Phase 3 formula-driven forecast using G2-approved scenario drivers,,,,
CM_PHASE3_20260803,中国移动,中国移动有限公司（A股600941；H股941/80941）,China Mobile Limited及其附属公司合并口径,2030E,Annual,REV_AI_SERVICE,智能服务收入,Forecast,AI services,152385.70428006188,RMB mn,RMB,1,Forecast,Bull,MODEL_P3,Medium,Phase 3 formula-driven forecast using G2-approved scenario drivers,,,,
CM_PHASE3_20260803,中国移动,中国移动有限公司（A股600941；H股941/80941）,China Mobile Limited及其附属公司合并口径,2030E,Annual,REV_IOT,物联网收入估算,Forecast,IoT,16668.63159918138,RMB mn,RMB,1,Forecast,Bull,MODEL_P3,Low,Phase 3 formula-driven forecast using G2-approved scenario drivers,,,,
CM_PHASE3_20260803,中国移动,中国移动有限公司（A股600941；H股941/80941）,China Mobile Limited及其附属公司合并口径,2030E,Annual,REV_DEVICE_OTHER,终端、批发及其他业务收入,Forecast,Device & Other,188163.8879264768,RMB mn,RMB,1,Forecast,Bull,MODEL_P3,Medium,Phase 3 formula-driven forecast using G2-approved scenario drivers,,,,
CM_PHASE3_20260803,中国移动,中国移动有限公司（A股600941；H股941/80941）,China Mobile Limited及其附属公司合并口径,2030E,Annual,REV_MODEL_RESIDUAL,收入桥接及取整差额,Forecast,Group,30.0,RMB mn,RMB,1,Forecast,Bull,MODEL_P3,Medium,Phase 3 formula-driven forecast using G2-approved scenario drivers,,,,
CM_PHASE3_20260803,中国移动,中国移动有限公司（A股600941；H股941/80941）,China Mobile Limited及其附属公司合并口径,2030E,Annual,FIN_REV_PRINCIPAL,主营业务收入,Forecast,Group,1169912.826504805,RMB mn,RMB,1,Forecast,Bull,MODEL_P3,Medium,Phase 3 formula-driven forecast using G2-approved scenario drivers,,,,
CM_PHASE3_20260803,中国移动,中国移动有限公司（A股600941；H股941/80941）,China Mobile Limited及其附属公司合并口径,2030E,Annual,FIN_REV_TOTAL,营业收入,Forecast,Group,1358076.7144312817,RMB mn,RMB,1,Forecast,Bull,MODEL_P3,Medium,Phase 3 formula-driven forecast using G2-approved scenario drivers,,,,
CM_PHASE3_20260803,中国移动,中国移动有限公司（A股600941；H股941/80941）,China Mobile Limited及其附属公司合并口径,2030E,Annual,COST_NETWORK,网络运行、维护及支撑成本,Forecast,Cost,353099.94575213327,RMB mn,RMB,1,Forecast,Bull,MODEL_P3,Medium,Phase 3 formula-driven forecast using G2-approved scenario drivers,,,,
CM_PHASE3_20260803,中国移动,中国移动有限公司（A股600941；H股941/80941）,China Mobile Limited及其附属公司合并口径,2030E,Annual,COST_DA,折旧及摊销,Forecast,Cost,217292.27430900506,RMB mn,RMB,1,Forecast,Bull,MODEL_P3,Medium,Phase 3 formula-driven forecast using G2-approved scenario drivers,,,,
CM_PHASE3_20260803,中国移动,中国移动有限公司（A股600941；H股941/80941）,China Mobile Limited及其附属公司合并口径,2030E,Annual,COST_EMPLOYEE,人工成本,Forecast,Cost,190130.74002037945,RMB mn,RMB,1,Forecast,Bull,MODEL_P3,Medium,Phase 3 formula-driven forecast using G2-approved scenario drivers,,,,
CM_PHASE3_20260803,中国移动,中国移动有限公司（A股600941；H股941/80941）,China Mobile Limited及其附属公司合并口径,2030E,Annual,COST_SELLING,销售费用,Forecast,Cost,67903.83572156409,RMB mn,RMB,1,Forecast,Bull,MODEL_P3,Medium,Phase 3 formula-driven forecast using G2-approved scenario drivers,,,,
CM_PHASE3_20260803,中国移动,中国移动有限公司（A股600941；H股941/80941）,China Mobile Limited及其附属公司合并口径,2030E,Annual,COST_PRODUCTS,产品销售成本,Forecast,Cost,185529.59349550612,RMB mn,RMB,1,Forecast,Bull,MODEL_P3,Medium,Phase 3 formula-driven forecast using G2-approved scenario drivers,,,,
CM_PHASE3_20260803,中国移动,中国移动有限公司（A股600941；H股941/80941）,China Mobile Limited及其附属公司合并口径,2030E,Annual,COST_OTHER_RESIDUAL,其他经营费用（扣除信用减值）,Forecast,Cost,65187.682292701524,RMB mn,RMB,1,Forecast,Bull,MODEL_P3,Medium,Phase 3 formula-driven forecast using G2-approved scenario drivers,,,,
CM_PHASE3_20260803,中国移动,中国移动有限公司（A股600941；H股941/80941）,China Mobile Limited及其附属公司合并口径,2030E,Annual,COST_CREDIT_NET,信用及合同资产减值净额,Forecast,Risk,9506.537001018973,RMB mn,RMB,1,Forecast,Bull,MODEL_P3,Medium,Phase 3 formula-driven forecast using G2-approved scenario drivers,,,,
CM_PHASE3_20260803,中国移动,中国移动有限公司（A股600941；H股941/80941）,China Mobile Limited及其附属公司合并口径,2030E,Annual,FIN_EBITDA,EBITDA,Forecast,Group,486718.3801479783,RMB mn,RMB,1,Forecast,Bull,MODEL_P3,Medium,Phase 3 formula-driven forecast using G2-approved scenario drivers,,,,
CM_PHASE3_20260803,中国移动,中国移动有限公司（A股600941；H股941/80941）,China Mobile Limited及其附属公司合并口径,2030E,Annual,FIN_EBIT,EBIT,Forecast,Group,269426.10583897325,RMB mn,RMB,1,Forecast,Bull,MODEL_P3,Medium,Phase 3 formula-driven forecast using G2-approved scenario drivers,,,,
CM_PHASE3_20260803,中国移动,中国移动有限公司（A股600941；H股941/80941）,China Mobile Limited及其附属公司合并口径,2030E,Annual,FIN_NONOP_INCOME,经营外收入净额,Forecast,Group,36668.071289644606,RMB mn,RMB,1,Forecast,Bull,MODEL_P3,Medium,Phase 3 formula-driven forecast using G2-approved scenario drivers,,,,
CM_PHASE3_20260803,中国移动,中国移动有限公司（A股600941；H股941/80941）,China Mobile Limited及其附属公司合并口径,2030E,Annual,FIN_PBT,税前利润,Forecast,Group,306094.1771286179,RMB mn,RMB,1,Forecast,Bull,MODEL_P3,Medium,Phase 3 formula-driven forecast using G2-approved scenario drivers,,,,
CM_PHASE3_20260803,中国移动,中国移动有限公司（A股600941；H股941/80941）,China Mobile Limited及其附属公司合并口径,2030E,Annual,FIN_TAX,所得税,Forecast,Group,65810.24808265285,RMB mn,RMB,1,Forecast,Bull,MODEL_P3,Medium,Phase 3 formula-driven forecast using G2-approved scenario drivers,,,,
CM_PHASE3_20260803,中国移动,中国移动有限公司（A股600941；H股941/80941）,China Mobile Limited及其附属公司合并口径,2030E,Annual,FIN_NET_PROFIT_PARENT,归母净利润,Forecast,Group,240113.92904596502,RMB mn,RMB,1,Forecast,Bull,MODEL_P3,Medium,Phase 3 formula-driven forecast using G2-approved scenario drivers,,,,
CM_PHASE3_20260803,中国移动,中国移动有限公司（A股600941；H股941/80941）,China Mobile Limited及其附属公司合并口径,2030E,Annual,CAPEX_COMPANY,公司口径资本开支,Forecast,Cash flow,163787.7957106727,RMB mn,RMB,1,Forecast,Bull,MODEL_P3,Medium,Phase 3 formula-driven forecast using G2-approved scenario drivers,,,,
CM_PHASE3_20260803,中国移动,中国移动有限公司（A股600941；H股941/80941）,China Mobile Limited及其附属公司合并口径,2030E,Annual,CF_CFO,经营活动现金流净额,Forecast,Cash flow,409469.4892766817,RMB mn,RMB,1,Forecast,Bull,MODEL_P3,Medium,Phase 3 formula-driven forecast using G2-approved scenario drivers,,,,
CM_PHASE3_20260803,中国移动,中国移动有限公司（A股600941；H股941/80941）,China Mobile Limited及其附属公司合并口径,2030E,Annual,CF_CASH_CONVERSION_ADJ,营运资本及其他现金转换调整,Forecast,Cash flow,19322.278115917405,RMB mn,RMB,1,Forecast,Bull,MODEL_P3,Medium,Phase 3 formula-driven forecast using G2-approved scenario drivers,,,,
CM_PHASE3_20260803,中国移动,中国移动有限公司（A股600941；H股941/80941）,China Mobile Limited及其附属公司合并口径,2030E,Annual,CF_FCFF,自由现金流,Forecast,Cash flow,245681.693566009,RMB mn,RMB,1,Forecast,Bull,MODEL_P3,Medium,Phase 3 formula-driven forecast using G2-approved scenario drivers,,,,
CM_PHASE3_20260803,中国移动,中国移动有限公司（A股600941；H股941/80941）,China Mobile Limited及其附属公司合并口径,2030E,Annual,DIV_PAYOUT,派息率,Forecast,Dividend,0.82,%,,1,Forecast,Bull,MODEL_P3,Medium,Phase 3 formula-driven forecast using G2-approved scenario drivers,,,,
CM_PHASE3_20260803,中国移动,中国移动有限公司（A股600941；H股941/80941）,China Mobile Limited及其附属公司合并口径,2030E,Annual,DIV_CASH_FORECAST,预计现金分红,Forecast,Dividend,196893.4218176913,RMB mn,RMB,1,Forecast,Bull,MODEL_P3,Medium,Phase 3 formula-driven forecast using G2-approved scenario drivers,,,,
CM_PHASE3_20260803,中国移动,中国移动有限公司（A股600941；H股941/80941）,China Mobile Limited及其附属公司合并口径,2030E,Annual,EQ_SHARES_FORECAST,预计发行股份,Forecast,Equity,22003.696323,mn shares,,1,Forecast,Bull,MODEL_P3,Medium,Phase 3 formula-driven forecast using G2-approved scenario drivers,,,,
CM_PHASE3_20260803,中国移动,中国移动有限公司（A股600941；H股941/80941）,China Mobile Limited及其附属公司合并口径,2030E,Annual,DIV_DPS,预计每股股息,Forecast,Dividend,9.926885143507375,HKD/share,HKD,1,Forecast,Bull,MODEL_P3,Medium,Phase 3 formula-driven forecast using G2-approved scenario drivers,,,,
CM_PHASE3_20260803,中国移动,中国移动有限公司（A股600941；H股941/80941）,China Mobile Limited及其附属公司合并口径,2030E,Annual,FIN_EPS_BASIC,预计每股收益,Forecast,Equity,10.912436052618077,RMB/share,RMB,1,Forecast,Bull,MODEL_P3,Medium,Phase 3 formula-driven forecast using G2-approved scenario drivers,,,,
CM_PHASE3_20260803,中国移动,中国移动有限公司（A股600941；H股941/80941）,China Mobile Limited及其附属公司合并口径,2031E,Annual,REV_TOC_MOBILE,ToC移动通信收入,Forecast,ToC Mobile,502556.8574583519,RMB mn,RMB,1,Forecast,Bull,MODEL_P3,Medium,Phase 3 formula-driven forecast using G2-approved scenario drivers,,,,
CM_PHASE3_20260803,中国移动,中国移动有限公司（A股600941；H股941/80941）,China Mobile Limited及其附属公司合并口径,2031E,Annual,REV_HOME,家庭宽带与智慧家庭收入,Forecast,Home,200851.86051692397,RMB mn,RMB,1,Forecast,Bull,MODEL_P3,Medium,Phase 3 formula-driven forecast using G2-approved scenario drivers,,,,
CM_PHASE3_20260803,中国移动,中国移动有限公司（A股600941；H股941/80941）,China Mobile Limited及其附属公司合并口径,2031E,Annual,REV_ENTERPRISE_CONNECT,企业连接和传统网络收入,Forecast,Enterprise Connect,116303.08880906898,RMB mn,RMB,1,Forecast,Bull,MODEL_P3,Medium,Phase 3 formula-driven forecast using G2-approved scenario drivers,,,,
CM_PHASE3_20260803,中国移动,中国移动有限公司（A股600941；H股941/80941）,China Mobile Limited及其附属公司合并口径,2031E,Annual,REV_CLOUD_NONAI,非AI云与数字化收入,Forecast,Cloud & Digital,67263.44309467202,RMB mn,RMB,1,Forecast,Bull,MODEL_P3,Medium,Phase 3 formula-driven forecast using G2-approved scenario drivers,,,,
CM_PHASE3_20260803,中国移动,中国移动有限公司（A股600941；H股941/80941）,China Mobile Limited及其附属公司合并口径,2031E,Annual,REV_AIDC,AIDC收入估算,Forecast,AI/AIDC,133869.81055905597,RMB mn,RMB,1,Forecast,Bull,MODEL_P3,Low,Phase 3 formula-driven forecast using G2-approved scenario drivers,,,,
CM_PHASE3_20260803,中国移动,中国移动有限公司（A股600941；H股941/80941）,China Mobile Limited及其附属公司合并口径,2031E,Annual,REV_AI_SERVICE,智能服务收入,Forecast,AI services,155433.41836566312,RMB mn,RMB,1,Forecast,Bull,MODEL_P3,Medium,Phase 3 formula-driven forecast using G2-approved scenario drivers,,,,
CM_PHASE3_20260803,中国移动,中国移动有限公司（A股600941；H股941/80941）,China Mobile Limited及其附属公司合并口径,2031E,Annual,REV_IOT,物联网收入估算,Forecast,IoT,17002.004231165007,RMB mn,RMB,1,Forecast,Bull,MODEL_P3,Low,Phase 3 formula-driven forecast using G2-approved scenario drivers,,,,
CM_PHASE3_20260803,中国移动,中国移动有限公司（A股600941；H股941/80941）,China Mobile Limited及其附属公司合并口径,2031E,Annual,REV_DEVICE_OTHER,终端、批发及其他业务收入,Forecast,Device & Other,191927.16568500633,RMB mn,RMB,1,Forecast,Bull,MODEL_P3,Medium,Phase 3 formula-driven forecast using G2-approved scenario drivers,,,,
CM_PHASE3_20260803,中国移动,中国移动有限公司（A股600941；H股941/80941）,China Mobile Limited及其附属公司合并口径,2031E,Annual,REV_MODEL_RESIDUAL,收入桥接及取整差额,Forecast,Group,30.6,RMB mn,RMB,1,Forecast,Bull,MODEL_P3,Medium,Phase 3 formula-driven forecast using G2-approved scenario drivers,,,,
CM_PHASE3_20260803,中国移动,中国移动有限公司（A股600941；H股941/80941）,China Mobile Limited及其附属公司合并口径,2031E,Annual,FIN_REV_PRINCIPAL,主营业务收入,Forecast,Group,1193311.083034901,RMB mn,RMB,1,Forecast,Bull,MODEL_P3,Medium,Phase 3 formula-driven forecast using G2-approved scenario drivers,,,,
CM_PHASE3_20260803,中国移动,中国移动有限公司（A股600941；H股941/80941）,China Mobile Limited及其附属公司合并口径,2031E,Annual,FIN_REV_TOTAL,营业收入,Forecast,Group,1385238.2487199074,RMB mn,RMB,1,Forecast,Bull,MODEL_P3,Medium,Phase 3 formula-driven forecast using G2-approved scenario drivers,,,,
CM_PHASE3_20260803,中国移动,中国移动有限公司（A股600941；H股941/80941）,China Mobile Limited及其附属公司合并口径,2031E,Annual,COST_NETWORK,网络运行、维护及支撑成本,Forecast,Cost,360161.94466717594,RMB mn,RMB,1,Forecast,Bull,MODEL_P3,Medium,Phase 3 formula-driven forecast using G2-approved scenario drivers,,,,
CM_PHASE3_20260803,中国移动,中国移动有限公司（A股600941；H股941/80941）,China Mobile Limited及其附属公司合并口径,2031E,Annual,COST_DA,折旧及摊销,Forecast,Cost,221638.1197951852,RMB mn,RMB,1,Forecast,Bull,MODEL_P3,Medium,Phase 3 formula-driven forecast using G2-approved scenario drivers,,,,
CM_PHASE3_20260803,中国移动,中国移动有限公司（A股600941；H股941/80941）,China Mobile Limited及其附属公司合并口径,2031E,Annual,COST_EMPLOYEE,人工成本,Forecast,Cost,193933.35482078706,RMB mn,RMB,1,Forecast,Bull,MODEL_P3,Medium,Phase 3 formula-driven forecast using G2-approved scenario drivers,,,,
CM_PHASE3_20260803,中国移动,中国移动有限公司（A股600941；H股941/80941）,China Mobile Limited及其附属公司合并口径,2031E,Annual,COST_SELLING,销售费用,Forecast,Cost,69261.91243599537,RMB mn,RMB,1,Forecast,Bull,MODEL_P3,Medium,Phase 3 formula-driven forecast using G2-approved scenario drivers,,,,
CM_PHASE3_20260803,中国移动,中国移动有限公司（A股600941；H股941/80941）,China Mobile Limited及其附属公司合并口径,2031E,Annual,COST_PRODUCTS,产品销售成本,Forecast,Cost,189240.18536541623,RMB mn,RMB,1,Forecast,Bull,MODEL_P3,Medium,Phase 3 formula-driven forecast using G2-approved scenario drivers,,,,
CM_PHASE3_20260803,中国移动,中国移动有限公司（A股600941；H股941/80941）,China Mobile Limited及其附属公司合并口径,2031E,Annual,COST_OTHER_RESIDUAL,其他经营费用（扣除信用减值）,Forecast,Cost,66491.43593855556,RMB mn,RMB,1,Forecast,Bull,MODEL_P3,Medium,Phase 3 formula-driven forecast using G2-approved scenario drivers,,,,
CM_PHASE3_20260803,中国移动,中国移动有限公司（A股600941；H股941/80941）,China Mobile Limited及其附属公司合并口径,2031E,Annual,COST_CREDIT_NET,信用及合同资产减值净额,Forecast,Risk,9696.667741039351,RMB mn,RMB,1,Forecast,Bull,MODEL_P3,Medium,Phase 3 formula-driven forecast using G2-approved scenario drivers,,,,
CM_PHASE3_20260803,中国移动,中国移动有限公司（A股600941；H股941/80941）,China Mobile Limited及其附属公司合并口径,2031E,Annual,FIN_EBITDA,EBITDA,Forecast,Group,496452.7477509378,RMB mn,RMB,1,Forecast,Bull,MODEL_P3,Medium,Phase 3 formula-driven forecast using G2-approved scenario drivers,,,,
CM_PHASE3_20260803,中国移动,中国移动有限公司（A股600941；H股941/80941）,China Mobile Limited及其附属公司合并口径,2031E,Annual,FIN_EBIT,EBIT,Forecast,Group,274814.62795575266,RMB mn,RMB,1,Forecast,Bull,MODEL_P3,Medium,Phase 3 formula-driven forecast using G2-approved scenario drivers,,,,
CM_PHASE3_20260803,中国移动,中国移动有限公司（A股600941；H股941/80941）,China Mobile Limited及其附属公司合并口径,2031E,Annual,FIN_NONOP_INCOME,经营外收入净额,Forecast,Group,37401.4327154375,RMB mn,RMB,1,Forecast,Bull,MODEL_P3,Medium,Phase 3 formula-driven forecast using G2-approved scenario drivers,,,,
CM_PHASE3_20260803,中国移动,中国移动有限公司（A股600941；H股941/80941）,China Mobile Limited及其附属公司合并口径,2031E,Annual,FIN_PBT,税前利润,Forecast,Group,312216.06067119015,RMB mn,RMB,1,Forecast,Bull,MODEL_P3,Medium,Phase 3 formula-driven forecast using G2-approved scenario drivers,,,,
CM_PHASE3_20260803,中国移动,中国移动有限公司（A股600941；H股941/80941）,China Mobile Limited及其附属公司合并口径,2031E,Annual,FIN_TAX,所得税,Forecast,Group,67126.45304430588,RMB mn,RMB,1,Forecast,Bull,MODEL_P3,Medium,Phase 3 formula-driven forecast using G2-approved scenario drivers,,,,
CM_PHASE3_20260803,中国移动,中国移动有限公司（A股600941；H股941/80941）,China Mobile Limited及其附属公司合并口径,2031E,Annual,FIN_NET_PROFIT_PARENT,归母净利润,Forecast,Group,244919.60762688427,RMB mn,RMB,1,Forecast,Bull,MODEL_P3,Medium,Phase 3 formula-driven forecast using G2-approved scenario drivers,,,,
CM_PHASE3_20260803,中国移动,中国移动有限公司（A股600941；H股941/80941）,China Mobile Limited及其附属公司合并口径,2031E,Annual,CAPEX_COMPANY,公司口径资本开支,Forecast,Cash flow,167063.55162488617,RMB mn,RMB,1,Forecast,Bull,MODEL_P3,Medium,Phase 3 formula-driven forecast using G2-approved scenario drivers,,,,
CM_PHASE3_20260803,中国移动,中国移动有限公司（A股600941；H股941/80941）,China Mobile Limited及其附属公司合并口径,2031E,Annual,CF_CFO,经营活动现金流净额,Forecast,Cash flow,417658.87906221533,RMB mn,RMB,1,Forecast,Bull,MODEL_P3,Medium,Phase 3 formula-driven forecast using G2-approved scenario drivers,,,,
CM_PHASE3_20260803,中国移动,中国移动有限公司（A股600941；H股941/80941）,China Mobile Limited及其附属公司合并口径,2031E,Annual,CF_CASH_CONVERSION_ADJ,营运资本及其他现金转换调整,Forecast,Cash flow,19708.723678235663,RMB mn,RMB,1,Forecast,Bull,MODEL_P3,Medium,Phase 3 formula-driven forecast using G2-approved scenario drivers,,,,
CM_PHASE3_20260803,中国移动,中国移动有限公司（A股600941；H股941/80941）,China Mobile Limited及其附属公司合并口径,2031E,Annual,CF_FCFF,自由现金流,Forecast,Cash flow,250595.32743732916,RMB mn,RMB,1,Forecast,Bull,MODEL_P3,Medium,Phase 3 formula-driven forecast using G2-approved scenario drivers,,,,
CM_PHASE3_20260803,中国移动,中国移动有限公司（A股600941；H股941/80941）,China Mobile Limited及其附属公司合并口径,2031E,Annual,DIV_PAYOUT,派息率,Forecast,Dividend,0.82,%,,1,Forecast,Bull,MODEL_P3,Medium,Phase 3 formula-driven forecast using G2-approved scenario drivers,,,,
CM_PHASE3_20260803,中国移动,中国移动有限公司（A股600941；H股941/80941）,China Mobile Limited及其附属公司合并口径,2031E,Annual,DIV_CASH_FORECAST,预计现金分红,Forecast,Dividend,200834.0782540451,RMB mn,RMB,1,Forecast,Bull,MODEL_P3,Medium,Phase 3 formula-driven forecast using G2-approved scenario drivers,,,,
CM_PHASE3_20260803,中国移动,中国移动有限公司（A股600941；H股941/80941）,China Mobile Limited及其附属公司合并口径,2031E,Annual,EQ_SHARES_FORECAST,预计发行股份,Forecast,Equity,22083.696323,mn shares,,1,Forecast,Bull,MODEL_P3,Medium,Phase 3 formula-driven forecast using G2-approved scenario drivers,,,,
CM_PHASE3_20260803,中国移动,中国移动有限公司（A股600941；H股941/80941）,China Mobile Limited及其附属公司合并口径,2031E,Annual,DIV_DPS,预计每股股息,Forecast,Dividend,10.088882727136827,HKD/share,HKD,1,Forecast,Bull,MODEL_P3,Medium,Phase 3 formula-driven forecast using G2-approved scenario drivers,,,,
CM_PHASE3_20260803,中国移动,中国移动有限公司（A股600941；H股941/80941）,China Mobile Limited及其附属公司合并口径,2031E,Annual,FIN_EPS_BASIC,预计每股收益,Forecast,Equity,11.090516915494911,RMB/share,RMB,1,Forecast,Bull,MODEL_P3,Medium,Phase 3 formula-driven forecast using G2-approved scenario drivers,,,,
CM_PHASE3_20260803,中国移动,中国移动有限公司（A股600941；H股941/80941）,China Mobile Limited及其附属公司合并口径,2032E,Annual,REV_TOC_MOBILE,ToC移动通信收入,Forecast,ToC Mobile,512607.99460751895,RMB mn,RMB,1,Forecast,Bull,MODEL_P3,Medium,Phase 3 formula-driven forecast using G2-approved scenario drivers,,,,
CM_PHASE3_20260803,中国移动,中国移动有限公司（A股600941；H股941/80941）,China Mobile Limited及其附属公司合并口径,2032E,Annual,REV_HOME,家庭宽带与智慧家庭收入,Forecast,Home,204868.89772726246,RMB mn,RMB,1,Forecast,Bull,MODEL_P3,Medium,Phase 3 formula-driven forecast using G2-approved scenario drivers,,,,
CM_PHASE3_20260803,中国移动,中国移动有限公司（A股600941；H股941/80941）,China Mobile Limited及其附属公司合并口径,2032E,Annual,REV_ENTERPRISE_CONNECT,企业连接和传统网络收入,Forecast,Enterprise Connect,118629.15058525036,RMB mn,RMB,1,Forecast,Bull,MODEL_P3,Medium,Phase 3 formula-driven forecast using G2-approved scenario drivers,,,,
CM_PHASE3_20260803,中国移动,中国移动有限公司（A股600941；H股941/80941）,China Mobile Limited及其附属公司合并口径,2032E,Annual,REV_CLOUD_NONAI,非AI云与数字化收入,Forecast,Cloud & Digital,68608.71195656547,RMB mn,RMB,1,Forecast,Bull,MODEL_P3,Medium,Phase 3 formula-driven forecast using G2-approved scenario drivers,,,,
CM_PHASE3_20260803,中国移动,中国移动有限公司（A股600941；H股941/80941）,China Mobile Limited及其附属公司合并口径,2032E,Annual,REV_AIDC,AIDC收入估算,Forecast,AI/AIDC,136547.2067702371,RMB mn,RMB,1,Forecast,Bull,MODEL_P3,Low,Phase 3 formula-driven forecast using G2-approved scenario drivers,,,,
CM_PHASE3_20260803,中国移动,中国移动有限公司（A股600941；H股941/80941）,China Mobile Limited及其附属公司合并口径,2032E,Annual,REV_AI_SERVICE,智能服务收入,Forecast,AI services,158542.0867329764,RMB mn,RMB,1,Forecast,Bull,MODEL_P3,Medium,Phase 3 formula-driven forecast using G2-approved scenario drivers,,,,
CM_PHASE3_20260803,中国移动,中国移动有限公司（A股600941；H股941/80941）,China Mobile Limited及其附属公司合并口径,2032E,Annual,REV_IOT,物联网收入估算,Forecast,IoT,17342.044315788306,RMB mn,RMB,1,Forecast,Bull,MODEL_P3,Low,Phase 3 formula-driven forecast using G2-approved scenario drivers,,,,
CM_PHASE3_20260803,中国移动,中国移动有限公司（A股600941；H股941/80941）,China Mobile Limited及其附属公司合并口径,2032E,Annual,REV_DEVICE_OTHER,终端、批发及其他业务收入,Forecast,Device & Other,195765.70899870645,RMB mn,RMB,1,Forecast,Bull,MODEL_P3,Medium,Phase 3 formula-driven forecast using G2-approved scenario drivers,,,,
CM_PHASE3_20260803,中国移动,中国移动有限公司（A股600941；H股941/80941）,China Mobile Limited及其附属公司合并口径,2032E,Annual,REV_MODEL_RESIDUAL,收入桥接及取整差额,Forecast,Group,31.212000000000003,RMB mn,RMB,1,Forecast,Bull,MODEL_P3,Medium,Phase 3 formula-driven forecast using G2-approved scenario drivers,,,,
CM_PHASE3_20260803,中国移动,中国移动有限公司（A股600941；H股941/80941）,China Mobile Limited及其附属公司合并口径,2032E,Annual,FIN_REV_PRINCIPAL,主营业务收入,Forecast,Group,1217177.304695599,RMB mn,RMB,1,Forecast,Bull,MODEL_P3,Medium,Phase 3 formula-driven forecast using G2-approved scenario drivers,,,,
CM_PHASE3_20260803,中国移动,中国移动有限公司（A股600941；H股941/80941）,China Mobile Limited及其附属公司合并口径,2032E,Annual,FIN_REV_TOTAL,营业收入,Forecast,Group,1412943.0136943054,RMB mn,RMB,1,Forecast,Bull,MODEL_P3,Medium,Phase 3 formula-driven forecast using G2-approved scenario drivers,,,,
CM_PHASE3_20260803,中国移动,中国移动有限公司（A股600941；H股941/80941）,China Mobile Limited及其附属公司合并口径,2032E,Annual,COST_NETWORK,网络运行、维护及支撑成本,Forecast,Cost,367365.1835605194,RMB mn,RMB,1,Forecast,Bull,MODEL_P3,Medium,Phase 3 formula-driven forecast using G2-approved scenario drivers,,,,
CM_PHASE3_20260803,中国移动,中国移动有限公司（A股600941；H股941/80941）,China Mobile Limited及其附属公司合并口径,2032E,Annual,COST_DA,折旧及摊销,Forecast,Cost,226070.8821910889,RMB mn,RMB,1,Forecast,Bull,MODEL_P3,Medium,Phase 3 formula-driven forecast using G2-approved scenario drivers,,,,
CM_PHASE3_20260803,中国移动,中国移动有限公司（A股600941；H股941/80941）,China Mobile Limited及其附属公司合并口径,2032E,Annual,COST_EMPLOYEE,人工成本,Forecast,Cost,197812.02191720277,RMB mn,RMB,1,Forecast,Bull,MODEL_P3,Medium,Phase 3 formula-driven forecast using G2-approved scenario drivers,,,,
CM_PHASE3_20260803,中国移动,中国移动有限公司（A股600941；H股941/80941）,China Mobile Limited及其附属公司合并口径,2032E,Annual,COST_SELLING,销售费用,Forecast,Cost,70647.15068471528,RMB mn,RMB,1,Forecast,Bull,MODEL_P3,Medium,Phase 3 formula-driven forecast using G2-approved scenario drivers,,,,
CM_PHASE3_20260803,中国移动,中国移动有限公司（A股600941；H股941/80941）,China Mobile Limited及其附属公司合并口径,2032E,Annual,COST_PRODUCTS,产品销售成本,Forecast,Cost,193024.98907272457,RMB mn,RMB,1,Forecast,Bull,MODEL_P3,Medium,Phase 3 formula-driven forecast using G2-approved scenario drivers,,,,
CM_PHASE3_20260803,中国移动,中国移动有限公司（A股600941；H股941/80941）,China Mobile Limited及其附属公司合并口径,2032E,Annual,COST_OTHER_RESIDUAL,其他经营费用（扣除信用减值）,Forecast,Cost,67821.26465732667,RMB mn,RMB,1,Forecast,Bull,MODEL_P3,Medium,Phase 3 formula-driven forecast using G2-approved scenario drivers,,,,
CM_PHASE3_20260803,中国移动,中国移动有限公司（A股600941；H股941/80941）,China Mobile Limited及其附属公司合并口径,2032E,Annual,COST_CREDIT_NET,信用及合同资产减值净额,Forecast,Risk,9890.601095860138,RMB mn,RMB,1,Forecast,Bull,MODEL_P3,Medium,Phase 3 formula-driven forecast using G2-approved scenario drivers,,,,
CM_PHASE3_20260803,中国移动,中国移动有限公司（A股600941；H股941/80941）,China Mobile Limited及其附属公司合并口径,2032E,Annual,FIN_EBITDA,EBITDA,Forecast,Group,506381.8027059566,RMB mn,RMB,1,Forecast,Bull,MODEL_P3,Medium,Phase 3 formula-driven forecast using G2-approved scenario drivers,,,,
CM_PHASE3_20260803,中国移动,中国移动有限公司（A股600941；H股941/80941）,China Mobile Limited及其附属公司合并口径,2032E,Annual,FIN_EBIT,EBIT,Forecast,Group,280310.9205148677,RMB mn,RMB,1,Forecast,Bull,MODEL_P3,Medium,Phase 3 formula-driven forecast using G2-approved scenario drivers,,,,
CM_PHASE3_20260803,中国移动,中国移动有限公司（A股600941；H股941/80941）,China Mobile Limited及其附属公司合并口径,2032E,Annual,FIN_NONOP_INCOME,经营外收入净额,Forecast,Group,38149.46136974625,RMB mn,RMB,1,Forecast,Bull,MODEL_P3,Medium,Phase 3 formula-driven forecast using G2-approved scenario drivers,,,,
CM_PHASE3_20260803,中国移动,中国移动有限公司（A股600941；H股941/80941）,China Mobile Limited及其附属公司合并口径,2032E,Annual,FIN_PBT,税前利润,Forecast,Group,318460.38188461395,RMB mn,RMB,1,Forecast,Bull,MODEL_P3,Medium,Phase 3 formula-driven forecast using G2-approved scenario drivers,,,,
CM_PHASE3_20260803,中国移动,中国移动有限公司（A股600941；H股941/80941）,China Mobile Limited及其附属公司合并口径,2032E,Annual,FIN_TAX,所得税,Forecast,Group,68468.982105192,RMB mn,RMB,1,Forecast,Bull,MODEL_P3,Medium,Phase 3 formula-driven forecast using G2-approved scenario drivers,,,,
CM_PHASE3_20260803,中国移动,中国移动有限公司（A股600941；H股941/80941）,China Mobile Limited及其附属公司合并口径,2032E,Annual,FIN_NET_PROFIT_PARENT,归母净利润,Forecast,Group,249821.39977942195,RMB mn,RMB,1,Forecast,Bull,MODEL_P3,Medium,Phase 3 formula-driven forecast using G2-approved scenario drivers,,,,
CM_PHASE3_20260803,中国移动,中国移动有限公司（A股600941；H股941/80941）,China Mobile Limited及其附属公司合并口径,2032E,Annual,CAPEX_COMPANY,公司口径资本开支,Forecast,Cash flow,170404.8226573839,RMB mn,RMB,1,Forecast,Bull,MODEL_P3,Medium,Phase 3 formula-driven forecast using G2-approved scenario drivers,,,,
CM_PHASE3_20260803,中国移动,中国移动有限公司（A股600941；H股941/80941）,China Mobile Limited及其附属公司合并口径,2032E,Annual,CF_CFO,经营活动现金流净额,Forecast,Cash flow,426012.05664345965,RMB mn,RMB,1,Forecast,Bull,MODEL_P3,Medium,Phase 3 formula-driven forecast using G2-approved scenario drivers,,,,
CM_PHASE3_20260803,中国移动,中国移动有限公司（A股600941；H股941/80941）,China Mobile Limited及其附属公司合并口径,2032E,Annual,CF_CASH_CONVERSION_ADJ,营运资本及其他现金转换调整,Forecast,Cash flow,20102.898151800386,RMB mn,RMB,1,Forecast,Bull,MODEL_P3,Medium,Phase 3 formula-driven forecast using G2-approved scenario drivers,,,,
CM_PHASE3_20260803,中国移动,中国移动有限公司（A股600941；H股941/80941）,China Mobile Limited及其附属公司合并口径,2032E,Annual,CF_FCFF,自由现金流,Forecast,Cash flow,255607.23398607573,RMB mn,RMB,1,Forecast,Bull,MODEL_P3,Medium,Phase 3 formula-driven forecast using G2-approved scenario drivers,,,,
CM_PHASE3_20260803,中国移动,中国移动有限公司（A股600941；H股941/80941）,China Mobile Limited及其附属公司合并口径,2032E,Annual,DIV_PAYOUT,派息率,Forecast,Dividend,0.82,%,,1,Forecast,Bull,MODEL_P3,Medium,Phase 3 formula-driven forecast using G2-approved scenario drivers,,,,
CM_PHASE3_20260803,中国移动,中国移动有限公司（A股600941；H股941/80941）,China Mobile Limited及其附属公司合并口径,2032E,Annual,DIV_CASH_FORECAST,预计现金分红,Forecast,Dividend,204853.547819126,RMB mn,RMB,1,Forecast,Bull,MODEL_P3,Medium,Phase 3 formula-driven forecast using G2-approved scenario drivers,,,,
CM_PHASE3_20260803,中国移动,中国移动有限公司（A股600941；H股941/80941）,China Mobile Limited及其附属公司合并口径,2032E,Annual,EQ_SHARES_FORECAST,预计发行股份,Forecast,Equity,22172.731155,mn shares,,1,Forecast,Bull,MODEL_P3,Medium,Phase 3 formula-driven forecast using G2-approved scenario drivers,,,,
CM_PHASE3_20260803,中国移动,中国移动有限公司（A股600941；H股941/80941）,China Mobile Limited及其附属公司合并口径,2032E,Annual,DIV_DPS,预计每股股息,Forecast,Dividend,10.249477620698242,HKD/share,HKD,1,Forecast,Bull,MODEL_P3,Medium,Phase 3 formula-driven forecast using G2-approved scenario drivers,,,,
CM_PHASE3_20260803,中国移动,中国移动有限公司（A股600941；H股941/80941）,China Mobile Limited及其附属公司合并口径,2032E,Annual,FIN_EPS_BASIC,预计每股收益,Forecast,Equity,11.267055827855769,RMB/share,RMB,1,Forecast,Bull,MODEL_P3,Medium,Phase 3 formula-driven forecast using G2-approved scenario drivers,,,,
CM_PHASE3_20260803,中国移动,中国移动有限公司（A股600941；H股941/80941）,China Mobile Limited及其附属公司合并口径,2033E,Annual,REV_TOC_MOBILE,ToC移动通信收入,Forecast,ToC Mobile,522860.1544996693,RMB mn,RMB,1,Forecast,Bull,MODEL_P3,Medium,Phase 3 formula-driven forecast using G2-approved scenario drivers,,,,
CM_PHASE3_20260803,中国移动,中国移动有限公司（A股600941；H股941/80941）,China Mobile Limited及其附属公司合并口径,2033E,Annual,REV_HOME,家庭宽带与智慧家庭收入,Forecast,Home,208966.27568180772,RMB mn,RMB,1,Forecast,Bull,MODEL_P3,Medium,Phase 3 formula-driven forecast using G2-approved scenario drivers,,,,
CM_PHASE3_20260803,中国移动,中国移动有限公司（A股600941；H股941/80941）,China Mobile Limited及其附属公司合并口径,2033E,Annual,REV_ENTERPRISE_CONNECT,企业连接和传统网络收入,Forecast,Enterprise Connect,121001.73359695537,RMB mn,RMB,1,Forecast,Bull,MODEL_P3,Medium,Phase 3 formula-driven forecast using G2-approved scenario drivers,,,,
CM_PHASE3_20260803,中国移动,中国移动有限公司（A股600941；H股941/80941）,China Mobile Limited及其附属公司合并口径,2033E,Annual,REV_CLOUD_NONAI,非AI云与数字化收入,Forecast,Cloud & Digital,69980.88619569679,RMB mn,RMB,1,Forecast,Bull,MODEL_P3,Medium,Phase 3 formula-driven forecast using G2-approved scenario drivers,,,,
CM_PHASE3_20260803,中国移动,中国移动有限公司（A股600941；H股941/80941）,China Mobile Limited及其附属公司合并口径,2033E,Annual,REV_AIDC,AIDC收入估算,Forecast,AI/AIDC,139278.15090564184,RMB mn,RMB,1,Forecast,Bull,MODEL_P3,Low,Phase 3 formula-driven forecast using G2-approved scenario drivers,,,,
CM_PHASE3_20260803,中国移动,中国移动有限公司（A股600941；H股941/80941）,China Mobile Limited及其附属公司合并口径,2033E,Annual,REV_AI_SERVICE,智能服务收入,Forecast,AI services,161712.92846763594,RMB mn,RMB,1,Forecast,Bull,MODEL_P3,Medium,Phase 3 formula-driven forecast using G2-approved scenario drivers,,,,
CM_PHASE3_20260803,中国移动,中国移动有限公司（A股600941；H股941/80941）,China Mobile Limited及其附属公司合并口径,2033E,Annual,REV_IOT,物联网收入估算,Forecast,IoT,17688.885202104073,RMB mn,RMB,1,Forecast,Bull,MODEL_P3,Low,Phase 3 formula-driven forecast using G2-approved scenario drivers,,,,
CM_PHASE3_20260803,中国移动,中国移动有限公司（A股600941；H股941/80941）,China Mobile Limited及其附属公司合并口径,2033E,Annual,REV_DEVICE_OTHER,终端、批发及其他业务收入,Forecast,Device & Other,199681.0231786806,RMB mn,RMB,1,Forecast,Bull,MODEL_P3,Medium,Phase 3 formula-driven forecast using G2-approved scenario drivers,,,,
CM_PHASE3_20260803,中国移动,中国移动有限公司（A股600941；H股941/80941）,China Mobile Limited及其附属公司合并口径,2033E,Annual,REV_MODEL_RESIDUAL,收入桥接及取整差额,Forecast,Group,31.836240000000004,RMB mn,RMB,1,Forecast,Bull,MODEL_P3,Medium,Phase 3 formula-driven forecast using G2-approved scenario drivers,,,,
CM_PHASE3_20260803,中国移动,中国移动有限公司（A股600941；H股941/80941）,China Mobile Limited及其附属公司合并口径,2033E,Annual,FIN_REV_PRINCIPAL,主营业务收入,Forecast,Group,1241520.850789511,RMB mn,RMB,1,Forecast,Bull,MODEL_P3,Medium,Phase 3 formula-driven forecast using G2-approved scenario drivers,,,,
CM_PHASE3_20260803,中国移动,中国移动有限公司（A股600941；H股941/80941）,China Mobile Limited及其附属公司合并口径,2033E,Annual,FIN_REV_TOTAL,营业收入,Forecast,Group,1441201.8739681917,RMB mn,RMB,1,Forecast,Bull,MODEL_P3,Medium,Phase 3 formula-driven forecast using G2-approved scenario drivers,,,,
CM_PHASE3_20260803,中国移动,中国移动有限公司（A股600941；H股941/80941）,China Mobile Limited及其附属公司合并口径,2033E,Annual,COST_NETWORK,网络运行、维护及支撑成本,Forecast,Cost,374712.48723172984,RMB mn,RMB,1,Forecast,Bull,MODEL_P3,Medium,Phase 3 formula-driven forecast using G2-approved scenario drivers,,,,
CM_PHASE3_20260803,中国移动,中国移动有限公司（A股600941；H股941/80941）,China Mobile Limited及其附属公司合并口径,2033E,Annual,COST_DA,折旧及摊销,Forecast,Cost,230592.29983491066,RMB mn,RMB,1,Forecast,Bull,MODEL_P3,Medium,Phase 3 formula-driven forecast using G2-approved scenario drivers,,,,
CM_PHASE3_20260803,中国移动,中国移动有限公司（A股600941；H股941/80941）,China Mobile Limited及其附属公司合并口径,2033E,Annual,COST_EMPLOYEE,人工成本,Forecast,Cost,201768.26235554685,RMB mn,RMB,1,Forecast,Bull,MODEL_P3,Medium,Phase 3 formula-driven forecast using G2-approved scenario drivers,,,,
CM_PHASE3_20260803,中国移动,中国移动有限公司（A股600941；H股941/80941）,China Mobile Limited及其附属公司合并口径,2033E,Annual,COST_SELLING,销售费用,Forecast,Cost,72060.09369840959,RMB mn,RMB,1,Forecast,Bull,MODEL_P3,Medium,Phase 3 formula-driven forecast using G2-approved scenario drivers,,,,
CM_PHASE3_20260803,中国移动,中国移动有限公司（A股600941；H股941/80941）,China Mobile Limited及其附属公司合并口径,2033E,Annual,COST_PRODUCTS,产品销售成本,Forecast,Cost,196885.48885417907,RMB mn,RMB,1,Forecast,Bull,MODEL_P3,Medium,Phase 3 formula-driven forecast using G2-approved scenario drivers,,,,
CM_PHASE3_20260803,中国移动,中国移动有限公司（A股600941；H股941/80941）,China Mobile Limited及其附属公司合并口径,2033E,Annual,COST_OTHER_RESIDUAL,其他经营费用（扣除信用减值）,Forecast,Cost,69177.6899504732,RMB mn,RMB,1,Forecast,Bull,MODEL_P3,Medium,Phase 3 formula-driven forecast using G2-approved scenario drivers,,,,
CM_PHASE3_20260803,中国移动,中国移动有限公司（A股600941；H股941/80941）,China Mobile Limited及其附属公司合并口径,2033E,Annual,COST_CREDIT_NET,信用及合同资产减值净额,Forecast,Risk,10088.413117777342,RMB mn,RMB,1,Forecast,Bull,MODEL_P3,Medium,Phase 3 formula-driven forecast using G2-approved scenario drivers,,,,
CM_PHASE3_20260803,中国移动,中国移动有限公司（A股600941；H股941/80941）,China Mobile Limited及其附属公司合并口径,2033E,Annual,FIN_EBITDA,EBITDA,Forecast,Group,516509.4387600759,RMB mn,RMB,1,Forecast,Bull,MODEL_P3,Medium,Phase 3 formula-driven forecast using G2-approved scenario drivers,,,,
CM_PHASE3_20260803,中国移动,中国移动有限公司（A股600941；H股941/80941）,China Mobile Limited及其附属公司合并口径,2033E,Annual,FIN_EBIT,EBIT,Forecast,Group,285917.1389251652,RMB mn,RMB,1,Forecast,Bull,MODEL_P3,Medium,Phase 3 formula-driven forecast using G2-approved scenario drivers,,,,
CM_PHASE3_20260803,中国移动,中国移动有限公司（A股600941；H股941/80941）,China Mobile Limited及其附属公司合并口径,2033E,Annual,FIN_NONOP_INCOME,经营外收入净额,Forecast,Group,38912.45059714118,RMB mn,RMB,1,Forecast,Bull,MODEL_P3,Medium,Phase 3 formula-driven forecast using G2-approved scenario drivers,,,,
CM_PHASE3_20260803,中国移动,中国移动有限公司（A股600941；H股941/80941）,China Mobile Limited及其附属公司合并口径,2033E,Annual,FIN_PBT,税前利润,Forecast,Group,324829.5895223064,RMB mn,RMB,1,Forecast,Bull,MODEL_P3,Medium,Phase 3 formula-driven forecast using G2-approved scenario drivers,,,,
CM_PHASE3_20260803,中国移动,中国移动有限公司（A股600941；H股941/80941）,China Mobile Limited及其附属公司合并口径,2033E,Annual,FIN_TAX,所得税,Forecast,Group,69838.36174729587,RMB mn,RMB,1,Forecast,Bull,MODEL_P3,Medium,Phase 3 formula-driven forecast using G2-approved scenario drivers,,,,
CM_PHASE3_20260803,中国移动,中国移动有限公司（A股600941；H股941/80941）,China Mobile Limited及其附属公司合并口径,2033E,Annual,FIN_NET_PROFIT_PARENT,归母净利润,Forecast,Group,254821.2277750105,RMB mn,RMB,1,Forecast,Bull,MODEL_P3,Medium,Phase 3 formula-driven forecast using G2-approved scenario drivers,,,,
CM_PHASE3_20260803,中国移动,中国移动有限公司（A股600941；H股941/80941）,China Mobile Limited及其附属公司合并口径,2033E,Annual,CAPEX_COMPANY,公司口径资本开支,Forecast,Cash flow,173812.91911053157,RMB mn,RMB,1,Forecast,Bull,MODEL_P3,Medium,Phase 3 formula-driven forecast using G2-approved scenario drivers,,,,
CM_PHASE3_20260803,中国移动,中国移动有限公司（A股600941；H股941/80941）,China Mobile Limited及其附属公司合并口径,2033E,Annual,CF_CFO,经营活动现金流净额,Forecast,Cash flow,434532.29777632887,RMB mn,RMB,1,Forecast,Bull,MODEL_P3,Medium,Phase 3 formula-driven forecast using G2-approved scenario drivers,,,,
CM_PHASE3_20260803,中国移动,中国移动有限公司（A股600941；H股941/80941）,China Mobile Limited及其附属公司合并口径,2033E,Annual,CF_CASH_CONVERSION_ADJ,营运资本及其他现金转换调整,Forecast,Cash flow,20504.956114836503,RMB mn,RMB,1,Forecast,Bull,MODEL_P3,Medium,Phase 3 formula-driven forecast using G2-approved scenario drivers,,,,
CM_PHASE3_20260803,中国移动,中国移动有限公司（A股600941；H股941/80941）,China Mobile Limited及其附属公司合并口径,2033E,Annual,CF_FCFF,自由现金流,Forecast,Cash flow,260719.3786657973,RMB mn,RMB,1,Forecast,Bull,MODEL_P3,Medium,Phase 3 formula-driven forecast using G2-approved scenario drivers,,,,
CM_PHASE3_20260803,中国移动,中国移动有限公司（A股600941；H股941/80941）,China Mobile Limited及其附属公司合并口径,2033E,Annual,DIV_PAYOUT,派息率,Forecast,Dividend,0.82,%,,1,Forecast,Bull,MODEL_P3,Medium,Phase 3 formula-driven forecast using G2-approved scenario drivers,,,,
CM_PHASE3_20260803,中国移动,中国移动有限公司（A股600941；H股941/80941）,China Mobile Limited及其附属公司合并口径,2033E,Annual,DIV_CASH_FORECAST,预计现金分红,Forecast,Dividend,208953.4067755086,RMB mn,RMB,1,Forecast,Bull,MODEL_P3,Medium,Phase 3 formula-driven forecast using G2-approved scenario drivers,,,,
CM_PHASE3_20260803,中国移动,中国移动有限公司（A股600941；H股941/80941）,China Mobile Limited及其附属公司合并口径,2033E,Annual,EQ_SHARES_FORECAST,预计发行股份,Forecast,Equity,22172.731155,mn shares,,1,Forecast,Bull,MODEL_P3,Medium,Phase 3 formula-driven forecast using G2-approved scenario drivers,,,,
CM_PHASE3_20260803,中国移动,中国移动有限公司（A股600941；H股941/80941）,China Mobile Limited及其附属公司合并口径,2033E,Annual,DIV_DPS,预计每股股息,Forecast,Dividend,10.454606665661451,HKD/share,HKD,1,Forecast,Bull,MODEL_P3,Medium,Phase 3 formula-driven forecast using G2-approved scenario drivers,,,,
CM_PHASE3_20260803,中国移动,中国移动有限公司（A股600941；H股941/80941）,China Mobile Limited及其附属公司合并口径,2033E,Annual,FIN_EPS_BASIC,预计每股收益,Forecast,Equity,11.492550285919457,RMB/share,RMB,1,Forecast,Bull,MODEL_P3,Medium,Phase 3 formula-driven forecast using G2-approved scenario drivers,,,,
CM_PHASE3_20260803,中国移动,中国移动有限公司（A股600941；H股941/80941）,China Mobile Limited及其附属公司合并口径,2034E,Annual,REV_TOC_MOBILE,ToC移动通信收入,Forecast,ToC Mobile,533317.3575896628,RMB mn,RMB,1,Forecast,Bull,MODEL_P3,Medium,Phase 3 formula-driven forecast using G2-approved scenario drivers,,,,
CM_PHASE3_20260803,中国移动,中国移动有限公司（A股600941；H股941/80941）,China Mobile Limited及其附属公司合并口径,2034E,Annual,REV_HOME,家庭宽带与智慧家庭收入,Forecast,Home,213145.6011954439,RMB mn,RMB,1,Forecast,Bull,MODEL_P3,Medium,Phase 3 formula-driven forecast using G2-approved scenario drivers,,,,
CM_PHASE3_20260803,中国移动,中国移动有限公司（A股600941；H股941/80941）,China Mobile Limited及其附属公司合并口径,2034E,Annual,REV_ENTERPRISE_CONNECT,企业连接和传统网络收入,Forecast,Enterprise Connect,123421.76826889448,RMB mn,RMB,1,Forecast,Bull,MODEL_P3,Medium,Phase 3 formula-driven forecast using G2-approved scenario drivers,,,,
CM_PHASE3_20260803,中国移动,中国移动有限公司（A股600941；H股941/80941）,China Mobile Limited及其附属公司合并口径,2034E,Annual,REV_CLOUD_NONAI,非AI云与数字化收入,Forecast,Cloud & Digital,71380.50391961072,RMB mn,RMB,1,Forecast,Bull,MODEL_P3,Medium,Phase 3 formula-driven forecast using G2-approved scenario drivers,,,,
CM_PHASE3_20260803,中国移动,中国移动有限公司（A股600941；H股941/80941）,China Mobile Limited及其附属公司合并口径,2034E,Annual,REV_AIDC,AIDC收入估算,Forecast,AI/AIDC,142063.7139237547,RMB mn,RMB,1,Forecast,Bull,MODEL_P3,Low,Phase 3 formula-driven forecast using G2-approved scenario drivers,,,,
CM_PHASE3_20260803,中国移动,中国移动有限公司（A股600941；H股941/80941）,China Mobile Limited及其附属公司合并口径,2034E,Annual,REV_AI_SERVICE,智能服务收入,Forecast,AI services,164947.18703698865,RMB mn,RMB,1,Forecast,Bull,MODEL_P3,Medium,Phase 3 formula-driven forecast using G2-approved scenario drivers,,,,
CM_PHASE3_20260803,中国移动,中国移动有限公司（A股600941；H股941/80941）,China Mobile Limited及其附属公司合并口径,2034E,Annual,REV_IOT,物联网收入估算,Forecast,IoT,18042.662906146154,RMB mn,RMB,1,Forecast,Bull,MODEL_P3,Low,Phase 3 formula-driven forecast using G2-approved scenario drivers,,,,
CM_PHASE3_20260803,中国移动,中国移动有限公司（A股600941；H股941/80941）,China Mobile Limited及其附属公司合并口径,2034E,Annual,REV_DEVICE_OTHER,终端、批发及其他业务收入,Forecast,Device & Other,203674.6436422542,RMB mn,RMB,1,Forecast,Bull,MODEL_P3,Medium,Phase 3 formula-driven forecast using G2-approved scenario drivers,,,,
CM_PHASE3_20260803,中国移动,中国移动有限公司（A股600941；H股941/80941）,China Mobile Limited及其附属公司合并口径,2034E,Annual,REV_MODEL_RESIDUAL,收入桥接及取整差额,Forecast,Group,32.47296480000001,RMB mn,RMB,1,Forecast,Bull,MODEL_P3,Medium,Phase 3 formula-driven forecast using G2-approved scenario drivers,,,,
CM_PHASE3_20260803,中国移动,中国移动有限公司（A股600941；H股941/80941）,China Mobile Limited及其附属公司合并口径,2034E,Annual,FIN_REV_PRINCIPAL,主营业务收入,Forecast,Group,1266351.2678053014,RMB mn,RMB,1,Forecast,Bull,MODEL_P3,Medium,Phase 3 formula-driven forecast using G2-approved scenario drivers,,,,
CM_PHASE3_20260803,中国移动,中国移动有限公司（A股600941；H股941/80941）,China Mobile Limited及其附属公司合并口径,2034E,Annual,FIN_REV_TOTAL,营业收入,Forecast,Group,1470025.9114475555,RMB mn,RMB,1,Forecast,Bull,MODEL_P3,Medium,Phase 3 formula-driven forecast using G2-approved scenario drivers,,,,
CM_PHASE3_20260803,中国移动,中国移动有限公司（A股600941；H股941/80941）,China Mobile Limited及其附属公司合并口径,2034E,Annual,COST_NETWORK,网络运行、维护及支撑成本,Forecast,Cost,382206.73697636445,RMB mn,RMB,1,Forecast,Bull,MODEL_P3,Medium,Phase 3 formula-driven forecast using G2-approved scenario drivers,,,,
CM_PHASE3_20260803,中国移动,中国移动有限公司（A股600941；H股941/80941）,China Mobile Limited及其附属公司合并口径,2034E,Annual,COST_DA,折旧及摊销,Forecast,Cost,235204.14583160888,RMB mn,RMB,1,Forecast,Bull,MODEL_P3,Medium,Phase 3 formula-driven forecast using G2-approved scenario drivers,,,,
CM_PHASE3_20260803,中国移动,中国移动有限公司（A股600941；H股941/80941）,China Mobile Limited及其附属公司合并口径,2034E,Annual,COST_EMPLOYEE,人工成本,Forecast,Cost,205803.6276026578,RMB mn,RMB,1,Forecast,Bull,MODEL_P3,Medium,Phase 3 formula-driven forecast using G2-approved scenario drivers,,,,
CM_PHASE3_20260803,中国移动,中国移动有限公司（A股600941；H股941/80941）,China Mobile Limited及其附属公司合并口径,2034E,Annual,COST_SELLING,销售费用,Forecast,Cost,73501.29557237778,RMB mn,RMB,1,Forecast,Bull,MODEL_P3,Medium,Phase 3 formula-driven forecast using G2-approved scenario drivers,,,,
CM_PHASE3_20260803,中国移动,中国移动有限公司（A股600941；H股941/80941）,China Mobile Limited及其附属公司合并口径,2034E,Annual,COST_PRODUCTS,产品销售成本,Forecast,Cost,200823.19863126264,RMB mn,RMB,1,Forecast,Bull,MODEL_P3,Medium,Phase 3 formula-driven forecast using G2-approved scenario drivers,,,,
CM_PHASE3_20260803,中国移动,中国移动有限公司（A股600941；H股941/80941）,China Mobile Limited及其附属公司合并口径,2034E,Annual,COST_OTHER_RESIDUAL,其他经营费用（扣除信用减值）,Forecast,Cost,70561.24374948267,RMB mn,RMB,1,Forecast,Bull,MODEL_P3,Medium,Phase 3 formula-driven forecast using G2-approved scenario drivers,,,,
CM_PHASE3_20260803,中国移动,中国移动有限公司（A股600941；H股941/80941）,China Mobile Limited及其附属公司合并口径,2034E,Annual,COST_CREDIT_NET,信用及合同资产减值净额,Forecast,Risk,10290.181380132888,RMB mn,RMB,1,Forecast,Bull,MODEL_P3,Medium,Phase 3 formula-driven forecast using G2-approved scenario drivers,,,,
CM_PHASE3_20260803,中国移动,中国移动有限公司（A股600941；H股941/80941）,China Mobile Limited及其附属公司合并口径,2034E,Annual,FIN_EBITDA,EBITDA,Forecast,Group,526839.6275352774,RMB mn,RMB,1,Forecast,Bull,MODEL_P3,Medium,Phase 3 formula-driven forecast using G2-approved scenario drivers,,,,
CM_PHASE3_20260803,中国移动,中国移动有限公司（A股600941；H股941/80941）,China Mobile Limited及其附属公司合并口径,2034E,Annual,FIN_EBIT,EBIT,Forecast,Group,291635.4817036685,RMB mn,RMB,1,Forecast,Bull,MODEL_P3,Medium,Phase 3 formula-driven forecast using G2-approved scenario drivers,,,,
CM_PHASE3_20260803,中国移动,中国移动有限公司（A股600941；H股941/80941）,China Mobile Limited及其附属公司合并口径,2034E,Annual,FIN_NONOP_INCOME,经营外收入净额,Forecast,Group,39690.699609084,RMB mn,RMB,1,Forecast,Bull,MODEL_P3,Medium,Phase 3 formula-driven forecast using G2-approved scenario drivers,,,,
CM_PHASE3_20260803,中国移动,中国移动有限公司（A股600941；H股941/80941）,China Mobile Limited及其附属公司合并口径,2034E,Annual,FIN_PBT,税前利润,Forecast,Group,331326.1813127525,RMB mn,RMB,1,Forecast,Bull,MODEL_P3,Medium,Phase 3 formula-driven forecast using G2-approved scenario drivers,,,,
CM_PHASE3_20260803,中国移动,中国移动有限公司（A股600941；H股941/80941）,China Mobile Limited及其附属公司合并口径,2034E,Annual,FIN_TAX,所得税,Forecast,Group,71235.12898224179,RMB mn,RMB,1,Forecast,Bull,MODEL_P3,Medium,Phase 3 formula-driven forecast using G2-approved scenario drivers,,,,
CM_PHASE3_20260803,中国移动,中国移动有限公司（A股600941；H股941/80941）,China Mobile Limited及其附属公司合并口径,2034E,Annual,FIN_NET_PROFIT_PARENT,归母净利润,Forecast,Group,259921.0523305107,RMB mn,RMB,1,Forecast,Bull,MODEL_P3,Medium,Phase 3 formula-driven forecast using G2-approved scenario drivers,,,,
CM_PHASE3_20260803,中国移动,中国移动有限公司（A股600941；H股941/80941）,China Mobile Limited及其附属公司合并口径,2034E,Annual,CAPEX_COMPANY,公司口径资本开支,Forecast,Cash flow,177289.1774927422,RMB mn,RMB,1,Forecast,Bull,MODEL_P3,Medium,Phase 3 formula-driven forecast using G2-approved scenario drivers,,,,
CM_PHASE3_20260803,中国移动,中国移动有限公司（A股600941；H股941/80941）,China Mobile Limited及其附属公司合并口径,2034E,Annual,CF_CFO,经营活动现金流净额,Forecast,Cash flow,443222.9437318554,RMB mn,RMB,1,Forecast,Bull,MODEL_P3,Medium,Phase 3 formula-driven forecast using G2-approved scenario drivers,,,,
CM_PHASE3_20260803,中国移动,中国移动有限公司（A股600941；H股941/80941）,China Mobile Limited及其附属公司合并口径,2034E,Annual,CF_CASH_CONVERSION_ADJ,营运资本及其他现金转换调整,Forecast,Cash flow,20915.05523713323,RMB mn,RMB,1,Forecast,Bull,MODEL_P3,Medium,Phase 3 formula-driven forecast using G2-approved scenario drivers,,,,
CM_PHASE3_20260803,中国移动,中国移动有限公司（A股600941；H股941/80941）,China Mobile Limited及其附属公司合并口径,2034E,Annual,CF_FCFF,自由现金流,Forecast,Cash flow,265933.76623911323,RMB mn,RMB,1,Forecast,Bull,MODEL_P3,Medium,Phase 3 formula-driven forecast using G2-approved scenario drivers,,,,
CM_PHASE3_20260803,中国移动,中国移动有限公司（A股600941；H股941/80941）,China Mobile Limited及其附属公司合并口径,2034E,Annual,DIV_PAYOUT,派息率,Forecast,Dividend,0.82,%,,1,Forecast,Bull,MODEL_P3,Medium,Phase 3 formula-driven forecast using G2-approved scenario drivers,,,,
CM_PHASE3_20260803,中国移动,中国移动有限公司（A股600941；H股941/80941）,China Mobile Limited及其附属公司合并口径,2034E,Annual,DIV_CASH_FORECAST,预计现金分红,Forecast,Dividend,213135.26291101874,RMB mn,RMB,1,Forecast,Bull,MODEL_P3,Medium,Phase 3 formula-driven forecast using G2-approved scenario drivers,,,,
CM_PHASE3_20260803,中国移动,中国移动有限公司（A股600941；H股941/80941）,China Mobile Limited及其附属公司合并口径,2034E,Annual,EQ_SHARES_FORECAST,预计发行股份,Forecast,Equity,22172.731155,mn shares,,1,Forecast,Bull,MODEL_P3,Medium,Phase 3 formula-driven forecast using G2-approved scenario drivers,,,,
CM_PHASE3_20260803,中国移动,中国移动有限公司（A股600941；H股941/80941）,China Mobile Limited及其附属公司合并口径,2034E,Annual,DIV_DPS,预计每股股息,Forecast,Dividend,10.663838291523923,HKD/share,HKD,1,Forecast,Bull,MODEL_P3,Medium,Phase 3 formula-driven forecast using G2-approved scenario drivers,,,,
CM_PHASE3_20260803,中国移动,中国移动有限公司（A股600941；H股941/80941）,China Mobile Limited及其附属公司合并口径,2034E,Annual,FIN_EPS_BASIC,预计每股收益,Forecast,Equity,11.72255463314441,RMB/share,RMB,1,Forecast,Bull,MODEL_P3,Medium,Phase 3 formula-driven forecast using G2-approved scenario drivers,,,,
CM_PHASE3_20260803,中国移动,中国移动有限公司（A股600941；H股941/80941）,China Mobile Limited及其附属公司合并口径,2035E,Annual,REV_TOC_MOBILE,ToC移动通信收入,Forecast,ToC Mobile,543983.7047414561,RMB mn,RMB,1,Forecast,Bull,MODEL_P3,Medium,Phase 3 formula-driven forecast using G2-approved scenario drivers,,,,
CM_PHASE3_20260803,中国移动,中国移动有限公司（A股600941；H股941/80941）,China Mobile Limited及其附属公司合并口径,2035E,Annual,REV_HOME,家庭宽带与智慧家庭收入,Forecast,Home,217408.51321935278,RMB mn,RMB,1,Forecast,Bull,MODEL_P3,Medium,Phase 3 formula-driven forecast using G2-approved scenario drivers,,,,
CM_PHASE3_20260803,中国移动,中国移动有限公司（A股600941；H股941/80941）,China Mobile Limited及其附属公司合并口径,2035E,Annual,REV_ENTERPRISE_CONNECT,企业连接和传统网络收入,Forecast,Enterprise Connect,125890.20363427237,RMB mn,RMB,1,Forecast,Bull,MODEL_P3,Medium,Phase 3 formula-driven forecast using G2-approved scenario drivers,,,,
CM_PHASE3_20260803,中国移动,中国移动有限公司（A股600941；H股941/80941）,China Mobile Limited及其附属公司合并口径,2035E,Annual,REV_CLOUD_NONAI,非AI云与数字化收入,Forecast,Cloud & Digital,72808.11399800294,RMB mn,RMB,1,Forecast,Bull,MODEL_P3,Medium,Phase 3 formula-driven forecast using G2-approved scenario drivers,,,,
CM_PHASE3_20260803,中国移动,中国移动有限公司（A股600941；H股941/80941）,China Mobile Limited及其附属公司合并口径,2035E,Annual,REV_AIDC,AIDC收入估算,Forecast,AI/AIDC,144904.98820222978,RMB mn,RMB,1,Forecast,Bull,MODEL_P3,Low,Phase 3 formula-driven forecast using G2-approved scenario drivers,,,,
CM_PHASE3_20260803,中国移动,中国移动有限公司（A股600941；H股941/80941）,China Mobile Limited及其附属公司合并口径,2035E,Annual,REV_AI_SERVICE,智能服务收入,Forecast,AI services,168246.13077772842,RMB mn,RMB,1,Forecast,Bull,MODEL_P3,Medium,Phase 3 formula-driven forecast using G2-approved scenario drivers,,,,
CM_PHASE3_20260803,中国移动,中国移动有限公司（A股600941；H股941/80941）,China Mobile Limited及其附属公司合并口径,2035E,Annual,REV_IOT,物联网收入估算,Forecast,IoT,18403.516164269076,RMB mn,RMB,1,Forecast,Bull,MODEL_P3,Low,Phase 3 formula-driven forecast using G2-approved scenario drivers,,,,
CM_PHASE3_20260803,中国移动,中国移动有限公司（A股600941；H股941/80941）,China Mobile Limited及其附属公司合并口径,2035E,Annual,REV_DEVICE_OTHER,终端、批发及其他业务收入,Forecast,Device & Other,207748.1365150993,RMB mn,RMB,1,Forecast,Bull,MODEL_P3,Medium,Phase 3 formula-driven forecast using G2-approved scenario drivers,,,,
CM_PHASE3_20260803,中国移动,中国移动有限公司（A股600941；H股941/80941）,China Mobile Limited及其附属公司合并口径,2035E,Annual,REV_MODEL_RESIDUAL,收入桥接及取整差额,Forecast,Group,33.12242409600001,RMB mn,RMB,1,Forecast,Bull,MODEL_P3,Medium,Phase 3 formula-driven forecast using G2-approved scenario drivers,,,,
CM_PHASE3_20260803,中国移动,中国移动有限公司（A股600941；H股941/80941）,China Mobile Limited及其附属公司合并口径,2035E,Annual,FIN_REV_PRINCIPAL,主营业务收入,Forecast,Group,1291678.2931614073,RMB mn,RMB,1,Forecast,Bull,MODEL_P3,Medium,Phase 3 formula-driven forecast using G2-approved scenario drivers,,,,
CM_PHASE3_20260803,中国移动,中国移动有限公司（A股600941；H股941/80941）,China Mobile Limited及其附属公司合并口径,2035E,Annual,FIN_REV_TOTAL,营业收入,Forecast,Group,1499426.4296765067,RMB mn,RMB,1,Forecast,Bull,MODEL_P3,Medium,Phase 3 formula-driven forecast using G2-approved scenario drivers,,,,
CM_PHASE3_20260803,中国移动,中国移动有限公司（A股600941；H股941/80941）,China Mobile Limited及其附属公司合并口径,2035E,Annual,COST_NETWORK,网络运行、维护及支撑成本,Forecast,Cost,389850.87171589176,RMB mn,RMB,1,Forecast,Bull,MODEL_P3,Medium,Phase 3 formula-driven forecast using G2-approved scenario drivers,,,,
CM_PHASE3_20260803,中国移动,中国移动有限公司（A股600941；H股941/80941）,China Mobile Limited及其附属公司合并口径,2035E,Annual,COST_DA,折旧及摊销,Forecast,Cost,239908.22874824106,RMB mn,RMB,1,Forecast,Bull,MODEL_P3,Medium,Phase 3 formula-driven forecast using G2-approved scenario drivers,,,,
CM_PHASE3_20260803,中国移动,中国移动有限公司（A股600941；H股941/80941）,China Mobile Limited及其附属公司合并口径,2035E,Annual,COST_EMPLOYEE,人工成本,Forecast,Cost,209919.70015471094,RMB mn,RMB,1,Forecast,Bull,MODEL_P3,Medium,Phase 3 formula-driven forecast using G2-approved scenario drivers,,,,
CM_PHASE3_20260803,中国移动,中国移动有限公司（A股600941；H股941/80941）,China Mobile Limited及其附属公司合并口径,2035E,Annual,COST_SELLING,销售费用,Forecast,Cost,74971.32148382533,RMB mn,RMB,1,Forecast,Bull,MODEL_P3,Medium,Phase 3 formula-driven forecast using G2-approved scenario drivers,,,,
CM_PHASE3_20260803,中国移动,中国移动有限公司（A股600941；H股941/80941）,China Mobile Limited及其附属公司合并口径,2035E,Annual,COST_PRODUCTS,产品销售成本,Forecast,Cost,204839.6626038879,RMB mn,RMB,1,Forecast,Bull,MODEL_P3,Medium,Phase 3 formula-driven forecast using G2-approved scenario drivers,,,,
CM_PHASE3_20260803,中国移动,中国移动有限公司（A股600941；H股941/80941）,China Mobile Limited及其附属公司合并口径,2035E,Annual,COST_OTHER_RESIDUAL,其他经营费用（扣除信用减值）,Forecast,Cost,71972.46862447233,RMB mn,RMB,1,Forecast,Bull,MODEL_P3,Medium,Phase 3 formula-driven forecast using G2-approved scenario drivers,,,,
CM_PHASE3_20260803,中国移动,中国移动有限公司（A股600941；H股941/80941）,China Mobile Limited及其附属公司合并口径,2035E,Annual,COST_CREDIT_NET,信用及合同资产减值净额,Forecast,Risk,10495.985007735548,RMB mn,RMB,1,Forecast,Bull,MODEL_P3,Medium,Phase 3 formula-driven forecast using G2-approved scenario drivers,,,,
CM_PHASE3_20260803,中国移动,中国移动有限公司（A股600941；H股941/80941）,China Mobile Limited及其附属公司合并口径,2035E,Annual,FIN_EBITDA,EBITDA,Forecast,Group,537376.420085983,RMB mn,RMB,1,Forecast,Bull,MODEL_P3,Medium,Phase 3 formula-driven forecast using G2-approved scenario drivers,,,,
CM_PHASE3_20260803,中国移动,中国移动有限公司（A股600941；H股941/80941）,China Mobile Limited及其附属公司合并口径,2035E,Annual,FIN_EBIT,EBIT,Forecast,Group,297468.1913377419,RMB mn,RMB,1,Forecast,Bull,MODEL_P3,Medium,Phase 3 formula-driven forecast using G2-approved scenario drivers,,,,
CM_PHASE3_20260803,中国移动,中国移动有限公司（A股600941；H股941/80941）,China Mobile Limited及其附属公司合并口径,2035E,Annual,FIN_NONOP_INCOME,经营外收入净额,Forecast,Group,40484.51360126568,RMB mn,RMB,1,Forecast,Bull,MODEL_P3,Medium,Phase 3 formula-driven forecast using G2-approved scenario drivers,,,,
CM_PHASE3_20260803,中国移动,中国移动有限公司（A股600941；H股941/80941）,China Mobile Limited及其附属公司合并口径,2035E,Annual,FIN_PBT,税前利润,Forecast,Group,337952.7049390076,RMB mn,RMB,1,Forecast,Bull,MODEL_P3,Medium,Phase 3 formula-driven forecast using G2-approved scenario drivers,,,,
CM_PHASE3_20260803,中国移动,中国移动有限公司（A股600941；H股941/80941）,China Mobile Limited及其附属公司合并口径,2035E,Annual,FIN_TAX,所得税,Forecast,Group,72659.83156188663,RMB mn,RMB,1,Forecast,Bull,MODEL_P3,Medium,Phase 3 formula-driven forecast using G2-approved scenario drivers,,,,
CM_PHASE3_20260803,中国移动,中国移动有限公司（A股600941；H股941/80941）,China Mobile Limited及其附属公司合并口径,2035E,Annual,FIN_NET_PROFIT_PARENT,归母净利润,Forecast,Group,265122.87337712094,RMB mn,RMB,1,Forecast,Bull,MODEL_P3,Medium,Phase 3 formula-driven forecast using G2-approved scenario drivers,,,,
CM_PHASE3_20260803,中国移动,中国移动有限公司（A股600941；H股941/80941）,China Mobile Limited及其附属公司合并口径,2035E,Annual,CAPEX_COMPANY,公司口径资本开支,Forecast,Cash flow,180834.96104259705,RMB mn,RMB,1,Forecast,Bull,MODEL_P3,Medium,Phase 3 formula-driven forecast using G2-approved scenario drivers,,,,
CM_PHASE3_20260803,中国移动,中国移动有限公司（A股600941；H股941/80941）,China Mobile Limited及其附属公司合并口径,2035E,Annual,CF_CFO,经营活动现金流净额,Forecast,Cash flow,452087.4026064926,RMB mn,RMB,1,Forecast,Bull,MODEL_P3,Medium,Phase 3 formula-driven forecast using G2-approved scenario drivers,,,,
CM_PHASE3_20260803,中国移动,中国移动有限公司（A股600941；H股941/80941）,China Mobile Limited及其附属公司合并口径,2035E,Annual,CF_CASH_CONVERSION_ADJ,营运资本及其他现金转换调整,Forecast,Cash flow,21333.356341875915,RMB mn,RMB,1,Forecast,Bull,MODEL_P3,Medium,Phase 3 formula-driven forecast using G2-approved scenario drivers,,,,
CM_PHASE3_20260803,中国移动,中国移动有限公司（A股600941；H股941/80941）,China Mobile Limited及其附属公司合并口径,2035E,Annual,CF_FCFF,自由现金流,Forecast,Cash flow,271252.4415638955,RMB mn,RMB,1,Forecast,Bull,MODEL_P3,Medium,Phase 3 formula-driven forecast using G2-approved scenario drivers,,,,
CM_PHASE3_20260803,中国移动,中国移动有限公司（A股600941；H股941/80941）,China Mobile Limited及其附属公司合并口径,2035E,Annual,DIV_PAYOUT,派息率,Forecast,Dividend,0.82,%,,1,Forecast,Bull,MODEL_P3,Medium,Phase 3 formula-driven forecast using G2-approved scenario drivers,,,,
CM_PHASE3_20260803,中国移动,中国移动有限公司（A股600941；H股941/80941）,China Mobile Limited及其附属公司合并口径,2035E,Annual,DIV_CASH_FORECAST,预计现金分红,Forecast,Dividend,217400.75616923915,RMB mn,RMB,1,Forecast,Bull,MODEL_P3,Medium,Phase 3 formula-driven forecast using G2-approved scenario drivers,,,,
CM_PHASE3_20260803,中国移动,中国移动有限公司（A股600941；H股941/80941）,China Mobile Limited及其附属公司合并口径,2035E,Annual,EQ_SHARES_FORECAST,预计发行股份,Forecast,Equity,22172.731155,mn shares,,1,Forecast,Bull,MODEL_P3,Medium,Phase 3 formula-driven forecast using G2-approved scenario drivers,,,,
CM_PHASE3_20260803,中国移动,中国移动有限公司（A股600941；H股941/80941）,China Mobile Limited及其附属公司合并口径,2035E,Annual,DIV_DPS,预计每股股息,Forecast,Dividend,10.877254549903645,HKD/share,HKD,1,Forecast,Bull,MODEL_P3,Medium,Phase 3 formula-driven forecast using G2-approved scenario drivers,,,,
CM_PHASE3_20260803,中国移动,中国移动有限公司（A股600941；H股941/80941）,China Mobile Limited及其附属公司合并口径,2035E,Annual,FIN_EPS_BASIC,预计每股收益,Forecast,Equity,11.957159067313867,RMB/share,RMB,1,Forecast,Bull,MODEL_P3,Medium,Phase 3 formula-driven forecast using G2-approved scenario drivers,,,,
CM_PHASE4_20260803,中国移动,中国移动有限公司（A股600941；H股941/80941）,China Mobile Limited及其附属公司合并口径,2025FY,Annual,VAL_DCF,DCF合理价值,Valuation,Equity,67.00579588516975,RMB/share,RMB,1,Derived,Bear,MODEL_P4,Medium,Phase 4 valuation and sensitivity model,,,,
CM_PHASE4_20260803,中国移动,中国移动有限公司（A股600941；H股941/80941）,China Mobile Limited及其附属公司合并口径,2025FY,Annual,VAL_DDM,DDM合理价值,Valuation,Equity,40.17475819372605,RMB/share,RMB,1,Derived,Bear,MODEL_P4,Medium,Phase 4 valuation and sensitivity model,,,,
CM_PHASE4_20260803,中国移动,中国移动有限公司（A股600941；H股941/80941）,China Mobile Limited及其附属公司合并口径,2025FY,Annual,VAL_PE,PE合理价值,Valuation,Equity,57.0051940475526,RMB/share,RMB,1,Derived,Bear,MODEL_P4,Medium,Phase 4 valuation and sensitivity model,,,,
CM_PHASE4_20260803,中国移动,中国移动有限公司（A股600941；H股941/80941）,China Mobile Limited及其附属公司合并口径,2025FY,Annual,VAL_PB,PB合理价值,Valuation,Equity,58.48906675010772,RMB/share,RMB,1,Derived,Bear,MODEL_P4,Medium,Phase 4 valuation and sensitivity model,,,,
CM_PHASE4_20260803,中国移动,中国移动有限公司（A股600941；H股941/80941）,China Mobile Limited及其附属公司合并口径,2025FY,Annual,VAL_EV_EBITDA,EV/EBITDA合理价值,Valuation,Equity,86.06324584191061,RMB/share,RMB,1,Derived,Bear,MODEL_P4,Medium,Phase 4 valuation and sensitivity model,,,,
CM_PHASE4_20260803,中国移动,中国移动有限公司（A股600941；H股941/80941）,China Mobile Limited及其附属公司合并口径,2025FY,Annual,VAL_WEIGHTED_A,综合A股合理价值,Valuation,A share,61.6464125593625,CNY/share,RMB,1,Derived,Bear,MODEL_P4,Medium,Phase 4 valuation and sensitivity model,,,,
CM_PHASE4_20260803,中国移动,中国移动有限公司（A股600941；H股941/80941）,China Mobile Limited及其附属公司合并口径,2025FY,Annual,VAL_WEIGHTED_H,综合H股合理价值,Valuation,H share,71.21895188179451,HKD/share,HKD,1,Derived,Bear,MODEL_P4,Medium,Phase 4 valuation and sensitivity model,,,,
CM_PHASE4_20260803,中国移动,中国移动有限公司（A股600941；H股941/80941）,China Mobile Limited及其附属公司合并口径,2026E,Annual,VAL_DCF,DCF合理价值,Valuation,Equity,68.02317325179193,RMB/share,RMB,1,Derived,Bear,MODEL_P4,Medium,Phase 4 valuation and sensitivity model,,,,
CM_PHASE4_20260803,中国移动,中国移动有限公司（A股600941；H股941/80941）,China Mobile Limited及其附属公司合并口径,2026E,Annual,VAL_DDM,DDM合理价值,Valuation,Equity,41.01405568010233,RMB/share,RMB,1,Derived,Bear,MODEL_P4,Medium,Phase 4 valuation and sensitivity model,,,,
CM_PHASE4_20260803,中国移动,中国移动有限公司（A股600941；H股941/80941）,China Mobile Limited及其附属公司合并口径,2026E,Annual,VAL_PE,PE合理价值,Valuation,Equity,44.617891666906175,RMB/share,RMB,1,Derived,Bear,MODEL_P4,Medium,Phase 4 valuation and sensitivity model,,,,
CM_PHASE4_20260803,中国移动,中国移动有限公司（A股600941；H股941/80941）,China Mobile Limited及其附属公司合并口径,2026E,Annual,VAL_PB,PB合理价值,Valuation,Equity,52.94091040001501,RMB/share,RMB,1,Derived,Bear,MODEL_P4,Medium,Phase 4 valuation and sensitivity model,,,,
CM_PHASE4_20260803,中国移动,中国移动有限公司（A股600941；H股941/80941）,China Mobile Limited及其附属公司合并口径,2026E,Annual,VAL_EV_EBITDA,EV/EBITDA合理价值,Valuation,Equity,79.88056494545675,RMB/share,RMB,1,Derived,Bear,MODEL_P4,Medium,Phase 4 valuation and sensitivity model,,,,
CM_PHASE4_20260803,中国移动,中国移动有限公司（A股600941；H股941/80941）,China Mobile Limited及其附属公司合并口径,2026E,Annual,VAL_WEIGHTED_A,综合A股合理价值,Valuation,A share,58.21067588934889,CNY/share,RMB,1,Derived,Bear,MODEL_P4,Medium,Phase 4 valuation and sensitivity model,,,,
CM_PHASE4_20260803,中国移动,中国移动有限公司（A股600941；H股941/80941）,China Mobile Limited及其附属公司合并口径,2026E,Annual,VAL_WEIGHTED_H,综合H股合理价值,Valuation,H share,67.24970931890259,HKD/share,HKD,1,Derived,Bear,MODEL_P4,Medium,Phase 4 valuation and sensitivity model,,,,
CM_PHASE4_20260803,中国移动,中国移动有限公司（A股600941；H股941/80941）,China Mobile Limited及其附属公司合并口径,2027E,Annual,VAL_DCF,DCF合理价值,Valuation,Equity,68.87218948782487,RMB/share,RMB,1,Derived,Bear,MODEL_P4,Medium,Phase 4 valuation and sensitivity model,,,,
CM_PHASE4_20260803,中国移动,中国移动有限公司（A股600941；H股941/80941）,China Mobile Limited及其附属公司合并口径,2027E,Annual,VAL_DDM,DDM合理价值,Valuation,Equity,41.77215165677177,RMB/share,RMB,1,Derived,Bear,MODEL_P4,Medium,Phase 4 valuation and sensitivity model,,,,
CM_PHASE4_20260803,中国移动,中国移动有限公司（A股600941；H股941/80941）,China Mobile Limited及其附属公司合并口径,2027E,Annual,VAL_PE,PE合理价值,Valuation,Equity,46.65649955098616,RMB/share,RMB,1,Derived,Bear,MODEL_P4,Medium,Phase 4 valuation and sensitivity model,,,,
CM_PHASE4_20260803,中国移动,中国移动有限公司（A股600941；H股941/80941）,China Mobile Limited及其附属公司合并口径,2027E,Annual,VAL_PB,PB合理价值,Valuation,Equity,54.44764960987999,RMB/share,RMB,1,Derived,Bear,MODEL_P4,Medium,Phase 4 valuation and sensitivity model,,,,
CM_PHASE4_20260803,中国移动,中国移动有限公司（A股600941；H股941/80941）,China Mobile Limited及其附属公司合并口径,2027E,Annual,VAL_EV_EBITDA,EV/EBITDA合理价值,Valuation,Equity,80.91612338282472,RMB/share,RMB,1,Derived,Bear,MODEL_P4,Medium,Phase 4 valuation and sensitivity model,,,,
CM_PHASE4_20260803,中国移动,中国移动有限公司（A股600941；H股941/80941）,China Mobile Limited及其附属公司合并口径,2027E,Annual,VAL_WEIGHTED_A,综合A股合理价值,Valuation,A share,59.373180030702,CNY/share,RMB,1,Derived,Bear,MODEL_P4,Medium,Phase 4 valuation and sensitivity model,,,,
CM_PHASE4_20260803,中国移动,中国移动有限公司（A股600941；H股941/80941）,China Mobile Limited及其附属公司合并口径,2027E,Annual,VAL_WEIGHTED_H,综合H股合理价值,Valuation,H share,68.59272869453437,HKD/share,HKD,1,Derived,Bear,MODEL_P4,Medium,Phase 4 valuation and sensitivity model,,,,
CM_PHASE4_20260803,中国移动,中国移动有限公司（A股600941；H股941/80941）,China Mobile Limited及其附属公司合并口径,2028E,Annual,VAL_DCF,DCF合理价值,Valuation,Equity,69.61625032898522,RMB/share,RMB,1,Derived,Bear,MODEL_P4,Medium,Phase 4 valuation and sensitivity model,,,,
CM_PHASE4_20260803,中国移动,中国移动有限公司（A股600941；H股941/80941）,China Mobile Limited及其附属公司合并口径,2028E,Annual,VAL_DDM,DDM合理价值,Valuation,Equity,42.44564274090592,RMB/share,RMB,1,Derived,Bear,MODEL_P4,Medium,Phase 4 valuation and sensitivity model,,,,
CM_PHASE4_20260803,中国移动,中国移动有限公司（A股600941；H股941/80941）,China Mobile Limited及其附属公司合并口径,2028E,Annual,VAL_PE,PE合理价值,Valuation,Equity,48.61577854371071,RMB/share,RMB,1,Derived,Bear,MODEL_P4,Medium,Phase 4 valuation and sensitivity model,,,,
CM_PHASE4_20260803,中国移动,中国移动有限公司（A股600941；H股941/80941）,China Mobile Limited及其附属公司合并口径,2028E,Annual,VAL_PB,PB合理价值,Valuation,Equity,55.93146528176793,RMB/share,RMB,1,Derived,Bear,MODEL_P4,Medium,Phase 4 valuation and sensitivity model,,,,
CM_PHASE4_20260803,中国移动,中国移动有限公司（A股600941；H股941/80941）,China Mobile Limited及其附属公司合并口径,2028E,Annual,VAL_EV_EBITDA,EV/EBITDA合理价值,Valuation,Equity,81.8879469247367,RMB/share,RMB,1,Derived,Bear,MODEL_P4,Medium,Phase 4 valuation and sensitivity model,,,,
CM_PHASE4_20260803,中国移动,中国移动有限公司（A股600941；H股941/80941）,China Mobile Limited及其附属公司合并口径,2028E,Annual,VAL_WEIGHTED_A,综合A股合理价值,Valuation,A share,60.454310438955446,CNY/share,RMB,1,Derived,Bear,MODEL_P4,Medium,Phase 4 valuation and sensitivity model,,,,
CM_PHASE4_20260803,中国移动,中国移动有限公司（A股600941；H股941/80941）,China Mobile Limited及其附属公司合并口径,2028E,Annual,VAL_WEIGHTED_H,综合H股合理价值,Valuation,H share,69.84173851240824,HKD/share,HKD,1,Derived,Bear,MODEL_P4,Medium,Phase 4 valuation and sensitivity model,,,,
CM_PHASE4_20260803,中国移动,中国移动有限公司（A股600941；H股941/80941）,China Mobile Limited及其附属公司合并口径,2029E,Annual,VAL_DCF,DCF合理价值,Valuation,Equity,70.262223108779,RMB/share,RMB,1,Derived,Bear,MODEL_P4,Medium,Phase 4 valuation and sensitivity model,,,,
CM_PHASE4_20260803,中国移动,中国移动有限公司（A股600941；H股941/80941）,China Mobile Limited及其附属公司合并口径,2029E,Annual,VAL_DDM,DDM合理价值,Valuation,Equity,43.0393669565383,RMB/share,RMB,1,Derived,Bear,MODEL_P4,Medium,Phase 4 valuation and sensitivity model,,,,
CM_PHASE4_20260803,中国移动,中国移动有限公司（A股600941；H股941/80941）,China Mobile Limited及其附属公司合并口径,2029E,Annual,VAL_PE,PE合理价值,Valuation,Equity,50.38982504207076,RMB/share,RMB,1,Derived,Bear,MODEL_P4,Medium,Phase 4 valuation and sensitivity model,,,,
CM_PHASE4_20260803,中国移动,中国移动有限公司（A股600941；H股941/80941）,China Mobile Limited及其附属公司合并口径,2029E,Annual,VAL_PB,PB合理价值,Valuation,Equity,57.33507597374261,RMB/share,RMB,1,Derived,Bear,MODEL_P4,Medium,Phase 4 valuation and sensitivity model,,,,
CM_PHASE4_20260803,中国移动,中国移动有限公司（A股600941；H股941/80941）,China Mobile Limited及其附属公司合并口径,2029E,Annual,VAL_EV_EBITDA,EV/EBITDA合理价值,Valuation,Equity,82.80145576804594,RMB/share,RMB,1,Derived,Bear,MODEL_P4,Medium,Phase 4 valuation and sensitivity model,,,,
CM_PHASE4_20260803,中国移动,中国移动有限公司（A股600941；H股941/80941）,China Mobile Limited及其附属公司合并口径,2029E,Annual,VAL_WEIGHTED_A,综合A股合理价值,Valuation,A share,61.43134245037562,CNY/share,RMB,1,Derived,Bear,MODEL_P4,Medium,Phase 4 valuation and sensitivity model,,,,
CM_PHASE4_20260803,中国移动,中国移动有限公司（A股600941；H股941/80941）,China Mobile Limited及其附属公司合并口径,2029E,Annual,VAL_WEIGHTED_H,综合H股合理价值,Valuation,H share,70.97048539190104,HKD/share,HKD,1,Derived,Bear,MODEL_P4,Medium,Phase 4 valuation and sensitivity model,,,,
CM_PHASE4_20260803,中国移动,中国移动有限公司（A股600941；H股941/80941）,China Mobile Limited及其附属公司合并口径,2030E,Annual,VAL_DCF,DCF合理价值,Valuation,Equity,70.82080021429903,RMB/share,RMB,1,Derived,Bear,MODEL_P4,Medium,Phase 4 valuation and sensitivity model,,,,
CM_PHASE4_20260803,中国移动,中国移动有限公司（A股600941；H股941/80941）,China Mobile Limited及其附属公司合并口径,2030E,Annual,VAL_DDM,DDM合理价值,Valuation,Equity,43.56301512152621,RMB/share,RMB,1,Derived,Bear,MODEL_P4,Medium,Phase 4 valuation and sensitivity model,,,,
CM_PHASE4_20260803,中国移动,中国移动有限公司（A股600941；H股941/80941）,China Mobile Limited及其附属公司合并口径,2030E,Annual,VAL_PE,PE合理价值,Valuation,Equity,51.92681892684692,RMB/share,RMB,1,Derived,Bear,MODEL_P4,Medium,Phase 4 valuation and sensitivity model,,,,
CM_PHASE4_20260803,中国移动,中国移动有限公司（A股600941；H股941/80941）,China Mobile Limited及其附属公司合并口径,2030E,Annual,VAL_PB,PB合理价值,Valuation,Equity,58.62848460747662,RMB/share,RMB,1,Derived,Bear,MODEL_P4,Medium,Phase 4 valuation and sensitivity model,,,,
CM_PHASE4_20260803,中国移动,中国移动有限公司（A股600941；H股941/80941）,China Mobile Limited及其附属公司合并口径,2030E,Annual,VAL_EV_EBITDA,EV/EBITDA合理价值,Valuation,Equity,83.66599537952196,RMB/share,RMB,1,Derived,Bear,MODEL_P4,Medium,Phase 4 valuation and sensitivity model,,,,
CM_PHASE4_20260803,中国移动,中国移动有限公司（A股600941；H股941/80941）,China Mobile Limited及其附属公司合并口径,2030E,Annual,VAL_WEIGHTED_A,综合A股合理价值,Valuation,A share,62.29799465235524,CNY/share,RMB,1,Derived,Bear,MODEL_P4,Medium,Phase 4 valuation and sensitivity model,,,,
CM_PHASE4_20260803,中国移动,中国移动有限公司（A股600941；H股941/80941）,China Mobile Limited及其附属公司合并口径,2030E,Annual,VAL_WEIGHTED_H,综合H股合理价值,Valuation,H share,71.97171253405797,HKD/share,HKD,1,Derived,Bear,MODEL_P4,Medium,Phase 4 valuation and sensitivity model,,,,
CM_PHASE4_20260803,中国移动,中国移动有限公司（A股600941；H股941/80941）,China Mobile Limited及其附属公司合并口径,2031E,Annual,VAL_DCF,DCF合理价值,Valuation,Equity,71.4396275021426,RMB/share,RMB,1,Derived,Bear,MODEL_P4,Medium,Phase 4 valuation and sensitivity model,,,,
CM_PHASE4_20260803,中国移动,中国移动有限公司（A股600941；H股941/80941）,China Mobile Limited及其附属公司合并口径,2031E,Annual,VAL_DDM,DDM合理价值,Valuation,Equity,44.15951812605784,RMB/share,RMB,1,Derived,Bear,MODEL_P4,Medium,Phase 4 valuation and sensitivity model,,,,
CM_PHASE4_20260803,中国移动,中国移动有限公司（A股600941；H股941/80941）,China Mobile Limited及其附属公司合并口径,2031E,Annual,VAL_PE,PE合理价值,Valuation,Equity,51.73870976915029,RMB/share,RMB,1,Derived,Bear,MODEL_P4,Medium,Phase 4 valuation and sensitivity model,,,,
CM_PHASE4_20260803,中国移动,中国移动有限公司（A股600941；H股941/80941）,China Mobile Limited及其附属公司合并口径,2031E,Annual,VAL_PB,PB合理价值,Valuation,Equity,59.032052999267854,RMB/share,RMB,1,Derived,Bear,MODEL_P4,Medium,Phase 4 valuation and sensitivity model,,,,
CM_PHASE4_20260803,中国移动,中国移动有限公司（A股600941；H股941/80941）,China Mobile Limited及其附属公司合并口径,2031E,Annual,VAL_EV_EBITDA,EV/EBITDA合理价值,Valuation,Equity,83.58947304801957,RMB/share,RMB,1,Derived,Bear,MODEL_P4,Medium,Phase 4 valuation and sensitivity model,,,,
CM_PHASE4_20260803,中国移动,中国移动有限公司（A股600941；H股941/80941）,China Mobile Limited及其附属公司合并口径,2031E,Annual,VAL_WEIGHTED_A,综合A股合理价值,Valuation,A share,62.62514146192126,CNY/share,RMB,1,Derived,Bear,MODEL_P4,Medium,Phase 4 valuation and sensitivity model,,,,
CM_PHASE4_20260803,中国移动,中国移动有限公司（A股600941；H股941/80941）,China Mobile Limited及其附属公司合并口径,2031E,Annual,VAL_WEIGHTED_H,综合H股合理价值,Valuation,H share,72.34965914800455,HKD/share,HKD,1,Derived,Bear,MODEL_P4,Medium,Phase 4 valuation and sensitivity model,,,,
CM_PHASE4_20260803,中国移动,中国移动有限公司（A股600941；H股941/80941）,China Mobile Limited及其附属公司合并口径,2032E,Annual,VAL_DCF,DCF合理价值,Valuation,Equity,72.11408308213448,RMB/share,RMB,1,Derived,Bear,MODEL_P4,Medium,Phase 4 valuation and sensitivity model,,,,
CM_PHASE4_20260803,中国移动,中国移动有限公司（A股600941；H股941/80941）,China Mobile Limited及其附属公司合并口径,2032E,Annual,VAL_DDM,DDM合理价值,Valuation,Equity,44.838483248396024,RMB/share,RMB,1,Derived,Bear,MODEL_P4,Medium,Phase 4 valuation and sensitivity model,,,,
CM_PHASE4_20260803,中国移动,中国移动有限公司（A股600941；H股941/80941）,China Mobile Limited及其附属公司合并口径,2032E,Annual,VAL_PE,PE合理价值,Valuation,Equity,51.530952443271445,RMB/share,RMB,1,Derived,Bear,MODEL_P4,Medium,Phase 4 valuation and sensitivity model,,,,
CM_PHASE4_20260803,中国移动,中国移动有限公司（A股600941；H股941/80941）,China Mobile Limited及其附属公司合并口径,2032E,Annual,VAL_PB,PB合理价值,Valuation,Equity,59.40867490384957,RMB/share,RMB,1,Derived,Bear,MODEL_P4,Medium,Phase 4 valuation and sensitivity model,,,,
CM_PHASE4_20260803,中国移动,中国移动有限公司（A股600941；H股941/80941）,China Mobile Limited及其附属公司合并口径,2032E,Annual,VAL_EV_EBITDA,EV/EBITDA合理价值,Valuation,Equity,83.49784601414436,RMB/share,RMB,1,Derived,Bear,MODEL_P4,Medium,Phase 4 valuation and sensitivity model,,,,
CM_PHASE4_20260803,中国移动,中国移动有限公司（A股600941；H股941/80941）,China Mobile Limited及其附属公司合并口径,2032E,Annual,VAL_WEIGHTED_A,综合A股合理价值,Valuation,A share,62.979360609587175,CNY/share,RMB,1,Derived,Bear,MODEL_P4,Medium,Phase 4 valuation and sensitivity model,,,,
CM_PHASE4_20260803,中国移动,中国移动有限公司（A股600941；H股941/80941）,China Mobile Limited及其附属公司合并口径,2032E,Annual,VAL_WEIGHTED_H,综合H股合理价值,Valuation,H share,72.75888192976718,HKD/share,HKD,1,Derived,Bear,MODEL_P4,Medium,Phase 4 valuation and sensitivity model,,,,
CM_PHASE4_20260803,中国移动,中国移动有限公司（A股600941；H股941/80941）,China Mobile Limited及其附属公司合并口径,2033E,Annual,VAL_DCF,DCF合理价值,Valuation,Equity,72.9732532568072,RMB/share,RMB,1,Derived,Bear,MODEL_P4,Medium,Phase 4 valuation and sensitivity model,,,,
CM_PHASE4_20260803,中国移动,中国移动有限公司（A股600941；H股941/80941）,China Mobile Limited及其附属公司合并口径,2033E,Annual,VAL_DDM,DDM合理价值,Valuation,Equity,45.59213453419141,RMB/share,RMB,1,Derived,Bear,MODEL_P4,Medium,Phase 4 valuation and sensitivity model,,,,
CM_PHASE4_20260803,中国移动,中国移动有限公司（A股600941；H股941/80941）,China Mobile Limited及其附属公司合并口径,2033E,Annual,VAL_PE,PE合理价值,Valuation,Equity,51.530952443271445,RMB/share,RMB,1,Derived,Bear,MODEL_P4,Medium,Phase 4 valuation and sensitivity model,,,,
CM_PHASE4_20260803,中国移动,中国移动有限公司（A股600941；H股941/80941）,China Mobile Limited及其附属公司合并口径,2033E,Annual,VAL_PB,PB合理价值,Valuation,Equity,60.0225146286742,RMB/share,RMB,1,Derived,Bear,MODEL_P4,Medium,Phase 4 valuation and sensitivity model,,,,
CM_PHASE4_20260803,中国移动,中国移动有限公司（A股600941；H股941/80941）,China Mobile Limited及其附属公司合并口径,2033E,Annual,VAL_EV_EBITDA,EV/EBITDA合理价值,Valuation,Equity,83.56081897966459,RMB/share,RMB,1,Derived,Bear,MODEL_P4,Medium,Phase 4 valuation and sensitivity model,,,,
CM_PHASE4_20260803,中国移动,中国移动有限公司（A股600941；H股941/80941）,China Mobile Limited及其附属公司合并口径,2033E,Annual,VAL_WEIGHTED_A,综合A股合理价值,Valuation,A share,63.5016303451922,CNY/share,RMB,1,Derived,Bear,MODEL_P4,Medium,Phase 4 valuation and sensitivity model,,,,
CM_PHASE4_20260803,中国移动,中国移动有限公司（A股600941；H股941/80941）,China Mobile Limited及其附属公司合并口径,2033E,Annual,VAL_WEIGHTED_H,综合H股合理价值,Valuation,H share,73.36225042478794,HKD/share,HKD,1,Derived,Bear,MODEL_P4,Medium,Phase 4 valuation and sensitivity model,,,,
CM_PHASE4_20260803,中国移动,中国移动有限公司（A股600941；H股941/80941）,China Mobile Limited及其附属公司合并口径,2034E,Annual,VAL_DCF,DCF合理价值,Valuation,Equity,73.92000512448666,RMB/share,RMB,1,Derived,Bear,MODEL_P4,Medium,Phase 4 valuation and sensitivity model,,,,
CM_PHASE4_20260803,中国移动,中国移动有限公司（A股600941；H股941/80941）,China Mobile Limited及其附属公司合并口径,2034E,Annual,VAL_DDM,DDM合理价值,Valuation,Equity,46.428687461424275,RMB/share,RMB,1,Derived,Bear,MODEL_P4,Medium,Phase 4 valuation and sensitivity model,,,,
CM_PHASE4_20260803,中国移动,中国移动有限公司（A股600941；H股941/80941）,China Mobile Limited及其附属公司合并口径,2034E,Annual,VAL_PE,PE合理价值,Valuation,Equity,51.530952443271445,RMB/share,RMB,1,Derived,Bear,MODEL_P4,Medium,Phase 4 valuation and sensitivity model,,,,
CM_PHASE4_20260803,中国移动,中国移动有限公司（A股600941；H股941/80941）,China Mobile Limited及其附属公司合并口径,2034E,Annual,VAL_PB,PB合理价值,Valuation,Equity,60.6365188769112,RMB/share,RMB,1,Derived,Bear,MODEL_P4,Medium,Phase 4 valuation and sensitivity model,,,,
CM_PHASE4_20260803,中国移动,中国移动有限公司（A股600941；H股941/80941）,China Mobile Limited及其附属公司合并口径,2034E,Annual,VAL_EV_EBITDA,EV/EBITDA合理价值,Valuation,Equity,83.62379194518483,RMB/share,RMB,1,Derived,Bear,MODEL_P4,Medium,Phase 4 valuation and sensitivity model,,,,
CM_PHASE4_20260803,中国移动,中国移动有限公司（A股600941；H股941/80941）,China Mobile Limited及其附属公司合并口径,2034E,Annual,VAL_WEIGHTED_A,综合A股合理价值,Valuation,A share,64.07115045397832,CNY/share,RMB,1,Derived,Bear,MODEL_P4,Medium,Phase 4 valuation and sensitivity model,,,,
CM_PHASE4_20260803,中国移动,中国移动有限公司（A股600941；H股941/80941）,China Mobile Limited及其附属公司合并口径,2034E,Annual,VAL_WEIGHTED_H,综合H股合理价值,Valuation,H share,74.02020639561262,HKD/share,HKD,1,Derived,Bear,MODEL_P4,Medium,Phase 4 valuation and sensitivity model,,,,
CM_PHASE4_20260803,中国移动,中国移动有限公司（A股600941；H股941/80941）,China Mobile Limited及其附属公司合并口径,2035E,Annual,VAL_DCF,DCF合理价值,Valuation,Equity,74.96397267140367,RMB/share,RMB,1,Derived,Bear,MODEL_P4,Medium,Phase 4 valuation and sensitivity model,,,,
CM_PHASE4_20260803,中国移动,中国移动有限公司（A股600941；H股941/80941）,China Mobile Limited及其附属公司合并口径,2035E,Annual,VAL_DDM,DDM合理价值,Valuation,Equity,47.357261210652766,RMB/share,RMB,1,Derived,Bear,MODEL_P4,Medium,Phase 4 valuation and sensitivity model,,,,
CM_PHASE4_20260803,中国移动,中国移动有限公司（A股600941；H股941/80941）,China Mobile Limited及其附属公司合并口径,2035E,Annual,VAL_PE,PE合理价值,Valuation,Equity,51.530952443271445,RMB/share,RMB,1,Derived,Bear,MODEL_P4,Medium,Phase 4 valuation and sensitivity model,,,,
CM_PHASE4_20260803,中国移动,中国移动有限公司（A股600941；H股941/80941）,China Mobile Limited及其附属公司合并口径,2035E,Annual,VAL_PB,PB合理价值,Valuation,Equity,61.25067884877135,RMB/share,RMB,1,Derived,Bear,MODEL_P4,Medium,Phase 4 valuation and sensitivity model,,,,
CM_PHASE4_20260803,中国移动,中国移动有限公司（A股600941；H股941/80941）,China Mobile Limited及其附属公司合并口径,2035E,Annual,VAL_EV_EBITDA,EV/EBITDA合理价值,Valuation,Equity,83.68676491070508,RMB/share,RMB,1,Derived,Bear,MODEL_P4,Medium,Phase 4 valuation and sensitivity model,,,,
CM_PHASE4_20260803,中国移动,中国移动有限公司（A股600941；H股941/80941）,China Mobile Limited及其附属公司合并口径,2035E,Annual,VAL_WEIGHTED_A,综合A股合理价值,Valuation,A share,64.69311578725902,CNY/share,RMB,1,Derived,Bear,MODEL_P4,Medium,Phase 4 valuation and sensitivity model,,,,
CM_PHASE4_20260803,中国移动,中国移动有限公司（A股600941；H股941/80941）,China Mobile Limited及其附属公司合并口径,2035E,Annual,VAL_WEIGHTED_H,综合H股合理价值,Valuation,H share,74.73875135717721,HKD/share,HKD,1,Derived,Bear,MODEL_P4,Medium,Phase 4 valuation and sensitivity model,,,,
CM_PHASE4_20260803,中国移动,中国移动有限公司（A股600941；H股941/80941）,China Mobile Limited及其附属公司合并口径,2025FY,Annual,VAL_DCF,DCF合理价值,Valuation,Equity,102.23254057289714,RMB/share,RMB,1,Derived,Base,MODEL_P4,Medium,Phase 4 valuation and sensitivity model,,,,
CM_PHASE4_20260803,中国移动,中国移动有限公司（A股600941；H股941/80941）,China Mobile Limited及其附属公司合并口径,2025FY,Annual,VAL_DDM,DDM合理价值,Valuation,Equity,57.96487831826315,RMB/share,RMB,1,Derived,Base,MODEL_P4,Medium,Phase 4 valuation and sensitivity model,,,,
CM_PHASE4_20260803,中国移动,中国移动有限公司（A股600941；H股941/80941）,China Mobile Limited及其附属公司合并口径,2025FY,Annual,VAL_PE,PE合理价值,Valuation,Equity,72.83997017187276,RMB/share,RMB,1,Derived,Base,MODEL_P4,Medium,Phase 4 valuation and sensitivity model,,,,
CM_PHASE4_20260803,中国移动,中国移动有限公司（A股600941；H股941/80941）,China Mobile Limited及其附属公司合并口径,2025FY,Annual,VAL_PB,PB合理价值,Valuation,Equity,66.31787773884444,RMB/share,RMB,1,Derived,Base,MODEL_P4,Medium,Phase 4 valuation and sensitivity model,,,,
CM_PHASE4_20260803,中国移动,中国移动有限公司（A股600941；H股941/80941）,China Mobile Limited及其附属公司合并口径,2025FY,Annual,VAL_EV_EBITDA,EV/EBITDA合理价值,Valuation,Equity,101.4031527273479,RMB/share,RMB,1,Derived,Base,MODEL_P4,Medium,Phase 4 valuation and sensitivity model,,,,
CM_PHASE4_20260803,中国移动,中国移动有限公司（A股600941；H股941/80941）,China Mobile Limited及其附属公司合并口径,2025FY,Annual,VAL_WEIGHTED_A,综合A股合理价值,Valuation,A share,83.7846195815278,CNY/share,RMB,1,Derived,Base,MODEL_P4,Medium,Phase 4 valuation and sensitivity model,,,,
CM_PHASE4_20260803,中国移动,中国移动有限公司（A股600941；H股941/80941）,China Mobile Limited及其附属公司合并口径,2025FY,Annual,VAL_WEIGHTED_H,综合H股合理价值,Valuation,H share,96.79480999263832,HKD/share,HKD,1,Derived,Base,MODEL_P4,Medium,Phase 4 valuation and sensitivity model,,,,
CM_PHASE4_20260803,中国移动,中国移动有限公司（A股600941；H股941/80941）,China Mobile Limited及其附属公司合并口径,2026E,Annual,VAL_DCF,DCF合理价值,Valuation,Equity,105.8862576695181,RMB/share,RMB,1,Derived,Base,MODEL_P4,Medium,Phase 4 valuation and sensitivity model,,,,
CM_PHASE4_20260803,中国移动,中国移动有限公司（A股600941；H股941/80941）,China Mobile Limited及其附属公司合并口径,2026E,Annual,VAL_DDM,DDM合理价值,Valuation,Equity,59.935969677384605,RMB/share,RMB,1,Derived,Base,MODEL_P4,Medium,Phase 4 valuation and sensitivity model,,,,
CM_PHASE4_20260803,中国移动,中国移动有限公司（A股600941；H股941/80941）,China Mobile Limited及其附属公司合并口径,2026E,Annual,VAL_PE,PE合理价值,Valuation,Equity,69.5968119112576,RMB/share,RMB,1,Derived,Base,MODEL_P4,Medium,Phase 4 valuation and sensitivity model,,,,
CM_PHASE4_20260803,中国移动,中国移动有限公司（A股600941；H股941/80941）,China Mobile Limited及其附属公司合并口径,2026E,Annual,VAL_PB,PB合理价值,Valuation,Equity,65.94689922175695,RMB/share,RMB,1,Derived,Base,MODEL_P4,Medium,Phase 4 valuation and sensitivity model,,,,
CM_PHASE4_20260803,中国移动,中国移动有限公司（A股600941；H股941/80941）,China Mobile Limited及其附属公司合并口径,2026E,Annual,VAL_EV_EBITDA,EV/EBITDA合理价值,Valuation,Equity,100.43562734038082,RMB/share,RMB,1,Derived,Base,MODEL_P4,Medium,Phase 4 valuation and sensitivity model,,,,
CM_PHASE4_20260803,中国移动,中国移动有限公司（A股600941；H股941/80941）,China Mobile Limited及其附属公司合并口径,2026E,Annual,VAL_WEIGHTED_A,综合A股合理价值,Valuation,A share,84.62678052529259,CNY/share,RMB,1,Derived,Base,MODEL_P4,Medium,Phase 4 valuation and sensitivity model,,,,
CM_PHASE4_20260803,中国移动,中国移动有限公司（A股600941；H股941/80941）,China Mobile Limited及其附属公司合并口径,2026E,Annual,VAL_WEIGHTED_H,综合H股合理价值,Valuation,H share,97.76774284048174,HKD/share,HKD,1,Derived,Base,MODEL_P4,Medium,Phase 4 valuation and sensitivity model,,,,
CM_PHASE4_20260803,中国移动,中国移动有限公司（A股600941；H股941/80941）,China Mobile Limited及其附属公司合并口径,2027E,Annual,VAL_DCF,DCF合理价值,Valuation,Equity,109.15343104309547,RMB/share,RMB,1,Derived,Base,MODEL_P4,Medium,Phase 4 valuation and sensitivity model,,,,
CM_PHASE4_20260803,中国移动,中国移动有限公司（A股600941；H股941/80941）,China Mobile Limited及其附属公司合并口径,2027E,Annual,VAL_DDM,DDM合理价值,Valuation,Equity,61.61419737897747,RMB/share,RMB,1,Derived,Base,MODEL_P4,Medium,Phase 4 valuation and sensitivity model,,,,
CM_PHASE4_20260803,中国移动,中国移动有限公司（A股600941；H股941/80941）,China Mobile Limited及其附属公司合并口径,2027E,Annual,VAL_PE,PE合理价值,Valuation,Equity,76.83851796508633,RMB/share,RMB,1,Derived,Base,MODEL_P4,Medium,Phase 4 valuation and sensitivity model,,,,
CM_PHASE4_20260803,中国移动,中国移动有限公司（A股600941；H股941/80941）,China Mobile Limited及其附属公司合并口径,2027E,Annual,VAL_PB,PB合理价值,Valuation,Equity,69.83845326838521,RMB/share,RMB,1,Derived,Base,MODEL_P4,Medium,Phase 4 valuation and sensitivity model,,,,
CM_PHASE4_20260803,中国移动,中国移动有限公司（A股600941；H股941/80941）,China Mobile Limited及其附属公司合并口径,2027E,Annual,VAL_EV_EBITDA,EV/EBITDA合理价值,Valuation,Equity,104.83201086467626,RMB/share,RMB,1,Derived,Base,MODEL_P4,Medium,Phase 4 valuation and sensitivity model,,,,
CM_PHASE4_20260803,中国移动,中国移动有限公司（A股600941；H股941/80941）,China Mobile Limited及其附属公司合并口径,2027E,Annual,VAL_WEIGHTED_A,综合A股合理价值,Valuation,A share,88.60289089043613,CNY/share,RMB,1,Derived,Base,MODEL_P4,Medium,Phase 4 valuation and sensitivity model,,,,
CM_PHASE4_20260803,中国移动,中国移动有限公司（A股600941；H股941/80941）,China Mobile Limited及其附属公司合并口径,2027E,Annual,VAL_WEIGHTED_H,综合H股合理价值,Valuation,H share,102.36126906553464,HKD/share,HKD,1,Derived,Base,MODEL_P4,Medium,Phase 4 valuation and sensitivity model,,,,
CM_PHASE4_20260803,中国移动,中国移动有限公司（A股600941；H股941/80941）,China Mobile Limited及其附属公司合并口径,2028E,Annual,VAL_DCF,DCF合理价值,Valuation,Equity,112.23538384451842,RMB/share,RMB,1,Derived,Base,MODEL_P4,Medium,Phase 4 valuation and sensitivity model,,,,
CM_PHASE4_20260803,中国移动,中国移动有限公司（A股600941；H股941/80941）,China Mobile Limited及其附属公司合并口径,2028E,Annual,VAL_DDM,DDM合理价值,Valuation,Equity,63.08416317305089,RMB/share,RMB,1,Derived,Base,MODEL_P4,Medium,Phase 4 valuation and sensitivity model,,,,
CM_PHASE4_20260803,中国移动,中国移动有限公司（A股600941；H股941/80941）,China Mobile Limited及其附属公司合并口径,2028E,Annual,VAL_PE,PE合理价值,Valuation,Equity,82.12304948034182,RMB/share,RMB,1,Derived,Base,MODEL_P4,Medium,Phase 4 valuation and sensitivity model,,,,
CM_PHASE4_20260803,中国移动,中国移动有限公司（A股600941；H股941/80941）,China Mobile Limited及其附属公司合并口径,2028E,Annual,VAL_PB,PB合理价值,Valuation,Equity,72.88287534115933,RMB/share,RMB,1,Derived,Base,MODEL_P4,Medium,Phase 4 valuation and sensitivity model,,,,
CM_PHASE4_20260803,中国移动,中国移动有限公司（A股600941；H股941/80941）,China Mobile Limited及其附属公司合并口径,2028E,Annual,VAL_EV_EBITDA,EV/EBITDA合理价值,Valuation,Equity,109.40802519705984,RMB/share,RMB,1,Derived,Base,MODEL_P4,Medium,Phase 4 valuation and sensitivity model,,,,
CM_PHASE4_20260803,中国移动,中国移动有限公司（A股600941；H股941/80941）,China Mobile Limited及其附属公司合并口径,2028E,Annual,VAL_WEIGHTED_A,综合A股合理价值,Valuation,A share,92.0233181899349,CNY/share,RMB,1,Derived,Base,MODEL_P4,Medium,Phase 4 valuation and sensitivity model,,,,
CM_PHASE4_20260803,中国移动,中国移动有限公司（A股600941；H股941/80941）,China Mobile Limited及其附属公司合并口径,2028E,Annual,VAL_WEIGHTED_H,综合H股合理价值,Valuation,H share,106.31282499790305,HKD/share,HKD,1,Derived,Base,MODEL_P4,Medium,Phase 4 valuation and sensitivity model,,,,
CM_PHASE4_20260803,中国移动,中国移动有限公司（A股600941；H股941/80941）,China Mobile Limited及其附属公司合并口径,2029E,Annual,VAL_DCF,DCF合理价值,Valuation,Equity,115.12099205567046,RMB/share,RMB,1,Derived,Base,MODEL_P4,Medium,Phase 4 valuation and sensitivity model,,,,
CM_PHASE4_20260803,中国移动,中国移动有限公司（A股600941；H股941/80941）,China Mobile Limited及其附属公司合并口径,2029E,Annual,VAL_DDM,DDM合理价值,Valuation,Equity,64.3438748282654,RMB/share,RMB,1,Derived,Base,MODEL_P4,Medium,Phase 4 valuation and sensitivity model,,,,
CM_PHASE4_20260803,中国移动,中国移动有限公司（A股600941；H股941/80941）,China Mobile Limited及其附属公司合并口径,2029E,Annual,VAL_PE,PE合理价值,Valuation,Equity,86.9791316787073,RMB/share,RMB,1,Derived,Base,MODEL_P4,Medium,Phase 4 valuation and sensitivity model,,,,
CM_PHASE4_20260803,中国移动,中国移动有限公司（A股600941；H股941/80941）,China Mobile Limited及其附属公司合并口径,2029E,Annual,VAL_PB,PB合理价值,Valuation,Equity,75.75108295966541,RMB/share,RMB,1,Derived,Base,MODEL_P4,Medium,Phase 4 valuation and sensitivity model,,,,
CM_PHASE4_20260803,中国移动,中国移动有限公司（A股600941；H股941/80941）,China Mobile Limited及其附属公司合并口径,2029E,Annual,VAL_EV_EBITDA,EV/EBITDA合理价值,Valuation,Equity,114.16284659199752,RMB/share,RMB,1,Derived,Base,MODEL_P4,Medium,Phase 4 valuation and sensitivity model,,,,
CM_PHASE4_20260803,中国移动,中国移动有限公司（A股600941；H股941/80941）,China Mobile Limited及其附属公司合并口径,2029E,Annual,VAL_WEIGHTED_A,综合A股合理价值,Valuation,A share,95.25648380564536,CNY/share,RMB,1,Derived,Base,MODEL_P4,Medium,Phase 4 valuation and sensitivity model,,,,
CM_PHASE4_20260803,中国移动,中国移动有限公司（A股600941；H股941/80941）,China Mobile Limited及其附属公司合并口径,2029E,Annual,VAL_WEIGHTED_H,综合H股合理价值,Valuation,H share,110.04804099590494,HKD/share,HKD,1,Derived,Base,MODEL_P4,Medium,Phase 4 valuation and sensitivity model,,,,
CM_PHASE4_20260803,中国移动,中国移动有限公司（A股600941；H股941/80941）,China Mobile Limited及其附属公司合并口径,2030E,Annual,VAL_DCF,DCF合理价值,Valuation,Equity,117.76569979735176,RMB/share,RMB,1,Derived,Base,MODEL_P4,Medium,Phase 4 valuation and sensitivity model,,,,
CM_PHASE4_20260803,中国移动,中国移动有限公司（A股600941；H股941/80941）,China Mobile Limited及其附属公司合并口径,2030E,Annual,VAL_DDM,DDM合理价值,Valuation,Equity,65.36412059966018,RMB/share,RMB,1,Derived,Base,MODEL_P4,Medium,Phase 4 valuation and sensitivity model,,,,
CM_PHASE4_20260803,中国移动,中国移动有限公司（A股600941；H股941/80941）,China Mobile Limited及其附属公司合并口径,2030E,Annual,VAL_PE,PE合理价值,Valuation,Equity,91.82908924975918,RMB/share,RMB,1,Derived,Base,MODEL_P4,Medium,Phase 4 valuation and sensitivity model,,,,
CM_PHASE4_20260803,中国移动,中国移动有限公司（A股600941；H股941/80941）,China Mobile Limited及其附属公司合并口径,2030E,Annual,VAL_PB,PB合理价值,Valuation,Equity,78.62712715779811,RMB/share,RMB,1,Derived,Base,MODEL_P4,Medium,Phase 4 valuation and sensitivity model,,,,
CM_PHASE4_20260803,中国移动,中国移动有限公司（A股600941；H股941/80941）,China Mobile Limited及其附属公司合并口径,2030E,Annual,VAL_EV_EBITDA,EV/EBITDA合理价值,Valuation,Equity,119.05804652262725,RMB/share,RMB,1,Derived,Base,MODEL_P4,Medium,Phase 4 valuation and sensitivity model,,,,
CM_PHASE4_20260803,中国移动,中国移动有限公司（A股600941；H股941/80941）,China Mobile Limited及其附属公司合并口径,2030E,Annual,VAL_WEIGHTED_A,综合A股合理价值,Valuation,A share,98.37805659313088,CNY/share,RMB,1,Derived,Base,MODEL_P4,Medium,Phase 4 valuation and sensitivity model,,,,
CM_PHASE4_20260803,中国移动,中国移动有限公司（A股600941；H股941/80941）,China Mobile Limited及其附属公司合并口径,2030E,Annual,VAL_WEIGHTED_H,综合H股合理价值,Valuation,H share,113.6543358785694,HKD/share,HKD,1,Derived,Base,MODEL_P4,Medium,Phase 4 valuation and sensitivity model,,,,
CM_PHASE4_20260803,中国移动,中国移动有限公司（A股600941；H股941/80941）,China Mobile Limited及其附属公司合并口径,2031E,Annual,VAL_DCF,DCF合理价值,Valuation,Equity,120.47953275852012,RMB/share,RMB,1,Derived,Base,MODEL_P4,Medium,Phase 4 valuation and sensitivity model,,,,
CM_PHASE4_20260803,中国移动,中国移动有限公司（A股600941；H股941/80941）,China Mobile Limited及其附属公司合并口径,2031E,Annual,VAL_DDM,DDM合理价值,Valuation,Equity,66.4581227263943,RMB/share,RMB,1,Derived,Base,MODEL_P4,Medium,Phase 4 valuation and sensitivity model,,,,
CM_PHASE4_20260803,中国移动,中国移动有限公司（A股600941；H股941/80941）,China Mobile Limited及其附属公司合并口径,2031E,Annual,VAL_PE,PE合理价值,Valuation,Equity,92.41228042420488,RMB/share,RMB,1,Derived,Base,MODEL_P4,Medium,Phase 4 valuation and sensitivity model,,,,
CM_PHASE4_20260803,中国移动,中国移动有限公司（A股600941；H股941/80941）,China Mobile Limited及其附属公司合并口径,2031E,Annual,VAL_PB,PB合理价值,Valuation,Equity,79.62495286111762,RMB/share,RMB,1,Derived,Base,MODEL_P4,Medium,Phase 4 valuation and sensitivity model,,,,
CM_PHASE4_20260803,中国移动,中国移动有限公司（A股600941；H股941/80941）,China Mobile Limited及其附属公司合并口径,2031E,Annual,VAL_EV_EBITDA,EV/EBITDA合理价值,Valuation,Equity,121.18007783627984,RMB/share,RMB,1,Derived,Base,MODEL_P4,Medium,Phase 4 valuation and sensitivity model,,,,
CM_PHASE4_20260803,中国移动,中国移动有限公司（A股600941；H股941/80941）,China Mobile Limited及其附属公司合并口径,2031E,Annual,VAL_WEIGHTED_A,综合A股合理价值,Valuation,A share,100.08142405715562,CNY/share,RMB,1,Derived,Base,MODEL_P4,Medium,Phase 4 valuation and sensitivity model,,,,
CM_PHASE4_20260803,中国移动,中国移动有限公司（A股600941；H股941/80941）,China Mobile Limited及其附属公司合并口径,2031E,Annual,VAL_WEIGHTED_H,综合H股合理价值,Valuation,H share,115.62220457393872,HKD/share,HKD,1,Derived,Base,MODEL_P4,Medium,Phase 4 valuation and sensitivity model,,,,
CM_PHASE4_20260803,中国移动,中国移动有限公司（A股600941；H股941/80941）,China Mobile Limited及其附属公司合并口径,2032E,Annual,VAL_DCF,DCF合理价值,Valuation,Equity,123.23728244771183,RMB/share,RMB,1,Derived,Base,MODEL_P4,Medium,Phase 4 valuation and sensitivity model,,,,
CM_PHASE4_20260803,中国移动,中国移动有限公司（A股600941；H股941/80941）,China Mobile Limited及其附属公司合并口径,2032E,Annual,VAL_DDM,DDM合理价值,Valuation,Equity,67.63616995688237,RMB/share,RMB,1,Derived,Base,MODEL_P4,Medium,Phase 4 valuation and sensitivity model,,,,
CM_PHASE4_20260803,中国移动,中国移动有限公司（A股600941；H股941/80941）,China Mobile Limited及其附属公司合并口径,2032E,Annual,VAL_PE,PE合理价值,Valuation,Equity,92.9624916465596,RMB/share,RMB,1,Derived,Base,MODEL_P4,Medium,Phase 4 valuation and sensitivity model,,,,
CM_PHASE4_20260803,中国移动,中国移动有限公司（A股600941；H股941/80941）,China Mobile Limited及其附属公司合并口径,2032E,Annual,VAL_PB,PB合理价值,Valuation,Equity,80.59566681296677,RMB/share,RMB,1,Derived,Base,MODEL_P4,Medium,Phase 4 valuation and sensitivity model,,,,
CM_PHASE4_20260803,中国移动,中国移动有限公司（A股600941；H股941/80941）,China Mobile Limited及其附属公司合并口径,2032E,Annual,VAL_EV_EBITDA,EV/EBITDA合理价值,Valuation,Equity,123.27866981498563,RMB/share,RMB,1,Derived,Base,MODEL_P4,Medium,Phase 4 valuation and sensitivity model,,,,
CM_PHASE4_20260803,中国移动,中国移动有限公司（A股600941；H股941/80941）,China Mobile Limited及其附属公司合并口径,2032E,Annual,VAL_WEIGHTED_A,综合A股合理价值,Valuation,A share,101.80414833093207,CNY/share,RMB,1,Derived,Base,MODEL_P4,Medium,Phase 4 valuation and sensitivity model,,,,
CM_PHASE4_20260803,中国移动,中国移动有限公司（A股600941；H股941/80941）,China Mobile Limited及其附属公司合并口径,2032E,Annual,VAL_WEIGHTED_H,综合H股合理价值,Valuation,H share,117.61243583097317,HKD/share,HKD,1,Derived,Base,MODEL_P4,Medium,Phase 4 valuation and sensitivity model,,,,
CM_PHASE4_20260803,中国移动,中国移动有限公司（A股600941；H股941/80941）,China Mobile Limited及其附属公司合并口径,2033E,Annual,VAL_DCF,DCF合理价值,Valuation,Equity,126.4012742233004,RMB/share,RMB,1,Derived,Base,MODEL_P4,Medium,Phase 4 valuation and sensitivity model,,,,
CM_PHASE4_20260803,中国移动,中国移动有限公司（A股600941；H股941/80941）,China Mobile Limited及其附属公司合并口径,2033E,Annual,VAL_DDM,DDM合理价值,Valuation,Equity,68.88242075707207,RMB/share,RMB,1,Derived,Base,MODEL_P4,Medium,Phase 4 valuation and sensitivity model,,,,
CM_PHASE4_20260803,中国移动,中国移动有限公司（A股600941；H股941/80941）,China Mobile Limited及其附属公司合并口径,2033E,Annual,VAL_PE,PE合理价值,Valuation,Equity,93.89299827668798,RMB/share,RMB,1,Derived,Base,MODEL_P4,Medium,Phase 4 valuation and sensitivity model,,,,
CM_PHASE4_20260803,中国移动,中国移动有限公司（A股600941；H股941/80941）,China Mobile Limited及其附属公司合并口径,2033E,Annual,VAL_PB,PB合理价值,Valuation,Equity,81.89917794112101,RMB/share,RMB,1,Derived,Base,MODEL_P4,Medium,Phase 4 valuation and sensitivity model,,,,
CM_PHASE4_20260803,中国移动,中国移动有限公司（A股600941；H股941/80941）,China Mobile Limited及其附属公司合并口径,2033E,Annual,VAL_EV_EBITDA,EV/EBITDA合理价值,Valuation,Equity,125.7067880611465,RMB/share,RMB,1,Derived,Base,MODEL_P4,Medium,Phase 4 valuation and sensitivity model,,,,
CM_PHASE4_20260803,中国移动,中国移动有限公司（A股600941；H股941/80941）,China Mobile Limited及其附属公司合并口径,2033E,Annual,VAL_WEIGHTED_A,综合A股合理价值,Valuation,A share,103.84146578819123,CNY/share,RMB,1,Derived,Base,MODEL_P4,Medium,Phase 4 valuation and sensitivity model,,,,
CM_PHASE4_20260803,中国移动,中国移动有限公司（A股600941；H股941/80941）,China Mobile Limited及其附属公司合并口径,2033E,Annual,VAL_WEIGHTED_H,综合H股合理价值,Valuation,H share,119.96611073162956,HKD/share,HKD,1,Derived,Base,MODEL_P4,Medium,Phase 4 valuation and sensitivity model,,,,
CM_PHASE4_20260803,中国移动,中国移动有限公司（A股600941；H股941/80941）,China Mobile Limited及其附属公司合并口径,2034E,Annual,VAL_DCF,DCF合理价值,Valuation,Equity,129.67783696109078,RMB/share,RMB,1,Derived,Base,MODEL_P4,Medium,Phase 4 valuation and sensitivity model,,,,
CM_PHASE4_20260803,中国移动,中国移动有限公司（A股600941；H股941/80941）,China Mobile Limited及其附属公司合并口径,2034E,Annual,VAL_DDM,DDM合理价值,Valuation,Equity,70.20376370337404,RMB/share,RMB,1,Derived,Base,MODEL_P4,Medium,Phase 4 valuation and sensitivity model,,,,
CM_PHASE4_20260803,中国移动,中国移动有限公司（A股600941；H股941/80941）,China Mobile Limited及其附属公司合并口径,2034E,Annual,VAL_PE,PE合理价值,Valuation,Equity,94.83280997311758,RMB/share,RMB,1,Derived,Base,MODEL_P4,Medium,Phase 4 valuation and sensitivity model,,,,
CM_PHASE4_20260803,中国移动,中国移动有限公司（A股600941；H股941/80941）,China Mobile Limited及其附属公司合并口径,2034E,Annual,VAL_PB,PB合理价值,Valuation,Equity,83.2158750791151,RMB/share,RMB,1,Derived,Base,MODEL_P4,Medium,Phase 4 valuation and sensitivity model,,,,
CM_PHASE4_20260803,中国移动,中国移动有限公司（A股600941；H股941/80941）,China Mobile Limited及其附属公司合并口径,2034E,Annual,VAL_EV_EBITDA,EV/EBITDA合理价值,Valuation,Equity,128.1591269198738,RMB/share,RMB,1,Derived,Base,MODEL_P4,Medium,Phase 4 valuation and sensitivity model,,,,
CM_PHASE4_20260803,中国移动,中国移动有限公司（A股600941；H股941/80941）,China Mobile Limited及其附属公司合并口径,2034E,Annual,VAL_WEIGHTED_A,综合A股合理价值,Valuation,A share,105.94001421757267,CNY/share,RMB,1,Derived,Base,MODEL_P4,Medium,Phase 4 valuation and sensitivity model,,,,
CM_PHASE4_20260803,中国移动,中国移动有限公司（A股600941；H股941/80941）,China Mobile Limited及其附属公司合并口径,2034E,Annual,VAL_WEIGHTED_H,综合H股合理价值,Valuation,H share,122.39052463357095,HKD/share,HKD,1,Derived,Base,MODEL_P4,Medium,Phase 4 valuation and sensitivity model,,,,
CM_PHASE4_20260803,中国移动,中国移动有限公司（A股600941；H股941/80941）,China Mobile Limited及其附属公司合并口径,2035E,Annual,VAL_DCF,DCF合理价值,Valuation,Equity,133.07700544828253,RMB/share,RMB,1,Derived,Base,MODEL_P4,Medium,Phase 4 valuation and sensitivity model,,,,
CM_PHASE4_20260803,中国移动,中国移动有限公司（A股600941；H股941/80941）,China Mobile Limited及其附属公司合并口径,2035E,Annual,VAL_DDM,DDM合理价值,Valuation,Equity,71.60783897744152,RMB/share,RMB,1,Derived,Base,MODEL_P4,Medium,Phase 4 valuation and sensitivity model,,,,
CM_PHASE4_20260803,中国移动,中国移动有限公司（A股600941；H股941/80941）,China Mobile Limited及其附属公司合并口径,2035E,Annual,VAL_PE,PE合理价值,Valuation,Equity,95.7820197865116,RMB/share,RMB,1,Derived,Base,MODEL_P4,Medium,Phase 4 valuation and sensitivity model,,,,
CM_PHASE4_20260803,中国移动,中国移动有限公司（A股600941；H股941/80941）,China Mobile Limited及其附属公司合并口径,2035E,Annual,VAL_PB,PB合理价值,Valuation,Equity,84.54588355992189,RMB/share,RMB,1,Derived,Base,MODEL_P4,Medium,Phase 4 valuation and sensitivity model,,,,
CM_PHASE4_20260803,中国移动,中国移动有限公司（A股600941；H股941/80941）,China Mobile Limited及其附属公司合并口径,2035E,Annual,VAL_EV_EBITDA,EV/EBITDA合理价值,Valuation,Equity,130.63592859729337,RMB/share,RMB,1,Derived,Base,MODEL_P4,Medium,Phase 4 valuation and sensitivity model,,,,
CM_PHASE4_20260803,中国移动,中国移动有限公司（A股600941；H股941/80941）,China Mobile Limited及其附属公司合并口径,2035E,Annual,VAL_WEIGHTED_A,综合A股合理价值,Valuation,A share,108.1049013052757,CNY/share,RMB,1,Derived,Base,MODEL_P4,Medium,Phase 4 valuation and sensitivity model,,,,
CM_PHASE4_20260803,中国移动,中国移动有限公司（A股600941；H股941/80941）,China Mobile Limited及其附属公司合并口径,2035E,Annual,VAL_WEIGHTED_H,综合H股合理价值,Valuation,H share,124.89157835150095,HKD/share,HKD,1,Derived,Base,MODEL_P4,Medium,Phase 4 valuation and sensitivity model,,,,
CM_PHASE4_20260803,中国移动,中国移动有限公司（A股600941；H股941/80941）,China Mobile Limited及其附属公司合并口径,2025FY,Annual,VAL_DCF,DCF合理价值,Valuation,Equity,138.54917856355294,RMB/share,RMB,1,Derived,Bull,MODEL_P4,Medium,Phase 4 valuation and sensitivity model,,,,
CM_PHASE4_20260803,中国移动,中国移动有限公司（A股600941；H股941/80941）,China Mobile Limited及其附属公司合并口径,2025FY,Annual,VAL_DDM,DDM合理价值,Valuation,Equity,82.35107706666135,RMB/share,RMB,1,Derived,Bull,MODEL_P4,Medium,Phase 4 valuation and sensitivity model,,,,
CM_PHASE4_20260803,中国移动,中国移动有限公司（A股600941；H股941/80941）,China Mobile Limited及其附属公司合并口径,2025FY,Annual,VAL_PE,PE合理价值,Valuation,Equity,88.67474629619294,RMB/share,RMB,1,Derived,Bull,MODEL_P4,Medium,Phase 4 valuation and sensitivity model,,,,
CM_PHASE4_20260803,中国移动,中国移动有限公司（A股600941；H股941/80941）,China Mobile Limited及其附属公司合并口径,2025FY,Annual,VAL_PB,PB合理价值,Valuation,Equity,74.05317976792455,RMB/share,RMB,1,Derived,Bull,MODEL_P4,Medium,Phase 4 valuation and sensitivity model,,,,
CM_PHASE4_20260803,中国移动,中国移动有限公司（A股600941；H股941/80941）,China Mobile Limited及其附属公司合并口径,2025FY,Annual,VAL_EV_EBITDA,EV/EBITDA合理价值,Valuation,Equity,116.74305961278515,RMB/share,RMB,1,Derived,Bull,MODEL_P4,Medium,Phase 4 valuation and sensitivity model,,,,
CM_PHASE4_20260803,中国移动,中国移动有限公司（A股600941；H股941/80941）,China Mobile Limited及其附属公司合并口径,2025FY,Annual,VAL_WEIGHTED_A,综合A股合理价值,Valuation,A share,107.61415408852461,CNY/share,RMB,1,Derived,Bull,MODEL_P4,Medium,Phase 4 valuation and sensitivity model,,,,
CM_PHASE4_20260803,中国移动,中国移动有限公司（A股600941；H股941/80941）,China Mobile Limited及其附属公司合并口径,2025FY,Annual,VAL_WEIGHTED_H,综合H股合理价值,Valuation,H share,124.32462723520906,HKD/share,HKD,1,Derived,Bull,MODEL_P4,Medium,Phase 4 valuation and sensitivity model,,,,
CM_PHASE4_20260803,中国移动,中国移动有限公司（A股600941；H股941/80941）,China Mobile Limited及其附属公司合并口径,2026E,Annual,VAL_DCF,DCF合理价值,Valuation,Equity,144.983423401498,RMB/share,RMB,1,Derived,Bull,MODEL_P4,Medium,Phase 4 valuation and sensitivity model,,,,
CM_PHASE4_20260803,中国移动,中国移动有限公司（A股600941；H股941/80941）,China Mobile Limited及其附属公司合并口径,2026E,Annual,VAL_DDM,DDM合理价值,Valuation,Equity,86.20495930420293,RMB/share,RMB,1,Derived,Bull,MODEL_P4,Medium,Phase 4 valuation and sensitivity model,,,,
CM_PHASE4_20260803,中国移动,中国移动有限公司（A股600941；H股941/80941）,China Mobile Limited及其附属公司合并口径,2026E,Annual,VAL_PE,PE合理价值,Valuation,Equity,99.32160738822827,RMB/share,RMB,1,Derived,Bull,MODEL_P4,Medium,Phase 4 valuation and sensitivity model,,,,
CM_PHASE4_20260803,中国移动,中国移动有限公司（A股600941；H股941/80941）,China Mobile Limited及其附属公司合并口径,2026E,Annual,VAL_PB,PB合理价值,Valuation,Equity,79.68858458868642,RMB/share,RMB,1,Derived,Bull,MODEL_P4,Medium,Phase 4 valuation and sensitivity model,,,,
CM_PHASE4_20260803,中国移动,中国移动有限公司（A股600941；H股941/80941）,China Mobile Limited及其附属公司合并口径,2026E,Annual,VAL_EV_EBITDA,EV/EBITDA合理价值,Valuation,Equity,122.46995778746721,RMB/share,RMB,1,Derived,Bull,MODEL_P4,Medium,Phase 4 valuation and sensitivity model,,,,
CM_PHASE4_20260803,中国移动,中国移动有限公司（A股600941；H股941/80941）,China Mobile Limited及其附属公司合并口径,2026E,Annual,VAL_WEIGHTED_A,综合A股合理价值,Valuation,A share,114.18886365599926,CNY/share,RMB,1,Derived,Bull,MODEL_P4,Medium,Phase 4 valuation and sensitivity model,,,,
CM_PHASE4_20260803,中国移动,中国移动有限公司（A股600941；H股941/80941）,China Mobile Limited及其附属公司合并口径,2026E,Annual,VAL_WEIGHTED_H,综合H股合理价值,Valuation,H share,131.9202667036348,HKD/share,HKD,1,Derived,Bull,MODEL_P4,Medium,Phase 4 valuation and sensitivity model,,,,
CM_PHASE4_20260803,中国移动,中国移动有限公司（A股600941；H股941/80941）,China Mobile Limited及其附属公司合并口径,2027E,Annual,VAL_DCF,DCF合理价值,Valuation,Equity,150.69297578631517,RMB/share,RMB,1,Derived,Bull,MODEL_P4,Medium,Phase 4 valuation and sensitivity model,,,,
CM_PHASE4_20260803,中国移动,中国移动有限公司（A股600941；H股941/80941）,China Mobile Limited及其附属公司合并口径,2027E,Annual,VAL_DDM,DDM合理价值,Valuation,Equity,89.5128431568827,RMB/share,RMB,1,Derived,Bull,MODEL_P4,Medium,Phase 4 valuation and sensitivity model,,,,
CM_PHASE4_20260803,中国移动,中国移动有限公司（A股600941；H股941/80941）,China Mobile Limited及其附属公司合并口径,2027E,Annual,VAL_PE,PE合理价值,Valuation,Equity,115.71027920937817,RMB/share,RMB,1,Derived,Bull,MODEL_P4,Medium,Phase 4 valuation and sensitivity model,,,,
CM_PHASE4_20260803,中国移动,中国移动有限公司（A股600941；H股941/80941）,China Mobile Limited及其附属公司合并口径,2027E,Annual,VAL_PB,PB合理价值,Valuation,Equity,87.2492274770469,RMB/share,RMB,1,Derived,Bull,MODEL_P4,Medium,Phase 4 valuation and sensitivity model,,,,
CM_PHASE4_20260803,中国移动,中国移动有限公司（A股600941；H股941/80941）,China Mobile Limited及其附属公司合并口径,2027E,Annual,VAL_EV_EBITDA,EV/EBITDA合理价值,Valuation,Equity,131.52827641602647,RMB/share,RMB,1,Derived,Bull,MODEL_P4,Medium,Phase 4 valuation and sensitivity model,,,,
CM_PHASE4_20260803,中国移动,中国移动有限公司（A股600941；H股941/80941）,China Mobile Limited及其附属公司合并口径,2027E,Annual,VAL_WEIGHTED_A,综合A股合理价值,Valuation,A share,122.24133020857114,CNY/share,RMB,1,Derived,Bull,MODEL_P4,Medium,Phase 4 valuation and sensitivity model,,,,
CM_PHASE4_20260803,中国移动,中国移动有限公司（A股600941；H股941/80941）,China Mobile Limited及其附属公司合并口径,2027E,Annual,VAL_WEIGHTED_H,综合H股合理价值,Valuation,H share,141.22313128452402,HKD/share,HKD,1,Derived,Bull,MODEL_P4,Medium,Phase 4 valuation and sensitivity model,,,,
CM_PHASE4_20260803,中国移动,中国移动有限公司（A股600941；H股941/80941）,China Mobile Limited及其附属公司合并口径,2028E,Annual,VAL_DCF,DCF合理价值,Valuation,Equity,156.02557886860475,RMB/share,RMB,1,Derived,Bull,MODEL_P4,Medium,Phase 4 valuation and sensitivity model,,,,
CM_PHASE4_20260803,中国移动,中国移动有限公司（A股600941；H股941/80941）,China Mobile Limited及其附属公司合并口径,2028E,Annual,VAL_DDM,DDM合理价值,Valuation,Equity,92.41498237806792,RMB/share,RMB,1,Derived,Bull,MODEL_P4,Medium,Phase 4 valuation and sensitivity model,,,,
CM_PHASE4_20260803,中国移动,中国移动有限公司（A股600941；H股941/80941）,China Mobile Limited及其附属公司合并口径,2028E,Annual,VAL_PE,PE合理价值,Valuation,Equity,127.83212532954609,RMB/share,RMB,1,Derived,Bull,MODEL_P4,Medium,Phase 4 valuation and sensitivity model,,,,
CM_PHASE4_20260803,中国移动,中国移动有限公司（A股600941；H股941/80941）,China Mobile Limited及其附属公司合并口径,2028E,Annual,VAL_PB,PB合理价值,Valuation,Equity,93.10110678027239,RMB/share,RMB,1,Derived,Bull,MODEL_P4,Medium,Phase 4 valuation and sensitivity model,,,,
CM_PHASE4_20260803,中国移动,中国移动有限公司（A股600941；H股941/80941）,China Mobile Limited及其附属公司合并口径,2028E,Annual,VAL_EV_EBITDA,EV/EBITDA合理价值,Valuation,Equity,141.2634274166433,RMB/share,RMB,1,Derived,Bull,MODEL_P4,Medium,Phase 4 valuation and sensitivity model,,,,
CM_PHASE4_20260803,中国移动,中国移动有限公司（A股600941；H股941/80941）,China Mobile Limited及其附属公司合并口径,2028E,Annual,VAL_WEIGHTED_A,综合A股合理价值,Valuation,A share,129.1579989360582,CNY/share,RMB,1,Derived,Bull,MODEL_P4,Medium,Phase 4 valuation and sensitivity model,,,,
CM_PHASE4_20260803,中国移动,中国移动有限公司（A股600941；H股941/80941）,China Mobile Limited及其附属公司合并口径,2028E,Annual,VAL_WEIGHTED_H,综合H股合理价值,Valuation,H share,149.21382979939486,HKD/share,HKD,1,Derived,Bull,MODEL_P4,Medium,Phase 4 valuation and sensitivity model,,,,
CM_PHASE4_20260803,中国移动,中国移动有限公司（A股600941；H股941/80941）,China Mobile Limited及其附属公司合并口径,2029E,Annual,VAL_DCF,DCF合理价值,Valuation,Equity,160.89346065156536,RMB/share,RMB,1,Derived,Bull,MODEL_P4,Medium,Phase 4 valuation and sensitivity model,,,,
CM_PHASE4_20260803,中国移动,中国移动有限公司（A股600941；H股941/80941）,China Mobile Limited及其附属公司合并口径,2029E,Annual,VAL_DDM,DDM合理价值,Valuation,Equity,94.83805991470238,RMB/share,RMB,1,Derived,Bull,MODEL_P4,Medium,Phase 4 valuation and sensitivity model,,,,
CM_PHASE4_20260803,中国移动,中国移动有限公司（A股600941；H股941/80941）,China Mobile Limited及其附属公司合并口径,2029E,Annual,VAL_PE,PE合理价值,Valuation,Equity,140.05173728021765,RMB/share,RMB,1,Derived,Bull,MODEL_P4,Medium,Phase 4 valuation and sensitivity model,,,,
CM_PHASE4_20260803,中国移动,中国移动有限公司（A股600941；H股941/80941）,China Mobile Limited及其附属公司合并口径,2029E,Annual,VAL_PB,PB合理价值,Valuation,Equity,99.00542029081356,RMB/share,RMB,1,Derived,Bull,MODEL_P4,Medium,Phase 4 valuation and sensitivity model,,,,
CM_PHASE4_20260803,中国移动,中国移动有限公司（A股600941；H股941/80941）,China Mobile Limited及其附属公司合并口径,2029E,Annual,VAL_EV_EBITDA,EV/EBITDA合理价值,Valuation,Equity,151.62799866955214,RMB/share,RMB,1,Derived,Bull,MODEL_P4,Medium,Phase 4 valuation and sensitivity model,,,,
CM_PHASE4_20260803,中国移动,中国移动有限公司（A股600941；H股941/80941）,China Mobile Limited及其附属公司合并口径,2029E,Annual,VAL_WEIGHTED_A,综合A股合理价值,Valuation,A share,135.93541249654606,CNY/share,RMB,1,Derived,Bull,MODEL_P4,Medium,Phase 4 valuation and sensitivity model,,,,
CM_PHASE4_20260803,中国移动,中国移动有限公司（A股600941；H股941/80941）,China Mobile Limited及其附属公司合并口径,2029E,Annual,VAL_WEIGHTED_H,综合H股合理价值,Valuation,H share,157.04364941432556,HKD/share,HKD,1,Derived,Bull,MODEL_P4,Medium,Phase 4 valuation and sensitivity model,,,,
CM_PHASE4_20260803,中国移动,中国移动有限公司（A股600941；H股941/80941）,China Mobile Limited及其附属公司合并口径,2030E,Annual,VAL_DCF,DCF合理价值,Valuation,Equity,165.17091597012433,RMB/share,RMB,1,Derived,Bull,MODEL_P4,Medium,Phase 4 valuation and sensitivity model,,,,
CM_PHASE4_20260803,中国移动,中国移动有限公司（A股600941；H股941/80941）,China Mobile Limited及其附属公司合并口径,2030E,Annual,VAL_DDM,DDM合理价值,Valuation,Equity,96.6776339939511,RMB/share,RMB,1,Derived,Bull,MODEL_P4,Medium,Phase 4 valuation and sensitivity model,,,,
CM_PHASE4_20260803,中国移动,中国移动有限公司（A股600941；H股941/80941）,China Mobile Limited及其附属公司合并口径,2030E,Annual,VAL_PE,PE合理价值,Valuation,Equity,152.77410473665307,RMB/share,RMB,1,Derived,Bull,MODEL_P4,Medium,Phase 4 valuation and sensitivity model,,,,
CM_PHASE4_20260803,中国移动,中国移动有限公司（A股600941；H股941/80941）,China Mobile Limited及其附属公司合并口径,2030E,Annual,VAL_PB,PB合理价值,Valuation,Equity,105.11481382032419,RMB/share,RMB,1,Derived,Bull,MODEL_P4,Medium,Phase 4 valuation and sensitivity model,,,,
CM_PHASE4_20260803,中国移动,中国移动有限公司（A股600941；H股941/80941）,China Mobile Limited及其附属公司合并口径,2030E,Annual,VAL_EV_EBITDA,EV/EBITDA合理价值,Valuation,Equity,162.50001934484573,RMB/share,RMB,1,Derived,Bull,MODEL_P4,Medium,Phase 4 valuation and sensitivity model,,,,
CM_PHASE4_20260803,中国移动,中国移动有限公司（A股600941；H股941/80941）,China Mobile Limited及其附属公司合并口径,2030E,Annual,VAL_WEIGHTED_A,综合A股合理价值,Valuation,A share,142.58665261942363,CNY/share,RMB,1,Derived,Bull,MODEL_P4,Medium,Phase 4 valuation and sensitivity model,,,,
CM_PHASE4_20260803,中国移动,中国移动有限公司（A股600941；H股941/80941）,China Mobile Limited及其附属公司合并口径,2030E,Annual,VAL_WEIGHTED_H,综合H股合理价值,Valuation,H share,164.7277032075505,HKD/share,HKD,1,Derived,Bull,MODEL_P4,Medium,Phase 4 valuation and sensitivity model,,,,
CM_PHASE4_20260803,中国移动,中国移动有限公司（A股600941；H股941/80941）,China Mobile Limited及其附属公司合并口径,2031E,Annual,VAL_DCF,DCF合理价值,Valuation,Equity,169.51088361460356,RMB/share,RMB,1,Derived,Bull,MODEL_P4,Medium,Phase 4 valuation and sensitivity model,,,,
CM_PHASE4_20260803,中国移动,中国移动有限公司（A股600941；H股941/80941）,China Mobile Limited及其附属公司合并口径,2031E,Annual,VAL_DDM,DDM合理价值,Valuation,Equity,98.57933773350338,RMB/share,RMB,1,Derived,Bull,MODEL_P4,Medium,Phase 4 valuation and sensitivity model,,,,
CM_PHASE4_20260803,中国移动,中国移动有限公司（A股600941；H股941/80941）,China Mobile Limited及其附属公司合并口径,2031E,Annual,VAL_PE,PE合理价值,Valuation,Equity,155.26723681692874,RMB/share,RMB,1,Derived,Bull,MODEL_P4,Medium,Phase 4 valuation and sensitivity model,,,,
CM_PHASE4_20260803,中国移动,中国移动有限公司（A股600941；H股941/80941）,China Mobile Limited及其附属公司合并口径,2031E,Annual,VAL_PB,PB合理价值,Valuation,Equity,107.12909074632707,RMB/share,RMB,1,Derived,Bull,MODEL_P4,Medium,Phase 4 valuation and sensitivity model,,,,
CM_PHASE4_20260803,中国移动,中国移动有限公司（A股600941；H股941/80941）,China Mobile Limited及其附属公司合并口径,2031E,Annual,VAL_EV_EBITDA,EV/EBITDA合理价值,Valuation,Equity,166.79643810960084,RMB/share,RMB,1,Derived,Bull,MODEL_P4,Medium,Phase 4 valuation and sensitivity model,,,,
CM_PHASE4_20260803,中国移动,中国移动有限公司（A股600941；H股941/80941）,China Mobile Limited及其附属公司合并口径,2031E,Annual,VAL_WEIGHTED_A,综合A股合理价值,Valuation,A share,145.8304989662705,CNY/share,RMB,1,Derived,Bull,MODEL_P4,Medium,Phase 4 valuation and sensitivity model,,,,
CM_PHASE4_20260803,中国移动,中国移动有限公司（A股600941；H股941/80941）,China Mobile Limited及其附属公司合并口径,2031E,Annual,VAL_WEIGHTED_H,综合H股合理价值,Valuation,H share,168.4752584552392,HKD/share,HKD,1,Derived,Bull,MODEL_P4,Medium,Phase 4 valuation and sensitivity model,,,,
CM_PHASE4_20260803,中国移动,中国移动有限公司（A股600941；H股941/80941）,China Mobile Limited及其附属公司合并口径,2032E,Annual,VAL_DCF,DCF合理价值,Valuation,Equity,173.86205670495593,RMB/share,RMB,1,Derived,Bull,MODEL_P4,Medium,Phase 4 valuation and sensitivity model,,,,
CM_PHASE4_20260803,中国移动,中国移动有限公司（A股600941；H股941/80941）,China Mobile Limited及其附属公司合并口径,2032E,Annual,VAL_DDM,DDM合理价值,Valuation,Equity,100.55121955048857,RMB/share,RMB,1,Derived,Bull,MODEL_P4,Medium,Phase 4 valuation and sensitivity model,,,,
CM_PHASE4_20260803,中国移动,中国移动有限公司（A股600941；H股941/80941）,China Mobile Limited及其附属公司合并口径,2032E,Annual,VAL_PE,PE合理价值,Valuation,Equity,157.73878158998076,RMB/share,RMB,1,Derived,Bull,MODEL_P4,Medium,Phase 4 valuation and sensitivity model,,,,
CM_PHASE4_20260803,中国移动,中国移动有限公司（A股600941；H股941/80941）,China Mobile Limited及其附属公司合并口径,2032E,Annual,VAL_PB,PB合理价值,Valuation,Equity,109.132161470845,RMB/share,RMB,1,Derived,Bull,MODEL_P4,Medium,Phase 4 valuation and sensitivity model,,,,
CM_PHASE4_20260803,中国移动,中国移动有限公司（A股600941；H股941/80941）,China Mobile Limited及其附属公司合并口径,2032E,Annual,VAL_EV_EBITDA,EV/EBITDA合理价值,Valuation,Equity,171.10444017162328,RMB/share,RMB,1,Derived,Bull,MODEL_P4,Medium,Phase 4 valuation and sensitivity model,,,,
CM_PHASE4_20260803,中国移动,中国移动有限公司（A股600941；H股941/80941）,China Mobile Limited及其附属公司合并口径,2032E,Annual,VAL_WEIGHTED_A,综合A股合理价值,Valuation,A share,149.08860224765644,CNY/share,RMB,1,Derived,Bull,MODEL_P4,Medium,Phase 4 valuation and sensitivity model,,,,
CM_PHASE4_20260803,中国移动,中国移动有限公司（A股600941；H股941/80941）,China Mobile Limited及其附属公司合并口径,2032E,Annual,VAL_WEIGHTED_H,综合H股合理价值,Valuation,H share,172.2392844737768,HKD/share,HKD,1,Derived,Bull,MODEL_P4,Medium,Phase 4 valuation and sensitivity model,,,,
CM_PHASE4_20260803,中国移动,中国移动有限公司（A股600941；H股941/80941）,China Mobile Limited及其附属公司合并口径,2033E,Annual,VAL_DCF,DCF合理价值,Valuation,Equity,178.8097381983592,RMB/share,RMB,1,Derived,Bull,MODEL_P4,Medium,Phase 4 valuation and sensitivity model,,,,
CM_PHASE4_20260803,中国移动,中国移动有限公司（A股600941；H股941/80941）,China Mobile Limited及其附属公司合并口径,2033E,Annual,VAL_DDM,DDM合理价值,Valuation,Equity,102.56245071731242,RMB/share,RMB,1,Derived,Bull,MODEL_P4,Medium,Phase 4 valuation and sensitivity model,,,,
CM_PHASE4_20260803,中国移动,中国移动有限公司（A股600941；H股941/80941）,China Mobile Limited及其附属公司合并口径,2033E,Annual,VAL_PE,PE合理价值,Valuation,Equity,160.89570400287238,RMB/share,RMB,1,Derived,Bull,MODEL_P4,Medium,Phase 4 valuation and sensitivity model,,,,
CM_PHASE4_20260803,中国移动,中国移动有限公司（A股600941；H股941/80941）,China Mobile Limited及其附属公司合并口径,2033E,Annual,VAL_PB,PB合理价值,Valuation,Equity,111.61416533843143,RMB/share,RMB,1,Derived,Bull,MODEL_P4,Medium,Phase 4 valuation and sensitivity model,,,,
CM_PHASE4_20260803,中国移动,中国移动有限公司（A股600941；H股941/80941）,China Mobile Limited及其附属公司合并口径,2033E,Annual,VAL_EV_EBITDA,EV/EBITDA合理价值,Valuation,Equity,175.9969693343599,RMB/share,RMB,1,Derived,Bull,MODEL_P4,Medium,Phase 4 valuation and sensitivity model,,,,
CM_PHASE4_20260803,中国移动,中国移动有限公司（A股600941；H股941/80941）,China Mobile Limited及其附属公司合并口径,2033E,Annual,VAL_WEIGHTED_A,综合A股合理价值,Valuation,A share,152.83600124745982,CNY/share,RMB,1,Derived,Bull,MODEL_P4,Medium,Phase 4 valuation and sensitivity model,,,,
CM_PHASE4_20260803,中国移动,中国移动有限公司（A股600941；H股941/80941）,China Mobile Limited及其附属公司合并口径,2033E,Annual,VAL_WEIGHTED_H,综合H股合理价值,Valuation,H share,176.56858471962457,HKD/share,HKD,1,Derived,Bull,MODEL_P4,Medium,Phase 4 valuation and sensitivity model,,,,
CM_PHASE4_20260803,中国移动,中国移动有限公司（A股600941；H股941/80941）,China Mobile Limited及其附属公司合并口径,2034E,Annual,VAL_DCF,DCF合理价值,Valuation,Equity,183.8562475815951,RMB/share,RMB,1,Derived,Bull,MODEL_P4,Medium,Phase 4 valuation and sensitivity model,,,,
CM_PHASE4_20260803,中国移动,中国移动有限公司（A股600941；H股941/80941）,China Mobile Limited及其附属公司合并口径,2034E,Annual,VAL_DDM,DDM合理价值,Valuation,Equity,104.6138085094566,RMB/share,RMB,1,Derived,Bull,MODEL_P4,Medium,Phase 4 valuation and sensitivity model,,,,
CM_PHASE4_20260803,中国移动,中国移动有限公司（A股600941；H股941/80941）,China Mobile Limited及其附属公司合并口径,2034E,Annual,VAL_PE,PE合理价值,Valuation,Equity,164.11576486402174,RMB/share,RMB,1,Derived,Bull,MODEL_P4,Medium,Phase 4 valuation and sensitivity model,,,,
CM_PHASE4_20260803,中国移动,中国移动有限公司（A股600941；H股941/80941）,China Mobile Limited及其附属公司合并口径,2034E,Annual,VAL_PB,PB合理价值,Valuation,Equity,114.14589660872967,RMB/share,RMB,1,Derived,Bull,MODEL_P4,Medium,Phase 4 valuation and sensitivity model,,,,
CM_PHASE4_20260803,中国移动,中国移动有限公司（A股600941；H股941/80941）,China Mobile Limited及其附属公司合并口径,2034E,Annual,VAL_EV_EBITDA,EV/EBITDA合理价值,Valuation,Equity,180.98722334031586,RMB/share,RMB,1,Derived,Bull,MODEL_P4,Medium,Phase 4 valuation and sensitivity model,,,,
CM_PHASE4_20260803,中国移动,中国移动有限公司（A股600941；H股941/80941）,China Mobile Limited及其附属公司合并口径,2034E,Annual,VAL_WEIGHTED_A,综合A股合理价值,Valuation,A share,156.6582744901743,CNY/share,RMB,1,Derived,Bull,MODEL_P4,Medium,Phase 4 valuation and sensitivity model,,,,
CM_PHASE4_20260803,中国移动,中国移动有限公司（A股600941；H股941/80941）,China Mobile Limited及其附属公司合并口径,2034E,Annual,VAL_WEIGHTED_H,综合H股合理价值,Valuation,H share,180.98438578330885,HKD/share,HKD,1,Derived,Bull,MODEL_P4,Medium,Phase 4 valuation and sensitivity model,,,,
CM_PHASE4_20260803,中国移动,中国移动有限公司（A股600941；H股941/80941）,China Mobile Limited及其附属公司合并口径,2035E,Annual,VAL_DCF,DCF合理价值,Valuation,Equity,189.0035614124604,RMB/share,RMB,1,Derived,Bull,MODEL_P4,Medium,Phase 4 valuation and sensitivity model,,,,
CM_PHASE4_20260803,中国移动,中国移动有限公司（A股600941；H股941/80941）,China Mobile Limited及其附属公司合并口径,2035E,Annual,VAL_DDM,DDM合理价值,Valuation,Equity,106.70608467964574,RMB/share,RMB,1,Derived,Bull,MODEL_P4,Medium,Phase 4 valuation and sensitivity model,,,,
CM_PHASE4_20260803,中国移动,中国移动有限公司（A股600941；H股941/80941）,China Mobile Limited及其附属公司合并口径,2035E,Annual,VAL_PE,PE合理价值,Valuation,Equity,167.40022694239414,RMB/share,RMB,1,Derived,Bull,MODEL_P4,Medium,Phase 4 valuation and sensitivity model,,,,
CM_PHASE4_20260803,中国移动,中国移动有限公司（A股600941；H股941/80941）,China Mobile Limited及其附属公司合并口径,2035E,Annual,VAL_PB,PB合理价值,Valuation,Equity,116.72834710757951,RMB/share,RMB,1,Derived,Bull,MODEL_P4,Medium,Phase 4 valuation and sensitivity model,,,,
CM_PHASE4_20260803,中国移动,中国移动有限公司（A股600941；H股941/80941）,China Mobile Limited及其附属公司合并口径,2035E,Annual,VAL_EV_EBITDA,EV/EBITDA合理价值,Valuation,Equity,186.07715668635555,RMB/share,RMB,1,Derived,Bull,MODEL_P4,Medium,Phase 4 valuation and sensitivity model,,,,
CM_PHASE4_20260803,中国移动,中国移动有限公司（A股600941；H股941/80941）,China Mobile Limited及其附属公司合并口径,2035E,Annual,VAL_WEIGHTED_A,综合A股合理价值,Valuation,A share,160.5569170324804,CNY/share,RMB,1,Derived,Bull,MODEL_P4,Medium,Phase 4 valuation and sensitivity model,,,,
CM_PHASE4_20260803,中国移动,中国移动有限公司（A股600941；H股941/80941）,China Mobile Limited及其附属公司合并口径,2035E,Annual,VAL_WEIGHTED_H,综合H股合理价值,Valuation,H share,185.48841487595791,HKD/share,HKD,1,Derived,Bull,MODEL_P4,Medium,Phase 4 valuation and sensitivity model,,,,
CM_PHASE4_20260803,中国移动,中国移动有限公司（A股600941；H股941/80941）,China Mobile Limited及其附属公司合并口径,2026-07-31_to_2030-12-31,Annual,VAL_IRR_A,A股含分红IRR,Valuation,A share,-0.04276795721168375,%,,1,Derived,Bear,MODEL_P4,Medium,Phase 4 valuation and sensitivity model,,,,假设A股个人持有超过1年，股息税率0%。
CM_PHASE4_20260803,中国移动,中国移动有限公司（A股600941；H股941/80941）,China Mobile Limited及其附属公司合并口径,2026-07-31_to_2030-12-31,Annual,VAL_IRR_H_PRETAX,H股税前含分红IRR,Valuation,H share,0.03154704415764646,%,,1,Derived,Bear,MODEL_P4,Medium,Phase 4 valuation and sensitivity model,,,,
CM_PHASE4_20260803,中国移动,中国移动有限公司（A股600941；H股941/80941）,China Mobile Limited及其附属公司合并口径,2026-07-31_to_2030-12-31,Annual,VAL_IRR_H_SOUTHBOUND,H股南向个人税后IRR,Valuation,H share,0.018434883654068843,%,,1,Derived,Bear,MODEL_P4,Medium,Phase 4 valuation and sensitivity model,,,,内地个人南向投资H股，股息按20%代扣。
CM_PHASE4_20260803,中国移动,中国移动有限公司（A股600941；H股941/80941）,China Mobile Limited及其附属公司合并口径,2026-07-31_to_2035-12-31,Annual,VAL_IRR_A,A股含分红IRR,Valuation,A share,0.009976158093458516,%,,1,Derived,Bear,MODEL_P4,Medium,Phase 4 valuation and sensitivity model,,,,假设A股个人持有超过1年，股息税率0%。
CM_PHASE4_20260803,中国移动,中国移动有限公司（A股600941；H股941/80941）,China Mobile Limited及其附属公司合并口径,2026-07-31_to_2035-12-31,Annual,VAL_IRR_H_PRETAX,H股税前含分红IRR,Valuation,H share,0.05076257767017674,%,,1,Derived,Bear,MODEL_P4,Medium,Phase 4 valuation and sensitivity model,,,,
CM_PHASE4_20260803,中国移动,中国移动有限公司（A股600941；H股941/80941）,China Mobile Limited及其附属公司合并口径,2026-07-31_to_2035-12-31,Annual,VAL_IRR_H_SOUTHBOUND,H股南向个人税后IRR,Valuation,H share,0.0381640214597678,%,,1,Derived,Bear,MODEL_P4,Medium,Phase 4 valuation and sensitivity model,,,,内地个人南向投资H股，股息按20%代扣。
CM_PHASE4_20260803,中国移动,中国移动有限公司（A股600941；H股941/80941）,China Mobile Limited及其附属公司合并口径,2026-07-31_to_2030-12-31,Annual,VAL_IRR_A,A股含分红IRR,Valuation,A share,0.06383477122784688,%,,1,Derived,Base,MODEL_P4,Medium,Phase 4 valuation and sensitivity model,,,,假设A股个人持有超过1年，股息税率0%。
CM_PHASE4_20260803,中国移动,中国移动有限公司（A股600941；H股941/80941）,China Mobile Limited及其附属公司合并口径,2026-07-31_to_2030-12-31,Annual,VAL_IRR_H_PRETAX,H股税前含分红IRR,Valuation,H share,0.14753182320549454,%,,1,Derived,Base,MODEL_P4,Medium,Phase 4 valuation and sensitivity model,,,,
CM_PHASE4_20260803,中国移动,中国移动有限公司（A股600941；H股941/80941）,China Mobile Limited及其附属公司合并口径,2026-07-31_to_2030-12-31,Annual,VAL_IRR_H_SOUTHBOUND,H股南向个人税后IRR,Valuation,H share,0.1321465649944047,%,,1,Derived,Base,MODEL_P4,Medium,Phase 4 valuation and sensitivity model,,,,内地个人南向投资H股，股息按20%代扣。
CM_PHASE4_20260803,中国移动,中国移动有限公司（A股600941；H股941/80941）,China Mobile Limited及其附属公司合并口径,2026-07-31_to_2035-12-31,Annual,VAL_IRR_A,A股含分红IRR,Valuation,A share,0.07122152279634025,%,,1,Derived,Base,MODEL_P4,Medium,Phase 4 valuation and sensitivity model,,,,假设A股个人持有超过1年，股息税率0%。
CM_PHASE4_20260803,中国移动,中国移动有限公司（A股600941；H股941/80941）,China Mobile Limited及其附属公司合并口径,2026-07-31_to_2035-12-31,Annual,VAL_IRR_H_PRETAX,H股税前含分红IRR,Valuation,H share,0.11606668121853149,%,,1,Derived,Base,MODEL_P4,Medium,Phase 4 valuation and sensitivity model,,,,
CM_PHASE4_20260803,中国移动,中国移动有限公司（A股600941；H股941/80941）,China Mobile Limited及其附属公司合并口径,2026-07-31_to_2035-12-31,Annual,VAL_IRR_H_SOUTHBOUND,H股南向个人税后IRR,Valuation,H share,0.101256561541284,%,,1,Derived,Base,MODEL_P4,Medium,Phase 4 valuation and sensitivity model,,,,内地个人南向投资H股，股息按20%代扣。
CM_PHASE4_20260803,中国移动,中国移动有限公司（A股600941；H股941/80941）,China Mobile Limited及其附属公司合并口径,2026-07-31_to_2030-12-31,Annual,VAL_IRR_A,A股含分红IRR,Valuation,A share,0.16138092690941055,%,,1,Derived,Bull,MODEL_P4,Medium,Phase 4 valuation and sensitivity model,,,,假设A股个人持有超过1年，股息税率0%。
CM_PHASE4_20260803,中国移动,中国移动有限公司（A股600941；H股941/80941）,China Mobile Limited及其附属公司合并口径,2026-07-31_to_2030-12-31,Annual,VAL_IRR_H_PRETAX,H股税前含分红IRR,Valuation,H share,0.25399623195579735,%,,1,Derived,Bull,MODEL_P4,Medium,Phase 4 valuation and sensitivity model,,,,
CM_PHASE4_20260803,中国移动,中国移动有限公司（A股600941；H股941/80941）,China Mobile Limited及其附属公司合并口径,2026-07-31_to_2030-12-31,Annual,VAL_IRR_H_SOUTHBOUND,H股南向个人税后IRR,Valuation,H share,0.2359587078285118,%,,1,Derived,Bull,MODEL_P4,Medium,Phase 4 valuation and sensitivity model,,,,内地个人南向投资H股，股息按20%代扣。
CM_PHASE4_20260803,中国移动,中国移动有限公司（A股600941；H股941/80941）,China Mobile Limited及其附属公司合并口径,2026-07-31_to_2035-12-31,Annual,VAL_IRR_A,A股含分红IRR,Valuation,A share,0.1254939770632622,%,,1,Derived,Bull,MODEL_P4,Medium,Phase 4 valuation and sensitivity model,,,,假设A股个人持有超过1年，股息税率0%。
CM_PHASE4_20260803,中国移动,中国移动有限公司（A股600941；H股941/80941）,China Mobile Limited及其附属公司合并口径,2026-07-31_to_2035-12-31,Annual,VAL_IRR_H_PRETAX,H股税前含分红IRR,Valuation,H share,0.1746777755207784,%,,1,Derived,Bull,MODEL_P4,Medium,Phase 4 valuation and sensitivity model,,,,
CM_PHASE4_20260803,中国移动,中国移动有限公司（A股600941；H股941/80941）,China Mobile Limited及其附属公司合并口径,2026-07-31_to_2035-12-31,Annual,VAL_IRR_H_SOUTHBOUND,H股南向个人税后IRR,Valuation,H share,0.15685748148223583,%,,1,Derived,Bull,MODEL_P4,Medium,Phase 4 valuation and sensitivity model,,,,内地个人南向投资H股，股息按20%代扣。
CM_PHASE4_20260803,中国移动,中国移动有限公司（A股600941；H股941/80941）,China Mobile Limited及其附属公司合并口径,2027_run_rate,Annual,RUMOR_NET_ARPU_UPLIFT,套餐整治净有效ARPU提升,Sensitivity,ToC Mobile,0.0,RMB/month,RMB,1,Assumption,Adverse,MODEL_P4,Medium,Phase 4 valuation and sensitivity model,,,,已扣除用户流失和套餐结构变化后的全客户平均净提升。
CM_PHASE4_20260803,中国移动,中国移动有限公司（A股600941；H股941/80941）,China Mobile Limited及其附属公司合并口径,2027_run_rate,Annual,RUMOR_CHANNEL_SAVING,减少销售中介年度成本节省,Sensitivity,Selling cost,1.0,RMB bn,RMB,1,Assumption,Adverse,MODEL_P4,Medium,Phase 4 valuation and sensitivity model,,,,年度整改/补偿成本假设2.0亿元。
CM_PHASE4_20260803,中国移动,中国移动有限公司（A股600941；H股941/80941）,China Mobile Limited及其附属公司合并口径,2027_run_rate,Annual,RUMOR_AFTER_TAX_BENEFIT,套餐/渠道年度税后收益,Sensitivity,Group,-780.0,RMB mn,RMB,1,Estimated,Adverse,MODEL_P4,Medium,Phase 4 valuation and sensitivity model,,,,
CM_PHASE4_20260803,中国移动,中国移动有限公司（A股600941；H股941/80941）,China Mobile Limited及其附属公司合并口径,2026_valuation,Annual,RUMOR_VALUE_PER_SHARE,套餐/渠道估值增量,Sensitivity,Equity,-0.32418047908682585,RMB/share,RMB,1,Estimated,Adverse,MODEL_P4,Medium,Phase 4 valuation and sensitivity model,,,,
CM_PHASE4_20260803,中国移动,中国移动有限公司（A股600941；H股941/80941）,China Mobile Limited及其附属公司合并口径,2027_run_rate,Annual,RUMOR_NET_ARPU_UPLIFT,套餐整治净有效ARPU提升,Sensitivity,ToC Mobile,0.25,RMB/month,RMB,1,Assumption,Cautious,MODEL_P4,Medium,Phase 4 valuation and sensitivity model,,,,已扣除用户流失和套餐结构变化后的全客户平均净提升。
CM_PHASE4_20260803,中国移动,中国移动有限公司（A股600941；H股941/80941）,China Mobile Limited及其附属公司合并口径,2027_run_rate,Annual,RUMOR_CHANNEL_SAVING,减少销售中介年度成本节省,Sensitivity,Selling cost,2.0,RMB bn,RMB,1,Assumption,Cautious,MODEL_P4,Medium,Phase 4 valuation and sensitivity model,,,,年度整改/补偿成本假设0.0亿元。
CM_PHASE4_20260803,中国移动,中国移动有限公司（A股600941；H股941/80941）,China Mobile Limited及其附属公司合并口径,2027_run_rate,Annual,RUMOR_AFTER_TAX_BENEFIT,套餐/渠道年度税后收益,Sensitivity,Group,3206.19,RMB mn,RMB,1,Estimated,Cautious,MODEL_P4,Medium,Phase 4 valuation and sensitivity model,,,,
CM_PHASE4_20260803,中国移动,中国移动有限公司（A股600941；H股941/80941）,China Mobile Limited及其附属公司合并口径,2026_valuation,Annual,RUMOR_VALUE_PER_SHARE,套餐/渠道估值增量,Sensitivity,Equity,1.3325438592863976,RMB/share,RMB,1,Estimated,Cautious,MODEL_P4,Medium,Phase 4 valuation and sensitivity model,,,,
CM_PHASE4_20260803,中国移动,中国移动有限公司（A股600941；H股941/80941）,China Mobile Limited及其附属公司合并口径,2027_run_rate,Annual,RUMOR_NET_ARPU_UPLIFT,套餐整治净有效ARPU提升,Sensitivity,ToC Mobile,0.5,RMB/month,RMB,1,Assumption,Central,MODEL_P4,Medium,Phase 4 valuation and sensitivity model,,,,已扣除用户流失和套餐结构变化后的全客户平均净提升。
CM_PHASE4_20260803,中国移动,中国移动有限公司（A股600941；H股941/80941）,China Mobile Limited及其附属公司合并口径,2027_run_rate,Annual,RUMOR_CHANNEL_SAVING,减少销售中介年度成本节省,Sensitivity,Selling cost,5.0,RMB bn,RMB,1,Assumption,Central,MODEL_P4,Medium,Phase 4 valuation and sensitivity model,,,,年度整改/补偿成本假设0.0亿元。
CM_PHASE4_20260803,中国移动,中国移动有限公司（A股600941；H股941/80941）,China Mobile Limited及其附属公司合并口径,2027_run_rate,Annual,RUMOR_AFTER_TAX_BENEFIT,套餐/渠道年度税后收益,Sensitivity,Group,7192.38,RMB mn,RMB,1,Estimated,Central,MODEL_P4,Medium,Phase 4 valuation and sensitivity model,,,,
CM_PHASE4_20260803,中国移动,中国移动有限公司（A股600941；H股941/80941）,China Mobile Limited及其附属公司合并口径,2026_valuation,Annual,RUMOR_VALUE_PER_SHARE,套餐/渠道估值增量,Sensitivity,Equity,2.989268197659621,RMB/share,RMB,1,Estimated,Central,MODEL_P4,Medium,Phase 4 valuation and sensitivity model,,,,
CM_PHASE4_20260803,中国移动,中国移动有限公司（A股600941；H股941/80941）,China Mobile Limited及其附属公司合并口径,2027_run_rate,Annual,RUMOR_NET_ARPU_UPLIFT,套餐整治净有效ARPU提升,Sensitivity,ToC Mobile,1.0,RMB/month,RMB,1,Assumption,Strong,MODEL_P4,Medium,Phase 4 valuation and sensitivity model,,,,已扣除用户流失和套餐结构变化后的全客户平均净提升。
CM_PHASE4_20260803,中国移动,中国移动有限公司（A股600941；H股941/80941）,China Mobile Limited及其附属公司合并口径,2027_run_rate,Annual,RUMOR_CHANNEL_SAVING,减少销售中介年度成本节省,Sensitivity,Selling cost,8.0,RMB bn,RMB,1,Assumption,Strong,MODEL_P4,Medium,Phase 4 valuation and sensitivity model,,,,年度整改/补偿成本假设0.0亿元。
CM_PHASE4_20260803,中国移动,中国移动有限公司（A股600941；H股941/80941）,China Mobile Limited及其附属公司合并口径,2027_run_rate,Annual,RUMOR_AFTER_TAX_BENEFIT,套餐/渠道年度税后收益,Sensitivity,Group,12824.76,RMB mn,RMB,1,Estimated,Strong,MODEL_P4,Medium,Phase 4 valuation and sensitivity model,,,,
CM_PHASE4_20260803,中国移动,中国移动有限公司（A股600941；H股941/80941）,China Mobile Limited及其附属公司合并口径,2026_valuation,Annual,RUMOR_VALUE_PER_SHARE,套餐/渠道估值增量,Sensitivity,Equity,5.3301754371455905,RMB/share,RMB,1,Estimated,Strong,MODEL_P4,Medium,Phase 4 valuation and sensitivity model,,,,
CM_PHASE5_20260803,中国移动,中国移动有限公司（A股600941；H股941/80941）,China Mobile Limited及其附属公司合并口径,2026-08-03,Audit,AUDIT_SHEET_COUNT,工作簿表数,Audit,Files,6,count,,1,Derived,Actual,MODEL_P5,High,Phase 5 cross-file and workbook audit,,,,Excel保持六张表，符合框架限制。
CM_PHASE5_20260803,中国移动,中国移动有限公司（A股600941；H股941/80941）,China Mobile Limited及其附属公司合并口径,2026-08-03,Audit,AUDIT_FORMULA_ERRORS,公式错误数,Audit,Model,0,count,,1,Derived,Actual,MODEL_P5,High,Phase 5 cross-file and workbook audit,,,,最终导出前再次扫描。
CM_PHASE5_20260803,中国移动,中国移动有限公司（A股600941；H股941/80941）,China Mobile Limited及其附属公司合并口径,2026-08-03,Audit,AUDIT_SOURCE_CORRECTIONS,来源修正数,Audit,Sources,1,count,,1,Derived,Actual,MODEL_P5,High,Phase 5 cross-file and workbook audit,,,,SRC_R001替换为中国移动10086官网公告。
CM_PHASE5_20260803,中国移动,中国移动有限公司（A股600941；H股941/80941）,China Mobile Limited及其附属公司合并口径,2026-08-03,Audit,AUDIT_KEY_OUTPUT_MISMATCHES,关键输出不一致数,Audit,Cross-file,0,count,,1,Derived,Actual,MODEL_P5,High,Phase 5 cross-file and workbook audit,,,,Excel/CSV/最终报告关键估值和IRR交叉检查。
CM_PHASE5_20260803,中国移动,中国移动有限公司（A股600941；H股941/80941）,China Mobile Limited及其附属公司合并口径,2026-08-03,Audit,AUDIT_LATEST_PUBLIC_PERIOD,最新公开财务期,Audit,Disclosure,2026Q1,text,,1,Derived,Actual,MODEL_P5,High,Phase 5 cross-file and workbook audit,,,,截至2026-08-03，中期业绩尚未公布。
CM_PHASE5_20260803,中国移动,中国移动有限公司（A股600941；H股941/80941）,China Mobile Limited及其附属公司合并口径,2026-08-03,Audit,AUDIT_NEXT_CATALYST,下一关键催化剂,Audit,Disclosure,2026年8月中旬中期业绩,text,,1,Derived,Actual,MODEL_P5,High,Phase 5 cross-file and workbook audit,,,,公司年度报告财务日历；属于计划窗口。
CM_PHASE5_20260803,中国移动,中国移动有限公司（A股600941；H股941/80941）,China Mobile Limited及其附属公司合并口径,2026-08-03,Audit,AUDIT_FINAL_VERSION,审计终版版本,Audit,Files,V5.0,text,,1,Derived,Actual,MODEL_P5,High,Phase 5 cross-file and workbook audit,,,,Phase 5审计终版。
