record_id,company,phase,module,record_type,entity_type,entity_name,metric,period,frequency,geography,scenario,value,value_low,value_high,unit,currency,data_tag,confidence,key_flag,update_frequency,source_name,source_url,source_date,collected_date,note
MOMO-P1-0001,MOMO,P1,company,fact,company,Hello Group,ticker,2026-08-01,point_in_time,Global,actual,MOMO,,,text,N/A,A,high,1,event_driven,NASDAQ,https://www.nasdaq.com/market-activity/stocks/momo,2026-08-01,2026-08-01,NASDAQ ADS
MOMO-P1-0002,MOMO,P1,company,fact,company,Hello Group,listing_venue,2026-08-01,point_in_time,Global,actual,NASDAQ,,,text,N/A,A,high,0,event_driven,Company filings,https://www.sec.gov/Archives/edgar/data/1610601/000119312526183444/d13143d20f.htm,2026-04-29,2026-08-01,Primary U.S. listing
MOMO-P1-0003,MOMO,P1,company,fact,company,Hello Group,reporting_currency,2025A,quarterly,Global,actual,RMB,,,text,RMB,A,high,1,annual,2025 Form 20-F,https://www.sec.gov/Archives/edgar/data/1610601/000119312526183444/d13143d20f.htm,2026-04-29,2026-08-01,Financial statements presented in RMB
MOMO-P1-0004,MOMO,P1,company,fact,company,Hello Group,fiscal_year_end,2025A,quarterly,Global,actual,December 31,,,date_text,N/A,A,high,0,annual,2025 Form 20-F,https://www.sec.gov/Archives/edgar/data/1610601/000119312526183444/d13143d20f.htm,2026-04-29,2026-08-01,Calendar fiscal year
MOMO-P1-0005,MOMO,P1,company,fact,company,Hello Group,ADS_ratio_ordinary_per_ADS,2026Q1,quarterly,Global,actual,2,,,ordinary shares/ADS,N/A,A,high,1,event_driven,2025 Form 20-F,https://www.sec.gov/Archives/edgar/data/1610601/000119312526183444/d13143d20f.htm,2026-04-29,2026-08-01,One ADS represents two Class A ordinary shares
MOMO-P1-0006,MOMO,P1,company,proxy,company,Hello Group,share_price,2026-08-01,point_in_time,Global,actual,5.99,,,USD/ADS,USD,P,high,1,daily,Nasdaq market quote,https://www.nasdaq.com/market-activity/stocks/momo,2026-08-01,2026-08-01,Market price snapshot; valuation date 2026-08-01
MOMO-P1-0007,MOMO,P1,company,estimate,company,Hello Group,diluted_ADS_equivalent,2026Q1,quarterly,Global,actual,160.661344,,,mn ADS,N/A,E,high,1,quarterly,Q1 2026 earnings release,https://www.sec.gov/Archives/edgar/data/1610601/000119312526223535/d18880dex991.htm,2026-06-03,2026-08-01,Q1 diluted weighted-average ordinary shares 321.322687m divided by 2
MOMO-P1-0008,MOMO,P1,company,fact,company,Hello Group,period_end_ADS_equivalent,2026Q1,quarterly,Global,actual,147.747401,,,mn ADS,N/A,A,high,1,quarterly,Q1 2026 earnings release,https://www.sec.gov/Archives/edgar/data/1610601/000119312526223535/d18880dex991.htm,2026-06-03,2026-08-01,Ordinary shares outstanding 295.494802m at 2026-03-31 divided by 2
MOMO-P1-0009,MOMO,P1,company,estimate,company,Hello Group,diluted_market_cap,2026-08-01,point_in_time,Global,actual,962.361,,,USD mn,USD,E,high,1,daily,Calculated from Nasdaq quote and Q1 diluted ADS,https://www.nasdaq.com/market-activity/stocks/momo,2026-08-01,2026-08-01,US$5.99 × 160.661m diluted ADS; conservative interim capitalization
MOMO-P1-0010,MOMO,P1,company,fact,company,Hello Group,Q1_release_FX_rate,2026Q1,quarterly,Global,actual,6.898,,,RMB/USD,RMB,A,high,0,quarterly,Q1 2026 earnings release,https://www.sec.gov/Archives/edgar/data/1610601/000119312526223535/d18880dex991.htm,2026-06-03,2026-08-01,Translation rate used by company release
MOMO-P1-0011,MOMO,P1,governance,fact,manager,Yan Tang / directors,founder_economic_ownership,2026-03-31,point_in_time,Global,actual,30.0,,,%,N/A,A,high,1,annual,2025 Form 20-F,https://www.sec.gov/Archives/edgar/data/1610601/000119312526183444/d13143d20f.htm,2026-04-29,2026-08-01,Yan Tang beneficial ownership; economic interest
MOMO-P1-0012,MOMO,P1,governance,fact,manager,Yan Tang / directors,founder_voting_power,2026-03-31,point_in_time,Global,actual,79.1,,,%,N/A,A,high,1,annual,2025 Form 20-F,https://www.sec.gov/Archives/edgar/data/1610601/000119312526183444/d13143d20f.htm,2026-04-29,2026-08-01,Dual-class structure gives founder decisive voting control
MOMO-P1-0013,MOMO,P1,governance,fact,manager,Yan Tang / directors,directors_executives_economic_ownership,2026-03-31,point_in_time,Global,actual,30.7,,,%,N/A,A,high,0,annual,2025 Form 20-F,https://www.sec.gov/Archives/edgar/data/1610601/000119312526183444/d13143d20f.htm,2026-04-29,2026-08-01,Aggregate ownership
MOMO-P1-0014,MOMO,P1,governance,fact,manager,Yan Tang / directors,directors_executives_voting_power,2026-03-31,point_in_time,Global,actual,79.2,,,%,N/A,A,high,1,annual,2025 Form 20-F,https://www.sec.gov/Archives/edgar/data/1610601/000119312526183444/d13143d20f.htm,2026-04-29,2026-08-01,Aggregate voting power
MOMO-P1-0015,MOMO,P1,governance,fact,manager,Yan Tang / directors,Class_A_votes_per_share,2026-03-31,point_in_time,Global,actual,1,,,votes/share,N/A,A,high,0,annual,2025 Form 20-F,https://www.sec.gov/Archives/edgar/data/1610601/000119312526183444/d13143d20f.htm,2026-04-29,2026-08-01,Class A ordinary share
MOMO-P1-0016,MOMO,P1,governance,fact,manager,Yan Tang / directors,Class_B_votes_per_share,2026-03-31,point_in_time,Global,actual,10,,,votes/share,N/A,A,high,0,annual,2025 Form 20-F,https://www.sec.gov/Archives/edgar/data/1610601/000119312526183444/d13143d20f.htm,2026-04-29,2026-08-01,Class B ordinary share
MOMO-P1-0017,MOMO,P1,governance,conclusion,company,Hello Group,governance_preliminary_assessment,P1,point_in_time,Global,not_applicable,治理折价不可省略,,,text,N/A,H,medium,1,event_driven,MOMO、JOYY、微博（WB）低估互联网公司投资调研框架 V3.1,/mnt/data/MOMO_JOYY_WB_低估互联网公司投资调研框架_V3.1_单文件上传版(1).md,2026-08-01,2026-08-01,创始人拥有约79.1%投票权；P3需审查关联交易、现金可获得性与少数股东保护
MOMO-P1-0018,MOMO,P1,financial,fact,company,Hello Group,revenue,2020A,annual,Global,actual,15024.188,,,RMB mn,RMB,A,high,1,annual,2022 Form 20-F,https://www.sec.gov/Archives/edgar/data/1610601/000119312523113913/d439130d20f.htm,2023-04-25,2026-08-01,
MOMO-P1-0019,MOMO,P1,financial,fact,company,Hello Group,operating_income,2020A,annual,Global,actual,2531.435,,,RMB mn,RMB,A,high,1,annual,2022 Form 20-F,https://www.sec.gov/Archives/edgar/data/1610601/000119312523113913/d439130d20f.htm,2023-04-25,2026-08-01,
MOMO-P1-0020,MOMO,P1,financial,fact,company,Hello Group,attributable_net_income,2020A,annual,Global,actual,2103.484,,,RMB mn,RMB,A,high,1,annual,2022 Form 20-F,https://www.sec.gov/Archives/edgar/data/1610601/000119312523113913/d439130d20f.htm,2023-04-25,2026-08-01,
MOMO-P1-0021,MOMO,P1,financial,fact,company,Hello Group,operating_cash_flow,2020A,annual,Global,actual,3080.889,,,RMB mn,RMB,A,high,1,annual,2022 Form 20-F,https://www.sec.gov/Archives/edgar/data/1610601/000119312523113913/d439130d20f.htm,2023-04-25,2026-08-01,
MOMO-P1-0022,MOMO,P1,financial,fact,company,Hello Group,capital_expenditure,2020A,annual,Global,actual,124.143,,,RMB mn,RMB,A,high,0,annual,2022 Form 20-F,https://www.sec.gov/Archives/edgar/data/1610601/000119312523113913/d439130d20f.htm,2023-04-25,2026-08-01,
MOMO-P1-0023,MOMO,P1,financial,estimate,company,Hello Group,simple_FCF,2020A,annual,Global,actual,2956.746,,,RMB mn,RMB,E,high,1,annual,2022 Form 20-F,https://www.sec.gov/Archives/edgar/data/1610601/000119312523113913/d439130d20f.htm,2023-04-25,2026-08-01,Simple FCF = operating cash flow - capital expenditure; not normalized owner earnings
MOMO-P1-0024,MOMO,P1,financial,fact,company,Hello Group,share_based_compensation,2020A,annual,Global,actual,678.686,,,RMB mn,RMB,A,high,0,annual,2022 Form 20-F,https://www.sec.gov/Archives/edgar/data/1610601/000119312523113913/d439130d20f.htm,2023-04-25,2026-08-01,
MOMO-P1-0025,MOMO,P1,financial,fact,company,Hello Group,diluted_ADS,2020A,annual,Global,actual,226.040821,,,mn ADS,N/A,A,high,1,annual,2022 Form 20-F,https://www.sec.gov/Archives/edgar/data/1610601/000119312523113913/d439130d20f.htm,2023-04-25,2026-08-01,
MOMO-P1-0026,MOMO,P1,financial,fact,company,Hello Group,revenue,2021A,annual,Global,actual,14575.719,,,RMB mn,RMB,A,high,1,annual,2022 Form 20-F,https://www.sec.gov/Archives/edgar/data/1610601/000119312523113913/d439130d20f.htm,2023-04-25,2026-08-01,
MOMO-P1-0027,MOMO,P1,financial,fact,company,Hello Group,operating_income,2021A,annual,Global,actual,-2389.567,,,RMB mn,RMB,A,high,1,annual,2022 Form 20-F,https://www.sec.gov/Archives/edgar/data/1610601/000119312523113913/d439130d20f.htm,2023-04-25,2026-08-01,
MOMO-P1-0028,MOMO,P1,financial,fact,company,Hello Group,attributable_net_income,2021A,annual,Global,actual,-2913.708,,,RMB mn,RMB,A,high,1,annual,2022 Form 20-F,https://www.sec.gov/Archives/edgar/data/1610601/000119312523113913/d439130d20f.htm,2023-04-25,2026-08-01,
MOMO-P1-0029,MOMO,P1,financial,fact,company,Hello Group,operating_cash_flow,2021A,annual,Global,actual,1559.198,,,RMB mn,RMB,A,high,1,annual,2022 Form 20-F,https://www.sec.gov/Archives/edgar/data/1610601/000119312523113913/d439130d20f.htm,2023-04-25,2026-08-01,
MOMO-P1-0030,MOMO,P1,financial,fact,company,Hello Group,capital_expenditure,2021A,annual,Global,actual,95.323,,,RMB mn,RMB,A,high,0,annual,2022 Form 20-F,https://www.sec.gov/Archives/edgar/data/1610601/000119312523113913/d439130d20f.htm,2023-04-25,2026-08-01,
MOMO-P1-0031,MOMO,P1,financial,estimate,company,Hello Group,simple_FCF,2021A,annual,Global,actual,1463.875,,,RMB mn,RMB,E,high,1,annual,2022 Form 20-F,https://www.sec.gov/Archives/edgar/data/1610601/000119312523113913/d439130d20f.htm,2023-04-25,2026-08-01,Simple FCF = operating cash flow - capital expenditure; not normalized owner earnings
MOMO-P1-0032,MOMO,P1,financial,fact,company,Hello Group,share_based_compensation,2021A,annual,Global,actual,475.771,,,RMB mn,RMB,A,high,0,annual,2022 Form 20-F,https://www.sec.gov/Archives/edgar/data/1610601/000119312523113913/d439130d20f.htm,2023-04-25,2026-08-01,
MOMO-P1-0033,MOMO,P1,financial,fact,company,Hello Group,diluted_ADS,2021A,annual,Global,actual,202.350955,,,mn ADS,N/A,A,high,1,annual,2022 Form 20-F,https://www.sec.gov/Archives/edgar/data/1610601/000119312523113913/d439130d20f.htm,2023-04-25,2026-08-01,
MOMO-P1-0034,MOMO,P1,financial,fact,company,Hello Group,impairment_goodwill_intangibles,2021A,annual,Global,actual,4397.012,,,RMB mn,RMB,A,high,0,annual,2022 Form 20-F,https://www.sec.gov/Archives/edgar/data/1610601/000119312523113913/d439130d20f.htm,2023-04-25,2026-08-01,Major driver of 2021 GAAP loss; non-cash impairment
MOMO-P1-0035,MOMO,P1,financial,fact,company,Hello Group,revenue,2022A,annual,Global,actual,12704.172,,,RMB mn,RMB,A,high,1,annual,2022 Form 20-F,https://www.sec.gov/Archives/edgar/data/1610601/000119312523113913/d439130d20f.htm,2023-04-25,2026-08-01,
MOMO-P1-0036,MOMO,P1,financial,fact,company,Hello Group,operating_income,2022A,annual,Global,actual,1627.543,,,RMB mn,RMB,A,high,1,annual,2022 Form 20-F,https://www.sec.gov/Archives/edgar/data/1610601/000119312523113913/d439130d20f.htm,2023-04-25,2026-08-01,
MOMO-P1-0037,MOMO,P1,financial,fact,company,Hello Group,attributable_net_income,2022A,annual,Global,actual,1484.283,,,RMB mn,RMB,A,high,1,annual,2022 Form 20-F,https://www.sec.gov/Archives/edgar/data/1610601/000119312523113913/d439130d20f.htm,2023-04-25,2026-08-01,
MOMO-P1-0038,MOMO,P1,financial,fact,company,Hello Group,operating_cash_flow,2022A,annual,Global,actual,1226.891,,,RMB mn,RMB,A,high,1,annual,2022 Form 20-F,https://www.sec.gov/Archives/edgar/data/1610601/000119312523113913/d439130d20f.htm,2023-04-25,2026-08-01,
MOMO-P1-0039,MOMO,P1,financial,fact,company,Hello Group,capital_expenditure,2022A,annual,Global,actual,80.445,,,RMB mn,RMB,A,high,0,annual,2022 Form 20-F,https://www.sec.gov/Archives/edgar/data/1610601/000119312523113913/d439130d20f.htm,2023-04-25,2026-08-01,
MOMO-P1-0040,MOMO,P1,financial,estimate,company,Hello Group,simple_FCF,2022A,annual,Global,actual,1146.446,,,RMB mn,RMB,E,high,1,annual,2022 Form 20-F,https://www.sec.gov/Archives/edgar/data/1610601/000119312523113913/d439130d20f.htm,2023-04-25,2026-08-01,Simple FCF = operating cash flow - capital expenditure; not normalized owner earnings
MOMO-P1-0041,MOMO,P1,financial,fact,company,Hello Group,share_based_compensation,2022A,annual,Global,actual,401.484,,,RMB mn,RMB,A,high,0,annual,2022 Form 20-F,https://www.sec.gov/Archives/edgar/data/1610601/000119312523113913/d439130d20f.htm,2023-04-25,2026-08-01,
MOMO-P1-0042,MOMO,P1,financial,fact,company,Hello Group,diluted_ADS,2022A,annual,Global,actual,211.90514,,,mn ADS,N/A,A,high,1,annual,2022 Form 20-F,https://www.sec.gov/Archives/edgar/data/1610601/000119312523113913/d439130d20f.htm,2023-04-25,2026-08-01,
MOMO-P1-0043,MOMO,P1,financial,fact,company,Hello Group,revenue,2023A,annual,Global,actual,12002.323,,,RMB mn,RMB,A,high,1,annual,2025 Form 20-F,https://www.sec.gov/Archives/edgar/data/1610601/000119312526183444/d13143d20f.htm,2026-04-29,2026-08-01,
MOMO-P1-0044,MOMO,P1,financial,fact,company,Hello Group,operating_income,2023A,annual,Global,actual,2305.016,,,RMB mn,RMB,A,high,1,annual,2025 Form 20-F,https://www.sec.gov/Archives/edgar/data/1610601/000119312526183444/d13143d20f.htm,2026-04-29,2026-08-01,
MOMO-P1-0045,MOMO,P1,financial,fact,company,Hello Group,attributable_net_income,2023A,annual,Global,actual,1957.581,,,RMB mn,RMB,A,high,1,annual,2025 Form 20-F,https://www.sec.gov/Archives/edgar/data/1610601/000119312526183444/d13143d20f.htm,2026-04-29,2026-08-01,
MOMO-P1-0046,MOMO,P1,financial,fact,company,Hello Group,operating_cash_flow,2023A,annual,Global,actual,2277.161,,,RMB mn,RMB,A,high,1,annual,2025 Form 20-F,https://www.sec.gov/Archives/edgar/data/1610601/000119312526183444/d13143d20f.htm,2026-04-29,2026-08-01,
MOMO-P1-0047,MOMO,P1,financial,fact,company,Hello Group,capital_expenditure,2023A,annual,Global,actual,576.31,,,RMB mn,RMB,A,high,0,annual,2025 Form 20-F,https://www.sec.gov/Archives/edgar/data/1610601/000119312526183444/d13143d20f.htm,2026-04-29,2026-08-01,
MOMO-P1-0048,MOMO,P1,financial,estimate,company,Hello Group,simple_FCF,2023A,annual,Global,actual,1700.851,,,RMB mn,RMB,E,high,1,annual,2025 Form 20-F,https://www.sec.gov/Archives/edgar/data/1610601/000119312526183444/d13143d20f.htm,2026-04-29,2026-08-01,Simple FCF = operating cash flow - capital expenditure; not normalized owner earnings
MOMO-P1-0049,MOMO,P1,financial,fact,company,Hello Group,share_based_compensation,2023A,annual,Global,actual,267.101,,,RMB mn,RMB,A,high,0,annual,2025 Form 20-F,https://www.sec.gov/Archives/edgar/data/1610601/000119312526183444/d13143d20f.htm,2026-04-29,2026-08-01,
MOMO-P1-0050,MOMO,P1,financial,fact,company,Hello Group,diluted_ADS,2023A,annual,Global,actual,200.916664,,,mn ADS,N/A,A,high,1,annual,2025 Form 20-F,https://www.sec.gov/Archives/edgar/data/1610601/000119312526183444/d13143d20f.htm,2026-04-29,2026-08-01,
MOMO-P1-0051,MOMO,P1,financial,fact,company,Hello Group,revenue,2024A,annual,Global,actual,10562.971,,,RMB mn,RMB,A,high,1,annual,2025 Form 20-F,https://www.sec.gov/Archives/edgar/data/1610601/000119312526183444/d13143d20f.htm,2026-04-29,2026-08-01,
MOMO-P1-0052,MOMO,P1,financial,fact,company,Hello Group,operating_income,2024A,annual,Global,actual,1532.77,,,RMB mn,RMB,A,high,1,annual,2025 Form 20-F,https://www.sec.gov/Archives/edgar/data/1610601/000119312526183444/d13143d20f.htm,2026-04-29,2026-08-01,
MOMO-P1-0053,MOMO,P1,financial,fact,company,Hello Group,attributable_net_income,2024A,annual,Global,actual,1039.573,,,RMB mn,RMB,A,high,1,annual,2025 Form 20-F,https://www.sec.gov/Archives/edgar/data/1610601/000119312526183444/d13143d20f.htm,2026-04-29,2026-08-01,
MOMO-P1-0054,MOMO,P1,financial,fact,company,Hello Group,operating_cash_flow,2024A,annual,Global,actual,1639.994,,,RMB mn,RMB,A,high,1,annual,2025 Form 20-F,https://www.sec.gov/Archives/edgar/data/1610601/000119312526183444/d13143d20f.htm,2026-04-29,2026-08-01,
MOMO-P1-0055,MOMO,P1,financial,fact,company,Hello Group,capital_expenditure,2024A,annual,Global,actual,285.541,,,RMB mn,RMB,A,high,0,annual,2025 Form 20-F,https://www.sec.gov/Archives/edgar/data/1610601/000119312526183444/d13143d20f.htm,2026-04-29,2026-08-01,
MOMO-P1-0056,MOMO,P1,financial,estimate,company,Hello Group,simple_FCF,2024A,annual,Global,actual,1354.453,,,RMB mn,RMB,E,high,1,annual,2025 Form 20-F,https://www.sec.gov/Archives/edgar/data/1610601/000119312526183444/d13143d20f.htm,2026-04-29,2026-08-01,Simple FCF = operating cash flow - capital expenditure; not normalized owner earnings
MOMO-P1-0057,MOMO,P1,financial,fact,company,Hello Group,share_based_compensation,2024A,annual,Global,actual,192.572,,,RMB mn,RMB,A,high,0,annual,2025 Form 20-F,https://www.sec.gov/Archives/edgar/data/1610601/000119312526183444/d13143d20f.htm,2026-04-29,2026-08-01,
MOMO-P1-0058,MOMO,P1,financial,fact,company,Hello Group,diluted_ADS,2024A,annual,Global,actual,186.795987,,,mn ADS,N/A,A,high,1,annual,2025 Form 20-F,https://www.sec.gov/Archives/edgar/data/1610601/000119312526183444/d13143d20f.htm,2026-04-29,2026-08-01,
MOMO-P1-0059,MOMO,P1,financial,fact,company,Hello Group,revenue,2025A,annual,Global,actual,10367.096,,,RMB mn,RMB,A,high,1,annual,2025 Form 20-F,https://www.sec.gov/Archives/edgar/data/1610601/000119312526183444/d13143d20f.htm,2026-04-29,2026-08-01,
MOMO-P1-0060,MOMO,P1,financial,fact,company,Hello Group,operating_income,2025A,annual,Global,actual,1354.563,,,RMB mn,RMB,A,high,1,annual,2025 Form 20-F,https://www.sec.gov/Archives/edgar/data/1610601/000119312526183444/d13143d20f.htm,2026-04-29,2026-08-01,
MOMO-P1-0061,MOMO,P1,financial,fact,company,Hello Group,attributable_net_income,2025A,annual,Global,actual,804.013,,,RMB mn,RMB,A,high,1,annual,2025 Form 20-F,https://www.sec.gov/Archives/edgar/data/1610601/000119312526183444/d13143d20f.htm,2026-04-29,2026-08-01,
MOMO-P1-0062,MOMO,P1,financial,fact,company,Hello Group,non_GAAP_attributable_net_income,2025A,annual,Global,actual,993.5,,,RMB mn,RMB,A,high,0,annual,2025 Form 20-F,https://www.sec.gov/Archives/edgar/data/1610601/000119312526183444/d13143d20f.htm,2026-04-29,2026-08-01,
MOMO-P1-0063,MOMO,P1,financial,fact,company,Hello Group,operating_cash_flow,2025A,annual,Global,actual,1183.109,,,RMB mn,RMB,A,high,1,annual,2025 Form 20-F,https://www.sec.gov/Archives/edgar/data/1610601/000119312526183444/d13143d20f.htm,2026-04-29,2026-08-01,
MOMO-P1-0064,MOMO,P1,financial,fact,company,Hello Group,capital_expenditure,2025A,annual,Global,actual,492.517,,,RMB mn,RMB,A,high,0,annual,2025 Form 20-F,https://www.sec.gov/Archives/edgar/data/1610601/000119312526183444/d13143d20f.htm,2026-04-29,2026-08-01,
MOMO-P1-0065,MOMO,P1,financial,estimate,company,Hello Group,simple_FCF,2025A,annual,Global,actual,690.592,,,RMB mn,RMB,E,high,1,annual,2025 Form 20-F,https://www.sec.gov/Archives/edgar/data/1610601/000119312526183444/d13143d20f.htm,2026-04-29,2026-08-01,Simple FCF = operating cash flow - capital expenditure; not normalized owner earnings
MOMO-P1-0066,MOMO,P1,financial,fact,company,Hello Group,share_based_compensation,2025A,annual,Global,actual,162.745,,,RMB mn,RMB,A,high,0,annual,2025 Form 20-F,https://www.sec.gov/Archives/edgar/data/1610601/000119312526183444/d13143d20f.htm,2026-04-29,2026-08-01,
MOMO-P1-0067,MOMO,P1,financial,fact,company,Hello Group,diluted_ADS,2025A,annual,Global,actual,169.29854,,,mn ADS,N/A,A,high,1,annual,2025 Form 20-F,https://www.sec.gov/Archives/edgar/data/1610601/000119312526183444/d13143d20f.htm,2026-04-29,2026-08-01,
MOMO-P1-0068,MOMO,P1,financial,estimate,company,Hello Group,operating_margin,2020A,annual,Global,actual,0.16849063656551688,,,%,N/A,E,high,1,annual,Calculated from Form 20-F,https://www.sec.gov/Archives/edgar/data/1610601/000119312523113913/d439130d20f.htm,2023-04-25,2026-08-01,Operating income / revenue
MOMO-P1-0069,MOMO,P1,financial,estimate,company,Hello Group,simple_FCF_margin,2020A,annual,Global,actual,0.1967990549639022,,,%,N/A,E,high,1,annual,Calculated from Form 20-F,https://www.sec.gov/Archives/edgar/data/1610601/000119312523113913/d439130d20f.htm,2023-04-25,2026-08-01,Simple FCF / revenue; owner earnings normalization deferred to P3
MOMO-P1-0070,MOMO,P1,financial,estimate,company,Hello Group,operating_margin,2021A,annual,Global,actual,-0.16394162099310505,,,%,N/A,E,high,1,annual,Calculated from Form 20-F,https://www.sec.gov/Archives/edgar/data/1610601/000119312523113913/d439130d20f.htm,2023-04-25,2026-08-01,Operating income / revenue
MOMO-P1-0071,MOMO,P1,financial,estimate,company,Hello Group,simple_FCF_margin,2021A,annual,Global,actual,0.10043243835861546,,,%,N/A,E,high,1,annual,Calculated from Form 20-F,https://www.sec.gov/Archives/edgar/data/1610601/000119312523113913/d439130d20f.htm,2023-04-25,2026-08-01,Simple FCF / revenue; owner earnings normalization deferred to P3
MOMO-P1-0072,MOMO,P1,financial,estimate,company,Hello Group,operating_margin,2022A,annual,Global,actual,0.12811090718859913,,,%,N/A,E,high,1,annual,Calculated from Form 20-F,https://www.sec.gov/Archives/edgar/data/1610601/000119312523113913/d439130d20f.htm,2023-04-25,2026-08-01,Operating income / revenue
MOMO-P1-0073,MOMO,P1,financial,estimate,company,Hello Group,simple_FCF_margin,2022A,annual,Global,actual,0.09024169383097143,,,%,N/A,E,high,1,annual,Calculated from Form 20-F,https://www.sec.gov/Archives/edgar/data/1610601/000119312523113913/d439130d20f.htm,2023-04-25,2026-08-01,Simple FCF / revenue; owner earnings normalization deferred to P3
MOMO-P1-0074,MOMO,P1,financial,estimate,company,Hello Group,operating_margin,2023A,annual,Global,actual,0.1920474894734961,,,%,N/A,E,high,1,annual,Calculated from Form 20-F,https://www.sec.gov/Archives/edgar/data/1610601/000119312526183444/d13143d20f.htm,2026-04-29,2026-08-01,Operating income / revenue
MOMO-P1-0075,MOMO,P1,financial,estimate,company,Hello Group,simple_FCF_margin,2023A,annual,Global,actual,0.14171015061001108,,,%,N/A,E,high,1,annual,Calculated from Form 20-F,https://www.sec.gov/Archives/edgar/data/1610601/000119312526183444/d13143d20f.htm,2026-04-29,2026-08-01,Simple FCF / revenue; owner earnings normalization deferred to P3
MOMO-P1-0076,MOMO,P1,financial,estimate,company,Hello Group,operating_margin,2024A,annual,Global,actual,0.1451078489186423,,,%,N/A,E,high,1,annual,Calculated from Form 20-F,https://www.sec.gov/Archives/edgar/data/1610601/000119312526183444/d13143d20f.htm,2026-04-29,2026-08-01,Operating income / revenue
MOMO-P1-0077,MOMO,P1,financial,estimate,company,Hello Group,simple_FCF_margin,2024A,annual,Global,actual,0.12822651884588152,,,%,N/A,E,high,1,annual,Calculated from Form 20-F,https://www.sec.gov/Archives/edgar/data/1610601/000119312526183444/d13143d20f.htm,2026-04-29,2026-08-01,Simple FCF / revenue; owner earnings normalization deferred to P3
MOMO-P1-0078,MOMO,P1,financial,estimate,company,Hello Group,operating_margin,2025A,annual,Global,actual,0.13065982990800898,,,%,N/A,E,high,1,annual,Calculated from Form 20-F,https://www.sec.gov/Archives/edgar/data/1610601/000119312526183444/d13143d20f.htm,2026-04-29,2026-08-01,Operating income / revenue
MOMO-P1-0079,MOMO,P1,financial,estimate,company,Hello Group,simple_FCF_margin,2025A,annual,Global,actual,0.06661383284190674,,,%,N/A,E,high,1,annual,Calculated from Form 20-F,https://www.sec.gov/Archives/edgar/data/1610601/000119312526183444/d13143d20f.htm,2026-04-29,2026-08-01,Simple FCF / revenue; owner earnings normalization deferred to P3
MOMO-P1-0080,MOMO,P1,financial,fact,segment,China operations,revenue,2023A,annual,China,actual,11203.978,,,RMB mn,RMB,A,high,1,annual,2025 Form 20-F,https://www.sec.gov/Archives/edgar/data/1610601/000119312526183444/d13143d20f.htm,2026-04-29,2026-08-01,Geographic revenue
MOMO-P1-0081,MOMO,P1,financial,fact,segment,Overseas operations,revenue,2023A,annual,Overseas,actual,798.345,,,RMB mn,RMB,A,high,1,annual,2025 Form 20-F,https://www.sec.gov/Archives/edgar/data/1610601/000119312526183444/d13143d20f.htm,2026-04-29,2026-08-01,Geographic revenue
MOMO-P1-0082,MOMO,P1,financial,estimate,segment,Overseas operations,revenue_share,2023A,annual,Overseas,actual,0.06651587363546207,,,%,N/A,E,high,1,annual,Calculated from 2025 Form 20-F,https://www.sec.gov/Archives/edgar/data/1610601/000119312526183444/d13143d20f.htm,2026-04-29,2026-08-01,Overseas revenue / consolidated revenue
MOMO-P1-0083,MOMO,P1,financial,fact,segment,China operations,revenue,2024A,annual,China,actual,9392.079,,,RMB mn,RMB,A,high,1,annual,2025 Form 20-F,https://www.sec.gov/Archives/edgar/data/1610601/000119312526183444/d13143d20f.htm,2026-04-29,2026-08-01,Geographic revenue
MOMO-P1-0084,MOMO,P1,financial,fact,segment,Overseas operations,revenue,2024A,annual,Overseas,actual,1170.892,,,RMB mn,RMB,A,high,1,annual,2025 Form 20-F,https://www.sec.gov/Archives/edgar/data/1610601/000119312526183444/d13143d20f.htm,2026-04-29,2026-08-01,Geographic revenue
MOMO-P1-0085,MOMO,P1,financial,estimate,segment,Overseas operations,revenue_share,2024A,annual,Overseas,actual,0.11084873753795216,,,%,N/A,E,high,1,annual,Calculated from 2025 Form 20-F,https://www.sec.gov/Archives/edgar/data/1610601/000119312526183444/d13143d20f.htm,2026-04-29,2026-08-01,Overseas revenue / consolidated revenue
MOMO-P1-0086,MOMO,P1,financial,fact,segment,China operations,revenue,2025A,annual,China,actual,8367.094,,,RMB mn,RMB,A,high,1,annual,2025 Form 20-F,https://www.sec.gov/Archives/edgar/data/1610601/000119312526183444/d13143d20f.htm,2026-04-29,2026-08-01,Geographic revenue
MOMO-P1-0087,MOMO,P1,financial,fact,segment,Overseas operations,revenue,2025A,annual,Overseas,actual,2000.002,,,RMB mn,RMB,A,high,1,annual,2025 Form 20-F,https://www.sec.gov/Archives/edgar/data/1610601/000119312526183444/d13143d20f.htm,2026-04-29,2026-08-01,Geographic revenue
MOMO-P1-0088,MOMO,P1,financial,estimate,segment,Overseas operations,revenue_share,2025A,annual,Overseas,actual,0.19291824827319048,,,%,N/A,E,high,1,annual,Calculated from 2025 Form 20-F,https://www.sec.gov/Archives/edgar/data/1610601/000119312526183444/d13143d20f.htm,2026-04-29,2026-08-01,Overseas revenue / consolidated revenue
MOMO-P1-0089,MOMO,P1,financial,fact,company,Hello Group,revenue,2023Q2,quarterly,Global,actual,3137.686,,,RMB mn,RMB,A,high,1,quarterly,Quarterly earnings release,https://ir.hellogroup.com/news-releases/news-release-details/hello-group-inc-announces-unaudited-financial-results-second-2/,2023Q2,2026-08-01,
MOMO-P1-0090,MOMO,P1,financial,fact,company,Hello Group,operating_income,2023Q2,quarterly,Global,actual,645.1,,,RMB mn,RMB,A,high,1,quarterly,Quarterly earnings release,https://ir.hellogroup.com/news-releases/news-release-details/hello-group-inc-announces-unaudited-financial-results-second-2/,2023Q2,2026-08-01,
MOMO-P1-0091,MOMO,P1,financial,fact,company,Hello Group,attributable_net_income,2023Q2,quarterly,Global,actual,568.395,,,RMB mn,RMB,A,high,0,quarterly,Quarterly earnings release,https://ir.hellogroup.com/news-releases/news-release-details/hello-group-inc-announces-unaudited-financial-results-second-2/,2023Q2,2026-08-01,
MOMO-P1-0092,MOMO,P1,financial,fact,company,Hello Group,non_GAAP_attributable_net_income,2023Q2,quarterly,Global,actual,632.143,,,RMB mn,RMB,A,high,0,quarterly,Quarterly earnings release,https://ir.hellogroup.com/news-releases/news-release-details/hello-group-inc-announces-unaudited-financial-results-second-2/,2023Q2,2026-08-01,
MOMO-P1-0093,MOMO,P1,financial,fact,company,Hello Group,operating_cash_flow,2023Q2,quarterly,Global,actual,827.7,,,RMB mn,RMB,A,high,1,quarterly,Quarterly earnings release,https://ir.hellogroup.com/news-releases/news-release-details/hello-group-inc-announces-unaudited-financial-results-second-2/,2023Q2,2026-08-01,
MOMO-P1-0094,MOMO,P1,financial,fact,company,Hello Group,revenue,2023Q3,quarterly,Global,actual,3042.8,,,RMB mn,RMB,A,high,1,quarterly,Quarterly earnings release,https://momoinc.gcs-web.com/node/8741/pdf,2023Q3,2026-08-01,
MOMO-P1-0095,MOMO,P1,financial,fact,company,Hello Group,operating_income,2023Q3,quarterly,Global,actual,621.8,,,RMB mn,RMB,A,high,1,quarterly,Quarterly earnings release,https://momoinc.gcs-web.com/node/8741/pdf,2023Q3,2026-08-01,
MOMO-P1-0096,MOMO,P1,financial,fact,company,Hello Group,attributable_net_income,2023Q3,quarterly,Global,actual,546.4,,,RMB mn,RMB,A,high,0,quarterly,Quarterly earnings release,https://momoinc.gcs-web.com/node/8741/pdf,2023Q3,2026-08-01,
MOMO-P1-0097,MOMO,P1,financial,fact,company,Hello Group,non_GAAP_attributable_net_income,2023Q3,quarterly,Global,actual,605.9,,,RMB mn,RMB,A,high,0,quarterly,Quarterly earnings release,https://momoinc.gcs-web.com/node/8741/pdf,2023Q3,2026-08-01,
MOMO-P1-0098,MOMO,P1,financial,fact,company,Hello Group,operating_cash_flow,2023Q3,quarterly,Global,actual,582.5,,,RMB mn,RMB,A,high,1,quarterly,Quarterly earnings release,https://momoinc.gcs-web.com/node/8741/pdf,2023Q3,2026-08-01,
MOMO-P1-0099,MOMO,P1,financial,fact,company,Hello Group,revenue,2023Q4,quarterly,Global,actual,3002.9,,,RMB mn,RMB,A,high,1,quarterly,Quarterly earnings release,https://www.sec.gov/Archives/edgar/data/1610601/000119312524067861/d774100dex991.htm,2023Q4,2026-08-01,
MOMO-P1-0100,MOMO,P1,financial,fact,company,Hello Group,operating_income,2023Q4,quarterly,Global,actual,602.0,,,RMB mn,RMB,A,high,1,quarterly,Quarterly earnings release,https://www.sec.gov/Archives/edgar/data/1610601/000119312524067861/d774100dex991.htm,2023Q4,2026-08-01,
MOMO-P1-0101,MOMO,P1,financial,fact,company,Hello Group,attributable_net_income,2023Q4,quarterly,Global,actual,452.5,,,RMB mn,RMB,A,high,0,quarterly,Quarterly earnings release,https://www.sec.gov/Archives/edgar/data/1610601/000119312524067861/d774100dex991.htm,2023Q4,2026-08-01,
MOMO-P1-0102,MOMO,P1,financial,fact,company,Hello Group,non_GAAP_attributable_net_income,2023Q4,quarterly,Global,actual,514.7,,,RMB mn,RMB,A,high,0,quarterly,Quarterly earnings release,https://www.sec.gov/Archives/edgar/data/1610601/000119312524067861/d774100dex991.htm,2023Q4,2026-08-01,
MOMO-P1-0103,MOMO,P1,financial,fact,company,Hello Group,operating_cash_flow,2023Q4,quarterly,Global,actual,415.9,,,RMB mn,RMB,A,high,1,quarterly,Quarterly earnings release,https://www.sec.gov/Archives/edgar/data/1610601/000119312524067861/d774100dex991.htm,2023Q4,2026-08-01,
MOMO-P1-0104,MOMO,P1,financial,fact,company,Hello Group,revenue,2024Q1,quarterly,Global,actual,2560.4,,,RMB mn,RMB,A,high,1,quarterly,Quarterly earnings release,https://www.sec.gov/Archives/edgar/data/1610601/000119312524147633/d838804dex991.htm,2024Q1,2026-08-01,
MOMO-P1-0105,MOMO,P1,financial,fact,company,Hello Group,operating_income,2024Q1,quarterly,Global,actual,460.3,,,RMB mn,RMB,A,high,1,quarterly,Quarterly earnings release,https://www.sec.gov/Archives/edgar/data/1610601/000119312524147633/d838804dex991.htm,2024Q1,2026-08-01,
MOMO-P1-0106,MOMO,P1,financial,fact,company,Hello Group,attributable_net_income,2024Q1,quarterly,Global,actual,5.2,,,RMB mn,RMB,A,high,0,quarterly,Quarterly earnings release,https://www.sec.gov/Archives/edgar/data/1610601/000119312524147633/d838804dex991.htm,2024Q1,2026-08-01,
MOMO-P1-0107,MOMO,P1,financial,fact,company,Hello Group,non_GAAP_attributable_net_income,2024Q1,quarterly,Global,actual,59.9,,,RMB mn,RMB,A,high,0,quarterly,Quarterly earnings release,https://www.sec.gov/Archives/edgar/data/1610601/000119312524147633/d838804dex991.htm,2024Q1,2026-08-01,
MOMO-P1-0108,MOMO,P1,financial,fact,company,Hello Group,operating_cash_flow,2024Q1,quarterly,Global,actual,400.2,,,RMB mn,RMB,A,high,1,quarterly,Quarterly earnings release,https://www.sec.gov/Archives/edgar/data/1610601/000119312524147633/d838804dex991.htm,2024Q1,2026-08-01,
MOMO-P1-0109,MOMO,P1,financial,fact,segment,Overseas operations,overseas_revenue,2024Q1,quarterly,Overseas,actual,241.2,,,RMB mn,RMB,A,high,1,quarterly,Quarterly earnings release,https://www.sec.gov/Archives/edgar/data/1610601/000119312524147633/d838804dex991.htm,2024Q1,2026-08-01,
MOMO-P1-0110,MOMO,P1,financial,estimate,segment,Overseas operations,revenue_share,2024Q1,quarterly,Overseas,actual,0.09420403062021558,,,%,N/A,E,high,1,quarterly,Calculated from quarterly earnings release,https://www.sec.gov/Archives/edgar/data/1610601/000119312524147633/d838804dex991.htm,2024Q1,2026-08-01,Overseas revenue / consolidated revenue
MOMO-P1-0111,MOMO,P1,financial,fact,company,Hello Group,revenue,2024Q2,quarterly,Global,actual,2691.391,,,RMB mn,RMB,A,high,1,quarterly,Quarterly earnings release,https://ir.hellogroup.com/news-releases/news-release-details/hello-group-inc-announces-unaudited-financial-results-second-2/,2024Q2,2026-08-01,
MOMO-P1-0112,MOMO,P1,financial,fact,company,Hello Group,operating_income,2024Q2,quarterly,Global,actual,425.0,,,RMB mn,RMB,A,high,1,quarterly,Quarterly earnings release,https://ir.hellogroup.com/news-releases/news-release-details/hello-group-inc-announces-unaudited-financial-results-second-2/,2024Q2,2026-08-01,
MOMO-P1-0113,MOMO,P1,financial,fact,company,Hello Group,attributable_net_income,2024Q2,quarterly,Global,actual,397.785,,,RMB mn,RMB,A,high,0,quarterly,Quarterly earnings release,https://ir.hellogroup.com/news-releases/news-release-details/hello-group-inc-announces-unaudited-financial-results-second-2/,2024Q2,2026-08-01,
MOMO-P1-0114,MOMO,P1,financial,fact,company,Hello Group,non_GAAP_attributable_net_income,2024Q2,quarterly,Global,actual,449.243,,,RMB mn,RMB,A,high,0,quarterly,Quarterly earnings release,https://ir.hellogroup.com/news-releases/news-release-details/hello-group-inc-announces-unaudited-financial-results-second-2/,2024Q2,2026-08-01,
MOMO-P1-0115,MOMO,P1,financial,fact,company,Hello Group,operating_cash_flow,2024Q2,quarterly,Global,actual,475.2,,,RMB mn,RMB,A,high,1,quarterly,Quarterly earnings release,https://ir.hellogroup.com/news-releases/news-release-details/hello-group-inc-announces-unaudited-financial-results-second-2/,2024Q2,2026-08-01,
MOMO-P1-0116,MOMO,P1,financial,fact,segment,Overseas operations,overseas_revenue,2024Q2,quarterly,Overseas,actual,256.3,,,RMB mn,RMB,A,high,1,quarterly,Quarterly earnings release,https://ir.hellogroup.com/news-releases/news-release-details/hello-group-inc-announces-unaudited-financial-results-second-2/,2024Q2,2026-08-01,
MOMO-P1-0117,MOMO,P1,financial,estimate,segment,Overseas operations,revenue_share,2024Q2,quarterly,Overseas,actual,0.09522956716433993,,,%,N/A,E,high,1,quarterly,Calculated from quarterly earnings release,https://ir.hellogroup.com/news-releases/news-release-details/hello-group-inc-announces-unaudited-financial-results-second-2/,2024Q2,2026-08-01,Overseas revenue / consolidated revenue
MOMO-P1-0118,MOMO,P1,financial,fact,company,Hello Group,revenue,2024Q3,quarterly,Global,actual,2674.7,,,RMB mn,RMB,A,high,1,quarterly,Quarterly earnings release,https://momoinc.gcs-web.com/node/8741/pdf,2024Q3,2026-08-01,
MOMO-P1-0119,MOMO,P1,financial,fact,company,Hello Group,operating_income,2024Q3,quarterly,Global,actual,410.7,,,RMB mn,RMB,A,high,1,quarterly,Quarterly earnings release,https://momoinc.gcs-web.com/node/8741/pdf,2024Q3,2026-08-01,
MOMO-P1-0120,MOMO,P1,financial,fact,company,Hello Group,attributable_net_income,2024Q3,quarterly,Global,actual,449.4,,,RMB mn,RMB,A,high,0,quarterly,Quarterly earnings release,https://momoinc.gcs-web.com/node/8741/pdf,2024Q3,2026-08-01,
MOMO-P1-0121,MOMO,P1,financial,fact,company,Hello Group,non_GAAP_attributable_net_income,2024Q3,quarterly,Global,actual,493.3,,,RMB mn,RMB,A,high,0,quarterly,Quarterly earnings release,https://momoinc.gcs-web.com/node/8741/pdf,2024Q3,2026-08-01,
MOMO-P1-0122,MOMO,P1,financial,fact,company,Hello Group,operating_cash_flow,2024Q3,quarterly,Global,actual,341.0,,,RMB mn,RMB,A,high,1,quarterly,Quarterly earnings release,https://momoinc.gcs-web.com/node/8741/pdf,2024Q3,2026-08-01,
MOMO-P1-0123,MOMO,P1,financial,fact,segment,Overseas operations,overseas_revenue,2024Q3,quarterly,Overseas,actual,316.4,,,RMB mn,RMB,A,high,1,quarterly,Quarterly earnings release,https://momoinc.gcs-web.com/node/8741/pdf,2024Q3,2026-08-01,
MOMO-P1-0124,MOMO,P1,financial,estimate,segment,Overseas operations,revenue_share,2024Q3,quarterly,Overseas,actual,0.11829364040827009,,,%,N/A,E,high,1,quarterly,Calculated from quarterly earnings release,https://momoinc.gcs-web.com/node/8741/pdf,2024Q3,2026-08-01,Overseas revenue / consolidated revenue
MOMO-P1-0125,MOMO,P1,financial,fact,company,Hello Group,revenue,2024Q4,quarterly,Global,actual,2636.48,,,RMB mn,RMB,A,high,1,quarterly,Quarterly earnings release,https://www.sec.gov/Archives/edgar/data/1610601/000119312525052604/d914586dex991.htm,2024Q4,2026-08-01,
MOMO-P1-0126,MOMO,P1,financial,fact,company,Hello Group,operating_income,2024Q4,quarterly,Global,actual,236.7,,,RMB mn,RMB,A,high,1,quarterly,Quarterly earnings release,https://www.sec.gov/Archives/edgar/data/1610601/000119312525052604/d914586dex991.htm,2024Q4,2026-08-01,
MOMO-P1-0127,MOMO,P1,financial,fact,company,Hello Group,attributable_net_income,2024Q4,quarterly,Global,actual,187.235,,,RMB mn,RMB,A,high,0,quarterly,Quarterly earnings release,https://www.sec.gov/Archives/edgar/data/1610601/000119312525052604/d914586dex991.htm,2024Q4,2026-08-01,
MOMO-P1-0128,MOMO,P1,financial,fact,company,Hello Group,non_GAAP_attributable_net_income,2024Q4,quarterly,Global,actual,230.5,,,RMB mn,RMB,A,high,0,quarterly,Quarterly earnings release,https://www.sec.gov/Archives/edgar/data/1610601/000119312525052604/d914586dex991.htm,2024Q4,2026-08-01,
MOMO-P1-0129,MOMO,P1,financial,fact,company,Hello Group,operating_cash_flow,2024Q4,quarterly,Global,actual,423.6,,,RMB mn,RMB,A,medium,1,quarterly,Quarterly earnings release,https://www.sec.gov/Archives/edgar/data/1610601/000119312525052604/d914586dex991.htm,2024Q4,2026-08-01,
MOMO-P1-0130,MOMO,P1,financial,fact,segment,Overseas operations,overseas_revenue,2024Q4,quarterly,Overseas,actual,357.1,,,RMB mn,RMB,A,high,1,quarterly,Quarterly earnings release,https://www.sec.gov/Archives/edgar/data/1610601/000119312525052604/d914586dex991.htm,2024Q4,2026-08-01,
MOMO-P1-0131,MOMO,P1,financial,estimate,segment,Overseas operations,revenue_share,2024Q4,quarterly,Overseas,actual,0.1354457458429421,,,%,N/A,E,high,1,quarterly,Calculated from quarterly earnings release,https://www.sec.gov/Archives/edgar/data/1610601/000119312525052604/d914586dex991.htm,2024Q4,2026-08-01,Overseas revenue / consolidated revenue
MOMO-P1-0132,MOMO,P1,financial,fact,company,Hello Group,revenue,2025Q1,quarterly,Global,actual,2520.835,,,RMB mn,RMB,A,high,1,quarterly,Quarterly earnings release,https://ir.hellogroup.com/news-releases/news-release-details/hello-group-inc-announces-unaudited-financial-results-first-2/,2025Q1,2026-08-01,
MOMO-P1-0133,MOMO,P1,financial,fact,company,Hello Group,operating_income,2025Q1,quarterly,Global,actual,299.485,,,RMB mn,RMB,A,high,1,quarterly,Quarterly earnings release,https://ir.hellogroup.com/news-releases/news-release-details/hello-group-inc-announces-unaudited-financial-results-first-2/,2025Q1,2026-08-01,
MOMO-P1-0134,MOMO,P1,financial,fact,company,Hello Group,attributable_net_income,2025Q1,quarterly,Global,actual,357.994,,,RMB mn,RMB,A,high,0,quarterly,Quarterly earnings release,https://ir.hellogroup.com/news-releases/news-release-details/hello-group-inc-announces-unaudited-financial-results-first-2/,2025Q1,2026-08-01,
MOMO-P1-0135,MOMO,P1,financial,fact,company,Hello Group,non_GAAP_attributable_net_income,2025Q1,quarterly,Global,actual,403.8,,,RMB mn,RMB,A,high,0,quarterly,Quarterly earnings release,https://ir.hellogroup.com/news-releases/news-release-details/hello-group-inc-announces-unaudited-financial-results-first-2/,2025Q1,2026-08-01,
MOMO-P1-0136,MOMO,P1,financial,fact,company,Hello Group,operating_cash_flow,2025Q1,quarterly,Global,actual,239.7,,,RMB mn,RMB,A,high,1,quarterly,Quarterly earnings release,https://ir.hellogroup.com/news-releases/news-release-details/hello-group-inc-announces-unaudited-financial-results-first-2/,2025Q1,2026-08-01,
MOMO-P1-0137,MOMO,P1,financial,fact,segment,Overseas operations,overseas_revenue,2025Q1,quarterly,Overseas,actual,414.602,,,RMB mn,RMB,A,high,1,quarterly,Quarterly earnings release,https://ir.hellogroup.com/news-releases/news-release-details/hello-group-inc-announces-unaudited-financial-results-first-2/,2025Q1,2026-08-01,
MOMO-P1-0138,MOMO,P1,financial,estimate,segment,Overseas operations,revenue_share,2025Q1,quarterly,Overseas,actual,0.164470106135467,,,%,N/A,E,high,1,quarterly,Calculated from quarterly earnings release,https://ir.hellogroup.com/news-releases/news-release-details/hello-group-inc-announces-unaudited-financial-results-first-2/,2025Q1,2026-08-01,Overseas revenue / consolidated revenue
MOMO-P1-0139,MOMO,P1,financial,fact,company,Hello Group,revenue,2025Q2,quarterly,Global,actual,2620.4,,,RMB mn,RMB,A,high,1,quarterly,Quarterly earnings release,https://www.prnewswire.com/news-releases/hello-group-inc-announces-unaudited-financial-results-for-the-second-quarter-of-2025-302550519.html,2025Q2,2026-08-01,
MOMO-P1-0140,MOMO,P1,financial,fact,company,Hello Group,operating_income,2025Q2,quarterly,Global,actual,403.5,,,RMB mn,RMB,A,high,1,quarterly,Quarterly earnings release,https://www.prnewswire.com/news-releases/hello-group-inc-announces-unaudited-financial-results-for-the-second-quarter-of-2025-302550519.html,2025Q2,2026-08-01,
MOMO-P1-0141,MOMO,P1,financial,fact,company,Hello Group,attributable_net_income,2025Q2,quarterly,Global,actual,-140.2,,,RMB mn,RMB,A,high,0,quarterly,Quarterly earnings release,https://www.prnewswire.com/news-releases/hello-group-inc-announces-unaudited-financial-results-for-the-second-quarter-of-2025-302550519.html,2025Q2,2026-08-01,
MOMO-P1-0142,MOMO,P1,financial,fact,company,Hello Group,non_GAAP_attributable_net_income,2025Q2,quarterly,Global,actual,-96.0,,,RMB mn,RMB,A,high,0,quarterly,Quarterly earnings release,https://www.prnewswire.com/news-releases/hello-group-inc-announces-unaudited-financial-results-for-the-second-quarter-of-2025-302550519.html,2025Q2,2026-08-01,
MOMO-P1-0143,MOMO,P1,financial,fact,company,Hello Group,operating_cash_flow,2025Q2,quarterly,Global,actual,250.1,,,RMB mn,RMB,A,high,1,quarterly,Quarterly earnings release,https://www.prnewswire.com/news-releases/hello-group-inc-announces-unaudited-financial-results-for-the-second-quarter-of-2025-302550519.html,2025Q2,2026-08-01,
MOMO-P1-0144,MOMO,P1,financial,fact,segment,Overseas operations,overseas_revenue,2025Q2,quarterly,Overseas,actual,442.4,,,RMB mn,RMB,A,high,1,quarterly,Quarterly earnings release,https://www.prnewswire.com/news-releases/hello-group-inc-announces-unaudited-financial-results-for-the-second-quarter-of-2025-302550519.html,2025Q2,2026-08-01,
MOMO-P1-0145,MOMO,P1,financial,estimate,segment,Overseas operations,revenue_share,2025Q2,quarterly,Overseas,actual,0.16882918638375818,,,%,N/A,E,high,1,quarterly,Calculated from quarterly earnings release,https://www.prnewswire.com/news-releases/hello-group-inc-announces-unaudited-financial-results-for-the-second-quarter-of-2025-302550519.html,2025Q2,2026-08-01,Overseas revenue / consolidated revenue
MOMO-P1-0146,MOMO,P1,financial,fact,company,Hello Group,revenue,2025Q3,quarterly,Global,actual,2650.1,,,RMB mn,RMB,A,high,1,quarterly,Quarterly earnings release,https://www.sec.gov/Archives/edgar/data/1610601/000119312525313581/d24369dex991.htm,2025Q3,2026-08-01,
MOMO-P1-0147,MOMO,P1,financial,fact,company,Hello Group,operating_income,2025Q3,quarterly,Global,actual,344.5,,,RMB mn,RMB,A,high,1,quarterly,Quarterly earnings release,https://www.sec.gov/Archives/edgar/data/1610601/000119312525313581/d24369dex991.htm,2025Q3,2026-08-01,
MOMO-P1-0148,MOMO,P1,financial,fact,company,Hello Group,attributable_net_income,2025Q3,quarterly,Global,actual,348.9,,,RMB mn,RMB,A,high,0,quarterly,Quarterly earnings release,https://www.sec.gov/Archives/edgar/data/1610601/000119312525313581/d24369dex991.htm,2025Q3,2026-08-01,
MOMO-P1-0149,MOMO,P1,financial,fact,company,Hello Group,non_GAAP_attributable_net_income,2025Q3,quarterly,Global,actual,404.5,,,RMB mn,RMB,A,high,0,quarterly,Quarterly earnings release,https://www.sec.gov/Archives/edgar/data/1610601/000119312525313581/d24369dex991.htm,2025Q3,2026-08-01,
MOMO-P1-0150,MOMO,P1,financial,fact,company,Hello Group,operating_cash_flow,2025Q3,quarterly,Global,actual,143.5,,,RMB mn,RMB,A,high,1,quarterly,Quarterly earnings release,https://www.sec.gov/Archives/edgar/data/1610601/000119312525313581/d24369dex991.htm,2025Q3,2026-08-01,
MOMO-P1-0151,MOMO,P1,financial,fact,segment,Overseas operations,overseas_revenue,2025Q3,quarterly,Overseas,actual,534.8,,,RMB mn,RMB,A,high,1,quarterly,Quarterly earnings release,https://www.sec.gov/Archives/edgar/data/1610601/000119312525313581/d24369dex991.htm,2025Q3,2026-08-01,
MOMO-P1-0152,MOMO,P1,financial,estimate,segment,Overseas operations,revenue_share,2025Q3,quarterly,Overseas,actual,0.20180370552054638,,,%,N/A,E,high,1,quarterly,Calculated from quarterly earnings release,https://www.sec.gov/Archives/edgar/data/1610601/000119312525313581/d24369dex991.htm,2025Q3,2026-08-01,Overseas revenue / consolidated revenue
MOMO-P1-0153,MOMO,P1,financial,fact,company,Hello Group,revenue,2025Q4,quarterly,Global,actual,2575.8,,,RMB mn,RMB,A,high,1,quarterly,Quarterly earnings release,https://ir.hellogroup.com/news-releases/news-release-details/hello-group-inc-announces-unaudited-financial-results-fourth-3,2025Q4,2026-08-01,
MOMO-P1-0154,MOMO,P1,financial,fact,company,Hello Group,operating_income,2025Q4,quarterly,Global,actual,307.1,,,RMB mn,RMB,A,high,1,quarterly,Quarterly earnings release,https://ir.hellogroup.com/news-releases/news-release-details/hello-group-inc-announces-unaudited-financial-results-fourth-3,2025Q4,2026-08-01,
MOMO-P1-0155,MOMO,P1,financial,fact,company,Hello Group,attributable_net_income,2025Q4,quarterly,Global,actual,237.3,,,RMB mn,RMB,A,high,0,quarterly,Quarterly earnings release,https://ir.hellogroup.com/news-releases/news-release-details/hello-group-inc-announces-unaudited-financial-results-fourth-3,2025Q4,2026-08-01,
MOMO-P1-0156,MOMO,P1,financial,fact,company,Hello Group,non_GAAP_attributable_net_income,2025Q4,quarterly,Global,actual,281.3,,,RMB mn,RMB,A,high,0,quarterly,Quarterly earnings release,https://ir.hellogroup.com/news-releases/news-release-details/hello-group-inc-announces-unaudited-financial-results-fourth-3,2025Q4,2026-08-01,
MOMO-P1-0157,MOMO,P1,financial,fact,company,Hello Group,operating_cash_flow,2025Q4,quarterly,Global,actual,549.709,,,RMB mn,RMB,A,medium,1,quarterly,Quarterly earnings release,https://ir.hellogroup.com/news-releases/news-release-details/hello-group-inc-announces-unaudited-financial-results-fourth-3,2025Q4,2026-08-01,2025Q4 OCF is derived from annual less first nine months
MOMO-P1-0158,MOMO,P1,financial,fact,segment,Overseas operations,overseas_revenue,2025Q4,quarterly,Overseas,actual,608.2,,,RMB mn,RMB,A,high,1,quarterly,Quarterly earnings release,https://ir.hellogroup.com/news-releases/news-release-details/hello-group-inc-announces-unaudited-financial-results-fourth-3,2025Q4,2026-08-01,
MOMO-P1-0159,MOMO,P1,financial,estimate,segment,Overseas operations,revenue_share,2025Q4,quarterly,Overseas,actual,0.23612081683360508,,,%,N/A,E,high,1,quarterly,Calculated from quarterly earnings release,https://ir.hellogroup.com/news-releases/news-release-details/hello-group-inc-announces-unaudited-financial-results-fourth-3,2025Q4,2026-08-01,Overseas revenue / consolidated revenue
MOMO-P1-0160,MOMO,P1,financial,fact,company,Hello Group,revenue,2026Q1,quarterly,Global,actual,2385.976,,,RMB mn,RMB,A,high,1,quarterly,Quarterly earnings release,https://www.sec.gov/Archives/edgar/data/1610601/000119312526223535/d18880dex991.htm,2026Q1,2026-08-01,
MOMO-P1-0161,MOMO,P1,financial,fact,company,Hello Group,operating_income,2026Q1,quarterly,Global,actual,309.743,,,RMB mn,RMB,A,high,1,quarterly,Quarterly earnings release,https://www.sec.gov/Archives/edgar/data/1610601/000119312526223535/d18880dex991.htm,2026Q1,2026-08-01,
MOMO-P1-0162,MOMO,P1,financial,fact,company,Hello Group,attributable_net_income,2026Q1,quarterly,Global,actual,291.048,,,RMB mn,RMB,A,high,0,quarterly,Quarterly earnings release,https://www.sec.gov/Archives/edgar/data/1610601/000119312526223535/d18880dex991.htm,2026Q1,2026-08-01,
MOMO-P1-0163,MOMO,P1,financial,fact,company,Hello Group,non_GAAP_attributable_net_income,2026Q1,quarterly,Global,actual,328.8,,,RMB mn,RMB,A,high,0,quarterly,Quarterly earnings release,https://www.sec.gov/Archives/edgar/data/1610601/000119312526223535/d18880dex991.htm,2026Q1,2026-08-01,
MOMO-P1-0164,MOMO,P1,financial,fact,company,Hello Group,operating_cash_flow,2026Q1,quarterly,Global,actual,158.9,,,RMB mn,RMB,A,high,1,quarterly,Quarterly earnings release,https://www.sec.gov/Archives/edgar/data/1610601/000119312526223535/d18880dex991.htm,2026Q1,2026-08-01,
MOMO-P1-0165,MOMO,P1,financial,fact,segment,Overseas operations,overseas_revenue,2026Q1,quarterly,Overseas,actual,597.408,,,RMB mn,RMB,A,high,1,quarterly,Quarterly earnings release,https://www.sec.gov/Archives/edgar/data/1610601/000119312526223535/d18880dex991.htm,2026Q1,2026-08-01,
MOMO-P1-0166,MOMO,P1,financial,estimate,segment,Overseas operations,revenue_share,2026Q1,quarterly,Overseas,actual,0.2503830717492548,,,%,N/A,E,high,1,quarterly,Calculated from quarterly earnings release,https://www.sec.gov/Archives/edgar/data/1610601/000119312526223535/d18880dex991.htm,2026Q1,2026-08-01,Overseas revenue / consolidated revenue
MOMO-P1-0167,MOMO,P1,financial,fact,segment,China operations,revenue,2026Q1,quarterly,China,actual,1788.568,,,RMB mn,RMB,A,high,1,quarterly,Q1 2026 earnings release,https://www.sec.gov/Archives/edgar/data/1610601/000119312526223535/d18880dex991.htm,2026-06-03,2026-08-01,China revenue fell 15.1% YoY
MOMO-P1-0168,MOMO,P1,financial,estimate,segment,Overseas operations,revenue_YoY_growth,2026Q1,quarterly,Overseas,actual,0.441,,,%,N/A,E,high,1,quarterly,Q1 2026 earnings release,https://www.sec.gov/Archives/edgar/data/1610601/000119312526223535/d18880dex991.htm,2026-06-03,2026-08-01,Company-reported 44.1% YoY growth
MOMO-P1-0169,MOMO,P1,financial,estimate,segment,China operations,revenue_YoY_growth,2026Q1,quarterly,China,actual,-0.1508,,,%,N/A,E,high,1,quarterly,Q1 2026 earnings release,https://www.sec.gov/Archives/edgar/data/1610601/000119312526223535/d18880dex991.htm,2026-06-03,2026-08-01,Calculated from Q1 2025 comparison
MOMO-P1-0170,MOMO,P1,financial,fact,segment,Momo app,paying_users,2026Q1,quarterly,China,actual,3.7,,,mn users,N/A,A,high,1,quarterly,Q1 2026 earnings release,https://www.sec.gov/Archives/edgar/data/1610601/000119312526223535/d18880dex991.htm,2026-06-03,2026-08-01,Versus 4.2m YoY and 3.9m QoQ
MOMO-P1-0171,MOMO,P1,financial,fact,segment,Tantan,paying_users,2026Q1,quarterly,China,actual,0.6,,,mn users,N/A,A,high,1,quarterly,Q1 2026 earnings release,https://www.sec.gov/Archives/edgar/data/1610601/000119312526223535/d18880dex991.htm,2026-06-03,2026-08-01,Versus 0.8m YoY and 0.6m QoQ
MOMO-P1-0172,MOMO,P1,financial,fact,company,Hello Group,sales_and_marketing_expense,2026Q1,quarterly,Global,actual,343.241,,,RMB mn,RMB,A,high,1,quarterly,Q1 2026 earnings release,https://www.sec.gov/Archives/edgar/data/1610601/000119312526223535/d18880dex991.htm,2026-06-03,2026-08-01,Versus RMB329.178m in Q1 2025
MOMO-P1-0173,MOMO,P1,financial,fact,company,Hello Group,interest_income,2026Q1,quarterly,Global,actual,54.017,,,RMB mn,RMB,A,high,1,quarterly,Q1 2026 earnings release,https://www.sec.gov/Archives/edgar/data/1610601/000119312526223535/d18880dex991.htm,2026-06-03,2026-08-01,Versus RMB120.338m in Q1 2025
MOMO-P1-0174,MOMO,P1,financial,fact,asset,Hello Group balance sheet,cash_and_cash_equivalents,2026Q1,point_in_time,Global,actual,5408.023,,,RMB mn,RMB,A,high,1,quarterly,Q1 2026 earnings release,https://www.sec.gov/Archives/edgar/data/1610601/000119312526223535/d18880dex991.htm,2026-06-03,2026-08-01,Period-end balance at 2026-03-31
MOMO-P1-0175,MOMO,P1,financial,fact,asset,Hello Group balance sheet,short_term_deposits,2026Q1,point_in_time,Global,actual,2856.68,,,RMB mn,RMB,A,high,1,quarterly,Q1 2026 earnings release,https://www.sec.gov/Archives/edgar/data/1610601/000119312526223535/d18880dex991.htm,2026-06-03,2026-08-01,Period-end balance at 2026-03-31
MOMO-P1-0176,MOMO,P1,financial,fact,asset,Hello Group balance sheet,restricted_cash,2026Q1,point_in_time,Global,actual,103.47,,,RMB mn,RMB,A,high,0,quarterly,Q1 2026 earnings release,https://www.sec.gov/Archives/edgar/data/1610601/000119312526223535/d18880dex991.htm,2026-06-03,2026-08-01,Period-end balance at 2026-03-31
MOMO-P1-0177,MOMO,P1,financial,fact,asset,Hello Group balance sheet,short_term_investments,2026Q1,point_in_time,Global,actual,162.778,,,RMB mn,RMB,A,high,0,quarterly,Q1 2026 earnings release,https://www.sec.gov/Archives/edgar/data/1610601/000119312526223535/d18880dex991.htm,2026-06-03,2026-08-01,Period-end balance at 2026-03-31
MOMO-P1-0178,MOMO,P1,financial,fact,asset,Hello Group balance sheet,long_term_deposits,2026Q1,point_in_time,Global,actual,30.0,,,RMB mn,RMB,A,high,0,quarterly,Q1 2026 earnings release,https://www.sec.gov/Archives/edgar/data/1610601/000119312526223535/d18880dex991.htm,2026-06-03,2026-08-01,Period-end balance at 2026-03-31
MOMO-P1-0179,MOMO,P1,financial,fact,asset,Hello Group balance sheet,long_term_investments,2026Q1,point_in_time,Global,actual,1526.586,,,RMB mn,RMB,A,high,1,quarterly,Q1 2026 earnings release,https://www.sec.gov/Archives/edgar/data/1610601/000119312526223535/d18880dex991.htm,2026-06-03,2026-08-01,Period-end balance at 2026-03-31
MOMO-P1-0180,MOMO,P1,financial,fact,asset,Hello Group balance sheet,goodwill,2026Q1,point_in_time,Global,actual,579.765,,,RMB mn,RMB,A,high,0,quarterly,Q1 2026 earnings release,https://www.sec.gov/Archives/edgar/data/1610601/000119312526223535/d18880dex991.htm,2026-06-03,2026-08-01,Period-end balance at 2026-03-31
MOMO-P1-0181,MOMO,P1,financial,fact,asset,Hello Group balance sheet,total_assets,2026Q1,point_in_time,Global,actual,13725.038,,,RMB mn,RMB,A,high,1,quarterly,Q1 2026 earnings release,https://www.sec.gov/Archives/edgar/data/1610601/000119312526223535/d18880dex991.htm,2026-06-03,2026-08-01,Period-end balance at 2026-03-31
MOMO-P1-0182,MOMO,P1,financial,fact,liability,Hello Group balance sheet,dividends_payable,2026Q1,point_in_time,Global,actual,284.426,,,RMB mn,RMB,A,high,0,quarterly,Q1 2026 earnings release,https://www.sec.gov/Archives/edgar/data/1610601/000119312526223535/d18880dex991.htm,2026-06-03,2026-08-01,Period-end balance at 2026-03-31
MOMO-P1-0183,MOMO,P1,financial,fact,liability,Hello Group balance sheet,current_portion_borrowings,2026Q1,point_in_time,Global,actual,1.957,,,RMB mn,RMB,A,high,0,quarterly,Q1 2026 earnings release,https://www.sec.gov/Archives/edgar/data/1610601/000119312526223535/d18880dex991.htm,2026-06-03,2026-08-01,Period-end balance at 2026-03-31
MOMO-P1-0184,MOMO,P1,financial,fact,asset,Hello Group liquidity,gross_liquid_funds,2026Q1,point_in_time,Global,actual,8561.0,,,RMB mn,RMB,A,high,1,quarterly,Q1 2026 earnings release,https://www.sec.gov/Archives/edgar/data/1610601/000119312526223535/d18880dex991.htm,2026-06-03,2026-08-01,"Company-defined total of cash/equivalents, short-term deposits, restricted cash, short-term investments and long-term deposits; not net distributable cash"
MOMO-P1-0185,MOMO,P1,financial,estimate,asset,Hello Group liquidity,gross_liquid_funds_USD,2026Q1,point_in_time,Global,actual,1241.1,,,USD mn,USD,E,high,1,quarterly,Q1 2026 earnings release,https://www.sec.gov/Archives/edgar/data/1610601/000119312526223535/d18880dex991.htm,2026-06-03,2026-08-01,Company translation at RMB6.898/USD; screening signal only
MOMO-P1-0186,MOMO,P1,financial,estimate,asset,Hello Group liquidity,gross_liquid_funds_per_diluted_ADS,2026Q1,point_in_time,Global,actual,7.724,,,USD/ADS,USD,E,high,1,quarterly,Calculated from Q1 2026 earnings release,https://www.sec.gov/Archives/edgar/data/1610601/000119312526223535/d18880dex991.htm,2026-06-03,2026-08-01,"US$1,241.1m divided by 160.661m diluted ADS; before debt, operating buffer, tax, restriction and governance discounts"
MOMO-P1-0187,MOMO,P1,assumption,fact,company,Hello Group,revenue_guidance_low,2026Q2,quarterly,Global,actual,2450,,,RMB mn,RMB,A,high,1,quarterly,Q1 2026 earnings release,https://www.sec.gov/Archives/edgar/data/1610601/000119312526223535/d18880dex991.htm,2026-06-03,2026-08-01,Company guidance range
MOMO-P1-0188,MOMO,P1,assumption,fact,company,Hello Group,revenue_guidance_high,2026Q2,quarterly,Global,actual,2550,,,RMB mn,RMB,A,high,1,quarterly,Q1 2026 earnings release,https://www.sec.gov/Archives/edgar/data/1610601/000119312526223535/d18880dex991.htm,2026-06-03,2026-08-01,Company guidance range
MOMO-P1-0189,MOMO,P1,product,fact,app,Momo app,business_model,P1,point_in_time,China,not_applicable,Core domestic social / live entertainment,,,text,N/A,A,medium,0,event_driven,2025 Form 20-F / app stores,https://www.sec.gov/Archives/edgar/data/1610601/000119312526183444/d13143d20f.htm,2026-04-29,2026-08-01,核心现金牛，付费用户持续下滑
MOMO-P1-0190,MOMO,P1,product,assumption,app,Momo app,app_tier,P1,point_in_time,China,not_applicable,Tier 1,,,text,N/A,H,medium,1,event_driven,MOMO、JOYY、微博（WB）低估互联网公司投资调研框架 V3.1,/mnt/data/MOMO_JOYY_WB_低估互联网公司投资调研框架_V3.1_单文件上传版(1).md,2026-08-01,2026-08-01,P1 preliminary tier; subject to G1 review and P2 scale verification
MOMO-P1-0191,MOMO,P1,product,fact,app,Tantan,business_model,P1,point_in_time,China,not_applicable,Dating,,,text,N/A,A,medium,0,event_driven,2025 Form 20-F / app stores,https://www.sec.gov/Archives/edgar/data/1610601/000119312526183444/d13143d20f.htm,2026-04-29,2026-08-01,集团重要产品，但付费用户与收入承压
MOMO-P1-0192,MOMO,P1,product,assumption,app,Tantan,app_tier,P1,point_in_time,China,not_applicable,Tier 1,,,text,N/A,H,medium,1,event_driven,MOMO、JOYY、微博（WB）低估互联网公司投资调研框架 V3.1,/mnt/data/MOMO_JOYY_WB_低估互联网公司投资调研框架_V3.1_单文件上传版(1).md,2026-08-01,2026-08-01,P1 preliminary tier; subject to G1 review and P2 scale verification
MOMO-P1-0193,MOMO,P1,product,fact,app,SoulChill,business_model,P1,point_in_time,MENA,not_applicable,Audio social / live entertainment,,,text,N/A,A,medium,0,event_driven,2025 Form 20-F / app stores,https://www.sec.gov/Archives/edgar/data/1610601/000119312526183444/d13143d20f.htm,2026-04-29,2026-08-01,公司明确披露的海外核心品牌；土耳其下架风险需跟踪
MOMO-P1-0194,MOMO,P1,product,assumption,app,SoulChill,app_tier,P1,point_in_time,MENA,not_applicable,Tier 1,,,text,N/A,H,medium,1,event_driven,MOMO、JOYY、微博（WB）低估互联网公司投资调研框架 V3.1,/mnt/data/MOMO_JOYY_WB_低估互联网公司投资调研框架_V3.1_单文件上传版(1).md,2026-08-01,2026-08-01,P1 preliminary tier; subject to G1 review and P2 scale verification
MOMO-P1-0195,MOMO,P1,product,fact,app,Happn,business_model,P1,point_in_time,Europe,not_applicable,Location-based dating,,,text,N/A,A,medium,0,event_driven,2025 Form 20-F / app stores,https://www.sec.gov/Archives/edgar/data/1610601/000119312526183444/d13143d20f.htm,2026-04-29,2026-08-01,2025年收购；2025并表约4个月收入RMB106.741m，已达集团约1%
MOMO-P1-0196,MOMO,P1,product,assumption,app,Happn,app_tier,P1,point_in_time,Europe,not_applicable,Tier 1,,,text,N/A,H,medium,1,event_driven,MOMO、JOYY、微博（WB）低估互联网公司投资调研框架 V3.1,/mnt/data/MOMO_JOYY_WB_低估互联网公司投资调研框架_V3.1_单文件上传版(1).md,2026-08-01,2026-08-01,P1 preliminary tier; subject to G1 review and P2 scale verification
MOMO-P1-0197,MOMO,P1,product,fact,app,Yaahlan,business_model,P1,point_in_time,MENA,not_applicable,Arabic voice chat and social games,,,text,N/A,A,medium,0,event_driven,2025 Form 20-F / app stores,https://www.sec.gov/Archives/edgar/data/1610601/000119312526183444/d13143d20f.htm,2026-04-29,2026-08-01,海外第二曲线候选，需补足国家级活跃/流水
MOMO-P1-0198,MOMO,P1,product,assumption,app,Yaahlan,app_tier,P1,point_in_time,MENA,not_applicable,Tier 2,,,text,N/A,H,medium,1,event_driven,MOMO、JOYY、微博（WB）低估互联网公司投资调研框架 V3.1,/mnt/data/MOMO_JOYY_WB_低估互联网公司投资调研框架_V3.1_单文件上传版(1).md,2026-08-01,2026-08-01,P1 preliminary tier; subject to G1 review and P2 scale verification
MOMO-P1-0199,MOMO,P1,product,fact,app,Amar,business_model,P1,point_in_time,MENA,not_applicable,Overseas social entertainment,,,text,N/A,A,medium,0,event_driven,2025 Form 20-F / app stores,https://www.sec.gov/Archives/edgar/data/1610601/000119312526183444/d13143d20f.htm,2026-04-29,2026-08-01,产品身份较明确，但绝对规模待第三方数据验证
MOMO-P1-0200,MOMO,P1,product,assumption,app,Amar,app_tier,P1,point_in_time,MENA,not_applicable,Tier 2,,,text,N/A,H,medium,1,event_driven,MOMO、JOYY、微博（WB）低估互联网公司投资调研框架 V3.1,/mnt/data/MOMO_JOYY_WB_低估互联网公司投资调研框架_V3.1_单文件上传版(1).md,2026-08-01,2026-08-01,P1 preliminary tier; subject to G1 review and P2 scale verification
MOMO-P1-0201,MOMO,P1,product,fact,app,Hertz,business_model,P1,point_in_time,China/Unknown,not_applicable,Social app,,,text,N/A,A,medium,0,event_driven,2025 Form 20-F / app stores,https://www.sec.gov/Archives/edgar/data/1610601/000119312526183444/d13143d20f.htm,2026-04-29,2026-08-01,20-F提及的孵化产品；包名与现状待核验
MOMO-P1-0202,MOMO,P1,product,assumption,app,Hertz,app_tier,P1,point_in_time,China/Unknown,not_applicable,Tier 3,,,text,N/A,H,medium,0,event_driven,MOMO、JOYY、微博（WB）低估互联网公司投资调研框架 V3.1,/mnt/data/MOMO_JOYY_WB_低估互联网公司投资调研框架_V3.1_单文件上传版(1).md,2026-08-01,2026-08-01,P1 preliminary tier; subject to G1 review and P2 scale verification
MOMO-P1-0203,MOMO,P1,product,fact,app,Duidui,business_model,P1,point_in_time,China/Unknown,not_applicable,Social app,,,text,N/A,A,medium,0,event_driven,2025 Form 20-F / app stores,https://www.sec.gov/Archives/edgar/data/1610601/000119312526183444/d13143d20f.htm,2026-04-29,2026-08-01,20-F提及；包名/运营状态待核验
MOMO-P1-0204,MOMO,P1,product,assumption,app,Duidui,app_tier,P1,point_in_time,China/Unknown,not_applicable,Tier 3,,,text,N/A,H,medium,0,event_driven,MOMO、JOYY、微博（WB）低估互联网公司投资调研框架 V3.1,/mnt/data/MOMO_JOYY_WB_低估互联网公司投资调研框架_V3.1_单文件上传版(1).md,2026-08-01,2026-08-01,P1 preliminary tier; subject to G1 review and P2 scale verification
MOMO-P1-0205,MOMO,P1,product,fact,app,Tietie,business_model,P1,point_in_time,China/Unknown,not_applicable,Social app,,,text,N/A,A,medium,0,event_driven,2025 Form 20-F / app stores,https://www.sec.gov/Archives/edgar/data/1610601/000119312526183444/d13143d20f.htm,2026-04-29,2026-08-01,历史试验产品，需核验是否仍运营
MOMO-P1-0206,MOMO,P1,product,assumption,app,Tietie,app_tier,P1,point_in_time,China/Unknown,not_applicable,Tier 3,,,text,N/A,H,medium,0,event_driven,MOMO、JOYY、微博（WB）低估互联网公司投资调研框架 V3.1,/mnt/data/MOMO_JOYY_WB_低估互联网公司投资调研框架_V3.1_单文件上传版(1).md,2026-08-01,2026-08-01,P1 preliminary tier; subject to G1 review and P2 scale verification
MOMO-P1-0207,MOMO,P1,product,proxy,app,SUGO,business_model,P1,point_in_time,MENA/Unknown,not_applicable,Possible overseas social app,,,text,N/A,P,low,0,event_driven,2025 Form 20-F / app stores,https://www.sec.gov/Archives/edgar/data/1610601/000119312526183444/d13143d20f.htm,2026-04-29,2026-08-01,上市公司归属未确认，不进入增长估值
MOMO-P1-0208,MOMO,P1,product,assumption,app,SUGO,app_tier,P1,point_in_time,MENA/Unknown,not_applicable,Watchlist,,,text,N/A,H,low,0,event_driven,MOMO、JOYY、微博（WB）低估互联网公司投资调研框架 V3.1,/mnt/data/MOMO_JOYY_WB_低估互联网公司投资调研框架_V3.1_单文件上传版(1).md,2026-08-01,2026-08-01,P1 preliminary tier; subject to G1 review and P2 scale verification
MOMO-P1-0209,MOMO,P1,product,proxy,app,Saada,business_model,P1,point_in_time,MENA/Unknown,not_applicable,Possible overseas social app,,,text,N/A,P,low,0,event_driven,2025 Form 20-F / app stores,https://www.sec.gov/Archives/edgar/data/1610601/000119312526183444/d13143d20f.htm,2026-04-29,2026-08-01,上市公司归属未确认，不进入增长估值
MOMO-P1-0210,MOMO,P1,product,assumption,app,Saada,app_tier,P1,point_in_time,MENA/Unknown,not_applicable,Watchlist,,,text,N/A,H,low,0,event_driven,MOMO、JOYY、微博（WB）低估互联网公司投资调研框架 V3.1,/mnt/data/MOMO_JOYY_WB_低估互联网公司投资调研框架_V3.1_单文件上传版(1).md,2026-08-01,2026-08-01,P1 preliminary tier; subject to G1 review and P2 scale verification
MOMO-P1-0211,MOMO,P1,capital_allocation,fact,app,Japan online entertainment matching business,acquisition_cash_consideration,2025-01-31,point_in_time,Global,actual,196.354,,,RMB mn,RMB,A,high,1,event_driven,2025 Form 20-F,https://www.sec.gov/Archives/edgar/data/1610601/000119312526183444/d13143d20f.htm,2026-04-29,2026-08-01,87.5% acquired
MOMO-P1-0212,MOMO,P1,capital_allocation,fact,app,Japan online entertainment matching business,post_acquisition_revenue,2025A,point_in_time,Global,actual,92.497,,,RMB mn,RMB,A,high,1,event_driven,2025 Form 20-F,https://www.sec.gov/Archives/edgar/data/1610601/000119312526183444/d13143d20f.htm,2026-04-29,2026-08-01,Contribution during consolidated period
MOMO-P1-0213,MOMO,P1,capital_allocation,fact,app,Japan online entertainment matching business,post_acquisition_net_income,2025A,point_in_time,Global,actual,9.869,,,RMB mn,RMB,A,high,0,event_driven,2025 Form 20-F,https://www.sec.gov/Archives/edgar/data/1610601/000119312526183444/d13143d20f.htm,2026-04-29,2026-08-01,Contribution during consolidated period
MOMO-P1-0214,MOMO,P1,capital_allocation,fact,app,Happn,acquisition_cash_consideration,2025-09-02,point_in_time,Global,actual,537.711,,,RMB mn,RMB,A,high,1,event_driven,2025 Form 20-F,https://www.sec.gov/Archives/edgar/data/1610601/000119312526183444/d13143d20f.htm,2026-04-29,2026-08-01,Cash acquisition
MOMO-P1-0215,MOMO,P1,capital_allocation,fact,app,Happn,post_acquisition_revenue,2025A,point_in_time,Global,actual,106.741,,,RMB mn,RMB,A,high,1,event_driven,2025 Form 20-F,https://www.sec.gov/Archives/edgar/data/1610601/000119312526183444/d13143d20f.htm,2026-04-29,2026-08-01,Contribution from acquisition date
MOMO-P1-0216,MOMO,P1,capital_allocation,fact,app,Happn,post_acquisition_net_income,2025A,point_in_time,Global,actual,14.536,,,RMB mn,RMB,A,high,0,event_driven,2025 Form 20-F,https://www.sec.gov/Archives/edgar/data/1610601/000119312526183444/d13143d20f.htm,2026-04-29,2026-08-01,Contribution from acquisition date
MOMO-P1-0217,MOMO,P1,capital_allocation,fact,asset,Happn,goodwill_recognized,2025A,point_in_time,Global,actual,359.269,,,RMB mn,RMB,A,high,0,event_driven,2025 Form 20-F,https://www.sec.gov/Archives/edgar/data/1610601/000119312526183444/d13143d20f.htm,2026-04-29,2026-08-01,Acquisition goodwill
MOMO-P3-0259,MOMO,P3,capital_allocation,fact,company,Hello Group,share_repurchase_cash,2025A,annual,Global,actual,104.605,,,USD mn,USD,A,high,1,annual,Company filings/releases,https://www.sec.gov/Archives/edgar/data/1610601/000119312526183444/d13143d20f.htm,2026-04-28,2026-08-01,Annual cash repurchase from 2025 Form 20-F | P3 replaced prior-version key
MOMO-P1-0219,MOMO,P1,capital_allocation,fact,company,Hello Group,dividends_paid,2025A,annual,Global,actual,346.182,,,RMB mn,RMB,A,high,1,annual,2025 Form 20-F,https://www.sec.gov/Archives/edgar/data/1610601/000119312526183444/d13143d20f.htm,2026-04-29,2026-08-01,2025 cash flow statement
MOMO-P3-0278,MOMO,P3,capital_allocation,fact,company,Hello Group,business_acquisition_payments,2025A,annual,Global,actual,633.877,,,RMB mn,RMB,A,high,1,annual,2025 Form 20-F,https://www.sec.gov/Archives/edgar/data/1610601/000119312526183444/d13143d20f.htm,2026-04-28,2026-08-01,Happn and Japan-related acquisitions | P3 replaced prior-version key
MOMO-P3-0279,MOMO,P3,capital_allocation,fact,company,Hello Group,long_term_investment_payments,2025A,annual,Global,actual,482.259,,,RMB mn,RMB,A,high,1,annual,2025 Form 20-F,https://www.sec.gov/Archives/edgar/data/1610601/000119312526183444/d13143d20f.htm,2026-04-28,2026-08-01,Includes corporate lending/convertible investment and other investments | P3 replaced prior-version key
MOMO-P1-0222,MOMO,P1,capital_allocation,fact,company,Hello Group,short_term_borrowings_repaid,2025A,annual,Global,actual,2365.535,,,RMB mn,RMB,A,high,1,annual,2025 Form 20-F,https://www.sec.gov/Archives/edgar/data/1610601/000119312526183444/d13143d20f.htm,2026-04-29,2026-08-01,2025 cash flow statement
MOMO-P1-0223,MOMO,P1,capital_allocation,fact,company,Hello Group,long_term_borrowings_repaid,2025A,annual,Global,actual,1940.122,,,RMB mn,RMB,A,high,1,annual,2025 Form 20-F,https://www.sec.gov/Archives/edgar/data/1610601/000119312526183444/d13143d20f.htm,2026-04-29,2026-08-01,2025 cash flow statement
MOMO-P1-0224,MOMO,P1,capital_allocation,fact,company,Hello Group,special_cash_dividend_per_ADS,2019A,annual,Global,actual,0.62,,,USD/ADS,USD,A,medium,1,annual,Company earnings releases / Form 20-F,https://www.sec.gov/Archives/edgar/data/1610601/000119312526183444/d13143d20f.htm,2026-04-29,2026-08-01,"2020 amount not yet verified in P1; dividends are discretionary, not a formal annual policy"
MOMO-P1-0225,MOMO,P1,capital_allocation,fact,company,Hello Group,special_cash_dividend_per_ADS,2021A,annual,Global,actual,0.64,,,USD/ADS,USD,A,medium,1,annual,Company earnings releases / Form 20-F,https://www.sec.gov/Archives/edgar/data/1610601/000119312526183444/d13143d20f.htm,2026-04-29,2026-08-01,"2020 amount not yet verified in P1; dividends are discretionary, not a formal annual policy"
MOMO-P1-0226,MOMO,P1,capital_allocation,fact,company,Hello Group,special_cash_dividend_per_ADS,2022A,annual,Global,actual,0.64,,,USD/ADS,USD,A,high,1,annual,Company earnings releases / Form 20-F,https://www.sec.gov/Archives/edgar/data/1610601/000119312526183444/d13143d20f.htm,2026-04-29,2026-08-01,"2020 amount not yet verified in P1; dividends are discretionary, not a formal annual policy"
MOMO-P1-0227,MOMO,P1,capital_allocation,fact,company,Hello Group,special_cash_dividend_per_ADS,2023A,annual,Global,actual,0.72,,,USD/ADS,USD,A,high,1,annual,Company earnings releases / Form 20-F,https://www.sec.gov/Archives/edgar/data/1610601/000119312526183444/d13143d20f.htm,2026-04-29,2026-08-01,"2020 amount not yet verified in P1; dividends are discretionary, not a formal annual policy"
MOMO-P1-0228,MOMO,P1,capital_allocation,fact,company,Hello Group,special_cash_dividend_per_ADS,2024A,annual,Global,actual,0.54,,,USD/ADS,USD,A,high,1,annual,Company earnings releases / Form 20-F,https://www.sec.gov/Archives/edgar/data/1610601/000119312526183444/d13143d20f.htm,2026-04-29,2026-08-01,"2020 amount not yet verified in P1; dividends are discretionary, not a formal annual policy"
MOMO-P1-0229,MOMO,P1,capital_allocation,fact,company,Hello Group,special_cash_dividend_per_ADS,2025A,annual,Global,actual,0.3,,,USD/ADS,USD,A,high,1,annual,Company earnings releases / Form 20-F,https://www.sec.gov/Archives/edgar/data/1610601/000119312526183444/d13143d20f.htm,2026-04-29,2026-08-01,"2020 amount not yet verified in P1; dividends are discretionary, not a formal annual policy"
MOMO-P1-0230,MOMO,P1,capital_allocation,fact,company,Hello Group,special_cash_dividend_per_ADS,2026A,annual,Global,actual,0.28,,,USD/ADS,USD,A,high,1,annual,Company earnings releases / Form 20-F,https://www.sec.gov/Archives/edgar/data/1610601/000119312526223535/d18880dex991.htm,2026-06-03,2026-08-01,"2020 amount not yet verified in P1; dividends are discretionary, not a formal annual policy"
MOMO-P1-0231,MOMO,P1,capital_allocation,fact,company,Hello Group,special_dividend_aggregate_cash_paid,2026A,annual,Global,actual,41.2,,,USD mn,USD,A,high,1,annual,Q1 2026 earnings release,https://www.sec.gov/Archives/edgar/data/1610601/000119312526223535/d18880dex991.htm,2026-06-03,2026-08-01,US$0.28/ADS paid April 2026
MOMO-P1-0232,MOMO,P1,capital_allocation,fact,company,Hello Group,cumulative_ADS_repurchase,2021-06-08,point_in_time,Global,actual,4.77,,,mn ADS,N/A,A,high,1,event_driven,Company earnings releases,https://www.sec.gov/Archives/edgar/data/1610601/000119312526183444/d13143d20f.htm,2021-06-08,2026-08-01,Cumulative snapshot under the relevant repurchase programs
MOMO-P1-0233,MOMO,P1,capital_allocation,fact,company,Hello Group,cumulative_repurchase_cash,2021-06-08,point_in_time,Global,actual,65.5,,,USD mn,USD,A,high,1,event_driven,Company earnings releases,https://www.sec.gov/Archives/edgar/data/1610601/000119312526183444/d13143d20f.htm,2021-06-08,2026-08-01,Cumulative snapshot
MOMO-P1-0234,MOMO,P1,capital_allocation,estimate,company,Hello Group,average_repurchase_price,2021-06-08,point_in_time,Global,actual,13.69,,,USD/ADS,USD,E,high,1,event_driven,Company earnings releases,https://www.sec.gov/Archives/edgar/data/1610601/000119312526183444/d13143d20f.htm,2021-06-08,2026-08-01,Company-reported or calculated average
MOMO-P1-0235,MOMO,P1,capital_allocation,fact,company,Hello Group,cumulative_ADS_repurchase,2024-09-03,point_in_time,Global,actual,30.9,,,mn ADS,N/A,A,high,1,event_driven,Company earnings releases,https://www.sec.gov/Archives/edgar/data/1610601/000119312526183444/d13143d20f.htm,2024-09-03,2026-08-01,Cumulative snapshot under the relevant repurchase programs
MOMO-P1-0236,MOMO,P1,capital_allocation,fact,company,Hello Group,cumulative_repurchase_cash,2024-09-03,point_in_time,Global,actual,174.6,,,USD mn,USD,A,high,1,event_driven,Company earnings releases,https://www.sec.gov/Archives/edgar/data/1610601/000119312526183444/d13143d20f.htm,2024-09-03,2026-08-01,Cumulative snapshot
MOMO-P1-0237,MOMO,P1,capital_allocation,estimate,company,Hello Group,average_repurchase_price,2024-09-03,point_in_time,Global,actual,5.63,,,USD/ADS,USD,E,high,1,event_driven,Company earnings releases,https://www.sec.gov/Archives/edgar/data/1610601/000119312526183444/d13143d20f.htm,2024-09-03,2026-08-01,Company-reported or calculated average
MOMO-P1-0238,MOMO,P1,capital_allocation,fact,company,Hello Group,cumulative_ADS_repurchase,2025-06-05,point_in_time,Global,actual,47.8,,,mn ADS,N/A,A,high,1,event_driven,Company earnings releases,https://www.sec.gov/Archives/edgar/data/1610601/000119312526183444/d13143d20f.htm,2025-06-05,2026-08-01,Cumulative snapshot under the relevant repurchase programs
MOMO-P1-0239,MOMO,P1,capital_allocation,fact,company,Hello Group,cumulative_repurchase_cash,2025-06-05,point_in_time,Global,actual,291.3,,,USD mn,USD,A,high,1,event_driven,Company earnings releases,https://www.sec.gov/Archives/edgar/data/1610601/000119312526183444/d13143d20f.htm,2025-06-05,2026-08-01,Cumulative snapshot
MOMO-P1-0240,MOMO,P1,capital_allocation,estimate,company,Hello Group,average_repurchase_price,2025-06-05,point_in_time,Global,actual,6.07,,,USD/ADS,USD,E,high,1,event_driven,Company earnings releases,https://www.sec.gov/Archives/edgar/data/1610601/000119312526183444/d13143d20f.htm,2025-06-05,2026-08-01,Company-reported or calculated average
MOMO-P1-0241,MOMO,P1,capital_allocation,fact,company,Hello Group,cumulative_ADS_repurchase,2025-12-10,point_in_time,Global,actual,54.7,,,mn ADS,N/A,A,high,1,event_driven,Company earnings releases,https://www.sec.gov/Archives/edgar/data/1610601/000119312526183444/d13143d20f.htm,2025-12-10,2026-08-01,Cumulative snapshot under the relevant repurchase programs
MOMO-P1-0242,MOMO,P1,capital_allocation,fact,company,Hello Group,cumulative_repurchase_cash,2025-12-10,point_in_time,Global,actual,341.6,,,USD mn,USD,A,high,1,event_driven,Company earnings releases,https://www.sec.gov/Archives/edgar/data/1610601/000119312526183444/d13143d20f.htm,2025-12-10,2026-08-01,Cumulative snapshot
MOMO-P1-0243,MOMO,P1,capital_allocation,estimate,company,Hello Group,average_repurchase_price,2025-12-10,point_in_time,Global,actual,6.23,,,USD/ADS,USD,E,high,1,event_driven,Company earnings releases,https://www.sec.gov/Archives/edgar/data/1610601/000119312526183444/d13143d20f.htm,2025-12-10,2026-08-01,Company-reported or calculated average
MOMO-P1-0244,MOMO,P1,capital_allocation,fact,company,Hello Group,cumulative_ADS_repurchase,2026-06-02,point_in_time,Global,actual,63.7,,,mn ADS,N/A,A,high,1,event_driven,Company earnings releases,https://www.sec.gov/Archives/edgar/data/1610601/000119312526223535/d18880dex991.htm,2026-06-02,2026-08-01,Cumulative snapshot under the relevant repurchase programs
MOMO-P1-0245,MOMO,P1,capital_allocation,fact,company,Hello Group,cumulative_repurchase_cash,2026-06-02,point_in_time,Global,actual,399.5,,,USD mn,USD,A,high,1,event_driven,Company earnings releases,https://www.sec.gov/Archives/edgar/data/1610601/000119312526223535/d18880dex991.htm,2026-06-02,2026-08-01,Cumulative snapshot
MOMO-P1-0246,MOMO,P1,capital_allocation,estimate,company,Hello Group,average_repurchase_price,2026-06-02,point_in_time,Global,actual,6.25,,,USD/ADS,USD,E,high,1,event_driven,Company earnings releases,https://www.sec.gov/Archives/edgar/data/1610601/000119312526223535/d18880dex991.htm,2026-06-02,2026-08-01,Company-reported or calculated average
MOMO-P1-0247,MOMO,P1,capital_allocation,fact,company,Hello Group,remaining_repurchase_authorization,2026-06-02,point_in_time,Global,actual,86.6,,,USD mn,USD,A,high,1,event_driven,Q1 2026 earnings release,https://www.sec.gov/Archives/edgar/data/1610601/000119312526223535/d18880dex991.htm,2026-06-03,2026-08-01,Authorization is not the same as actual repurchase
MOMO-P1-0248,MOMO,P1,governance,fact,subsidiary,Beijing Momo IT → Momo HK,upstream_dividend,2023A,annual,Global,actual,1800.0,,,RMB mn,RMB,A,high,1,annual,2025 Form 20-F,https://www.sec.gov/Archives/edgar/data/1610601/000119312526183444/d13143d20f.htm,2026-04-29,2026-08-01,Dividend from Beijing Momo IT to Momo HK
MOMO-P1-0249,MOMO,P1,governance,fact,subsidiary,Beijing Momo IT → Momo HK,upstream_dividend,2024A,annual,Global,actual,6000.0,,,RMB mn,RMB,A,high,1,annual,2025 Form 20-F,https://www.sec.gov/Archives/edgar/data/1610601/000119312526183444/d13143d20f.htm,2026-04-29,2026-08-01,Declared; RMB4bn paid in 2024 and RMB2bn paid in Q1 2025
MOMO-P1-0250,MOMO,P1,governance,fact,subsidiary,Beijing Momo IT → Momo HK,upstream_dividend,2025A,annual,Global,actual,800.0,,,RMB mn,RMB,A,high,1,annual,2025 Form 20-F,https://www.sec.gov/Archives/edgar/data/1610601/000119312526183444/d13143d20f.htm,2026-04-29,2026-08-01,Dividend from Beijing Momo IT to Momo HK
MOMO-P1-0251,MOMO,P1,governance,fact,company,Hello Group,withholding_tax_rate_reassessment,2025A,annual,Global,actual,10.0,,,%,N/A,A,high,1,event_driven,2025 Form 20-F,https://www.sec.gov/Archives/edgar/data/1610601/000119312526183444/d13143d20f.htm,2026-04-29,2026-08-01,Company reassessed PRC dividend withholding tax rate to 10%; affects cash repatriation
MOMO-P1-0252,MOMO,P1,product,fact,app,SoulChill and certain overseas apps,Turkey_app_store_removal_order,2026-02,point_in_time,Turkey,not_applicable,Court ordered app stores to remove apps,,,text,N/A,A,high,1,event_driven,2025 Form 20-F,https://www.sec.gov/Archives/edgar/data/1610601/000119312526183444/d13143d20f.htm,2026-04-29,2026-08-01,Company stated it was pursuing reinstatement; P2 must check current status
MOMO-P1-0253,MOMO,P1,competitor,assumption,competitor,Momo app,initial_competitor_pool,P1,point_in_time,China,not_applicable,Tencent social ecosystem / Douyin / Kuaishou,,,text,N/A,H,medium,0,event_driven,P1 research design,,2026-08-01,2026-08-01,"Direct attention, social and live-entertainment alternatives"
MOMO-P1-0254,MOMO,P1,competitor,assumption,competitor,Tantan,initial_competitor_pool,P1,point_in_time,China/Global,not_applicable,Soul / Bumble / Tinder,,,text,N/A,H,medium,0,event_driven,P1 research design,,2026-08-01,2026-08-01,Dating and interest-social anchors
MOMO-P1-0255,MOMO,P1,competitor,assumption,competitor,SoulChill,initial_competitor_pool,P1,point_in_time,MENA,not_applicable,Yalla / MICO / SUGO,,,text,N/A,H,medium,0,event_driven,P1 research design,,2026-08-01,2026-08-01,Audio social and live-entertainment peers
MOMO-P1-0256,MOMO,P1,competitor,assumption,competitor,Happn,initial_competitor_pool,P1,point_in_time,Europe,not_applicable,Tinder / Bumble / Badoo,,,text,N/A,H,medium,0,event_driven,P1 research design,,2026-08-01,2026-08-01,Location-based and mainstream dating peers
MOMO-P1-0257,MOMO,P1,initial_hypothesis,assumption,company,Hello Group,H1,P1,point_in_time,Global,not_applicable,国内陌陌与探探的衰退逐步减速，仍能保留足够所有者收益，为海外投入与股东回报供血。,,,text,N/A,H,medium,1,quarterly,MOMO、JOYY、微博（WB）低估互联网公司投资调研框架 V3.1,/mnt/data/MOMO_JOYY_WB_低估互联网公司投资调研框架_V3.1_单文件上传版(1).md,2026-08-01,2026-08-01,P1 initial hypothesis; to be tested in P2-P5
MOMO-P1-0258,MOMO,P1,initial_hypothesis,assumption,company,Hello Group,H2,P1,point_in_time,Global,not_applicable,海外组合能维持20%—30%以上增长并把收入占比提升到约25%—30%，且不会造成结构性利润率破坏。,,,text,N/A,H,medium,1,quarterly,MOMO、JOYY、微博（WB）低估互联网公司投资调研框架 V3.1,/mnt/data/MOMO_JOYY_WB_低估互联网公司投资调研框架_V3.1_单文件上传版(1).md,2026-08-01,2026-08-01,P1 initial hypothesis; to be tested in P2-P5
MOMO-P1-0259,MOMO,P1,initial_hypothesis,assumption,company,Hello Group,H3,P1,point_in_time,Global,not_applicable,多App孵化和收购能力具有可复制性，而非依赖单一App、单一国家或持续高价买量。,,,text,N/A,H,medium,1,quarterly,MOMO、JOYY、微博（WB）低估互联网公司投资调研框架 V3.1,/mnt/data/MOMO_JOYY_WB_低估互联网公司投资调研框架_V3.1_单文件上传版(1).md,2026-08-01,2026-08-01,P1 initial hypothesis; to be tested in P2-P5
MOMO-P1-0260,MOMO,P1,initial_hypothesis,assumption,company,Hello Group,H4,P1,point_in_time,Global,not_applicable,大部分现金可以在扣除经营安全垫、税费和限制后，以分红或低价回购回到ADS股东。,,,text,N/A,H,medium,1,quarterly,MOMO、JOYY、微博（WB）低估互联网公司投资调研框架 V3.1,/mnt/data/MOMO_JOYY_WB_低估互联网公司投资调研框架_V3.1_单文件上传版(1).md,2026-08-01,2026-08-01,P1 initial hypothesis; to be tested in P2-P5
MOMO-P1-0261,MOMO,P1,initial_hypothesis,assumption,company,Hello Group,H5,P1,point_in_time,Global,not_applicable,Happn、MENA产品和后续并购在营销、减值和资本成本后能取得合格回报。,,,text,N/A,H,medium,1,quarterly,MOMO、JOYY、微博（WB）低估互联网公司投资调研框架 V3.1,/mnt/data/MOMO_JOYY_WB_低估互联网公司投资调研框架_V3.1_单文件上传版(1).md,2026-08-01,2026-08-01,P1 initial hypothesis; to be tested in P2-P5
MOMO-P1-0262,MOMO,P1,initial_hypothesis,assumption,company,Hello Group,F1,P1,point_in_time,Global,not_applicable,中国收入连续四个季度同比下降超过15%，或年化经营现金流降至人民币8亿元以下。,,,text,N/A,H,medium,1,quarterly,P1 research design,,2026-08-01,2026-08-01,Investment thesis invalidation condition
MOMO-P1-0263,MOMO,P1,initial_hypothesis,assumption,company,Hello Group,F2,P1,point_in_time,Global,not_applicable,海外收入增速降至15%以下，同时销售费用率上升且海外仍无法形成利润。,,,text,N/A,H,medium,1,quarterly,P1 research design,,2026-08-01,2026-08-01,Investment thesis invalidation condition
MOMO-P1-0264,MOMO,P1,initial_hypothesis,assumption,company,Hello Group,F3,P1,point_in_time,Global,not_applicable,单一App或单一国家贡献超过60%—70%的新增收入，且监管/下架问题持续。,,,text,N/A,H,medium,1,quarterly,P1 research design,,2026-08-01,2026-08-01,Investment thesis invalidation condition
MOMO-P1-0265,MOMO,P1,initial_hypothesis,assumption,company,Hello Group,F4,P1,point_in_time,Global,not_applicable,稀释ADS不再下降，股权激励抵消回购，或回购价格持续明显高于内在价值。,,,text,N/A,H,medium,1,quarterly,P1 research design,,2026-08-01,2026-08-01,Investment thesis invalidation condition
MOMO-P1-0266,MOMO,P1,initial_hypothesis,assumption,company,Hello Group,F5,P1,point_in_time,Global,not_applicable,税费、受限资金、并购损失或治理问题使净可分配现金显著低于账面流动资金。,,,text,N/A,H,medium,1,quarterly,P1 research design,,2026-08-01,2026-08-01,Investment thesis invalidation condition
MOMO-P1-0267,MOMO,P1,monitor_trigger,assumption,company,Hello Group,domestic_momo,P1,point_in_time,Global,not_applicable,国内陌陌收入、付费用户和现金流衰减,,,text,N/A,H,medium,1,quarterly,MOMO、JOYY、微博（WB）低估互联网公司投资调研框架 V3.1,/mnt/data/MOMO_JOYY_WB_低估互联网公司投资调研框架_V3.1_单文件上传版(1).md,2026-08-01,2026-08-01,P1 monitoring list; green/yellow/red thresholds to be set in P4
MOMO-P1-0268,MOMO,P1,monitor_trigger,assumption,company,Hello Group,tantan,P1,point_in_time,Global,not_applicable,探探收入、付费用户和亏损/利润,,,text,N/A,H,medium,1,quarterly,MOMO、JOYY、微博（WB）低估互联网公司投资调研框架 V3.1,/mnt/data/MOMO_JOYY_WB_低估互联网公司投资调研框架_V3.1_单文件上传版(1).md,2026-08-01,2026-08-01,P1 monitoring list; green/yellow/red thresholds to be set in P4
MOMO-P1-0269,MOMO,P1,monitor_trigger,assumption,company,Hello Group,overseas_scale,P1,point_in_time,Global,not_applicable,海外收入绝对值、占比、同比和环比,,,text,N/A,H,medium,1,quarterly,MOMO、JOYY、微博（WB）低估互联网公司投资调研框架 V3.1,/mnt/data/MOMO_JOYY_WB_低估互联网公司投资调研框架_V3.1_单文件上传版(1).md,2026-08-01,2026-08-01,P1 monitoring list; green/yellow/red thresholds to be set in P4
MOMO-P1-0270,MOMO,P1,monitor_trigger,assumption,company,Hello Group,external_app,P1,point_in_time,Global,not_applicable,Tier 1/2海外App下载、MAU和商店流水,,,text,N/A,H,medium,1,quarterly,MOMO、JOYY、微博（WB）低估互联网公司投资调研框架 V3.1,/mnt/data/MOMO_JOYY_WB_低估互联网公司投资调研框架_V3.1_单文件上传版(1).md,2026-08-01,2026-08-01,P1 monitoring list; green/yellow/red thresholds to be set in P4
MOMO-P1-0271,MOMO,P1,monitor_trigger,assumption,company,Hello Group,concentration,P1,point_in_time,Global,not_applicable,海外增长国家与单一App集中度,,,text,N/A,H,medium,1,quarterly,MOMO、JOYY、微博（WB）低估互联网公司投资调研框架 V3.1,/mnt/data/MOMO_JOYY_WB_低估互联网公司投资调研框架_V3.1_单文件上传版(1).md,2026-08-01,2026-08-01,P1 monitoring list; green/yellow/red thresholds to be set in P4
MOMO-P1-0272,MOMO,P1,monitor_trigger,assumption,company,Hello Group,marketing_efficiency,P1,point_in_time,Global,not_applicable,销售费用增量相对收入和毛利增量,,,text,N/A,H,medium,1,quarterly,MOMO、JOYY、微博（WB）低估互联网公司投资调研框架 V3.1,/mnt/data/MOMO_JOYY_WB_低估互联网公司投资调研框架_V3.1_单文件上传版(1).md,2026-08-01,2026-08-01,P1 monitoring list; green/yellow/red thresholds to be set in P4
MOMO-P1-0273,MOMO,P1,monitor_trigger,assumption,company,Hello Group,app_survival,P1,point_in_time,Global,not_applicable,过去24个月App存活率和升级率,,,text,N/A,H,medium,1,quarterly,MOMO、JOYY、微博（WB）低估互联网公司投资调研框架 V3.1,/mnt/data/MOMO_JOYY_WB_低估互联网公司投资调研框架_V3.1_单文件上传版(1).md,2026-08-01,2026-08-01,P1 monitoring list; green/yellow/red thresholds to be set in P4
MOMO-P1-0274,MOMO,P1,monitor_trigger,assumption,company,Hello Group,M&A,P1,point_in_time,Global,not_applicable,并购支出、商誉和减值,,,text,N/A,H,medium,1,quarterly,MOMO、JOYY、微博（WB）低估互联网公司投资调研框架 V3.1,/mnt/data/MOMO_JOYY_WB_低估互联网公司投资调研框架_V3.1_单文件上传版(1).md,2026-08-01,2026-08-01,P1 monitoring list; green/yellow/red thresholds to be set in P4
MOMO-P1-0275,MOMO,P1,monitor_trigger,assumption,company,Hello Group,shareholder_return,P1,point_in_time,Global,not_applicable,自由现金流、分红、回购和净现金,,,text,N/A,H,medium,1,quarterly,MOMO、JOYY、微博（WB）低估互联网公司投资调研框架 V3.1,/mnt/data/MOMO_JOYY_WB_低估互联网公司投资调研框架_V3.1_单文件上传版(1).md,2026-08-01,2026-08-01,P1 monitoring list; green/yellow/red thresholds to be set in P4
MOMO-P1-0276,MOMO,P1,data_gap,conclusion,company,Hello Group,paid_app_intelligence,P1,point_in_time,Global,not_applicable,Sensor Tower / Similarweb / AppMagic订阅权限未提供,,,text,N/A,H,low,1,event_driven,P1 data access audit,,2026-08-01,2026-08-01,影响等级：高。会影响App×国家×月份的精确下载、MAU和流水；P2可用公开代理但置信度更低
MOMO-P1-0277,MOMO,P1,data_gap,conclusion,company,Hello Group,momo_bundle_id,P1,point_in_time,Global,not_applicable,陌陌当前iOS Bundle ID和Android package尚未独立核验,,,text,N/A,H,medium,0,event_driven,P1 data access audit,,2026-08-01,2026-08-01,影响等级：中。不影响集团财务，但影响商店历史序列拼接
MOMO-P1-0278,MOMO,P1,data_gap,conclusion,company,Hello Group,tantan_package_migration,P1,point_in_time,Global,not_applicable,探探历史Android包名迁移尚未完成,,,text,N/A,H,medium,0,event_driven,P1 data access audit,,2026-08-01,2026-08-01,影响等级：中。可能造成第三方历史数据断点
MOMO-P1-0279,MOMO,P1,data_gap,conclusion,company,Hello Group,small_app_ownership,P1,point_in_time,Global,not_applicable,SUGO、Saada等潜在关联App所有权未确认,,,text,N/A,H,low,1,event_driven,P1 data access audit,,2026-08-01,2026-08-01,影响等级：高。不得进入增长估值
MOMO-P1-0280,MOMO,P1,data_gap,conclusion,company,Hello Group,app_profitability,P1,point_in_time,Global,not_applicable,公司未按App披露海外利润、买量和留存,,,text,N/A,H,low,1,event_driven,P1 data access audit,,2026-08-01,2026-08-01,影响等级：高。需通过费用桥和代理数据估算
MOMO-P1-0281,MOMO,P1,data_gap,conclusion,company,Hello Group,2020_dividend,P1,point_in_time,Global,not_applicable,2020年特别股息金额P1尚未核验,,,text,N/A,H,medium,0,event_driven,P1 data access audit,,2026-08-01,2026-08-01,影响等级：低。不影响当前估值，但影响十年资本配置完整性
MOMO-P1-0282,MOMO,P1,data_gap,conclusion,company,Hello Group,net_distributable_cash,P1,point_in_time,Global,not_applicable,尚未完成现金所在主体、经营安全垫、税费、受限资金和关联资产折价,,,text,N/A,H,low,1,event_driven,P1 data access audit,,2026-08-01,2026-08-01,影响等级：高。账面流动资金不能直接等同股东现金
MOMO-P1-0283,MOMO,P1,conclusion,conclusion,company,Hello Group,investment_classification,P1,point_in_time,Global,not_applicable,国内现金牛收缩 + 海外多产品期权 + 资本回报,,,text,N/A,H,medium,1,event_driven,P1 synthesis,,2026-08-01,2026-08-01,尚不能在P1定性为优质深度价值或价值陷阱
MOMO-P1-0284,MOMO,P1,conclusion,conclusion,company,Hello Group,valuation_signal,P1,point_in_time,Global,not_applicable,稀释市值约9.62亿美元，低于约12.41亿美元账面总流动资金,,,text,N/A,H,medium,1,event_driven,P1 synthesis,,2026-08-01,2026-08-01,只是筛选信号；总流动资金不等于净可分配现金
MOMO-P1-0285,MOMO,P1,conclusion,conclusion,company,Hello Group,domestic_trend,P1,point_in_time,Global,not_applicable,2026Q1中国收入同比约下降15.1%，陌陌与探探付费用户继续下滑,,,text,N/A,H,medium,1,event_driven,P1 synthesis,,2026-08-01,2026-08-01,核心业务仍处在结构性收缩阶段
MOMO-P1-0286,MOMO,P1,conclusion,conclusion,company,Hello Group,overseas_trend,P1,point_in_time,Global,not_applicable,2026Q1海外收入同比增长44.1%，占集团收入25.0%,,,text,N/A,H,medium,1,event_driven,P1 synthesis,,2026-08-01,2026-08-01,海外已从期权变成重要分部，但利润和集中度未披露
MOMO-P1-0287,MOMO,P1,conclusion,conclusion,company,Hello Group,cash_flow_quality,P1,point_in_time,Global,not_applicable,2026Q1营业利润同比增长，但经营现金流同比下降约33.7%，利息收入下降约55.1%,,,text,N/A,H,medium,1,event_driven,P1 synthesis,,2026-08-01,2026-08-01,P3需区分经营改善、营运资本和利息贡献
MOMO-P1-0288,MOMO,P1,conclusion,conclusion,company,Hello Group,shareholder_return,P1,point_in_time,Global,not_applicable,"截至2026-06-02累计回购6,370万ADS、投入3.995亿美元，均价约6.25美元",,,text,N/A,H,medium,1,event_driven,P1 synthesis,,2026-08-01,2026-08-01,当前股价接近历史平均回购价，实际每股价值仍需扣除稀释与现金消耗
MOMO-P1-0289,MOMO,P1,conclusion,conclusion,company,Hello Group,governance,P1,point_in_time,Global,not_applicable,创始人拥有约79.1%投票权,,,text,N/A,H,medium,1,event_driven,P1 synthesis,,2026-08-01,2026-08-01,少数股东保护和资本配置需治理折价
MOMO-P1-0290,MOMO,P1,conclusion,conclusion,company,Hello Group,M&A_option,P1,point_in_time,Global,not_applicable,2025年收购Happn及日本业务已贡献收入和利润，但形成商誉并消耗现金,,,text,N/A,H,medium,1,event_driven,P1 synthesis,,2026-08-01,2026-08-01,P2/P3需检验单位经济和回报率
MOMO-P1-0291,MOMO,P1,conclusion,score,company,Hello Group,data_quality_score,P1,point_in_time,Global,not_applicable,3.5,,,score/5,N/A,H,low,1,event_driven,P1 preliminary scoring,,2026-08-01,2026-08-01,公司财务与资本配置高置信；App外部数据低置信
MOMO-P1-0292,MOMO,P1,conclusion,score,company,Hello Group,preliminary_business_quality_score,P1,point_in_time,Global,not_applicable,2.5,,,score/5,N/A,H,low,1,event_driven,P1 preliminary scoring,,2026-08-01,2026-08-01,国内收缩、海外增长但利润与可复制性未验证
MOMO-P1-0293,MOMO,P1,conclusion,score,company,Hello Group,preliminary_governance_score,P1,point_in_time,Global,not_applicable,2.0,,,score/5,N/A,H,low,1,event_driven,P1 preliminary scoring,,2026-08-01,2026-08-01,高度集中投票权；股东回报真实但自由裁量权大
MOMO-P1-0294,MOMO,P1,conclusion,score,company,Hello Group,preliminary_valuation_attractiveness_score,P1,point_in_time,Global,not_applicable,3.5,,,score/5,N/A,H,low,1,event_driven,P1 preliminary scoring,,2026-08-01,2026-08-01,市值低于账面流动资金，但需P3可分配现金折价
MOMO-P2-0001,MOMO,P2,research_plan,conclusion,company,Hello Group,P2_scope_update,P2,point_in_time,Global,not_applicable,从泛行业分析收缩为四个估值问题：海外增量来源、买量依赖、绝对规模、国内衰退可控性,,,text,N/A,H,high,1,event_driven,Framework V3.1 + P1 review,/mnt/data/MOMO_JOYY_WB_低估互联网公司投资调研框架_V3.1_单文件上传版(1).md,2026-08-01,2026-08-01,P1已确认海外收入是真正第二曲线，但App级数据最缺；P2优先解决能改变预测概率的证据
MOMO-P2-0002,MOMO,P2,research_plan,conclusion,company,Hello Group,portfolio_first_method,P2,point_in_time,Global,not_applicable,先验证海外组合，再验证单App,,,text,N/A,H,high,1,event_driven,Framework V3.1 + P1 review,/mnt/data/MOMO_JOYY_WB_低估互联网公司投资调研框架_V3.1_单文件上传版(1).md,2026-08-01,2026-08-01,公司只披露海外收入而不披露单App收入；组合收入用于确认真实性，商店代理用于分配概率
MOMO-P2-0003,MOMO,P2,research_plan,conclusion,company,Hello Group,strict_growth_rule,P2,point_in_time,Global,not_applicable,公开代理不足时不强行认定单App同比增长,,,text,N/A,H,high,1,event_driven,Framework V3.1 + P1 review,/mnt/data/MOMO_JOYY_WB_低估互联网公司投资调研框架_V3.1_单文件上传版(1).md,2026-08-01,2026-08-01,只有滚动30日下载和当期排名，缺少连续MAU/流水；严格增长结论保留为中低置信度
MOMO-P2-0004,MOMO,P2,research_plan,conclusion,company,Hello Group,package_migration_rule,P2,point_in_time,Global,not_applicable,探探新旧包分开记录后再映射为同一经济实体,,,text,N/A,H,high,1,event_driven,Framework V3.1 + P1 review,/mnt/data/MOMO_JOYY_WB_低估互联网公司投资调研框架_V3.1_单文件上传版(1).md,2026-08-01,2026-08-01,旧Android包于2026-03-30下架，新国际包自2024-10上线；包迁移造成下载序列断点
MOMO-P2-0005,MOMO,P2,research_plan,conclusion,company,Hello Group,competitor_anchor_update,P2,point_in_time,Global,not_applicable,竞品分为公司级盈利锚和App级流量锚,,,text,N/A,H,high,1,event_driven,Framework V3.1 + P1 review,/mnt/data/MOMO_JOYY_WB_低估互联网公司投资调研框架_V3.1_单文件上传版(1).md,2026-08-01,2026-08-01,Yalla/Newborn用于收入利润锚；Yalla/MICO/TopTop与Tinder/Bumble/Hinge用于下载和排名锚
MOMO-P2-0006,MOMO,P2,research_plan,conclusion,company,Hello Group,excel_policy,P2,point_in_time,Global,not_applicable,P2不重建Excel,,,text,N/A,H,high,1,event_driven,Framework V3.1 + P1 review,/mnt/data/MOMO_JOYY_WB_低估互联网公司投资调研框架_V3.1_单文件上传版(1).md,2026-08-01,2026-08-01,业务与App判断只批量更新两个CSV和阶段Markdown；G3再重建五表Excel
MOMO-P2-0007,MOMO,P2,business_model,fact,company,Hello Group,business_timeline_event,2011,point_in_time,Global,actual,Momo launched,,,text,N/A,A,high,1,event_driven,Hello Group filing,https://www.sec.gov/Archives/edgar/data/1610601/000119312526183444/d13143d20f.htm,2026-04-29,2026-08-01,"Core domestic location/social product, later expanded into live entertainment and VAS"
MOMO-P2-0008,MOMO,P2,business_model,fact,company,Hello Group,business_timeline_event,2018-05,point_in_time,Global,actual,Tantan acquired,,,text,N/A,A,high,1,event_driven,Hello Group filing,https://www.sec.gov/Archives/edgar/data/1610601/000119312526183444/d13143d20f.htm,2026-04-29,2026-08-01,Added swipe-based dating and subscription monetization
MOMO-P2-0009,MOMO,P2,business_model,fact,company,Hello Group,business_timeline_event,2019-2022,point_in_time,Global,actual,Multi-app incubation begins,,,text,N/A,A,high,1,event_driven,Hello Group filing,https://www.sec.gov/Archives/edgar/data/1610601/000119312526183444/d13143d20f.htm,2026-04-29,2026-08-01,"Hertz, SoulChill, Duidui and other niche products added"
MOMO-P2-0010,MOMO,P2,business_model,fact,company,Hello Group,business_timeline_event,2023,point_in_time,Global,actual,Yaahlan and Amar emerge,,,text,N/A,A,high,1,event_driven,Hello Group filing,https://www.sec.gov/Archives/edgar/data/1610601/000119312526183444/d13143d20f.htm,2026-04-29,2026-08-01,Newer MENA audio/social products create a second wave after SoulChill
MOMO-P2-0011,MOMO,P2,business_model,fact,company,Hello Group,business_timeline_event,2025-09-02,point_in_time,Global,actual,Happn acquired,,,text,N/A,A,high,1,event_driven,Hello Group filing,https://www.sec.gov/Archives/edgar/data/1610601/000119312526183444/d13143d20f.htm,2026-04-29,2026-08-01,Added an established European location-based dating brand
MOMO-P2-0012,MOMO,P2,business_model,fact,company,Hello Group,business_timeline_event,2026Q1,point_in_time,Global,actual,Overseas reaches material scale,,,text,N/A,A,high,1,event_driven,Hello Group filing,https://www.sec.gov/Archives/edgar/data/1610601/000119312526252519/d80576dex991.htm,2026-06-02,2026-08-01,Overseas revenue reached 25.0% of group revenue; growth primarily from new MENA apps and acquired dating brands
MOMO-P2-0013,MOMO,P2,business_model,estimate,company,Hello Group,VAS_revenue_share,2025A,annual,Global,actual,0.985,,,%,N/A,E,high,1,quarterly,Hello Group Q1 2026 / 2025 Form 20-F,https://www.sec.gov/Archives/edgar/data/1610601/000119312526183444/d13143d20f.htm,2026-04-29,2026-08-01,Value-added services contributed 98.5% of total revenue
MOMO-P2-0014,MOMO,P2,business_model,fact,company,Hello Group,VAS_revenue,2026Q1,quarterly,Global,actual,2353.649,,,RMB mn,RMB,A,high,1,quarterly,Hello Group Q1 2026 / 2025 Form 20-F,https://www.sec.gov/Archives/edgar/data/1610601/000119312526252519/d80576dex991.htm,2026-06-02,2026-08-01,"Virtual gifts, subscriptions and paid features remain the economic core"
MOMO-P2-0015,MOMO,P2,business_model,estimate,company,Hello Group,VAS_revenue_share,2026Q1,quarterly,Global,actual,0.9864512467853825,,,%,N/A,E,high,1,quarterly,Hello Group Q1 2026 / 2025 Form 20-F,https://www.sec.gov/Archives/edgar/data/1610601/000119312526252519/d80576dex991.htm,2026-06-02,2026-08-01,Q1 VAS share calculated from disclosed revenue
MOMO-P2-0016,MOMO,P2,business_model,fact,company,Hello Group,overseas_revenue,2026Q1,quarterly,Overseas,actual,597.408,,,RMB mn,RMB,A,high,1,quarterly,Hello Group Q1 2026 / 2025 Form 20-F,https://www.sec.gov/Archives/edgar/data/1610601/000119312526252519/d80576dex991.htm,2026-06-02,2026-08-01,Driven by new MENA audio/video apps plus dating brands outside MENA
MOMO-P2-0017,MOMO,P2,business_model,fact,company,Hello Group,overseas_revenue_growth,2026Q1,quarterly,Overseas,actual,0.441,,,%,N/A,A,high,1,quarterly,Hello Group Q1 2026 / 2025 Form 20-F,https://www.sec.gov/Archives/edgar/data/1610601/000119312526252519/d80576dex991.htm,2026-06-02,2026-08-01,Portfolio-level growth is company-disclosed
MOMO-P2-0018,MOMO,P2,business_model,estimate,company,Hello Group,overseas_revenue_share,2026Q1,quarterly,Overseas,actual,0.2503830717492548,,,%,N/A,E,high,1,quarterly,Hello Group Q1 2026 / 2025 Form 20-F,https://www.sec.gov/Archives/edgar/data/1610601/000119312526252519/d80576dex991.htm,2026-06-02,2026-08-01,Material second business pillar
MOMO-P2-0019,MOMO,P2,business_model,fact,company,Hello Group,sales_marketing_expense,2026Q1,quarterly,Global,actual,343.241,,,RMB mn,RMB,A,high,1,quarterly,Hello Group Q1 2026 / 2025 Form 20-F,https://www.sec.gov/Archives/edgar/data/1610601/000119312526252519/d80576dex991.htm,2026-06-02,2026-08-01,Company increased marketing for new overseas apps while reducing China marketing
MOMO-P2-0020,MOMO,P2,business_model,estimate,company,Hello Group,sales_marketing_ratio,2026Q1,quarterly,Global,actual,0.1438576917789617,,,%,N/A,E,high,1,quarterly,Hello Group Q1 2026 / 2025 Form 20-F,https://www.sec.gov/Archives/edgar/data/1610601/000119312526252519/d80576dex991.htm,2026-06-02,2026-08-01,Consolidated ratio; not an overseas CAC measure
MOMO-P2-0021,MOMO,P2,business_model,estimate,company,Hello Group,cost_of_revenue_ratio,2026Q1,quarterly,Global,actual,0.6133037381767461,,,%,N/A,E,high,1,quarterly,Hello Group Q1 2026 / 2025 Form 20-F,https://www.sec.gov/Archives/edgar/data/1610601/000119312526252519/d80576dex991.htm,2026-06-02,2026-08-01,Revenue-sharing economics remain important
MOMO-P2-0022,MOMO,P2,business_model,estimate,company,Hello Group,cost_of_revenue_ratio,2025Q1,quarterly,Global,actual,0.6224421669803855,,,%,N/A,E,high,1,quarterly,Hello Group Q1 2026 / 2025 Form 20-F,https://www.sec.gov/Archives/edgar/data/1610601/000119312526252519/d80576dex991.htm,2026-06-02,2026-08-01,Comparison base
MOMO-P2-0023,MOMO,P2,business_model,estimate,segment,Overseas operations,incremental_revenue_YoY,2026Q1,quarterly,Overseas,actual,182.80600000000004,,,RMB mn,RMB,E,high,1,quarterly,Calculated from Q1 2026 release,https://www.sec.gov/Archives/edgar/data/1610601/000119312526252519/d80576dex991.htm,2026-06-02,2026-08-01,Overseas revenue increase versus Q1 2025
MOMO-P2-0024,MOMO,P2,business_model,estimate,company,Hello Group,incremental_sales_marketing_YoY,2026Q1,quarterly,Global,actual,14.062999999999988,,,RMB mn,RMB,E,high,1,quarterly,Calculated from Q1 2026 release,https://www.sec.gov/Archives/edgar/data/1610601/000119312526252519/d80576dex991.htm,2026-06-02,2026-08-01,Total group S&M increase; China reductions offset overseas increases
MOMO-P2-0025,MOMO,P2,business_model,estimate,company,Hello Group,overseas_incremental_revenue_to_group_SM_increment,2026Q1,quarterly,Global,actual,12.999075588423537,,,x,N/A,E,medium,0,quarterly,Calculated from Q1 2026 release,https://www.sec.gov/Archives/edgar/data/1610601/000119312526252519/d80576dex991.htm,2026-06-02,2026-08-01,Directionally positive but not a CAC/ROI metric because geographic expense split is unavailable
MOMO-P2-0026,MOMO,P2,business_model,fact,app,Momo app,monetization_model,P2,point_in_time,Global,not_applicable,Virtual gifting + memberships + paid social features,,,text,N/A,A,medium,1,event_driven,Hello Group filings + app stores,https://www.sec.gov/Archives/edgar/data/1610601/000119312526183444/d13143d20f.htm,2026-04-29,2026-08-01,Broadcaster/host supply and payer spending drive revenue
MOMO-P2-0027,MOMO,P2,business_model,fact,app,Tantan,monetization_model,P2,point_in_time,Global,not_applicable,Subscription + à-la-carte matching features,,,text,N/A,A,medium,1,event_driven,Hello Group filings + app stores,https://www.sec.gov/Archives/edgar/data/1610601/000119312526183444/d13143d20f.htm,2026-04-29,2026-08-01,Large free pool supports premium conversion; trust and match quality are critical
MOMO-P2-0028,MOMO,P2,business_model,fact,app,SoulChill,monetization_model,P2,point_in_time,Global,not_applicable,Audio-room virtual gifting,,,text,N/A,A,medium,1,event_driven,Hello Group filings + app stores,https://www.sec.gov/Archives/edgar/data/1610601/000119312526183444/d13143d20f.htm,2026-04-29,2026-08-01,Localized hosts/agents and paying-user density determine room economics
MOMO-P2-0029,MOMO,P2,business_model,fact,app,Yaahlan,monetization_model,P2,point_in_time,Global,not_applicable,Audio chat + social games + virtual gifting,,,text,N/A,A,medium,1,event_driven,Hello Group filings + app stores,https://www.sec.gov/Archives/edgar/data/1610601/000119312526183444/d13143d20f.htm,2026-04-29,2026-08-01,Newer acquisition-led MENA product; current monetization visible in Saudi rankings
MOMO-P2-0030,MOMO,P2,business_model,fact,app,Amar,monetization_model,P2,point_in_time,Global,not_applicable,Voice/video/text social + virtual gifting,,,text,N/A,A,medium,1,event_driven,Hello Group filings + app stores,https://www.sec.gov/Archives/edgar/data/1610601/000119312526183444/d13143d20f.htm,2026-04-29,2026-08-01,Turkey is the strongest public monetization signal
MOMO-P2-0031,MOMO,P2,business_model,fact,app,Happn,monetization_model,P2,point_in_time,Global,not_applicable,Subscription + à-la-carte dating features,,,text,N/A,A,medium,1,event_driven,Hello Group filings + app stores,https://www.sec.gov/Archives/edgar/data/1610601/000119312526183444/d13143d20f.htm,2026-04-29,2026-08-01,Local density and location-based discovery support a niche European brand
MOMO-P2-0032,MOMO,P2,app_summary,proxy,app,SoulChill,android_cumulative_downloads_proxy,2026-08-01,point_in_time,MENA/Europe,actual,50.0,,,mn downloads,N/A,P,medium,1,event_driven,AppBrain,https://www.appbrain.com/app/soulchill-voice-chat-party/com.live.soulchill,2026-08-01,2026-08-01,"Android-only external proxy; not MAU, registrations, revenue or all-platform data"
MOMO-P2-0033,MOMO,P2,app_summary,proxy,app,SoulChill,android_rolling_30d_downloads_proxy,2026-08-01,monthly,MENA/Europe,actual,0.59,,,mn downloads,N/A,P,medium,1,monthly,AppBrain,https://www.appbrain.com/app/soulchill-voice-chat-party/com.live.soulchill,2026-08-01,2026-08-01,"Android-only external proxy; not MAU, registrations, revenue or all-platform data"
MOMO-P2-0034,MOMO,P2,app_summary,proxy,app,SoulChill,android_rating,2026-08-01,point_in_time,MENA/Europe,actual,4.19,,,score/5,N/A,P,medium,1,event_driven,AppBrain,https://www.appbrain.com/app/soulchill-voice-chat-party/com.live.soulchill,2026-08-01,2026-08-01,"Android-only external proxy; not MAU, registrations, revenue or all-platform data"
MOMO-P2-0035,MOMO,P2,app_summary,proxy,app,SoulChill,android_rating_count,2026-08-01,point_in_time,MENA/Europe,actual,0.19,,,mn ratings,N/A,P,medium,1,event_driven,AppBrain,https://www.appbrain.com/app/soulchill-voice-chat-party/com.live.soulchill,2026-08-01,2026-08-01,"Android-only external proxy; not MAU, registrations, revenue or all-platform data"
MOMO-P2-0036,MOMO,P2,app_summary,conclusion,app,SoulChill,P2_scale_growth_judgement,P2,point_in_time,MENA/Europe,not_applicable,已形成成熟规模和多国变现，但公司称2026Q1增量主要来自新App，因此SoulChill更像稳定底盘而非唯一增量引擎,,,text,N/A,H,medium,1,quarterly,P2 synthesis,https://www.appbrain.com/app/soulchill-voice-chat-party/com.live.soulchill,2026-08-01,2026-08-01,Portfolio revenue confirms overall growth; app-level strict YoY growth remains unproven without time-series MAU/store revenue
MOMO-P2-0037,MOMO,P2,app_summary,assumption,app,SoulChill,app_tier_after_P2,P2,point_in_time,MENA/Europe,not_applicable,Tier 1,,,text,N/A,H,medium,1,quarterly,P2 tier review,/mnt/data/MOMO_JOYY_WB_低估互联网公司投资调研框架_V3.1_单文件上传版(1).md,2026-08-01,2026-08-01,"Tier decision based on absolute scale, company disclosure and public monetization proxies"
MOMO-P2-0038,MOMO,P2,app_summary,proxy,app,Yaahlan,android_cumulative_downloads_proxy,2026-08-01,point_in_time,MENA/Europe,actual,11.0,,,mn downloads,N/A,P,medium,1,event_driven,AppBrain,https://www.appbrain.com/app/yaahlan-voice-chat-party-games/com.immomo.biz.yaahlan,2026-08-01,2026-08-01,"Android-only external proxy; not MAU, registrations, revenue or all-platform data"
MOMO-P2-0039,MOMO,P2,app_summary,proxy,app,Yaahlan,android_rolling_30d_downloads_proxy,2026-08-01,monthly,MENA/Europe,actual,0.67,,,mn downloads,N/A,P,medium,1,monthly,AppBrain,https://www.appbrain.com/app/yaahlan-voice-chat-party-games/com.immomo.biz.yaahlan,2026-08-01,2026-08-01,"Android-only external proxy; not MAU, registrations, revenue or all-platform data"
MOMO-P2-0040,MOMO,P2,app_summary,proxy,app,Yaahlan,android_rating,2026-08-01,point_in_time,MENA/Europe,actual,3.56,,,score/5,N/A,P,medium,1,event_driven,AppBrain,https://www.appbrain.com/app/yaahlan-voice-chat-party-games/com.immomo.biz.yaahlan,2026-08-01,2026-08-01,"Android-only external proxy; not MAU, registrations, revenue or all-platform data"
MOMO-P2-0041,MOMO,P2,app_summary,proxy,app,Yaahlan,android_rating_count,2026-08-01,point_in_time,MENA/Europe,actual,0.012,,,mn ratings,N/A,P,medium,1,event_driven,AppBrain,https://www.appbrain.com/app/yaahlan-voice-chat-party-games/com.immomo.biz.yaahlan,2026-08-01,2026-08-01,"Android-only external proxy; not MAU, registrations, revenue or all-platform data"
MOMO-P2-0042,MOMO,P2,app_summary,conclusion,app,Yaahlan,P2_scale_growth_judgement,P2,point_in_time,MENA/Europe,not_applicable,滚动下载速度在目标MENA产品中最高，沙特有畅销排名；高增长概率较高，但低评分和缺少收入披露使质量未验证,,,text,N/A,H,medium,1,quarterly,P2 synthesis,https://www.appbrain.com/app/yaahlan-voice-chat-party-games/com.immomo.biz.yaahlan,2026-08-01,2026-08-01,Portfolio revenue confirms overall growth; app-level strict YoY growth remains unproven without time-series MAU/store revenue
MOMO-P2-0043,MOMO,P2,app_summary,assumption,app,Yaahlan,app_tier_after_P2,P2,point_in_time,MENA/Europe,not_applicable,Tier 2 high-priority,,,text,N/A,H,medium,1,quarterly,P2 tier review,/mnt/data/MOMO_JOYY_WB_低估互联网公司投资调研框架_V3.1_单文件上传版(1).md,2026-08-01,2026-08-01,"Tier decision based on absolute scale, company disclosure and public monetization proxies"
MOMO-P2-0044,MOMO,P2,app_summary,proxy,app,Amar,android_cumulative_downloads_proxy,2026-08-01,point_in_time,Turkey/MENA/Europe,actual,9.9,,,mn downloads,N/A,P,medium,1,event_driven,AppBrain,https://www.appbrain.com/app/amar-live%C2%A0chat-voice%C2%A0room/com.immomo.biz.ddoversea,2026-08-01,2026-08-01,"Android-only external proxy; not MAU, registrations, revenue or all-platform data"
MOMO-P2-0045,MOMO,P2,app_summary,proxy,app,Amar,android_rolling_30d_downloads_proxy,2026-08-01,monthly,Turkey/MENA/Europe,actual,0.5,,,mn downloads,N/A,P,medium,1,monthly,AppBrain,https://www.appbrain.com/app/amar-live%C2%A0chat-voice%C2%A0room/com.immomo.biz.ddoversea,2026-08-01,2026-08-01,"Android-only external proxy; not MAU, registrations, revenue or all-platform data"
MOMO-P2-0046,MOMO,P2,app_summary,proxy,app,Amar,android_rating,2026-08-01,point_in_time,Turkey/MENA/Europe,actual,4.33,,,score/5,N/A,P,medium,1,event_driven,AppBrain,https://www.appbrain.com/app/amar-live%C2%A0chat-voice%C2%A0room/com.immomo.biz.ddoversea,2026-08-01,2026-08-01,"Android-only external proxy; not MAU, registrations, revenue or all-platform data"
MOMO-P2-0047,MOMO,P2,app_summary,proxy,app,Amar,android_rating_count,2026-08-01,point_in_time,Turkey/MENA/Europe,actual,0.041,,,mn ratings,N/A,P,medium,1,event_driven,AppBrain,https://www.appbrain.com/app/amar-live%C2%A0chat-voice%C2%A0room/com.immomo.biz.ddoversea,2026-08-01,2026-08-01,"Android-only external proxy; not MAU, registrations, revenue or all-platform data"
MOMO-P2-0048,MOMO,P2,app_summary,conclusion,app,Amar,P2_scale_growth_judgement,P2,point_in_time,Turkey/MENA/Europe,not_applicable,土耳其畅销排名强，规模真实；地域集中度和监管风险高于组合平均,,,text,N/A,H,medium,1,quarterly,P2 synthesis,https://www.appbrain.com/app/amar-live%C2%A0chat-voice%C2%A0room/com.immomo.biz.ddoversea,2026-08-01,2026-08-01,Portfolio revenue confirms overall growth; app-level strict YoY growth remains unproven without time-series MAU/store revenue
MOMO-P2-0049,MOMO,P2,app_summary,assumption,app,Amar,app_tier_after_P2,P2,point_in_time,Turkey/MENA/Europe,not_applicable,Tier 2,,,text,N/A,H,medium,1,quarterly,P2 tier review,/mnt/data/MOMO_JOYY_WB_低估互联网公司投资调研框架_V3.1_单文件上传版(1).md,2026-08-01,2026-08-01,"Tier decision based on absolute scale, company disclosure and public monetization proxies"
MOMO-P2-0050,MOMO,P2,app_summary,proxy,app,Happn,android_cumulative_downloads_proxy,2026-08-01,point_in_time,Europe/LatAm/Australia/Turkey,actual,120.0,,,mn downloads,N/A,P,medium,1,event_driven,AppBrain,https://www.appbrain.com/app/happn-dating-app/com.ftw_and_co.happn,2026-08-01,2026-08-01,"Android-only external proxy; not MAU, registrations, revenue or all-platform data"
MOMO-P2-0051,MOMO,P2,app_summary,proxy,app,Happn,android_rolling_30d_downloads_proxy,2026-08-01,monthly,Europe/LatAm/Australia/Turkey,actual,0.75,,,mn downloads,N/A,P,medium,1,monthly,AppBrain,https://www.appbrain.com/app/happn-dating-app/com.ftw_and_co.happn,2026-08-01,2026-08-01,"Android-only external proxy; not MAU, registrations, revenue or all-platform data"
MOMO-P2-0052,MOMO,P2,app_summary,proxy,app,Happn,android_rating,2026-08-01,point_in_time,Europe/LatAm/Australia/Turkey,actual,3.99,,,score/5,N/A,P,medium,1,event_driven,AppBrain,https://www.appbrain.com/app/happn-dating-app/com.ftw_and_co.happn,2026-08-01,2026-08-01,"Android-only external proxy; not MAU, registrations, revenue or all-platform data"
MOMO-P2-0053,MOMO,P2,app_summary,proxy,app,Happn,android_rating_count,2026-08-01,point_in_time,Europe/LatAm/Australia/Turkey,actual,2.0,,,mn ratings,N/A,P,medium,1,event_driven,AppBrain,https://www.appbrain.com/app/happn-dating-app/com.ftw_and_co.happn,2026-08-01,2026-08-01,"Android-only external proxy; not MAU, registrations, revenue or all-platform data"
MOMO-P2-0054,MOMO,P2,app_summary,conclusion,app,Happn,P2_scale_growth_judgement,P2,point_in_time,Europe/LatAm/Australia/Turkey,not_applicable,安装基础与多国排名真实，且已贡献财报收入；但下载速度远低于Tinder、低于Bumble，属于成熟区域品牌而非高速平台,,,text,N/A,H,medium,1,quarterly,P2 synthesis,https://www.appbrain.com/app/happn-dating-app/com.ftw_and_co.happn,2026-08-01,2026-08-01,Portfolio revenue confirms overall growth; app-level strict YoY growth remains unproven without time-series MAU/store revenue
MOMO-P2-0055,MOMO,P2,app_summary,assumption,app,Happn,app_tier_after_P2,P2,point_in_time,Europe/LatAm/Australia/Turkey,not_applicable,Tier 1,,,text,N/A,H,medium,1,quarterly,P2 tier review,/mnt/data/MOMO_JOYY_WB_低估互联网公司投资调研框架_V3.1_单文件上传版(1).md,2026-08-01,2026-08-01,"Tier decision based on absolute scale, company disclosure and public monetization proxies"
MOMO-P2-0056,MOMO,P2,app_summary,proxy,app,Tantan Global,android_cumulative_downloads_proxy,2026-08-01,point_in_time,Global ex-China,actual,3.0,,,mn downloads,N/A,P,medium,1,event_driven,AppBrain,https://www.appbrain.com/app/tantan-global-dating-app/com.tantantribe.tribe,2026-08-01,2026-08-01,"Android-only external proxy; not MAU, registrations, revenue or all-platform data"
MOMO-P2-0057,MOMO,P2,app_summary,proxy,app,Tantan Global,android_rolling_30d_downloads_proxy,2026-08-01,monthly,Global ex-China,actual,0.32,,,mn downloads,N/A,P,medium,1,monthly,AppBrain,https://www.appbrain.com/app/tantan-global-dating-app/com.tantantribe.tribe,2026-08-01,2026-08-01,"Android-only external proxy; not MAU, registrations, revenue or all-platform data"
MOMO-P2-0058,MOMO,P2,app_summary,proxy,app,Tantan Global,android_rating,2026-08-01,point_in_time,Global ex-China,actual,3.9,,,score/5,N/A,P,medium,1,event_driven,AppBrain,https://www.appbrain.com/app/tantan-global-dating-app/com.tantantribe.tribe,2026-08-01,2026-08-01,"Android-only external proxy; not MAU, registrations, revenue or all-platform data"
MOMO-P2-0059,MOMO,P2,app_summary,proxy,app,Tantan Global,android_rating_count,2026-08-01,point_in_time,Global ex-China,actual,0.018,,,mn ratings,N/A,P,medium,1,event_driven,AppBrain,https://www.appbrain.com/app/tantan-global-dating-app/com.tantantribe.tribe,2026-08-01,2026-08-01,"Android-only external proxy; not MAU, registrations, revenue or all-platform data"
MOMO-P2-0060,MOMO,P2,app_summary,conclusion,app,Tantan Global,P2_scale_growth_judgement,P2,point_in_time,Global ex-China,not_applicable,新包处于重新积累阶段；不能与旧包90m累计下载直接拼接，经济判断仍以公司付费用户为主,,,text,N/A,H,medium,1,quarterly,P2 synthesis,https://www.appbrain.com/app/tantan-global-dating-app/com.tantantribe.tribe,2026-08-01,2026-08-01,Portfolio revenue confirms overall growth; app-level strict YoY growth remains unproven without time-series MAU/store revenue
MOMO-P2-0061,MOMO,P2,app_summary,assumption,app,Tantan Global,app_tier_after_P2,P2,point_in_time,Global ex-China,not_applicable,Tier 1 mapping / package reset,,,text,N/A,H,medium,1,quarterly,P2 tier review,/mnt/data/MOMO_JOYY_WB_低估互联网公司投资调研框架_V3.1_单文件上传版(1).md,2026-08-01,2026-08-01,"Tier decision based on absolute scale, company disclosure and public monetization proxies"
MOMO-P2-0062,MOMO,P2,app_summary,proxy,app,Tantan,legacy_android_package_status,2026-03-30,point_in_time,Global ex-China,actual,Removed from Google Play,,,text,N/A,P,high,1,event_driven,AppBrain,https://www.appbrain.com/app/tantan-asian-dating-app/com.p1.mobile.putong,2026-08-01,2026-08-01,Legacy package com.p1.mobile.putong had about 90m cumulative downloads before removal; do not interpret package disappearance as the full economic decline
MOMO-P2-0063,MOMO,P2,app_summary,conclusion,app,Tantan,package_migration_interpretation,P2,point_in_time,Global,not_applicable,数据断点与经营下滑同时存在,,,text,N/A,H,high,1,event_driven,P2 synthesis,https://www.appbrain.com/app/tantan-asian-dating-app/com.p1.mobile.putong,2026-08-01,2026-08-01,新包重置会压低外部累计/历史序列，但公司披露付费用户由0.8m降至0.6m，真实经营压力不能归因于迁包
MOMO-P2-0064,MOMO,P2,app_summary,proxy,app,SoulChill,social_top_free_rank,2026-08-01,monthly,Germany,actual,13,,,rank,N/A,P,medium,0,monthly,AppBrain,https://www.appbrain.com/app/soulchill-voice-chat-party/com.live.soulchill,2026-08-01,2026-08-01,Social top grossing #6; overall top grossing #67
MOMO-P2-0065,MOMO,P2,app_summary,proxy,app,SoulChill,overall_top_grossing_rank,2026-08-01,monthly,Saudi Arabia,actual,35,,,rank,N/A,P,medium,0,monthly,AppBrain,https://www.appbrain.com/app/soulchill-voice-chat-party/com.live.soulchill,2026-08-01,2026-08-01,Strong monetization signal
MOMO-P2-0066,MOMO,P2,app_summary,proxy,app,SoulChill,overall_top_grossing_rank,2026-08-01,monthly,Turkey,actual,37,,,rank,N/A,P,medium,0,monthly,AppBrain,https://www.appbrain.com/app/soulchill-voice-chat-party/com.live.soulchill,2026-08-01,2026-08-01,Rank exists in AppBrain despite Feb-2026 removal order; legal reinstatement remains unconfirmed
MOMO-P2-0067,MOMO,P2,app_summary,proxy,app,SoulChill,social_top_grossing_rank,2026-08-01,monthly,Netherlands,actual,6,,,rank,N/A,P,medium,0,monthly,AppBrain,https://www.appbrain.com/app/soulchill-voice-chat-party/com.live.soulchill,2026-08-01,2026-08-01,Also social top free #19
MOMO-P2-0068,MOMO,P2,app_summary,proxy,app,Yaahlan,overall_top_grossing_rank,2026-08-01,monthly,Saudi Arabia,actual,64,,,rank,N/A,P,medium,0,monthly,AppBrain,https://www.appbrain.com/app/yaahlan-voice-chat-party-games/com.immomo.biz.yaahlan,2026-08-01,2026-08-01,Also social top free #32
MOMO-P2-0069,MOMO,P2,app_summary,proxy,app,Yaahlan,social_top_free_rank,2026-08-01,monthly,Germany,actual,25,,,rank,N/A,P,medium,0,monthly,AppBrain,https://www.appbrain.com/app/yaahlan-voice-chat-party-games/com.immomo.biz.yaahlan,2026-08-01,2026-08-01,Social top grossing #32
MOMO-P2-0070,MOMO,P2,app_summary,proxy,app,Yaahlan,overall_top_grossing_rank,2026-08-01,monthly,Turkey,actual,174,,,rank,N/A,P,medium,0,monthly,AppBrain,https://www.appbrain.com/app/yaahlan-voice-chat-party-games/com.immomo.biz.yaahlan,2026-08-01,2026-08-01,Lower monetization than SoulChill/Amar
MOMO-P2-0071,MOMO,P2,app_summary,proxy,app,Amar,overall_top_grossing_rank,2026-08-01,monthly,Turkey,actual,22,,,rank,N/A,P,medium,0,monthly,AppBrain,https://www.appbrain.com/app/amar-live%C2%A0chat-voice%C2%A0room/com.immomo.biz.ddoversea,2026-08-01,2026-08-01,Social top grossing #7 and social top free #13
MOMO-P2-0072,MOMO,P2,app_summary,proxy,app,Amar,social_top_free_rank,2026-08-01,monthly,Germany,actual,20,,,rank,N/A,P,medium,0,monthly,AppBrain,https://www.appbrain.com/app/amar-live%C2%A0chat-voice%C2%A0room/com.immomo.biz.ddoversea,2026-08-01,2026-08-01,Acquisition signal outside core MENA
MOMO-P2-0073,MOMO,P2,app_summary,proxy,app,Amar,overall_top_grossing_rank,2026-08-01,monthly,Iran,actual,144,,,rank,N/A,P,medium,0,monthly,AppBrain,https://www.appbrain.com/app/amar-live%C2%A0chat-voice%C2%A0room/com.immomo.biz.ddoversea,2026-08-01,2026-08-01,Secondary monetization market
MOMO-P2-0074,MOMO,P2,app_summary,proxy,app,Happn,dating_top_free_rank,2026-08-01,monthly,Turkey,actual,1,,,rank,N/A,P,medium,0,monthly,AppBrain,https://www.appbrain.com/app/happn-dating-app/com.ftw_and_co.happn,2026-08-01,2026-08-01,Overall top grossing #19
MOMO-P2-0075,MOMO,P2,app_summary,proxy,app,Happn,dating_top_free_rank,2026-08-01,monthly,Australia,actual,1,,,rank,N/A,P,medium,0,monthly,AppBrain,https://www.appbrain.com/app/happn-dating-app/com.ftw_and_co.happn,2026-08-01,2026-08-01,Strong local acquisition rank
MOMO-P2-0076,MOMO,P2,app_summary,proxy,app,Happn,dating_top_free_rank,2026-08-01,monthly,France,actual,5,,,rank,N/A,P,medium,0,monthly,AppBrain,https://www.appbrain.com/app/happn-dating-app/com.ftw_and_co.happn,2026-08-01,2026-08-01,Overall top grossing #30; core-origin market
MOMO-P2-0077,MOMO,P2,app_summary,proxy,app,Happn,dating_top_free_rank,2026-08-01,monthly,Netherlands,actual,3,,,rank,N/A,P,medium,0,monthly,AppBrain,https://www.appbrain.com/app/happn-dating-app/com.ftw_and_co.happn,2026-08-01,2026-08-01,Established European footprint
MOMO-P2-0078,MOMO,P2,app_summary,proxy,app,Happn,dating_top_free_rank,2026-08-01,monthly,Brazil,actual,6,,,rank,N/A,P,medium,0,monthly,AppBrain,https://www.appbrain.com/app/happn-dating-app/com.ftw_and_co.happn,2026-08-01,2026-08-01,Geography extends beyond Europe
MOMO-P2-0079,MOMO,P2,app_summary,proxy,app,Tantan Global,dating_top_free_rank,2026-08-01,monthly,Indonesia,actual,1,,,rank,N/A,P,medium,0,monthly,AppBrain,https://www.appbrain.com/app/tantan-global-dating-app/com.tantantribe.tribe,2026-08-01,2026-08-01,New international package strong in Indonesia
MOMO-P2-0080,MOMO,P2,app_summary,proxy,app,Tantan Global,dating_top_grossing_rank,2026-08-01,monthly,Iran,actual,7,,,rank,N/A,P,medium,0,monthly,AppBrain,https://www.appbrain.com/app/tantan-global-dating-app/com.tantantribe.tribe,2026-08-01,2026-08-01,Monetization proxy
MOMO-P2-0081,MOMO,P2,app_summary,conclusion,segment,Overseas operations,strict_growth_test,2026Q1,point_in_time,Overseas,not_applicable,组合层面通过，单App国家层面未完全通过,,,text,N/A,H,medium,1,quarterly,Company filing + AppBrain cross-check,https://www.sec.gov/Archives/edgar/data/1610601/000119312526252519/d80576dex991.htm,2026-06-02,2026-08-01,海外收入+44.1%，多个App有实质下载/畅销排名和持续更新；但缺少连续三个月MAU/流水，不能对每个App给出严格同比增长结论
MOMO-P2-0082,MOMO,P2,app_summary,conclusion,segment,Overseas operations,growth_concentration_assessment,P2,point_in_time,Overseas,not_applicable,组合分散、单App仍可能区域集中,,,text,N/A,H,medium,1,quarterly,P2 synthesis,https://www.sec.gov/Archives/edgar/data/1610601/000119312526183444/d13143d20f.htm,2026-04-29,2026-08-01,SoulChill覆盖德国、沙特、土耳其、荷兰；Yaahlan变现偏沙特；Amar明显偏土耳其；Happn覆盖欧洲、拉美和澳洲。收入集中度未披露
MOMO-P2-0083,MOMO,P2,competitor,fact,competitor,Yalla Group,Q1 revenue,2026Q1,quarterly,MENA,actual,79.0,,,USD mn,USD,A,high,1,quarterly,Yalla Group official results,https://ir.yalla.com/2026-05-18-Yalla-Group-Limited-Announces-Unaudited-First-Quarter-2026-Financial-Results,2026-05-18,2026-08-01,Yalla total revenue; directly comparable only as a MENA social/games group anchor
MOMO-P2-0084,MOMO,P2,competitor,fact,competitor,Yalla Group,average_MAU,2026Q1,quarterly,MENA,actual,48.007,,,mn users,N/A,A,high,1,quarterly,Yalla Group official results,https://ir.yalla.com/2026-05-18-Yalla-Group-Limited-Announces-Unaudited-First-Quarter-2026-Financial-Results,2026-05-18,2026-08-01,MAU +7.7% YoY
MOMO-P2-0085,MOMO,P2,competitor,fact,competitor,Yalla Group,paying_users,2026Q1,quarterly,MENA,actual,10.476,,,mn users,N/A,A,high,1,quarterly,Yalla Group official results,https://ir.yalla.com/2026-05-18-Yalla-Group-Limited-Announces-Unaudited-First-Quarter-2026-Financial-Results,2026-05-18,2026-08-01,Payers declined from 11.787m
MOMO-P2-0086,MOMO,P2,competitor,fact,competitor,Yalla Group,non_GAAP_net_margin,2026Q1,quarterly,MENA,actual,0.421,,,%,N/A,A,high,1,quarterly,Yalla Group official results,https://ir.yalla.com/2026-05-18-Yalla-Group-Limited-Announces-Unaudited-First-Quarter-2026-Financial-Results,2026-05-18,2026-08-01,Shows MENA voice/social can be highly profitable
MOMO-P2-0087,MOMO,P2,competitor,fact,competitor,Newborn Town,social_networking_revenue,2025A,annual,Overseas,actual,6142.266,,,RMB mn,RMB,A,high,1,annual,Newborn Town official results,https://www1.hkexnews.hk/listedco/listconews/sehk/2026/0423/2026042300506.pdf,2026-04-23,2026-08-01,Social segment revenue +32.9%
MOMO-P2-0088,MOMO,P2,competitor,fact,competitor,Newborn Town,social_networking_gross_margin,2025A,annual,Overseas,actual,0.544,,,%,N/A,A,high,1,annual,Newborn Town official results,https://www1.hkexnews.hk/listedco/listconews/sehk/2026/0423/2026042300506.pdf,2026-04-23,2026-08-01,Gross margin improved from 49.8%
MOMO-P2-0089,MOMO,P2,competitor,fact,competitor,Newborn Town,selling_marketing_expense,2025A,annual,Overseas,actual,2266.4,,,RMB mn,RMB,A,high,1,annual,Newborn Town official results,https://www1.hkexnews.hk/listedco/listconews/sehk/2026/0423/2026042300506.pdf,2026-04-23,2026-08-01,"+75.0%, intensified promotion of SUGO and TopTop"
MOMO-P2-0090,MOMO,P2,competitor,fact,competitor,Newborn Town,social_networking_revenue_midpoint,2026Q1,quarterly,Overseas,actual,1825.0,,,RMB mn,RMB,A,high,1,quarterly,Newborn Town official results,https://www.eqs-news.com/news/corporate/newborn-town-reports-q1-2026-revenue-above-rmb-2-billion-up-33-0-39-6-yoy/f6d4af21-caef-42fd-a1cb-727252cf4ce8_en,2026-04-23,2026-08-01,Q1 guidance/range midpoint; +31.3% to +37.2% YoY
MOMO-P2-0091,MOMO,P2,competitor,fact,competitor,Match Group,revenue,2026Q1,quarterly,Global,actual,864.0,,,USD mn,USD,A,high,1,quarterly,Match Group official results,https://ir.mtch.com/investor-relations/news-events/news-events/news-details/2026/Match-Group-Announces-First-Quarter-Results/default.aspx,2026-05-05,2026-08-01,Global dating company anchor
MOMO-P2-0092,MOMO,P2,competitor,fact,competitor,Match Group,payers,2026Q1,quarterly,Global,actual,13.521,,,mn users,N/A,A,high,1,quarterly,Match Group official results,https://ir.mtch.com/investor-relations/news-events/news-events/news-details/2026/Match-Group-Announces-First-Quarter-Results/default.aspx,2026-05-05,2026-08-01,Payers -5% YoY
MOMO-P2-0093,MOMO,P2,competitor,fact,competitor,Match Group,adjusted_EBITDA_margin,2026Q1,quarterly,Global,actual,0.4,,,%,N/A,A,high,1,quarterly,Match Group official results,https://ir.mtch.com/investor-relations/news-events/news-events/news-details/2026/Match-Group-Announces-First-Quarter-Results/default.aspx,2026-05-05,2026-08-01,Scale profitability anchor
MOMO-P2-0094,MOMO,P2,competitor,fact,competitor,Bumble,revenue,2026Q1,quarterly,Global,actual,212.4,,,USD mn,USD,A,high,1,quarterly,Bumble official results,https://ir.bumble.com/news/news-details/2026/Bumble-Inc--Announces-First-Quarter-2026-Results/default.aspx,2026-05-05,2026-08-01,Dating company anchor
MOMO-P2-0095,MOMO,P2,competitor,fact,competitor,Bumble,paying_users,2026Q1,quarterly,Global,actual,3.1663,,,mn users,N/A,A,high,1,quarterly,Bumble official results,https://ir.bumble.com/news/news-details/2026/Bumble-Inc--Announces-First-Quarter-2026-Results/default.aspx,2026-05-05,2026-08-01,Payers -21.1% YoY
MOMO-P2-0096,MOMO,P2,competitor,fact,competitor,Bumble,adjusted_EBITDA_margin,2026Q1,quarterly,Global,actual,0.389,,,%,N/A,A,high,1,quarterly,Bumble official results,https://ir.bumble.com/news/news-details/2026/Bumble-Inc--Announces-First-Quarter-2026-Results/default.aspx,2026-05-05,2026-08-01,Cost discipline improved despite revenue decline
MOMO-P2-0097,MOMO,P2,competitor,proxy,competitor,Yalla,android_cumulative_downloads_proxy,2026-08-01,monthly,MENA voice/social,actual,150.0,,,mn downloads,N/A,P,medium,0,monthly,AppBrain,https://www.appbrain.com/app/yalla-play-game-voice-chat/com.weieyu.yalla,2026-08-01,2026-08-01,Android-only cumulative proxy; not MAU
MOMO-P2-0098,MOMO,P2,competitor,proxy,competitor,Yalla,android_rolling_30d_downloads_proxy,2026-08-01,monthly,MENA voice/social,actual,0.48,,,mn downloads,N/A,P,medium,1,monthly,AppBrain,https://www.appbrain.com/app/yalla-play-game-voice-chat/com.weieyu.yalla,2026-08-01,2026-08-01,Android-only current acquisition proxy; not organic growth or revenue
MOMO-P2-0099,MOMO,P2,competitor,proxy,competitor,Yalla,android_rating,2026-08-01,monthly,MENA voice/social,actual,4.1,,,score/5,N/A,P,medium,0,monthly,AppBrain,https://www.appbrain.com/app/yalla-play-game-voice-chat/com.weieyu.yalla,2026-08-01,2026-08-01,Point-in-time rating
MOMO-P2-0100,MOMO,P2,competitor,proxy,competitor,MICO,android_cumulative_downloads_proxy,2026-08-01,monthly,Global/MENA live social,actual,88.0,,,mn downloads,N/A,P,medium,0,monthly,AppBrain,https://www.appbrain.com/app/mico-go-live-streaming-chat/com.mico,2026-08-01,2026-08-01,Android-only cumulative proxy; not MAU
MOMO-P2-0101,MOMO,P2,competitor,proxy,competitor,MICO,android_rolling_30d_downloads_proxy,2026-08-01,monthly,Global/MENA live social,actual,0.57,,,mn downloads,N/A,P,medium,1,monthly,AppBrain,https://www.appbrain.com/app/mico-go-live-streaming-chat/com.mico,2026-08-01,2026-08-01,Android-only current acquisition proxy; not organic growth or revenue
MOMO-P2-0102,MOMO,P2,competitor,proxy,competitor,MICO,android_rating,2026-08-01,monthly,Global/MENA live social,actual,4.16,,,score/5,N/A,P,medium,0,monthly,AppBrain,https://www.appbrain.com/app/mico-go-live-streaming-chat/com.mico,2026-08-01,2026-08-01,Point-in-time rating
MOMO-P2-0103,MOMO,P2,competitor,proxy,competitor,TopTop,android_cumulative_downloads_proxy,2026-08-01,monthly,MENA social games,actual,32.0,,,mn downloads,N/A,P,medium,0,monthly,AppBrain,https://www.appbrain.com/app/toptop-games-chat/com.game.friends.android,2026-08-01,2026-08-01,Android-only cumulative proxy; not MAU
MOMO-P2-0104,MOMO,P2,competitor,proxy,competitor,TopTop,android_rolling_30d_downloads_proxy,2026-08-01,monthly,MENA social games,actual,0.29,,,mn downloads,N/A,P,medium,1,monthly,AppBrain,https://www.appbrain.com/app/toptop-games-chat/com.game.friends.android,2026-08-01,2026-08-01,Android-only current acquisition proxy; not organic growth or revenue
MOMO-P2-0105,MOMO,P2,competitor,proxy,competitor,TopTop,android_rating,2026-08-01,monthly,MENA social games,actual,3.81,,,score/5,N/A,P,medium,0,monthly,AppBrain,https://www.appbrain.com/app/toptop-games-chat/com.game.friends.android,2026-08-01,2026-08-01,Point-in-time rating
MOMO-P2-0106,MOMO,P2,competitor,proxy,competitor,Tinder,android_cumulative_downloads_proxy,2026-08-01,monthly,Global dating,actual,520.0,,,mn downloads,N/A,P,medium,0,monthly,AppBrain,https://www.appbrain.com/app/tinder-dating-app-chat-date/com.tinder,2026-08-01,2026-08-01,Android-only cumulative proxy; not MAU
MOMO-P2-0107,MOMO,P2,competitor,proxy,competitor,Tinder,android_rolling_30d_downloads_proxy,2026-08-01,monthly,Global dating,actual,3.7,,,mn downloads,N/A,P,medium,1,monthly,AppBrain,https://www.appbrain.com/app/tinder-dating-app-chat-date/com.tinder,2026-08-01,2026-08-01,Android-only current acquisition proxy; not organic growth or revenue
MOMO-P2-0108,MOMO,P2,competitor,proxy,competitor,Tinder,android_rating,2026-08-01,monthly,Global dating,actual,3.86,,,score/5,N/A,P,medium,0,monthly,AppBrain,https://www.appbrain.com/app/tinder-dating-app-chat-date/com.tinder,2026-08-01,2026-08-01,Point-in-time rating
MOMO-P2-0109,MOMO,P2,competitor,proxy,competitor,Bumble App,android_cumulative_downloads_proxy,2026-08-01,monthly,Global dating,actual,120.0,,,mn downloads,N/A,P,medium,0,monthly,AppBrain,https://www.appbrain.com/app/bumble-dating-app-meet-date/com.bumble.app,2026-08-01,2026-08-01,Android-only cumulative proxy; not MAU
MOMO-P2-0110,MOMO,P2,competitor,proxy,competitor,Bumble App,android_rolling_30d_downloads_proxy,2026-08-01,monthly,Global dating,actual,1.5,,,mn downloads,N/A,P,medium,1,monthly,AppBrain,https://www.appbrain.com/app/bumble-dating-app-meet-date/com.bumble.app,2026-08-01,2026-08-01,Android-only current acquisition proxy; not organic growth or revenue
MOMO-P2-0111,MOMO,P2,competitor,proxy,competitor,Bumble App,android_rating,2026-08-01,monthly,Global dating,actual,3.79,,,score/5,N/A,P,medium,0,monthly,AppBrain,https://www.appbrain.com/app/bumble-dating-app-meet-date/com.bumble.app,2026-08-01,2026-08-01,Point-in-time rating
MOMO-P2-0112,MOMO,P2,competitor,proxy,competitor,Hinge,android_cumulative_downloads_proxy,2026-08-01,monthly,Developed-market dating,actual,39.0,,,mn downloads,N/A,P,medium,0,monthly,AppBrain,https://www.appbrain.com/app/hinge-dating-app-match-date/co.hinge.app,2026-08-01,2026-08-01,Android-only cumulative proxy; not MAU
MOMO-P2-0113,MOMO,P2,competitor,proxy,competitor,Hinge,android_rolling_30d_downloads_proxy,2026-08-01,monthly,Developed-market dating,actual,0.85,,,mn downloads,N/A,P,medium,1,monthly,AppBrain,https://www.appbrain.com/app/hinge-dating-app-match-date/co.hinge.app,2026-08-01,2026-08-01,Android-only current acquisition proxy; not organic growth or revenue
MOMO-P2-0114,MOMO,P2,competitor,proxy,competitor,Hinge,android_rating,2026-08-01,monthly,Developed-market dating,actual,3.47,,,score/5,N/A,P,medium,0,monthly,AppBrain,https://www.appbrain.com/app/hinge-dating-app-match-date/co.hinge.app,2026-08-01,2026-08-01,Point-in-time rating
MOMO-P2-0115,MOMO,P2,competitor,estimate,segment,Overseas operations,MOMO_overseas_Q1_vs_Yalla_revenue,2026-08-01,monthly,Global,actual,1.0962781360218152,,,x,N/A,E,medium,1,monthly,Calculated from official/AppBrain proxies,,2026-08-01,2026-08-01,"MOMO overseas includes all brands/regions; Yalla includes chat and games, so this is a scale anchor, not like-for-like"
MOMO-P2-0116,MOMO,P2,competitor,estimate,segment,Overseas operations,MOMO_overseas_2025_vs_Newborn_social_revenue,2026-08-01,monthly,Global,actual,0.32561305550752767,,,x,N/A,E,medium,1,monthly,Calculated from official/AppBrain proxies,,2026-08-01,2026-08-01,MOMO overseas was about one-third of Newborn Town social revenue
MOMO-P2-0117,MOMO,P2,competitor,estimate,segment,Overseas operations,Newborn_Q1_social_vs_MOMO_overseas,2026-08-01,monthly,Global,actual,3.0548636777545664,,,x,N/A,E,medium,1,monthly,Calculated from official/AppBrain proxies,,2026-08-01,2026-08-01,Newborn social midpoint was about three times MOMO overseas revenue
MOMO-P2-0118,MOMO,P2,competitor,estimate,app,SoulChill,recent_downloads_vs_Yalla,2026-08-01,monthly,Global,actual,1.2291666666666667,,,x,N/A,E,medium,1,monthly,Calculated from official/AppBrain proxies,,2026-08-01,2026-08-01,Acquisition proxy only
MOMO-P2-0119,MOMO,P2,competitor,estimate,app,SoulChill,recent_downloads_vs_MICO,2026-08-01,monthly,Global,actual,1.0350877192982457,,,x,N/A,E,medium,1,monthly,Calculated from official/AppBrain proxies,,2026-08-01,2026-08-01,Acquisition proxy only
MOMO-P2-0120,MOMO,P2,competitor,estimate,app,Yaahlan,recent_downloads_vs_Yalla,2026-08-01,monthly,Global,actual,1.3958333333333335,,,x,N/A,E,medium,1,monthly,Calculated from official/AppBrain proxies,,2026-08-01,2026-08-01,Young app has stronger current Android download flow
MOMO-P2-0121,MOMO,P2,competitor,estimate,app,Amar,recent_downloads_vs_Yalla,2026-08-01,monthly,Global,actual,1.0416666666666667,,,x,N/A,E,medium,1,monthly,Calculated from official/AppBrain proxies,,2026-08-01,2026-08-01,Similar current Android acquisition flow
MOMO-P2-0122,MOMO,P2,competitor,estimate,app,Happn,recent_downloads_vs_Tinder,2026-08-01,monthly,Global,actual,0.2027027027027027,,,x,N/A,E,medium,1,monthly,Calculated from official/AppBrain proxies,,2026-08-01,2026-08-01,About one-fifth of Tinder Android recent downloads
MOMO-P2-0123,MOMO,P2,competitor,estimate,app,Happn,recent_downloads_vs_Bumble,2026-08-01,monthly,Global,actual,0.5,,,x,N/A,E,medium,1,monthly,Calculated from official/AppBrain proxies,,2026-08-01,2026-08-01,About half of Bumble Android recent downloads
MOMO-P2-0124,MOMO,P2,competitor,estimate,app,Happn,recent_downloads_vs_Hinge,2026-08-01,monthly,Global,actual,0.8823529411764706,,,x,N/A,E,medium,1,monthly,Calculated from official/AppBrain proxies,,2026-08-01,2026-08-01,Near Hinge Android recent-download scale
MOMO-P2-0125,MOMO,P2,competitor,estimate,app,Tantan Global,recent_downloads_vs_Tinder,2026-08-01,monthly,Global,actual,0.08648648648648648,,,x,N/A,E,medium,1,monthly,Calculated from official/AppBrain proxies,,2026-08-01,2026-08-01,New package only; excludes China and old package history
MOMO-P2-0126,MOMO,P2,competitor,conclusion,company,Hello Group,MENA_scale,P2,point_in_time,Global,not_applicable,MOMO海外收入已接近一个Yalla集团，但披露透明度和已验证利润质量远低于Yalla,,,text,N/A,H,medium,1,quarterly,P2 competitor synthesis,,2026-08-01,2026-08-01,Yalla披露48.0m MAU、10.5m付费用户和42.1%非GAAP净利率；MOMO未披露海外用户/利润
MOMO-P2-0127,MOMO,P2,competitor,conclusion,company,Hello Group,MENA_growth,P2,point_in_time,Global,not_applicable,Newborn Town仍是更强的扩张锚：其2025社交收入约为MOMO海外3.1倍，且销售营销投入激进,,,text,N/A,H,medium,1,quarterly,P2 competitor synthesis,,2026-08-01,2026-08-01,说明该赛道可以放大，但需要大量推广与本地化，不能把下载高增长自动视为高回报
MOMO-P2-0128,MOMO,P2,competitor,conclusion,company,Hello Group,dating_cycle,P2,point_in_time,Global,not_applicable,全球约会行业处于付费用户承压期，但Tantan的问题不只是行业,,,text,N/A,H,medium,1,quarterly,P2 competitor synthesis,,2026-08-01,2026-08-01,Match付费用户-5%，Bumble-21.1%，Tantan约-25%；Tantan弱于Match并接近/略差于Bumble
MOMO-P2-0129,MOMO,P2,competitor,conclusion,company,Hello Group,app_pipeline,P2,point_in_time,Global,not_applicable,Yaahlan和Amar证明多App并非只有故事，但尚未证明可复制利润,,,text,N/A,H,medium,1,quarterly,P2 competitor synthesis,,2026-08-01,2026-08-01,两者滚动Android下载均接近或超过Yalla/MICO当前水平，然而没有MAU、流水和单App利润
MOMO-P2-0130,MOMO,P2,moat_score,score,company,Network effect,current_moat_score,P2,point_in_time,Global,not_applicable,2.5,,,score/5,N/A,H,medium,1,annual,P2 research assessment,,2026-08-01,2026-08-01,"Local density and room participation matter, but users and hosts multi-home"
MOMO-P2-0131,MOMO,P2,moat_score,score,company,Network effect,ten_year_moat_credibility_score,P2,point_in_time,Global,not_applicable,2.0,,,score/5,N/A,H,low,1,annual,P2 research assessment,,2026-08-01,2026-08-01,"Ten-year credibility reflects low switching costs and rapid format substitution; Local density and room participation matter, but users and hosts multi-home"
MOMO-P2-0132,MOMO,P2,moat_score,score,company,Switching cost,current_moat_score,P2,point_in_time,Global,not_applicable,1.0,,,score/5,N/A,H,medium,1,annual,P2 research assessment,,2026-08-01,2026-08-01,"Profiles, contacts and status offer limited friction; alternatives are easy to install"
MOMO-P2-0133,MOMO,P2,moat_score,score,company,Switching cost,ten_year_moat_credibility_score,P2,point_in_time,Global,not_applicable,1.0,,,score/5,N/A,H,low,1,annual,P2 research assessment,,2026-08-01,2026-08-01,"Ten-year credibility reflects low switching costs and rapid format substitution; Profiles, contacts and status offer limited friction; alternatives are easy to install"
MOMO-P2-0134,MOMO,P2,moat_score,score,company,Brand and trust,current_moat_score,P2,point_in_time,Global,not_applicable,2.0,,,score/5,N/A,H,medium,1,annual,P2 research assessment,,2026-08-01,2026-08-01,"Momo/Tantan are known, Happn has local recognition, but safety/fake-account trust is fragile"
MOMO-P2-0135,MOMO,P2,moat_score,score,company,Brand and trust,ten_year_moat_credibility_score,P2,point_in_time,Global,not_applicable,1.5,,,score/5,N/A,H,low,1,annual,P2 research assessment,,2026-08-01,2026-08-01,"Ten-year credibility reflects low switching costs and rapid format substitution; Momo/Tantan are known, Happn has local recognition, but safety/fake-account trust is fragile"
MOMO-P2-0136,MOMO,P2,moat_score,score,company,Scale/data/localization,current_moat_score,P2,point_in_time,Global,not_applicable,3.0,,,score/5,N/A,H,medium,1,annual,P2 research assessment,,2026-08-01,2026-08-01,"Multi-app operation, MENA localization and acquisition integration are real capabilities"
MOMO-P2-0137,MOMO,P2,moat_score,score,company,Scale/data/localization,ten_year_moat_credibility_score,P2,point_in_time,Global,not_applicable,2.5,,,score/5,N/A,H,low,1,annual,P2 research assessment,,2026-08-01,2026-08-01,"Ten-year credibility reflects low switching costs and rapid format substitution; Multi-app operation, MENA localization and acquisition integration are real capabilities"
MOMO-P2-0138,MOMO,P2,moat_score,score,company,Supply ecosystem,current_moat_score,P2,point_in_time,Global,not_applicable,2.5,,,score/5,N/A,H,medium,1,annual,P2 research assessment,,2026-08-01,2026-08-01,"Broadcasters, room hosts and agents form supply, but revenue sharing makes supply portable"
MOMO-P2-0139,MOMO,P2,moat_score,score,company,Supply ecosystem,ten_year_moat_credibility_score,P2,point_in_time,Global,not_applicable,2.0,,,score/5,N/A,H,low,1,annual,P2 research assessment,,2026-08-01,2026-08-01,"Ten-year credibility reflects low switching costs and rapid format substitution; Broadcasters, room hosts and agents form supply, but revenue sharing makes supply portable"
MOMO-P2-0140,MOMO,P2,moat_score,score,company,Pricing and monetization,current_moat_score,P2,point_in_time,Global,not_applicable,2.5,,,score/5,N/A,H,medium,1,annual,P2 research assessment,,2026-08-01,2026-08-01,"Virtual gifts and subscriptions are proven, but payer concentration and price sensitivity remain"
MOMO-P2-0141,MOMO,P2,moat_score,score,company,Pricing and monetization,ten_year_moat_credibility_score,P2,point_in_time,Global,not_applicable,2.0,,,score/5,N/A,H,low,1,annual,P2 research assessment,,2026-08-01,2026-08-01,"Ten-year credibility reflects low switching costs and rapid format substitution; Virtual gifts and subscriptions are proven, but payer concentration and price sensitivity remain"
MOMO-P2-0142,MOMO,P2,moat_score,score,company,Anti-substitution,current_moat_score,P2,point_in_time,Global,not_applicable,1.5,,,score/5,N/A,H,medium,1,annual,P2 research assessment,,2026-08-01,2026-08-01,"Short-video, messaging, dating and new social apps compete for the same time and spending"
MOMO-P2-0143,MOMO,P2,moat_score,score,company,Anti-substitution,ten_year_moat_credibility_score,P2,point_in_time,Global,not_applicable,1.5,,,score/5,N/A,H,low,1,annual,P2 research assessment,,2026-08-01,2026-08-01,"Ten-year credibility reflects low switching costs and rapid format substitution; Short-video, messaging, dating and new social apps compete for the same time and spending"
MOMO-P2-0144,MOMO,P2,moat_score,score,company,Hello Group,overall_current_moat_score,P2,point_in_time,Global,not_applicable,2.142857142857143,,,score/5,N/A,H,medium,1,annual,P2 research assessment,,2026-08-01,2026-08-01,Simple average of seven dimensions; not a valuation multiplier
MOMO-P2-0145,MOMO,P2,moat_score,score,company,Hello Group,overall_ten_year_moat_credibility_score,P2,point_in_time,Global,not_applicable,1.7857142857142858,,,score/5,N/A,H,low,1,annual,P2 research assessment,,2026-08-01,2026-08-01,Current advantage is operating/localization capability rather than durable user lock-in
MOMO-P2-0146,MOMO,P2,distress_cause,estimate,company,Structural,contribution_to_stagnation,P2,point_in_time,Global,not_applicable,40,,,%,N/A,H,medium,1,annual,P2 research assessment,,2026-08-01,2026-08-01,"Low switching costs, attention migration and declining payer pools are the main long-run pressure"
MOMO-P2-0147,MOMO,P2,distress_cause,conclusion,company,Structural,reversibility,P2,point_in_time,Global,not_applicable,low,,,text,N/A,H,medium,0,annual,P2 research assessment,,2026-08-01,2026-08-01,Estimated repair horizon: 3-5 years
MOMO-P2-0148,MOMO,P2,distress_cause,conclusion,company,Structural,repair_horizon,P2,point_in_time,Global,not_applicable,3-5 years,,,text,N/A,H,medium,0,annual,P2 research assessment,,2026-08-01,2026-08-01,"Low switching costs, attention migration and declining payer pools are the main long-run pressure"
MOMO-P2-0149,MOMO,P2,distress_cause,estimate,company,Management_execution,contribution_to_stagnation,P2,point_in_time,Global,not_applicable,20,,,%,N/A,H,medium,1,annual,P2 research assessment,,2026-08-01,2026-08-01,Tantan resets and domestic product execution have underperformed stronger industry peers
MOMO-P2-0150,MOMO,P2,distress_cause,conclusion,company,Management_execution,reversibility,P2,point_in_time,Global,not_applicable,medium,,,text,N/A,H,medium,0,annual,P2 research assessment,,2026-08-01,2026-08-01,Estimated repair horizon: 4-8 quarters
MOMO-P2-0151,MOMO,P2,distress_cause,conclusion,company,Management_execution,repair_horizon,P2,point_in_time,Global,not_applicable,4-8 quarters,,,text,N/A,H,medium,0,annual,P2 research assessment,,2026-08-01,2026-08-01,Tantan resets and domestic product execution have underperformed stronger industry peers
MOMO-P2-0152,MOMO,P2,distress_cause,estimate,company,Regulatory,contribution_to_stagnation,P2,point_in_time,Global,not_applicable,15,,,%,N/A,H,medium,1,annual,P2 research assessment,,2026-08-01,2026-08-01,China content/broadcaster rules and Turkey removal can directly affect distribution and monetization
MOMO-P2-0153,MOMO,P2,distress_cause,conclusion,company,Regulatory,reversibility,P2,point_in_time,Global,not_applicable,medium,,,text,N/A,H,medium,0,annual,P2 research assessment,,2026-08-01,2026-08-01,Estimated repair horizon: event-driven
MOMO-P2-0154,MOMO,P2,distress_cause,conclusion,company,Regulatory,repair_horizon,P2,point_in_time,Global,not_applicable,event-driven,,,text,N/A,H,medium,0,annual,P2 research assessment,,2026-08-01,2026-08-01,China content/broadcaster rules and Turkey removal can directly affect distribution and monetization
MOMO-P2-0155,MOMO,P2,distress_cause,estimate,company,Capital_allocation,contribution_to_stagnation,P2,point_in_time,Global,not_applicable,15,,,%,N/A,H,medium,1,annual,P2 research assessment,,2026-08-01,2026-08-01,Acquisitions and incubation may consume cash before proving returns; not yet the main operating cause
MOMO-P2-0156,MOMO,P2,distress_cause,conclusion,company,Capital_allocation,reversibility,P2,point_in_time,Global,not_applicable,medium,,,text,N/A,H,medium,0,annual,P2 research assessment,,2026-08-01,2026-08-01,Estimated repair horizon: 2-4 years
MOMO-P2-0157,MOMO,P2,distress_cause,conclusion,company,Capital_allocation,repair_horizon,P2,point_in_time,Global,not_applicable,2-4 years,,,text,N/A,H,medium,0,annual,P2 research assessment,,2026-08-01,2026-08-01,Acquisitions and incubation may consume cash before proving returns; not yet the main operating cause
MOMO-P2-0158,MOMO,P2,distress_cause,estimate,company,Cyclical_macro,contribution_to_stagnation,P2,point_in_time,Global,not_applicable,10,,,%,N/A,H,medium,1,annual,P2 research assessment,,2026-08-01,2026-08-01,"Dating/social spending and MENA geopolitical conditions affect payers, but do not explain the full domestic decline"
MOMO-P2-0159,MOMO,P2,distress_cause,conclusion,company,Cyclical_macro,reversibility,P2,point_in_time,Global,not_applicable,high,,,text,N/A,H,medium,0,annual,P2 research assessment,,2026-08-01,2026-08-01,Estimated repair horizon: 2-6 quarters
MOMO-P2-0160,MOMO,P2,distress_cause,conclusion,company,Cyclical_macro,repair_horizon,P2,point_in_time,Global,not_applicable,2-6 quarters,,,text,N/A,H,medium,0,annual,P2 research assessment,,2026-08-01,2026-08-01,"Dating/social spending and MENA geopolitical conditions affect payers, but do not explain the full domestic decline"
MOMO-P2-0161,MOMO,P2,monitor_trigger,assumption,company,Hello Group,China_revenue_decline,P2,point_in_time,Global,not_applicable,Yellow better than -10%; green better than -5%; red worse than -15%,,,text,N/A,H,medium,1,quarterly,P2 preliminary trigger design,,2026-08-01,2026-08-01,Metric: China quarterly revenue YoY. Affected module: Domestic base. Formal calibration deferred to P4
MOMO-P2-0162,MOMO,P2,monitor_trigger,assumption,company,Hello Group,Momo_payers,P2,point_in_time,Global,not_applicable,Yellow decline <15%; green decline <10%; red decline >20%,,,text,N/A,H,medium,1,quarterly,P2 preliminary trigger design,,2026-08-01,2026-08-01,Metric: Momo paying users YoY. Affected module: Momo value. Formal calibration deferred to P4
MOMO-P2-0163,MOMO,P2,monitor_trigger,assumption,company,Hello Group,Tantan_payers,P2,point_in_time,Global,not_applicable,Yellow stable at 0.6m; green >0.7m; red <0.5m,,,text,N/A,H,medium,1,quarterly,P2 preliminary trigger design,,2026-08-01,2026-08-01,Metric: Tantan paying users. Affected module: Tantan value. Formal calibration deferred to P4
MOMO-P2-0164,MOMO,P2,monitor_trigger,assumption,company,Hello Group,Overseas_revenue,P2,point_in_time,Global,not_applicable,Yellow >RMB600m and >20%; green >RMB650m and >25%; red <15% growth,,,text,N/A,H,medium,1,quarterly,P2 preliminary trigger design,,2026-08-01,2026-08-01,Metric: Quarterly overseas revenue/growth. Affected module: Growth business. Formal calibration deferred to P4
MOMO-P2-0165,MOMO,P2,monitor_trigger,assumption,company,Hello Group,Marketing_efficiency,P2,point_in_time,Global,not_applicable,Green <=16% while overseas growth >25%; red >18% with growth <20%,,,text,N/A,H,medium,1,quarterly,P2 preliminary trigger design,,2026-08-01,2026-08-01,Metric: Group S&M ratio with overseas growth. Affected module: Margin quality. Formal calibration deferred to P4
MOMO-P2-0166,MOMO,P2,monitor_trigger,assumption,company,Hello Group,App_download_floor,P2,point_in_time,Global,not_applicable,"SoulChill>0.5m, Yaahlan>0.6m, Amar>0.4m, Happn>0.7m; red if two apps fall >40%",,,text,N/A,H,medium,1,quarterly,P2 preliminary trigger design,,2026-08-01,2026-08-01,Metric: Rolling Android downloads. Affected module: App pipeline. Formal calibration deferred to P4
MOMO-P2-0167,MOMO,P2,monitor_trigger,assumption,company,Hello Group,Monetization_rank,P2,point_in_time,Global,not_applicable,At least two Tier1/2 MENA apps remain top-100 overall grossing in core markets,,,text,N/A,H,medium,1,quarterly,P2 preliminary trigger design,,2026-08-01,2026-08-01,Metric: Core-country grossing ranks. Affected module: Revenue quality. Formal calibration deferred to P4
MOMO-P2-0168,MOMO,P2,monitor_trigger,assumption,company,Hello Group,Regulatory_availability,P2,point_in_time,Global,not_applicable,Green formal reinstatement; red continued removal or expansion to more apps/countries,,,text,N/A,H,medium,1,quarterly,P2 preliminary trigger design,,2026-08-01,2026-08-01,Metric: Turkey availability/legal status. Affected module: Regulatory risk. Formal calibration deferred to P4
MOMO-P2-0169,MOMO,P2,monitor_trigger,assumption,company,Hello Group,App_survival,P2,point_in_time,Global,not_applicable,Both Yaahlan and Amar maintain active monthly updates and monetization ranks for two quarters,,,text,N/A,H,medium,1,quarterly,P2 preliminary trigger design,,2026-08-01,2026-08-01,Metric: Tier2 survival and updates. Affected module: Repeatability. Formal calibration deferred to P4
MOMO-P2-0170,MOMO,P2,conclusion,conclusion,company,Hello Group,H1_P2_update,P2,point_in_time,Global,not_applicable,进一步削弱,,,text,N/A,H,medium,1,quarterly,P2 synthesis,,2026-08-01,2026-08-01,国内收入和付费用户下降具有结构性；尚无清晰的产品拐点
MOMO-P2-0171,MOMO,P2,conclusion,conclusion,company,Hello Group,H2_P2_update,P2,point_in_time,Global,not_applicable,支持,,,text,N/A,H,medium,1,quarterly,P2 synthesis,,2026-08-01,2026-08-01,海外组合收入增长真实，多App在多个国家有下载和畅销排名；利润质量仍未验证
MOMO-P2-0172,MOMO,P2,conclusion,conclusion,company,Hello Group,H3_P2_update,P2,point_in_time,Global,not_applicable,由未验证上调为部分支持,,,text,N/A,H,medium,1,quarterly,P2 synthesis,,2026-08-01,2026-08-01,Yaahlan、Amar和SoulChill同时存在实质规模，说明并非单一App；仍缺单App利润、留存和买量回报
MOMO-P2-0173,MOMO,P2,conclusion,conclusion,company,Hello Group,H4_P2_update,P2,point_in_time,Global,not_applicable,不变,,,text,N/A,H,medium,1,quarterly,P2 synthesis,,2026-08-01,2026-08-01,P2不是现金与治理阶段；已有分红回购证据仍有效
MOMO-P2-0174,MOMO,P2,conclusion,conclusion,company,Hello Group,H5_P2_update,P2,point_in_time,Global,not_applicable,小幅支持但不足,,,text,N/A,H,medium,1,quarterly,P2 synthesis,,2026-08-01,2026-08-01,Happn有真实安装基础、多国排名和并表收入，但收购回报与协同仍未证明
MOMO-P2-0175,MOMO,P2,conclusion,conclusion,company,Hello Group,overseas_growth_authenticity,P2,point_in_time,Global,not_applicable,海外增长在组合层面是真实的，不是单纯财报口径幻觉,,,text,N/A,H,medium,1,quarterly,P2 synthesis,,2026-08-01,2026-08-01,Q1海外收入+44.1%；多个App有持续更新、实质下载和核心市场畅销排名
MOMO-P2-0176,MOMO,P2,conclusion,conclusion,company,Hello Group,incremental_app_source,P2,point_in_time,Global,not_applicable,2026Q1新增量更可能主要来自Yaahlan、Amar等新MENA App及Happn等并购约会产品,,,text,N/A,H,medium,1,quarterly,P2 synthesis,,2026-08-01,2026-08-01,公司明确称增量主要由新App和MENA外约会品牌驱动；SoulChill更像成熟底盘
MOMO-P2-0177,MOMO,P2,conclusion,conclusion,company,Hello Group,growth_quality,P2,point_in_time,Global,not_applicable,增长质量暂评中等偏正面，但不能认定为低成本自然增长,,,text,N/A,H,medium,1,quarterly,P2 synthesis,,2026-08-01,2026-08-01,集团S&M仅小幅增加且营业利润稳定；但中国营销削减抵消海外投放，无法算海外CAC
MOMO-P2-0178,MOMO,P2,conclusion,conclusion,company,Hello Group,repeatability,P2,point_in_time,Global,not_applicable,多App能力得到部分验证，复制利润能力未验证,,,text,N/A,H,medium,1,quarterly,P2 synthesis,,2026-08-01,2026-08-01,三个MENA品牌同时存在有效规模，但单AppMAU、流水、毛利和留存均未披露
MOMO-P2-0179,MOMO,P2,conclusion,conclusion,company,Hello Group,absolute_scale,P2,point_in_time,Global,not_applicable,MOMO海外规模已不小，但仍显著小于Newborn Town社交业务，透明度弱于Yalla,,,text,N/A,H,medium,1,quarterly,P2 synthesis,,2026-08-01,2026-08-01,规模足以影响集团估值，却不足以按领先平台给高倍数
MOMO-P2-0180,MOMO,P2,conclusion,conclusion,company,Hello Group,domestic_decline,P2,point_in_time,Global,not_applicable,国内困境主要是结构性与执行问题，不能完全归因行业,,,text,N/A,H,medium,1,quarterly,P2 synthesis,,2026-08-01,2026-08-01,全球约会同行也下滑，但Tantan付费用户降幅明显弱于Match、接近或差于Bumble
MOMO-P2-0181,MOMO,P2,conclusion,conclusion,company,Hello Group,moat,P2,point_in_time,Global,not_applicable,公司拥有本地化和多产品运营能力，但缺少强用户锁定,,,text,N/A,H,medium,1,quarterly,P2 synthesis,,2026-08-01,2026-08-01,当前综合护城河约2.1/5，十年可信度约1.8/5
MOMO-P2-0182,MOMO,P2,conclusion,conclusion,company,Hello Group,regulatory,P2,point_in_time,Global,not_applicable,海外多元化降低中国单一监管风险，同时新增多国分发风险,,,text,N/A,H,medium,1,quarterly,P2 synthesis,,2026-08-01,2026-08-01,土耳其曾要求下架SoulChill等App；公开排名无法证明法律问题已解决
MOMO-P2-0183,MOMO,P2,conclusion,conclusion,company,Hello Group,P2_company_quality,P2,point_in_time,Global,not_applicable,P2后最准确评价是：可证明的海外转型，但尚未证明可持续高回报,,,text,N/A,H,medium,1,quarterly,P2 synthesis,,2026-08-01,2026-08-01,应把海外业务作为概率加权增长资产，而不是直接按成熟增长平台估值
MOMO-P2-0184,MOMO,P2,data_gap,conclusion,company,Hello Group,app_time_series,P2,point_in_time,Global,not_applicable,缺少连续18-36个月国家级下载、MAU、DAU和流水,,,text,N/A,H,low,1,event_driven,P2 data audit,,2026-08-01,2026-08-01,无法严格判定每个App的同比增长与留存
MOMO-P2-0185,MOMO,P2,data_gap,conclusion,company,Hello Group,app_revenue_profit,P2,point_in_time,Global,not_applicable,缺少SoulChill/Yaahlan/Amar/Happn单App收入、毛利和利润,,,text,N/A,H,low,1,event_driven,P2 data audit,,2026-08-01,2026-08-01,无法直接进入高置信度SOTP
MOMO-P2-0186,MOMO,P2,data_gap,conclusion,company,Hello Group,marketing_split,P2,point_in_time,Global,not_applicable,缺少中国与海外销售费用拆分,,,text,N/A,H,low,1,event_driven,P2 data audit,,2026-08-01,2026-08-01,无法计算海外CAC和营销回收期
MOMO-P2-0187,MOMO,P2,data_gap,conclusion,company,Hello Group,country_revenue_concentration,P2,point_in_time,Global,not_applicable,缺少国家和单App收入集中度,,,text,N/A,H,low,1,event_driven,P2 data audit,,2026-08-01,2026-08-01,监管与汇率压力折价无法精确
MOMO-P2-0188,MOMO,P2,data_gap,conclusion,company,Hello Group,turkey_status,P2,point_in_time,Global,not_applicable,土耳其法律与商店恢复状态未有公司正式更新,,,text,N/A,H,low,1,event_driven,P2 data audit,,2026-08-01,2026-08-01,公开排名与20-F下架披露存在表面矛盾
MOMO-P2-0189,MOMO,P2,data_gap,conclusion,company,Hello Group,Tantan_migration_bridge,P2,point_in_time,Global,not_applicable,缺少新旧探探包的公司迁移说明和用户迁移率,,,text,N/A,H,low,1,event_driven,P2 data audit,,2026-08-01,2026-08-01,外部下载序列不能直接用于历史趋势
MOMO-P3-0001,MOMO,P3,research_plan,conclusion,company,Hello Group,P3_scope_update,P3,point_in_time,Global,not_applicable,P3重构为利润真实性、现金可获得性、资本配置后每股价值三个闭环,,,text,N/A,H,high,1,event_driven,Framework V3.1 + G2 review,/mnt/data/MOMO_JOYY_WB_低估互联网公司投资调研框架_V3.1_单文件上传版(1).md,2026-08-01,2026-08-01,避免再次堆积财务表；每项分析都必须能进入P4预测或P5估值
MOMO-P3-0002,MOMO,P3,research_plan,conclusion,company,Hello Group,GAAP_nonGAAP_rule,P3,point_in_time,Global,not_applicable,GAAP净利润、公司Non-GAAP净利润和所有者收益分别展示，不互相替代,,,text,N/A,H,high,1,event_driven,Framework V3.1 + G2 review,/mnt/data/MOMO_JOYY_WB_低估互联网公司投资调研框架_V3.1_单文件上传版(1).md,2026-08-01,2026-08-01,2025税追补、利息收入、投资损益、并购摊销和SBC对三种口径影响不同
MOMO-P3-0003,MOMO,P3,research_plan,conclusion,company,Hello Group,owner_earnings_method,P3,point_in_time,Global,not_applicable,以GAAP营业利润为起点构建核心所有者收益,,,text,N/A,H,high,1,event_driven,Framework V3.1 + G2 review,/mnt/data/MOMO_JOYY_WB_低估互联网公司投资调研框架_V3.1_单文件上传版(1).md,2026-08-01,2026-08-01,GAAP营业利润已包含SBC，因此不重复扣除；加回D&A、扣维持性资本开支和持续汇出税
MOMO-P3-0004,MOMO,P3,research_plan,conclusion,company,Hello Group,cash_location_rule,P3,point_in_time,Global,not_applicable,净可分配现金从法律主体和资金用途出发，而不是简单净现金/ADS,,,text,N/A,H,high,1,event_driven,Framework V3.1 + G2 review,/mnt/data/MOMO_JOYY_WB_低估互联网公司投资调研框架_V3.1_单文件上传版(1).md,2026-08-01,2026-08-01,排除受限现金并扣除股息应付、运营安全垫、税费/汇出储备和未来战略资本预算
MOMO-P3-0005,MOMO,P3,research_plan,conclusion,company,Hello Group,investment_separation_rule,P3,point_in_time,Global,not_applicable,长期投资与净现金分开估值,,,text,N/A,H,high,1,event_driven,Framework V3.1 + G2 review,/mnt/data/MOMO_JOYY_WB_低估互联网公司投资调研框架_V3.1_单文件上传版(1).md,2026-08-01,2026-08-01,在线券商可转债、基金和未上市股权分别折价，防止将投资资产与经营利润重复计价
MOMO-P3-0006,MOMO,P3,research_plan,conclusion,company,Hello Group,capital_allocation_per_share_rule,P3,point_in_time,Global,not_applicable,回购以实际现金、实际注销和稀释ADS变化评价,,,text,N/A,H,high,1,event_driven,Framework V3.1 + G2 review,/mnt/data/MOMO_JOYY_WB_低估互联网公司投资调研框架_V3.1_单文件上传版(1).md,2026-08-01,2026-08-01,授权不计价值；分红与回购必须结合并购、投资、SBC和股本变化
MOMO-P3-0007,MOMO,P3,research_plan,conclusion,company,Hello Group,segment_transparency_rule,P3,point_in_time,Global,not_applicable,2025起单一分部披露作为治理与预测置信度扣分项,,,text,N/A,H,high,1,event_driven,Framework V3.1 + G2 review,/mnt/data/MOMO_JOYY_WB_低估互联网公司投资调研框架_V3.1_单文件上传版(1).md,2026-08-01,2026-08-01,海外利润无法直接观察，P3只给区间桥接，不伪造精确分部利润
MOMO-P3-0008,MOMO,P3,financial_normalized,fact,company,Hello Group,revenue,2020A,annual,Global,actual,15024.188,,,RMB mn,RMB,A,high,1,annual,Form 20-F,https://www.sec.gov/Archives/edgar/data/1610601/000119312523113913/d439130d20f.htm,2023-04-25,2026-08-01,Audited annual financial statement
MOMO-P3-0009,MOMO,P3,financial_normalized,fact,company,Hello Group,operating_income,2020A,annual,Global,actual,2531.435,,,RMB mn,RMB,A,high,1,annual,Form 20-F,https://www.sec.gov/Archives/edgar/data/1610601/000119312523113913/d439130d20f.htm,2023-04-25,2026-08-01,Audited annual financial statement
MOMO-P3-0010,MOMO,P3,financial_normalized,fact,company,Hello Group,attributable_net_income,2020A,annual,Global,actual,2103.484,,,RMB mn,RMB,A,high,1,annual,Form 20-F,https://www.sec.gov/Archives/edgar/data/1610601/000119312523113913/d439130d20f.htm,2023-04-25,2026-08-01,Audited annual financial statement
MOMO-P3-0011,MOMO,P3,financial_normalized,fact,company,Hello Group,interest_income,2020A,annual,Global,actual,444.471,,,RMB mn,RMB,A,high,0,annual,Form 20-F,https://www.sec.gov/Archives/edgar/data/1610601/000119312523113913/d439130d20f.htm,2023-04-25,2026-08-01,Audited annual financial statement
MOMO-P3-0012,MOMO,P3,financial_normalized,fact,company,Hello Group,interest_expense,2020A,annual,Global,actual,78.872,,,RMB mn,RMB,A,high,0,annual,Form 20-F,https://www.sec.gov/Archives/edgar/data/1610601/000119312523113913/d439130d20f.htm,2023-04-25,2026-08-01,Audited annual financial statement
MOMO-P3-0013,MOMO,P3,financial_normalized,fact,company,Hello Group,other_gain_loss_net,2020A,annual,Global,actual,1.5,,,RMB mn,RMB,A,high,0,annual,Form 20-F,https://www.sec.gov/Archives/edgar/data/1610601/000119312523113913/d439130d20f.htm,2023-04-25,2026-08-01,Audited annual financial statement
MOMO-P3-0014,MOMO,P3,financial_normalized,fact,company,Hello Group,equity_method_income_loss,2020A,annual,Global,actual,-42.522,,,RMB mn,RMB,A,high,0,annual,Form 20-F,https://www.sec.gov/Archives/edgar/data/1610601/000119312523113913/d439130d20f.htm,2023-04-25,2026-08-01,Audited annual financial statement
MOMO-P3-0015,MOMO,P3,financial_normalized,fact,company,Hello Group,income_tax_expense,2020A,annual,Global,actual,755.62,,,RMB mn,RMB,A,high,0,annual,Form 20-F,https://www.sec.gov/Archives/edgar/data/1610601/000119312523113913/d439130d20f.htm,2023-04-25,2026-08-01,Audited annual financial statement
MOMO-P3-0016,MOMO,P3,financial_normalized,fact,company,Hello Group,operating_cash_flow,2020A,annual,Global,actual,3080.889,,,RMB mn,RMB,A,high,1,annual,Form 20-F,https://www.sec.gov/Archives/edgar/data/1610601/000119312523113913/d439130d20f.htm,2023-04-25,2026-08-01,Audited annual financial statement
MOMO-P3-0017,MOMO,P3,financial_normalized,fact,company,Hello Group,capital_expenditure,2020A,annual,Global,actual,124.143,,,RMB mn,RMB,A,high,1,annual,Form 20-F,https://www.sec.gov/Archives/edgar/data/1610601/000119312523113913/d439130d20f.htm,2023-04-25,2026-08-01,Audited annual financial statement
MOMO-P3-0018,MOMO,P3,financial_normalized,fact,company,Hello Group,depreciation_amortization,2020A,annual,Global,actual,366.248,,,RMB mn,RMB,A,high,0,annual,Form 20-F,https://www.sec.gov/Archives/edgar/data/1610601/000119312523113913/d439130d20f.htm,2023-04-25,2026-08-01,Audited annual financial statement
MOMO-P3-0019,MOMO,P3,financial_normalized,fact,company,Hello Group,share_based_compensation,2020A,annual,Global,actual,678.686,,,RMB mn,RMB,A,high,0,annual,Form 20-F,https://www.sec.gov/Archives/edgar/data/1610601/000119312523113913/d439130d20f.htm,2023-04-25,2026-08-01,Audited annual financial statement
MOMO-P3-0020,MOMO,P3,financial_normalized,fact,company,Hello Group,diluted_ADS_equivalent,2020A,annual,Global,actual,226.040821,,,mn ADS,N/A,A,high,1,annual,Form 20-F,https://www.sec.gov/Archives/edgar/data/1610601/000119312523113913/d439130d20f.htm,2023-04-25,2026-08-01,Audited annual financial statement
MOMO-P3-0021,MOMO,P3,financial_normalized,fact,company,Hello Group,investment_or_goodwill_impairment,2020A,annual,Global,actual,0,,,RMB mn,RMB,A,high,0,annual,Form 20-F,https://www.sec.gov/Archives/edgar/data/1610601/000119312523113913/d439130d20f.htm,2023-04-25,2026-08-01,Audited annual financial statement
MOMO-P3-0022,MOMO,P3,financial_normalized,fact,company,Hello Group,revenue,2021A,annual,Global,actual,14575.719,,,RMB mn,RMB,A,high,1,annual,Form 20-F,https://www.sec.gov/Archives/edgar/data/1610601/000119312523113913/d439130d20f.htm,2023-04-25,2026-08-01,Audited annual financial statement
MOMO-P3-0023,MOMO,P3,financial_normalized,fact,company,Hello Group,operating_income,2021A,annual,Global,actual,-2389.567,,,RMB mn,RMB,A,high,1,annual,Form 20-F,https://www.sec.gov/Archives/edgar/data/1610601/000119312523113913/d439130d20f.htm,2023-04-25,2026-08-01,Audited annual financial statement
MOMO-P3-0024,MOMO,P3,financial_normalized,fact,company,Hello Group,attributable_net_income,2021A,annual,Global,actual,-2913.708,,,RMB mn,RMB,A,high,1,annual,Form 20-F,https://www.sec.gov/Archives/edgar/data/1610601/000119312523113913/d439130d20f.htm,2023-04-25,2026-08-01,Audited annual financial statement
MOMO-P3-0025,MOMO,P3,financial_normalized,fact,company,Hello Group,interest_income,2021A,annual,Global,actual,384.279,,,RMB mn,RMB,A,high,0,annual,Form 20-F,https://www.sec.gov/Archives/edgar/data/1610601/000119312523113913/d439130d20f.htm,2023-04-25,2026-08-01,Audited annual financial statement
MOMO-P3-0026,MOMO,P3,financial_normalized,fact,company,Hello Group,interest_expense,2021A,annual,Global,actual,73.776,,,RMB mn,RMB,A,high,0,annual,Form 20-F,https://www.sec.gov/Archives/edgar/data/1610601/000119312523113913/d439130d20f.htm,2023-04-25,2026-08-01,Audited annual financial statement
MOMO-P3-0027,MOMO,P3,financial_normalized,fact,company,Hello Group,other_gain_loss_net,2021A,annual,Global,actual,-16.0,,,RMB mn,RMB,A,high,0,annual,Form 20-F,https://www.sec.gov/Archives/edgar/data/1610601/000119312523113913/d439130d20f.htm,2023-04-25,2026-08-01,Audited annual financial statement
MOMO-P3-0028,MOMO,P3,financial_normalized,fact,company,Hello Group,equity_method_income_loss,2021A,annual,Global,actual,-8.084,,,RMB mn,RMB,A,high,0,annual,Form 20-F,https://www.sec.gov/Archives/edgar/data/1610601/000119312523113913/d439130d20f.htm,2023-04-25,2026-08-01,Audited annual financial statement
MOMO-P3-0029,MOMO,P3,financial_normalized,fact,company,Hello Group,income_tax_expense,2021A,annual,Global,actual,822.556,,,RMB mn,RMB,A,high,0,annual,Form 20-F,https://www.sec.gov/Archives/edgar/data/1610601/000119312523113913/d439130d20f.htm,2023-04-25,2026-08-01,Audited annual financial statement
MOMO-P3-0030,MOMO,P3,financial_normalized,fact,company,Hello Group,operating_cash_flow,2021A,annual,Global,actual,1559.198,,,RMB mn,RMB,A,high,1,annual,Form 20-F,https://www.sec.gov/Archives/edgar/data/1610601/000119312523113913/d439130d20f.htm,2023-04-25,2026-08-01,Audited annual financial statement
MOMO-P3-0031,MOMO,P3,financial_normalized,fact,company,Hello Group,capital_expenditure,2021A,annual,Global,actual,95.323,,,RMB mn,RMB,A,high,1,annual,Form 20-F,https://www.sec.gov/Archives/edgar/data/1610601/000119312523113913/d439130d20f.htm,2023-04-25,2026-08-01,Audited annual financial statement
MOMO-P3-0032,MOMO,P3,financial_normalized,fact,company,Hello Group,depreciation_amortization,2021A,annual,Global,actual,264.599,,,RMB mn,RMB,A,high,0,annual,Form 20-F,https://www.sec.gov/Archives/edgar/data/1610601/000119312523113913/d439130d20f.htm,2023-04-25,2026-08-01,Audited annual financial statement
MOMO-P3-0033,MOMO,P3,financial_normalized,fact,company,Hello Group,share_based_compensation,2021A,annual,Global,actual,475.771,,,RMB mn,RMB,A,high,0,annual,Form 20-F,https://www.sec.gov/Archives/edgar/data/1610601/000119312523113913/d439130d20f.htm,2023-04-25,2026-08-01,Audited annual financial statement
MOMO-P3-0034,MOMO,P3,financial_normalized,fact,company,Hello Group,diluted_ADS_equivalent,2021A,annual,Global,actual,202.350955,,,mn ADS,N/A,A,high,1,annual,Form 20-F,https://www.sec.gov/Archives/edgar/data/1610601/000119312523113913/d439130d20f.htm,2023-04-25,2026-08-01,Audited annual financial statement
MOMO-P3-0035,MOMO,P3,financial_normalized,fact,company,Hello Group,investment_or_goodwill_impairment,2021A,annual,Global,actual,4397.012,,,RMB mn,RMB,A,high,0,annual,Form 20-F,https://www.sec.gov/Archives/edgar/data/1610601/000119312523113913/d439130d20f.htm,2023-04-25,2026-08-01,Audited annual financial statement
MOMO-P3-0036,MOMO,P3,financial_normalized,fact,company,Hello Group,revenue,2022A,annual,Global,actual,12704.172,,,RMB mn,RMB,A,high,1,annual,Form 20-F,https://www.sec.gov/Archives/edgar/data/1610601/000119312523113913/d439130d20f.htm,2023-04-25,2026-08-01,Audited annual financial statement
MOMO-P3-0037,MOMO,P3,financial_normalized,fact,company,Hello Group,operating_income,2022A,annual,Global,actual,1627.543,,,RMB mn,RMB,A,high,1,annual,Form 20-F,https://www.sec.gov/Archives/edgar/data/1610601/000119312523113913/d439130d20f.htm,2023-04-25,2026-08-01,Audited annual financial statement
MOMO-P3-0038,MOMO,P3,financial_normalized,fact,company,Hello Group,attributable_net_income,2022A,annual,Global,actual,1484.283,,,RMB mn,RMB,A,high,1,annual,Form 20-F,https://www.sec.gov/Archives/edgar/data/1610601/000119312523113913/d439130d20f.htm,2023-04-25,2026-08-01,Audited annual financial statement
MOMO-P3-0039,MOMO,P3,financial_normalized,fact,company,Hello Group,interest_income,2022A,annual,Global,actual,368.879,,,RMB mn,RMB,A,high,0,annual,Form 20-F,https://www.sec.gov/Archives/edgar/data/1610601/000119312523113913/d439130d20f.htm,2023-04-25,2026-08-01,Audited annual financial statement
MOMO-P3-0040,MOMO,P3,financial_normalized,fact,company,Hello Group,interest_expense,2022A,annual,Global,actual,83.53,,,RMB mn,RMB,A,high,0,annual,Form 20-F,https://www.sec.gov/Archives/edgar/data/1610601/000119312523113913/d439130d20f.htm,2023-04-25,2026-08-01,Audited annual financial statement
MOMO-P3-0041,MOMO,P3,financial_normalized,fact,company,Hello Group,other_gain_loss_net,2022A,annual,Global,actual,118.325,,,RMB mn,RMB,A,high,0,annual,Form 20-F,https://www.sec.gov/Archives/edgar/data/1610601/000119312523113913/d439130d20f.htm,2023-04-25,2026-08-01,Audited annual financial statement
MOMO-P3-0042,MOMO,P3,financial_normalized,fact,company,Hello Group,equity_method_income_loss,2022A,annual,Global,actual,11.073,,,RMB mn,RMB,A,high,0,annual,Form 20-F,https://www.sec.gov/Archives/edgar/data/1610601/000119312523113913/d439130d20f.htm,2023-04-25,2026-08-01,Audited annual financial statement
MOMO-P3-0043,MOMO,P3,financial_normalized,fact,company,Hello Group,income_tax_expense,2022A,annual,Global,actual,562.281,,,RMB mn,RMB,A,high,0,annual,Form 20-F,https://www.sec.gov/Archives/edgar/data/1610601/000119312523113913/d439130d20f.htm,2023-04-25,2026-08-01,Audited annual financial statement
MOMO-P3-0044,MOMO,P3,financial_normalized,fact,company,Hello Group,operating_cash_flow,2022A,annual,Global,actual,1226.891,,,RMB mn,RMB,A,high,1,annual,Form 20-F,https://www.sec.gov/Archives/edgar/data/1610601/000119312523113913/d439130d20f.htm,2023-04-25,2026-08-01,Audited annual financial statement
MOMO-P3-0045,MOMO,P3,financial_normalized,fact,company,Hello Group,capital_expenditure,2022A,annual,Global,actual,80.445,,,RMB mn,RMB,A,high,1,annual,Form 20-F,https://www.sec.gov/Archives/edgar/data/1610601/000119312523113913/d439130d20f.htm,2023-04-25,2026-08-01,Audited annual financial statement
MOMO-P3-0046,MOMO,P3,financial_normalized,fact,company,Hello Group,depreciation_amortization,2022A,annual,Global,actual,112.131,,,RMB mn,RMB,A,high,0,annual,Form 20-F,https://www.sec.gov/Archives/edgar/data/1610601/000119312523113913/d439130d20f.htm,2023-04-25,2026-08-01,Audited annual financial statement
MOMO-P3-0047,MOMO,P3,financial_normalized,fact,company,Hello Group,share_based_compensation,2022A,annual,Global,actual,401.484,,,RMB mn,RMB,A,high,0,annual,Form 20-F,https://www.sec.gov/Archives/edgar/data/1610601/000119312523113913/d439130d20f.htm,2023-04-25,2026-08-01,Audited annual financial statement
MOMO-P3-0048,MOMO,P3,financial_normalized,fact,company,Hello Group,diluted_ADS_equivalent,2022A,annual,Global,actual,211.90514,,,mn ADS,N/A,A,high,1,annual,Form 20-F,https://www.sec.gov/Archives/edgar/data/1610601/000119312523113913/d439130d20f.htm,2023-04-25,2026-08-01,Audited annual financial statement
MOMO-P3-0049,MOMO,P3,financial_normalized,fact,company,Hello Group,investment_or_goodwill_impairment,2022A,annual,Global,actual,0,,,RMB mn,RMB,A,high,0,annual,Form 20-F,https://www.sec.gov/Archives/edgar/data/1610601/000119312523113913/d439130d20f.htm,2023-04-25,2026-08-01,Audited annual financial statement
MOMO-P3-0050,MOMO,P3,financial_normalized,fact,company,Hello Group,revenue,2023A,annual,Global,actual,12002.323,,,RMB mn,RMB,A,high,1,annual,Form 20-F,https://www.sec.gov/Archives/edgar/data/1610601/000119312526183444/d13143d20f.htm,2026-04-28,2026-08-01,Audited annual financial statement
MOMO-P3-0051,MOMO,P3,financial_normalized,fact,company,Hello Group,operating_income,2023A,annual,Global,actual,2305.016,,,RMB mn,RMB,A,high,1,annual,Form 20-F,https://www.sec.gov/Archives/edgar/data/1610601/000119312526183444/d13143d20f.htm,2026-04-28,2026-08-01,Audited annual financial statement
MOMO-P3-0052,MOMO,P3,financial_normalized,fact,company,Hello Group,attributable_net_income,2023A,annual,Global,actual,1957.581,,,RMB mn,RMB,A,high,1,annual,Form 20-F,https://www.sec.gov/Archives/edgar/data/1610601/000119312526183444/d13143d20f.htm,2026-04-28,2026-08-01,Audited annual financial statement
MOMO-P3-0053,MOMO,P3,financial_normalized,fact,company,Hello Group,interest_income,2023A,annual,Global,actual,436.253,,,RMB mn,RMB,A,high,0,annual,Form 20-F,https://www.sec.gov/Archives/edgar/data/1610601/000119312526183444/d13143d20f.htm,2026-04-28,2026-08-01,Audited annual financial statement
MOMO-P3-0054,MOMO,P3,financial_normalized,fact,company,Hello Group,interest_expense,2023A,annual,Global,actual,62.223,,,RMB mn,RMB,A,high,0,annual,Form 20-F,https://www.sec.gov/Archives/edgar/data/1610601/000119312526183444/d13143d20f.htm,2026-04-28,2026-08-01,Audited annual financial statement
MOMO-P3-0055,MOMO,P3,financial_normalized,fact,company,Hello Group,other_gain_loss_net,2023A,annual,Global,actual,-26.685,,,RMB mn,RMB,A,high,0,annual,Form 20-F,https://www.sec.gov/Archives/edgar/data/1610601/000119312526183444/d13143d20f.htm,2026-04-28,2026-08-01,Audited annual financial statement
MOMO-P3-0056,MOMO,P3,financial_normalized,fact,company,Hello Group,equity_method_income_loss,2023A,annual,Global,actual,-70.643,,,RMB mn,RMB,A,high,0,annual,Form 20-F,https://www.sec.gov/Archives/edgar/data/1610601/000119312526183444/d13143d20f.htm,2026-04-28,2026-08-01,Audited annual financial statement
MOMO-P3-0057,MOMO,P3,financial_normalized,fact,company,Hello Group,income_tax_expense,2023A,annual,Global,actual,630.023,,,RMB mn,RMB,A,high,0,annual,Form 20-F,https://www.sec.gov/Archives/edgar/data/1610601/000119312526183444/d13143d20f.htm,2026-04-28,2026-08-01,Audited annual financial statement
MOMO-P3-0058,MOMO,P3,financial_normalized,fact,company,Hello Group,operating_cash_flow,2023A,annual,Global,actual,2277.161,,,RMB mn,RMB,A,high,1,annual,Form 20-F,https://www.sec.gov/Archives/edgar/data/1610601/000119312526183444/d13143d20f.htm,2026-04-28,2026-08-01,Audited annual financial statement
MOMO-P3-0059,MOMO,P3,financial_normalized,fact,company,Hello Group,capital_expenditure,2023A,annual,Global,actual,576.31,,,RMB mn,RMB,A,high,1,annual,Form 20-F,https://www.sec.gov/Archives/edgar/data/1610601/000119312526183444/d13143d20f.htm,2026-04-28,2026-08-01,Audited annual financial statement
MOMO-P3-0060,MOMO,P3,financial_normalized,fact,company,Hello Group,depreciation_amortization,2023A,annual,Global,actual,79.608,,,RMB mn,RMB,A,high,0,annual,Form 20-F,https://www.sec.gov/Archives/edgar/data/1610601/000119312526183444/d13143d20f.htm,2026-04-28,2026-08-01,Audited annual financial statement
MOMO-P3-0061,MOMO,P3,financial_normalized,fact,company,Hello Group,share_based_compensation,2023A,annual,Global,actual,267.101,,,RMB mn,RMB,A,high,0,annual,Form 20-F,https://www.sec.gov/Archives/edgar/data/1610601/000119312526183444/d13143d20f.htm,2026-04-28,2026-08-01,Audited annual financial statement
MOMO-P3-0062,MOMO,P3,financial_normalized,fact,company,Hello Group,diluted_ADS_equivalent,2023A,annual,Global,actual,200.916664,,,mn ADS,N/A,A,high,1,annual,Form 20-F,https://www.sec.gov/Archives/edgar/data/1610601/000119312526183444/d13143d20f.htm,2026-04-28,2026-08-01,Audited annual financial statement
MOMO-P3-0063,MOMO,P3,financial_normalized,fact,company,Hello Group,investment_or_goodwill_impairment,2023A,annual,Global,actual,31.25,,,RMB mn,RMB,A,high,0,annual,Form 20-F,https://www.sec.gov/Archives/edgar/data/1610601/000119312526183444/d13143d20f.htm,2026-04-28,2026-08-01,Audited annual financial statement
MOMO-P3-0064,MOMO,P3,financial_normalized,fact,company,Hello Group,revenue,2024A,annual,Global,actual,10562.971,,,RMB mn,RMB,A,high,1,annual,Form 20-F,https://www.sec.gov/Archives/edgar/data/1610601/000119312526183444/d13143d20f.htm,2026-04-28,2026-08-01,Audited annual financial statement
MOMO-P3-0065,MOMO,P3,financial_normalized,fact,company,Hello Group,operating_income,2024A,annual,Global,actual,1532.77,,,RMB mn,RMB,A,high,1,annual,Form 20-F,https://www.sec.gov/Archives/edgar/data/1610601/000119312526183444/d13143d20f.htm,2026-04-28,2026-08-01,Audited annual financial statement
MOMO-P3-0066,MOMO,P3,financial_normalized,fact,company,Hello Group,attributable_net_income,2024A,annual,Global,actual,1039.573,,,RMB mn,RMB,A,high,1,annual,Form 20-F,https://www.sec.gov/Archives/edgar/data/1610601/000119312526183444/d13143d20f.htm,2026-04-28,2026-08-01,Audited annual financial statement
MOMO-P3-0067,MOMO,P3,financial_normalized,fact,company,Hello Group,interest_income,2024A,annual,Global,actual,510.964,,,RMB mn,RMB,A,high,0,annual,Form 20-F,https://www.sec.gov/Archives/edgar/data/1610601/000119312526183444/d13143d20f.htm,2026-04-28,2026-08-01,Audited annual financial statement
MOMO-P3-0068,MOMO,P3,financial_normalized,fact,company,Hello Group,interest_expense,2024A,annual,Global,actual,127.846,,,RMB mn,RMB,A,high,0,annual,Form 20-F,https://www.sec.gov/Archives/edgar/data/1610601/000119312526183444/d13143d20f.htm,2026-04-28,2026-08-01,Audited annual financial statement
MOMO-P3-0069,MOMO,P3,financial_normalized,fact,company,Hello Group,other_gain_loss_net,2024A,annual,Global,actual,-90.509,,,RMB mn,RMB,A,high,0,annual,Form 20-F,https://www.sec.gov/Archives/edgar/data/1610601/000119312526183444/d13143d20f.htm,2026-04-28,2026-08-01,Audited annual financial statement
MOMO-P3-0070,MOMO,P3,financial_normalized,fact,company,Hello Group,equity_method_income_loss,2024A,annual,Global,actual,59.216,,,RMB mn,RMB,A,high,0,annual,Form 20-F,https://www.sec.gov/Archives/edgar/data/1610601/000119312526183444/d13143d20f.htm,2026-04-28,2026-08-01,Audited annual financial statement
MOMO-P3-0071,MOMO,P3,financial_normalized,fact,company,Hello Group,income_tax_expense,2024A,annual,Global,actual,845.022,,,RMB mn,RMB,A,high,0,annual,Form 20-F,https://www.sec.gov/Archives/edgar/data/1610601/000119312526183444/d13143d20f.htm,2026-04-28,2026-08-01,Audited annual financial statement
MOMO-P3-0072,MOMO,P3,financial_normalized,fact,company,Hello Group,operating_cash_flow,2024A,annual,Global,actual,1639.994,,,RMB mn,RMB,A,high,1,annual,Form 20-F,https://www.sec.gov/Archives/edgar/data/1610601/000119312526183444/d13143d20f.htm,2026-04-28,2026-08-01,Audited annual financial statement
MOMO-P3-0073,MOMO,P3,financial_normalized,fact,company,Hello Group,capital_expenditure,2024A,annual,Global,actual,285.541,,,RMB mn,RMB,A,high,1,annual,Form 20-F,https://www.sec.gov/Archives/edgar/data/1610601/000119312526183444/d13143d20f.htm,2026-04-28,2026-08-01,Audited annual financial statement
MOMO-P3-0074,MOMO,P3,financial_normalized,fact,company,Hello Group,depreciation_amortization,2024A,annual,Global,actual,58.733,,,RMB mn,RMB,A,high,0,annual,Form 20-F,https://www.sec.gov/Archives/edgar/data/1610601/000119312526183444/d13143d20f.htm,2026-04-28,2026-08-01,Audited annual financial statement
MOMO-P3-0075,MOMO,P3,financial_normalized,fact,company,Hello Group,share_based_compensation,2024A,annual,Global,actual,192.572,,,RMB mn,RMB,A,high,0,annual,Form 20-F,https://www.sec.gov/Archives/edgar/data/1610601/000119312526183444/d13143d20f.htm,2026-04-28,2026-08-01,Audited annual financial statement
MOMO-P3-0076,MOMO,P3,financial_normalized,fact,company,Hello Group,diluted_ADS_equivalent,2024A,annual,Global,actual,186.795987,,,mn ADS,N/A,A,high,1,annual,Form 20-F,https://www.sec.gov/Archives/edgar/data/1610601/000119312526183444/d13143d20f.htm,2026-04-28,2026-08-01,Audited annual financial statement
MOMO-P3-0077,MOMO,P3,financial_normalized,fact,company,Hello Group,investment_or_goodwill_impairment,2024A,annual,Global,actual,62.625,,,RMB mn,RMB,A,high,0,annual,Form 20-F,https://www.sec.gov/Archives/edgar/data/1610601/000119312526183444/d13143d20f.htm,2026-04-28,2026-08-01,Audited annual financial statement
MOMO-P3-0078,MOMO,P3,financial_normalized,fact,company,Hello Group,revenue,2025A,annual,Global,actual,10367.096,,,RMB mn,RMB,A,high,1,annual,Form 20-F,https://www.sec.gov/Archives/edgar/data/1610601/000119312526183444/d13143d20f.htm,2026-04-28,2026-08-01,Audited annual financial statement
MOMO-P3-0079,MOMO,P3,financial_normalized,fact,company,Hello Group,operating_income,2025A,annual,Global,actual,1354.563,,,RMB mn,RMB,A,high,1,annual,Form 20-F,https://www.sec.gov/Archives/edgar/data/1610601/000119312526183444/d13143d20f.htm,2026-04-28,2026-08-01,Audited annual financial statement
MOMO-P3-0080,MOMO,P3,financial_normalized,fact,company,Hello Group,attributable_net_income,2025A,annual,Global,actual,804.013,,,RMB mn,RMB,A,high,1,annual,Form 20-F,https://www.sec.gov/Archives/edgar/data/1610601/000119312526183444/d13143d20f.htm,2026-04-28,2026-08-01,Audited annual financial statement
MOMO-P3-0081,MOMO,P3,financial_normalized,fact,company,Hello Group,interest_income,2025A,annual,Global,actual,374.466,,,RMB mn,RMB,A,high,0,annual,Form 20-F,https://www.sec.gov/Archives/edgar/data/1610601/000119312526183444/d13143d20f.htm,2026-04-28,2026-08-01,Audited annual financial statement
MOMO-P3-0082,MOMO,P3,financial_normalized,fact,company,Hello Group,interest_expense,2025A,annual,Global,actual,72.438,,,RMB mn,RMB,A,high,0,annual,Form 20-F,https://www.sec.gov/Archives/edgar/data/1610601/000119312526183444/d13143d20f.htm,2026-04-28,2026-08-01,Audited annual financial statement
MOMO-P3-0083,MOMO,P3,financial_normalized,fact,company,Hello Group,other_gain_loss_net,2025A,annual,Global,actual,5.682,,,RMB mn,RMB,A,high,0,annual,Form 20-F,https://www.sec.gov/Archives/edgar/data/1610601/000119312526183444/d13143d20f.htm,2026-04-28,2026-08-01,Audited annual financial statement
MOMO-P3-0084,MOMO,P3,financial_normalized,fact,company,Hello Group,equity_method_income_loss,2025A,annual,Global,actual,-12.879,,,RMB mn,RMB,A,high,0,annual,Form 20-F,https://www.sec.gov/Archives/edgar/data/1610601/000119312526183444/d13143d20f.htm,2026-04-28,2026-08-01,Audited annual financial statement
MOMO-P3-0085,MOMO,P3,financial_normalized,fact,company,Hello Group,income_tax_expense,2025A,annual,Global,actual,842.869,,,RMB mn,RMB,A,high,0,annual,Form 20-F,https://www.sec.gov/Archives/edgar/data/1610601/000119312526183444/d13143d20f.htm,2026-04-28,2026-08-01,Audited annual financial statement
MOMO-P3-0086,MOMO,P3,financial_normalized,fact,company,Hello Group,operating_cash_flow,2025A,annual,Global,actual,1183.109,,,RMB mn,RMB,A,high,1,annual,Form 20-F,https://www.sec.gov/Archives/edgar/data/1610601/000119312526183444/d13143d20f.htm,2026-04-28,2026-08-01,Audited annual financial statement
MOMO-P3-0087,MOMO,P3,financial_normalized,fact,company,Hello Group,capital_expenditure,2025A,annual,Global,actual,492.517,,,RMB mn,RMB,A,high,1,annual,Form 20-F,https://www.sec.gov/Archives/edgar/data/1610601/000119312526183444/d13143d20f.htm,2026-04-28,2026-08-01,Audited annual financial statement
MOMO-P3-0088,MOMO,P3,financial_normalized,fact,company,Hello Group,depreciation_amortization,2025A,annual,Global,actual,81.815,,,RMB mn,RMB,A,high,0,annual,Form 20-F,https://www.sec.gov/Archives/edgar/data/1610601/000119312526183444/d13143d20f.htm,2026-04-28,2026-08-01,Audited annual financial statement
MOMO-P3-0089,MOMO,P3,financial_normalized,fact,company,Hello Group,share_based_compensation,2025A,annual,Global,actual,162.745,,,RMB mn,RMB,A,high,0,annual,Form 20-F,https://www.sec.gov/Archives/edgar/data/1610601/000119312526183444/d13143d20f.htm,2026-04-28,2026-08-01,Audited annual financial statement
MOMO-P3-0090,MOMO,P3,financial_normalized,fact,company,Hello Group,diluted_ADS_equivalent,2025A,annual,Global,actual,169.29854,,,mn ADS,N/A,A,high,1,annual,Form 20-F,https://www.sec.gov/Archives/edgar/data/1610601/000119312526183444/d13143d20f.htm,2026-04-28,2026-08-01,Audited annual financial statement
MOMO-P3-0091,MOMO,P3,financial_normalized,fact,company,Hello Group,investment_or_goodwill_impairment,2025A,annual,Global,actual,0,,,RMB mn,RMB,A,high,0,annual,Form 20-F,https://www.sec.gov/Archives/edgar/data/1610601/000119312526183444/d13143d20f.htm,2026-04-28,2026-08-01,Audited annual financial statement
MOMO-P3-0092,MOMO,P3,financial_normalized,fact,company,Hello Group,company_non_GAAP_attributable_net_income,2023A,annual,Global,actual,2224.7,,,RMB mn,RMB,A,high,0,annual,Annual earnings release,https://www.sec.gov/Archives/edgar/data/1610601/000119312526183444/d13143d20f.htm,2026-04-28,2026-08-01,Company non-GAAP excludes SBC and certain acquisition/intangible items; it is not owner earnings
MOMO-P3-0093,MOMO,P3,financial_normalized,fact,company,Hello Group,company_non_GAAP_attributable_net_income,2024A,annual,Global,actual,1232.9,,,RMB mn,RMB,A,high,0,annual,Annual earnings release,https://www.sec.gov/Archives/edgar/data/1610601/000119312526183444/d13143d20f.htm,2026-04-28,2026-08-01,Company non-GAAP excludes SBC and certain acquisition/intangible items; it is not owner earnings
MOMO-P3-0094,MOMO,P3,financial_normalized,fact,company,Hello Group,company_non_GAAP_attributable_net_income,2025A,annual,Global,actual,993.5,,,RMB mn,RMB,A,high,0,annual,Annual earnings release,https://ir.hellogroup.com/news-releases/news-release-details/hello-group-inc-announces-unaudited-financial-results-fourth-3/,2026-03-12,2026-08-01,Company non-GAAP excludes SBC and certain acquisition/intangible items; it is not owner earnings
MOMO-P3-0095,MOMO,P3,financial_normalized,fact,subsidiary,Beijing Momo IT / Momo HK,withholding_tax_accrual,2023A,annual,China,actual,184.0,,,RMB mn,RMB,A,high,1,annual,2025 Form 20-F,https://www.sec.gov/Archives/edgar/data/1610601/000119312526183444/d13143d20f.htm,2026-04-28,2026-08-01,Recurring/period-specific withholding accrual
MOMO-P3-0096,MOMO,P3,financial_normalized,fact,subsidiary,Beijing Momo IT / Momo HK,withholding_tax_accrual,2024A,annual,China,actual,519.0,,,RMB mn,RMB,A,high,1,annual,2025 Form 20-F,https://www.sec.gov/Archives/edgar/data/1610601/000119312526183444/d13143d20f.htm,2026-04-28,2026-08-01,Included use of 5% preferential assumption before reassessment
MOMO-P3-0097,MOMO,P3,financial_normalized,fact,subsidiary,Beijing Momo IT / Momo HK,withholding_tax_accrual,2025A,annual,China,actual,634.0,,,RMB mn,RMB,A,high,1,annual,2025 Form 20-F,https://www.sec.gov/Archives/edgar/data/1610601/000119312526183444/d13143d20f.htm,2026-04-28,2026-08-01,Includes RMB535m incremental catch-up
MOMO-P3-0098,MOMO,P3,financial_normalized,fact,subsidiary,Beijing Momo IT / Momo HK,incremental_withholding_tax_catchup,2025A,annual,China,actual,535.0,,,RMB mn,RMB,A,high,1,annual,2025 Form 20-F,https://www.sec.gov/Archives/edgar/data/1610601/000119312526183444/d13143d20f.htm,2026-04-28,2026-08-01,One-off accounting catch-up from tax-rate reassessment
MOMO-P3-0099,MOMO,P3,financial_normalized,fact,subsidiary,Beijing Momo IT / Momo HK,withholding_tax_cash_paid,2023A,annual,China,actual,180.0,,,RMB mn,RMB,A,high,1,annual,2025 Form 20-F,https://www.sec.gov/Archives/edgar/data/1610601/000119312526183444/d13143d20f.htm,2026-04-28,2026-08-01,Cash paid on upstream dividend
MOMO-P3-0100,MOMO,P3,financial_normalized,fact,subsidiary,Beijing Momo IT / Momo HK,withholding_tax_cash_paid,2024A,annual,China,actual,200.0,,,RMB mn,RMB,A,high,1,annual,2025 Form 20-F,https://www.sec.gov/Archives/edgar/data/1610601/000119312526183444/d13143d20f.htm,2026-04-28,2026-08-01,Cash paid at then-applied rate
MOMO-P3-0101,MOMO,P3,financial_normalized,fact,subsidiary,Beijing Momo IT / Momo HK,withholding_tax_cash_paid,2025A,annual,China,actual,480.0,,,RMB mn,RMB,A,high,1,annual,2025 Form 20-F,https://www.sec.gov/Archives/edgar/data/1610601/000119312526183444/d13143d20f.htm,2026-04-28,2026-08-01,Includes additional cash settlement following reassessment
MOMO-P3-0102,MOMO,P3,financial_normalized,fact,subsidiary,Beijing Momo IT / Momo HK,upstream_dividend_Beijing_Momo_IT_to_HK,2023A,annual,China,actual,1800.0,,,RMB mn,RMB,A,high,1,annual,2025 Form 20-F,https://www.sec.gov/Archives/edgar/data/1610601/000119312526183444/d13143d20f.htm,2026-04-28,2026-08-01,Cash declared upstream
MOMO-P3-0103,MOMO,P3,financial_normalized,fact,subsidiary,Beijing Momo IT / Momo HK,upstream_dividend_Beijing_Momo_IT_to_HK,2024A,annual,China,actual,6000.0,,,RMB mn,RMB,A,high,1,annual,2025 Form 20-F,https://www.sec.gov/Archives/edgar/data/1610601/000119312526183444/d13143d20f.htm,2026-04-28,2026-08-01,RMB4bn paid in 2024 and RMB2bn in Q1 2025
MOMO-P3-0104,MOMO,P3,financial_normalized,fact,subsidiary,Beijing Momo IT / Momo HK,upstream_dividend_Beijing_Momo_IT_to_HK,2025A,annual,China,actual,800.0,,,RMB mn,RMB,A,high,1,annual,2025 Form 20-F,https://www.sec.gov/Archives/edgar/data/1610601/000119312526183444/d13143d20f.htm,2026-04-28,2026-08-01,Cash declared upstream
MOMO-P3-0105,MOMO,P3,financial_normalized,fact,company,Hello Group,future_PRChina_dividend_withholding_rate,2025A,point_in_time,China,actual,0.1,,,%,N/A,A,high,1,event_driven,2025 Form 20-F,https://www.sec.gov/Archives/edgar/data/1610601/000119312526183444/d13143d20f.htm,2026-04-28,2026-08-01,Tax authority rejected 5% preferential qualification; company expects 10% going forward
MOMO-P3-0106,MOMO,P3,financial_normalized,estimate,company,Hello Group,adjusted_GAAP_attributable_net_income_ex_tax_catchup,2025A,annual,Global,actual,1339.013,,,RMB mn,RMB,E,high,1,annual,Calculated from 2025 Form 20-F,https://www.sec.gov/Archives/edgar/data/1610601/000119312526183444/d13143d20f.htm,2026-04-28,2026-08-01,Reported attributable NI plus one-off RMB535m tax catch-up; still includes interest and investment items
MOMO-P3-0107,MOMO,P3,financial_normalized,fact,company,Hello Group,Q1_2024_income_tax_expense,2024Q1,quarterly,Global,actual,557.6,,,RMB mn,RMB,A,high,1,quarterly,Q1 2024 earnings release,https://www.sec.gov/Archives/edgar/data/1610601/000119312524147633/d838804dex991.htm,2024-05-28,2026-08-01,Included RMB448.6m withholding tax on historical retained earnings
MOMO-P3-0108,MOMO,P3,financial_normalized,fact,company,Hello Group,Q1_2024_historical_earnings_withholding_tax,2024Q1,quarterly,Global,actual,448.6,,,RMB mn,RMB,A,high,1,quarterly,Q1 2024 earnings release,https://www.sec.gov/Archives/edgar/data/1610601/000119312524147633/d838804dex991.htm,2024-05-28,2026-08-01,Illustrates that GAAP NI may be distorted by distribution tax timing
MOMO-P3-0109,MOMO,P3,owner_earnings,assumption,company,Hello Group,normalized_operating_tax_rate,P3,point_in_time,Global,base,0.18,,,%,N/A,H,medium,1,annual,P3 model assumption,,2026-08-01,2026-08-01,"Blended tax on operating profit, separate from 10% dividend remittance tax; sensitivity required in P4"
MOMO-P3-0110,MOMO,P3,owner_earnings,conclusion,company,Hello Group,SBC_treatment,P3,point_in_time,Global,not_applicable,GAAP营业利润已包含SBC，不重复扣除,,,text,N/A,H,high,1,event_driven,P3 accounting policy,,2026-08-01,2026-08-01,"If a non-GAAP operating-profit starting point is used, SBC must be deducted exactly once"
MOMO-P3-0111,MOMO,P3,owner_earnings,conclusion,company,Hello Group,owner_earnings_formula,P3,point_in_time,Global,not_applicable,GAAP营业利润×(1-正常化经营税率)+D&A-维持性资本开支-持续汇出税,,,text,N/A,H,high,1,event_driven,Framework + P3 accounting bridge,/mnt/data/MOMO_JOYY_WB_低估互联网公司投资调研框架_V3.1_单文件上传版(1).md,2026-08-01,2026-08-01,"Interest income, investment gains/losses, acquisitions and strategic capex are valued separately"
MOMO-P3-0112,MOMO,P3,owner_earnings,assumption,company,Hello Group,maintenance_capex,2020A,annual,Global,actual,124.143,,,RMB mn,RMB,H,medium,1,annual,P3 maintenance-capex estimate,https://www.sec.gov/Archives/edgar/data/1610601/000119312523113913/d439130d20f.htm,2023-04-25,2026-08-01,2023-25 reported capex includes office buildings/land or development assets; maintenance estimate is separated from strategic capex
MOMO-P3-0113,MOMO,P3,owner_earnings,estimate,company,Hello Group,strategic_growth_capex,2020A,annual,Global,actual,0.0,,,RMB mn,RMB,E,medium,0,annual,Calculated from reported capex,https://www.sec.gov/Archives/edgar/data/1610601/000119312523113913/d439130d20f.htm,2023-04-25,2026-08-01,Reported capex less maintenance-capex estimate; zero floor
MOMO-P3-0114,MOMO,P3,owner_earnings,assumption,company,Hello Group,domestic_earnings_proxy_share,2020A,annual,Global,actual,0.992,,,%,N/A,H,medium,0,annual,VIE revenue share / geographic revenue,https://www.sec.gov/Archives/edgar/data/1610601/000119312523113913/d439130d20f.htm,2023-04-25,2026-08-01,2020-22 uses VIE revenue contribution as a conservative remittance-tax proxy; 2023-25 uses China revenue share
MOMO-P3-0115,MOMO,P3,owner_earnings,estimate,company,Hello Group,reported_FCF,2020A,annual,Global,actual,2956.746,,,RMB mn,RMB,E,medium,1,annual,P3 owner-earnings bridge,https://www.sec.gov/Archives/edgar/data/1610601/000119312523113913/d439130d20f.htm,2023-04-25,2026-08-01,"CFO minus total reported capex; affected by working capital, tax timing and strategic capex"
MOMO-P3-0116,MOMO,P3,owner_earnings,estimate,company,Hello Group,core_owner_earnings_pre_remittance,2020A,annual,Global,actual,2317.8817,,,RMB mn,RMB,E,medium,1,annual,P3 owner-earnings bridge,https://www.sec.gov/Archives/edgar/data/1610601/000119312523113913/d439130d20f.htm,2023-04-25,2026-08-01,GAAP operating profit after normalized tax plus D&A less maintenance capex
MOMO-P3-0117,MOMO,P3,owner_earnings,estimate,company,Hello Group,normalized_remittance_tax,2020A,annual,Global,actual,229.93386464000002,,,RMB mn,RMB,E,medium,1,annual,P3 owner-earnings bridge,https://www.sec.gov/Archives/edgar/data/1610601/000119312523113913/d439130d20f.htm,2023-04-25,2026-08-01,10% applied to positive core owner earnings multiplied by domestic proxy share
MOMO-P3-0118,MOMO,P3,owner_earnings,estimate,company,Hello Group,normalized_core_owner_earnings,2020A,annual,Global,actual,2087.9478353599998,,,RMB mn,RMB,E,medium,1,annual,P3 owner-earnings bridge,https://www.sec.gov/Archives/edgar/data/1610601/000119312523113913/d439130d20f.htm,2023-04-25,2026-08-01,Primary P3 recurring owner-earnings measure
MOMO-P3-0119,MOMO,P3,owner_earnings,estimate,company,Hello Group,normalized_core_owner_earnings_per_diluted_ADS,2020A,annual,Global,actual,9.237038806189789,,,RMB/ADS,RMB,E,medium,1,annual,P3 owner-earnings bridge,https://www.sec.gov/Archives/edgar/data/1610601/000119312523113913/d439130d20f.htm,2023-04-25,2026-08-01,Uses annual diluted weighted-average ADS
MOMO-P3-0120,MOMO,P3,owner_earnings,assumption,company,Hello Group,maintenance_capex,2021A,annual,Global,actual,95.323,,,RMB mn,RMB,H,medium,1,annual,P3 maintenance-capex estimate,https://www.sec.gov/Archives/edgar/data/1610601/000119312523113913/d439130d20f.htm,2023-04-25,2026-08-01,2023-25 reported capex includes office buildings/land or development assets; maintenance estimate is separated from strategic capex
MOMO-P3-0121,MOMO,P3,owner_earnings,estimate,company,Hello Group,strategic_growth_capex,2021A,annual,Global,actual,0.0,,,RMB mn,RMB,E,medium,0,annual,Calculated from reported capex,https://www.sec.gov/Archives/edgar/data/1610601/000119312523113913/d439130d20f.htm,2023-04-25,2026-08-01,Reported capex less maintenance-capex estimate; zero floor
MOMO-P3-0122,MOMO,P3,owner_earnings,assumption,company,Hello Group,domestic_earnings_proxy_share,2021A,annual,Global,actual,0.984,,,%,N/A,H,medium,0,annual,VIE revenue share / geographic revenue,https://www.sec.gov/Archives/edgar/data/1610601/000119312523113913/d439130d20f.htm,2023-04-25,2026-08-01,2020-22 uses VIE revenue contribution as a conservative remittance-tax proxy; 2023-25 uses China revenue share
MOMO-P3-0123,MOMO,P3,owner_earnings,estimate,company,Hello Group,reported_FCF,2021A,annual,Global,actual,1463.875,,,RMB mn,RMB,E,medium,1,annual,P3 owner-earnings bridge,https://www.sec.gov/Archives/edgar/data/1610601/000119312523113913/d439130d20f.htm,2023-04-25,2026-08-01,"CFO minus total reported capex; affected by working capital, tax timing and strategic capex"
MOMO-P3-0124,MOMO,P3,owner_earnings,estimate,company,Hello Group,core_owner_earnings_pre_remittance,2021A,annual,Global,actual,-1790.1689400000002,,,RMB mn,RMB,E,medium,1,annual,P3 owner-earnings bridge,https://www.sec.gov/Archives/edgar/data/1610601/000119312523113913/d439130d20f.htm,2023-04-25,2026-08-01,GAAP operating profit after normalized tax plus D&A less maintenance capex
MOMO-P3-0125,MOMO,P3,owner_earnings,estimate,company,Hello Group,normalized_remittance_tax,2021A,annual,Global,actual,0.0,,,RMB mn,RMB,E,medium,1,annual,P3 owner-earnings bridge,https://www.sec.gov/Archives/edgar/data/1610601/000119312523113913/d439130d20f.htm,2023-04-25,2026-08-01,10% applied to positive core owner earnings multiplied by domestic proxy share
MOMO-P3-0126,MOMO,P3,owner_earnings,estimate,company,Hello Group,normalized_core_owner_earnings,2021A,annual,Global,actual,-1790.1689400000002,,,RMB mn,RMB,E,medium,1,annual,P3 owner-earnings bridge,https://www.sec.gov/Archives/edgar/data/1610601/000119312523113913/d439130d20f.htm,2023-04-25,2026-08-01,Primary P3 recurring owner-earnings measure
MOMO-P3-0127,MOMO,P3,owner_earnings,estimate,company,Hello Group,normalized_core_owner_earnings_per_diluted_ADS,2021A,annual,Global,actual,-8.846851945917429,,,RMB/ADS,RMB,E,medium,1,annual,P3 owner-earnings bridge,https://www.sec.gov/Archives/edgar/data/1610601/000119312523113913/d439130d20f.htm,2023-04-25,2026-08-01,Uses annual diluted weighted-average ADS
MOMO-P3-0128,MOMO,P3,owner_earnings,assumption,company,Hello Group,maintenance_capex,2022A,annual,Global,actual,80.445,,,RMB mn,RMB,H,medium,1,annual,P3 maintenance-capex estimate,https://www.sec.gov/Archives/edgar/data/1610601/000119312523113913/d439130d20f.htm,2023-04-25,2026-08-01,2023-25 reported capex includes office buildings/land or development assets; maintenance estimate is separated from strategic capex
MOMO-P3-0129,MOMO,P3,owner_earnings,estimate,company,Hello Group,strategic_growth_capex,2022A,annual,Global,actual,0.0,,,RMB mn,RMB,E,medium,0,annual,Calculated from reported capex,https://www.sec.gov/Archives/edgar/data/1610601/000119312523113913/d439130d20f.htm,2023-04-25,2026-08-01,Reported capex less maintenance-capex estimate; zero floor
MOMO-P3-0130,MOMO,P3,owner_earnings,assumption,company,Hello Group,domestic_earnings_proxy_share,2022A,annual,Global,actual,0.957,,,%,N/A,H,medium,0,annual,VIE revenue share / geographic revenue,https://www.sec.gov/Archives/edgar/data/1610601/000119312523113913/d439130d20f.htm,2023-04-25,2026-08-01,2020-22 uses VIE revenue contribution as a conservative remittance-tax proxy; 2023-25 uses China revenue share
MOMO-P3-0131,MOMO,P3,owner_earnings,estimate,company,Hello Group,reported_FCF,2022A,annual,Global,actual,1146.4460000000001,,,RMB mn,RMB,E,medium,1,annual,P3 owner-earnings bridge,https://www.sec.gov/Archives/edgar/data/1610601/000119312523113913/d439130d20f.htm,2023-04-25,2026-08-01,"CFO minus total reported capex; affected by working capital, tax timing and strategic capex"
MOMO-P3-0132,MOMO,P3,owner_earnings,estimate,company,Hello Group,core_owner_earnings_pre_remittance,2022A,annual,Global,actual,1366.2712600000002,,,RMB mn,RMB,E,medium,1,annual,P3 owner-earnings bridge,https://www.sec.gov/Archives/edgar/data/1610601/000119312523113913/d439130d20f.htm,2023-04-25,2026-08-01,GAAP operating profit after normalized tax plus D&A less maintenance capex
MOMO-P3-0133,MOMO,P3,owner_earnings,estimate,company,Hello Group,normalized_remittance_tax,2022A,annual,Global,actual,130.75215958200002,,,RMB mn,RMB,E,medium,1,annual,P3 owner-earnings bridge,https://www.sec.gov/Archives/edgar/data/1610601/000119312523113913/d439130d20f.htm,2023-04-25,2026-08-01,10% applied to positive core owner earnings multiplied by domestic proxy share
MOMO-P3-0134,MOMO,P3,owner_earnings,estimate,company,Hello Group,normalized_core_owner_earnings,2022A,annual,Global,actual,1235.519100418,,,RMB mn,RMB,E,medium,1,annual,P3 owner-earnings bridge,https://www.sec.gov/Archives/edgar/data/1610601/000119312523113913/d439130d20f.htm,2023-04-25,2026-08-01,Primary P3 recurring owner-earnings measure
MOMO-P3-0135,MOMO,P3,owner_earnings,estimate,company,Hello Group,normalized_core_owner_earnings_per_diluted_ADS,2022A,annual,Global,actual,5.830529171769973,,,RMB/ADS,RMB,E,medium,1,annual,P3 owner-earnings bridge,https://www.sec.gov/Archives/edgar/data/1610601/000119312523113913/d439130d20f.htm,2023-04-25,2026-08-01,Uses annual diluted weighted-average ADS
MOMO-P3-0136,MOMO,P3,owner_earnings,assumption,company,Hello Group,maintenance_capex,2023A,annual,Global,actual,100.0,,,RMB mn,RMB,H,medium,1,annual,P3 maintenance-capex estimate,https://www.sec.gov/Archives/edgar/data/1610601/000119312526183444/d13143d20f.htm,2026-04-28,2026-08-01,2023-25 reported capex includes office buildings/land or development assets; maintenance estimate is separated from strategic capex
MOMO-P3-0137,MOMO,P3,owner_earnings,estimate,company,Hello Group,strategic_growth_capex,2023A,annual,Global,actual,476.30999999999995,,,RMB mn,RMB,E,medium,0,annual,Calculated from reported capex,https://www.sec.gov/Archives/edgar/data/1610601/000119312526183444/d13143d20f.htm,2026-04-28,2026-08-01,Reported capex less maintenance-capex estimate; zero floor
MOMO-P3-0138,MOMO,P3,owner_earnings,assumption,company,Hello Group,domestic_earnings_proxy_share,2023A,annual,Global,actual,0.9334841263645378,,,%,N/A,H,high,0,annual,VIE revenue share / geographic revenue,https://www.sec.gov/Archives/edgar/data/1610601/000119312526183444/d13143d20f.htm,2026-04-28,2026-08-01,2020-22 uses VIE revenue contribution as a conservative remittance-tax proxy; 2023-25 uses China revenue share
MOMO-P3-0139,MOMO,P3,owner_earnings,estimate,company,Hello Group,reported_FCF,2023A,annual,Global,actual,1700.851,,,RMB mn,RMB,E,high,1,annual,P3 owner-earnings bridge,https://www.sec.gov/Archives/edgar/data/1610601/000119312526183444/d13143d20f.htm,2026-04-28,2026-08-01,"CFO minus total reported capex; affected by working capital, tax timing and strategic capex"
MOMO-P3-0140,MOMO,P3,owner_earnings,estimate,company,Hello Group,core_owner_earnings_pre_remittance,2023A,annual,Global,actual,1869.7211200000002,,,RMB mn,RMB,E,high,1,annual,P3 owner-earnings bridge,https://www.sec.gov/Archives/edgar/data/1610601/000119312526183444/d13143d20f.htm,2026-04-28,2026-08-01,GAAP operating profit after normalized tax plus D&A less maintenance capex
MOMO-P3-0141,MOMO,P3,owner_earnings,estimate,company,Hello Group,normalized_remittance_tax,2023A,annual,Global,actual,174.53549862485255,,,RMB mn,RMB,E,high,1,annual,P3 owner-earnings bridge,https://www.sec.gov/Archives/edgar/data/1610601/000119312526183444/d13143d20f.htm,2026-04-28,2026-08-01,10% applied to positive core owner earnings multiplied by domestic proxy share
MOMO-P3-0142,MOMO,P3,owner_earnings,estimate,company,Hello Group,normalized_core_owner_earnings,2023A,annual,Global,actual,1695.1856213751475,,,RMB mn,RMB,E,high,1,annual,P3 owner-earnings bridge,https://www.sec.gov/Archives/edgar/data/1610601/000119312526183444/d13143d20f.htm,2026-04-28,2026-08-01,Primary P3 recurring owner-earnings measure
MOMO-P3-0143,MOMO,P3,owner_earnings,estimate,company,Hello Group,normalized_core_owner_earnings_per_diluted_ADS,2023A,annual,Global,actual,8.437257456032356,,,RMB/ADS,RMB,E,high,1,annual,P3 owner-earnings bridge,https://www.sec.gov/Archives/edgar/data/1610601/000119312526183444/d13143d20f.htm,2026-04-28,2026-08-01,Uses annual diluted weighted-average ADS
MOMO-P3-0144,MOMO,P3,owner_earnings,assumption,company,Hello Group,maintenance_capex,2024A,annual,Global,actual,100.0,,,RMB mn,RMB,H,medium,1,annual,P3 maintenance-capex estimate,https://www.sec.gov/Archives/edgar/data/1610601/000119312526183444/d13143d20f.htm,2026-04-28,2026-08-01,2023-25 reported capex includes office buildings/land or development assets; maintenance estimate is separated from strategic capex
MOMO-P3-0145,MOMO,P3,owner_earnings,estimate,company,Hello Group,strategic_growth_capex,2024A,annual,Global,actual,185.541,,,RMB mn,RMB,E,medium,0,annual,Calculated from reported capex,https://www.sec.gov/Archives/edgar/data/1610601/000119312526183444/d13143d20f.htm,2026-04-28,2026-08-01,Reported capex less maintenance-capex estimate; zero floor
MOMO-P3-0146,MOMO,P3,owner_earnings,assumption,company,Hello Group,domestic_earnings_proxy_share,2024A,annual,Global,actual,0.8891512624620479,,,%,N/A,H,high,0,annual,VIE revenue share / geographic revenue,https://www.sec.gov/Archives/edgar/data/1610601/000119312526183444/d13143d20f.htm,2026-04-28,2026-08-01,2020-22 uses VIE revenue contribution as a conservative remittance-tax proxy; 2023-25 uses China revenue share
MOMO-P3-0147,MOMO,P3,owner_earnings,estimate,company,Hello Group,reported_FCF,2024A,annual,Global,actual,1354.453,,,RMB mn,RMB,E,high,1,annual,P3 owner-earnings bridge,https://www.sec.gov/Archives/edgar/data/1610601/000119312526183444/d13143d20f.htm,2026-04-28,2026-08-01,"CFO minus total reported capex; affected by working capital, tax timing and strategic capex"
MOMO-P3-0148,MOMO,P3,owner_earnings,estimate,company,Hello Group,core_owner_earnings_pre_remittance,2024A,annual,Global,actual,1215.6044,,,RMB mn,RMB,E,high,1,annual,P3 owner-earnings bridge,https://www.sec.gov/Archives/edgar/data/1610601/000119312526183444/d13143d20f.htm,2026-04-28,2026-08-01,GAAP operating profit after normalized tax plus D&A less maintenance capex
MOMO-P3-0149,MOMO,P3,owner_earnings,estimate,company,Hello Group,normalized_remittance_tax,2024A,annual,Global,actual,108.08561869144204,,,RMB mn,RMB,E,high,1,annual,P3 owner-earnings bridge,https://www.sec.gov/Archives/edgar/data/1610601/000119312526183444/d13143d20f.htm,2026-04-28,2026-08-01,10% applied to positive core owner earnings multiplied by domestic proxy share
MOMO-P3-0150,MOMO,P3,owner_earnings,estimate,company,Hello Group,normalized_core_owner_earnings,2024A,annual,Global,actual,1107.518781308558,,,RMB mn,RMB,E,high,1,annual,P3 owner-earnings bridge,https://www.sec.gov/Archives/edgar/data/1610601/000119312526183444/d13143d20f.htm,2026-04-28,2026-08-01,Primary P3 recurring owner-earnings measure
MOMO-P3-0151,MOMO,P3,owner_earnings,estimate,company,Hello Group,normalized_core_owner_earnings_per_diluted_ADS,2024A,annual,Global,actual,5.929028771418724,,,RMB/ADS,RMB,E,high,1,annual,P3 owner-earnings bridge,https://www.sec.gov/Archives/edgar/data/1610601/000119312526183444/d13143d20f.htm,2026-04-28,2026-08-01,Uses annual diluted weighted-average ADS
MOMO-P3-0152,MOMO,P3,owner_earnings,assumption,company,Hello Group,maintenance_capex,2025A,annual,Global,actual,120.0,,,RMB mn,RMB,H,medium,1,annual,P3 maintenance-capex estimate,https://www.sec.gov/Archives/edgar/data/1610601/000119312526183444/d13143d20f.htm,2026-04-28,2026-08-01,2023-25 reported capex includes office buildings/land or development assets; maintenance estimate is separated from strategic capex
MOMO-P3-0153,MOMO,P3,owner_earnings,estimate,company,Hello Group,strategic_growth_capex,2025A,annual,Global,actual,372.517,,,RMB mn,RMB,E,medium,0,annual,Calculated from reported capex,https://www.sec.gov/Archives/edgar/data/1610601/000119312526183444/d13143d20f.htm,2026-04-28,2026-08-01,Reported capex less maintenance-capex estimate; zero floor
MOMO-P3-0154,MOMO,P3,owner_earnings,assumption,company,Hello Group,domestic_earnings_proxy_share,2025A,annual,Global,actual,0.8070817517268095,,,%,N/A,H,high,0,annual,VIE revenue share / geographic revenue,https://www.sec.gov/Archives/edgar/data/1610601/000119312526183444/d13143d20f.htm,2026-04-28,2026-08-01,2020-22 uses VIE revenue contribution as a conservative remittance-tax proxy; 2023-25 uses China revenue share
MOMO-P3-0155,MOMO,P3,owner_earnings,estimate,company,Hello Group,reported_FCF,2025A,annual,Global,actual,690.5919999999999,,,RMB mn,RMB,E,high,1,annual,P3 owner-earnings bridge,https://www.sec.gov/Archives/edgar/data/1610601/000119312526183444/d13143d20f.htm,2026-04-28,2026-08-01,"CFO minus total reported capex; affected by working capital, tax timing and strategic capex"
MOMO-P3-0156,MOMO,P3,owner_earnings,estimate,company,Hello Group,core_owner_earnings_pre_remittance,2025A,annual,Global,actual,1072.5566600000002,,,RMB mn,RMB,E,high,1,annual,P3 owner-earnings bridge,https://www.sec.gov/Archives/edgar/data/1610601/000119312526183444/d13143d20f.htm,2026-04-28,2026-08-01,GAAP operating profit after normalized tax plus D&A less maintenance capex
MOMO-P3-0157,MOMO,P3,owner_earnings,estimate,company,Hello Group,normalized_remittance_tax,2025A,annual,Global,actual,86.56409079790564,,,RMB mn,RMB,E,high,1,annual,P3 owner-earnings bridge,https://www.sec.gov/Archives/edgar/data/1610601/000119312526183444/d13143d20f.htm,2026-04-28,2026-08-01,10% applied to positive core owner earnings multiplied by domestic proxy share
MOMO-P3-0158,MOMO,P3,owner_earnings,estimate,company,Hello Group,normalized_core_owner_earnings,2025A,annual,Global,actual,985.9925692020945,,,RMB mn,RMB,E,high,1,annual,P3 owner-earnings bridge,https://www.sec.gov/Archives/edgar/data/1610601/000119312526183444/d13143d20f.htm,2026-04-28,2026-08-01,Primary P3 recurring owner-earnings measure
MOMO-P3-0159,MOMO,P3,owner_earnings,estimate,company,Hello Group,normalized_core_owner_earnings_per_diluted_ADS,2025A,annual,Global,actual,5.823987431918163,,,RMB/ADS,RMB,E,high,1,annual,P3 owner-earnings bridge,https://www.sec.gov/Archives/edgar/data/1610601/000119312526183444/d13143d20f.htm,2026-04-28,2026-08-01,Uses annual diluted weighted-average ADS
MOMO-P3-0160,MOMO,P3,owner_earnings,estimate,company,Hello Group,normalized_core_owner_earnings,2026Q1,quarterly,Global,actual,226.1191481711434,,,RMB mn,RMB,E,medium,1,quarterly,P3 quarterly run-rate bridge,https://www.sec.gov/Archives/edgar/data/1610601/000119312526252519/d80576dex991.htm,2026-06-02,2026-08-01,Uses 2025 annual D&A and maintenance capex divided by four; for run-rate check only
MOMO-P3-0161,MOMO,P3,owner_earnings,estimate,company,Hello Group,annualized_normalized_core_owner_earnings,2026Q1,quarterly,Global,actual,904.4765926845736,,,RMB mn,RMB,E,low,1,quarterly,P3 quarterly run-rate bridge,https://www.sec.gov/Archives/edgar/data/1610601/000119312526252519/d80576dex991.htm,2026-06-02,2026-08-01,Simple annualization ignores seasonality and Q2-Q4 domestic/overseas mix
MOMO-P3-0162,MOMO,P3,cash_adjustment,fact,asset,Q1 2026 balance sheet,cash_and_cash_equivalents,2026Q1,point_in_time,Global,actual,5408.023,,,RMB mn,RMB,A,high,1,quarterly,Q1 2026 earnings release,https://www.sec.gov/Archives/edgar/data/1610601/000119312526252519/d80576dex991.htm,2026-06-02,2026-08-01,Period-end balance; long-term investments are excluded from net cash and valued separately
MOMO-P3-0163,MOMO,P3,cash_adjustment,fact,asset,Q1 2026 balance sheet,short_term_deposits,2026Q1,point_in_time,Global,actual,2856.68,,,RMB mn,RMB,A,high,1,quarterly,Q1 2026 earnings release,https://www.sec.gov/Archives/edgar/data/1610601/000119312526252519/d80576dex991.htm,2026-06-02,2026-08-01,Period-end balance; long-term investments are excluded from net cash and valued separately
MOMO-P3-0164,MOMO,P3,cash_adjustment,fact,asset,Q1 2026 balance sheet,short_term_investments,2026Q1,point_in_time,Global,actual,162.778,,,RMB mn,RMB,A,high,1,quarterly,Q1 2026 earnings release,https://www.sec.gov/Archives/edgar/data/1610601/000119312526252519/d80576dex991.htm,2026-06-02,2026-08-01,Period-end balance; long-term investments are excluded from net cash and valued separately
MOMO-P3-0165,MOMO,P3,cash_adjustment,fact,asset,Q1 2026 balance sheet,long_term_deposits,2026Q1,point_in_time,Global,actual,30.0,,,RMB mn,RMB,A,high,1,quarterly,Q1 2026 earnings release,https://www.sec.gov/Archives/edgar/data/1610601/000119312526252519/d80576dex991.htm,2026-06-02,2026-08-01,Period-end balance; long-term investments are excluded from net cash and valued separately
MOMO-P3-0166,MOMO,P3,cash_adjustment,fact,asset,Q1 2026 balance sheet,restricted_cash,2026Q1,point_in_time,Global,actual,103.47,,,RMB mn,RMB,A,high,1,quarterly,Q1 2026 earnings release,https://www.sec.gov/Archives/edgar/data/1610601/000119312526252519/d80576dex991.htm,2026-06-02,2026-08-01,Period-end balance; long-term investments are excluded from net cash and valued separately
MOMO-P3-0167,MOMO,P3,cash_adjustment,fact,liability,Q1 2026 balance sheet,current_borrowings,2026Q1,point_in_time,Global,actual,1.957,,,RMB mn,RMB,A,high,1,quarterly,Q1 2026 earnings release,https://www.sec.gov/Archives/edgar/data/1610601/000119312526252519/d80576dex991.htm,2026-06-02,2026-08-01,Period-end balance; long-term investments are excluded from net cash and valued separately
MOMO-P3-0168,MOMO,P3,cash_adjustment,fact,liability,Q1 2026 balance sheet,dividend_payable,2026Q1,point_in_time,Global,actual,284.426,,,RMB mn,RMB,A,high,1,quarterly,Q1 2026 earnings release,https://www.sec.gov/Archives/edgar/data/1610601/000119312526252519/d80576dex991.htm,2026-06-02,2026-08-01,Period-end balance; long-term investments are excluded from net cash and valued separately
MOMO-P3-0169,MOMO,P3,cash_adjustment,fact,asset,Q1 2026 balance sheet,long_term_investments,2026Q1,point_in_time,Global,actual,1526.586,,,RMB mn,RMB,A,high,1,quarterly,Q1 2026 earnings release,https://www.sec.gov/Archives/edgar/data/1610601/000119312526252519/d80576dex991.htm,2026-06-02,2026-08-01,Period-end balance; long-term investments are excluded from net cash and valued separately
MOMO-P3-0170,MOMO,P3,cash_adjustment,fact,asset,Hello Group cash structure,cash_outside_mainland,2025A,point_in_time,Offshore,actual,1434.5,,,RMB mn,RMB,A,high,1,annual,2025 Form 20-F,https://www.sec.gov/Archives/edgar/data/1610601/000119312526183444/d13143d20f.htm,2026-04-28,2026-08-01,Cash and equivalents outside mainland China
MOMO-P3-0171,MOMO,P3,cash_adjustment,fact,asset,Hello Group cash structure,cash_inside_mainland,2025A,point_in_time,China,actual,3885.5,,,RMB mn,RMB,A,high,1,annual,2025 Form 20-F,https://www.sec.gov/Archives/edgar/data/1610601/000119312526183444/d13143d20f.htm,2026-04-28,2026-08-01,Cash and equivalents inside mainland China
MOMO-P3-0172,MOMO,P3,cash_adjustment,fact,asset,Hello Group cash structure,cash_mainland_subsidiaries,2025A,point_in_time,China,actual,3170.1,,,RMB mn,RMB,A,high,1,annual,2025 Form 20-F,https://www.sec.gov/Archives/edgar/data/1610601/000119312526183444/d13143d20f.htm,2026-04-28,2026-08-01,Held by mainland subsidiaries
MOMO-P3-0173,MOMO,P3,cash_adjustment,fact,asset,Hello Group cash structure,cash_VIEs,2025A,point_in_time,China,actual,715.4,,,RMB mn,RMB,A,high,1,annual,2025 Form 20-F,https://www.sec.gov/Archives/edgar/data/1610601/000119312526183444/d13143d20f.htm,2026-04-28,2026-08-01,Held by VIEs and subsidiaries
MOMO-P3-0174,MOMO,P3,cash_adjustment,fact,asset,Hello Group cash structure,RMB_denom_liquid_financial_assets,2025A,point_in_time,China,actual,6361.0,,,RMB mn,RMB,A,high,1,annual,2025 Form 20-F,https://www.sec.gov/Archives/edgar/data/1610601/000119312526183444/d13143d20f.htm,2026-04-28,2026-08-01,"Cash, restricted cash, short-term investments and term deposits denominated in RMB"
MOMO-P3-0175,MOMO,P3,cash_adjustment,fact,asset,Hello Group cash structure,restricted_net_assets,2025A,point_in_time,China,actual,1511.24,,,RMB mn,RMB,A,high,1,annual,2025 Form 20-F,https://www.sec.gov/Archives/edgar/data/1610601/000119312526183444/d13143d20f.htm,2026-04-28,2026-08-01,Capital/statutory reserves not available for distribution
MOMO-P3-0176,MOMO,P3,cash_adjustment,assumption,company,Hello Group,operating_buffer,2026Q1,point_in_time,Global,bear,2500.0,,,RMB mn,RMB,H,medium,1,annual,P3 net-cash assumption,,2026-08-01,2026-08-01,Scenario reserve; calibrated before P4/P5
MOMO-P3-0177,MOMO,P3,cash_adjustment,assumption,company,Hello Group,tax_mobility_reserve,2026Q1,point_in_time,Global,bear,500.0,,,RMB mn,RMB,H,medium,1,annual,P3 net-cash assumption,,2026-08-01,2026-08-01,Scenario reserve; calibrated before P4/P5
MOMO-P3-0178,MOMO,P3,cash_adjustment,assumption,company,Hello Group,strategic_capital_budget,2026Q1,point_in_time,Global,bear,1000.0,,,RMB mn,RMB,H,medium,1,annual,P3 net-cash assumption,,2026-08-01,2026-08-01,Scenario reserve; calibrated before P4/P5
MOMO-P3-0179,MOMO,P3,cash_adjustment,assumption,company,Hello Group,credit_haircut,2026Q1,point_in_time,Global,bear,100.0,,,RMB mn,RMB,H,medium,1,annual,P3 net-cash assumption,,2026-08-01,2026-08-01,Scenario reserve; calibrated before P4/P5
MOMO-P3-0180,MOMO,P3,cash_adjustment,estimate,company,Hello Group,net_distributable_cash,2026Q1,point_in_time,Global,bear,4071.097999999999,,,RMB mn,RMB,E,medium,1,annual,P3 net-distributable-cash model,https://www.sec.gov/Archives/edgar/data/1610601/000119312526252519/d80576dex991.htm,2026-06-02,2026-08-01,Excludes long-term investments and restricted cash
MOMO-P3-0181,MOMO,P3,cash_adjustment,estimate,company,Hello Group,net_distributable_cash_USD,2026Q1,point_in_time,Global,bear,590.1852710930704,,,USD mn,USD,E,medium,1,annual,P3 net-distributable-cash model,https://www.sec.gov/Archives/edgar/data/1610601/000119312526252519/d80576dex991.htm,2026-06-02,2026-08-01,Translated at Q1 release FX 6.898
MOMO-P3-0182,MOMO,P3,cash_adjustment,estimate,company,Hello Group,net_distributable_cash_per_diluted_ADS,2026Q1,point_in_time,Global,bear,3.673474006871686,,,USD/ADS,USD,E,medium,1,annual,P3 net-distributable-cash model,https://www.sec.gov/Archives/edgar/data/1610601/000119312526252519/d80576dex991.htm,2026-06-02,2026-08-01,Uses 160.661m diluted ADS
MOMO-P3-0183,MOMO,P3,cash_adjustment,estimate,company,Hello Group,net_distributable_cash_price_coverage,2026Q1,point_in_time,Global,bear,0.6132677807799142,,,%,N/A,E,medium,1,annual,P3 net-distributable-cash model,https://www.sec.gov/Archives/edgar/data/1610601/000119312526252519/d80576dex991.htm,2026-06-02,2026-08-01,Compared with US$5.99 reference price
MOMO-P3-0184,MOMO,P3,cash_adjustment,assumption,company,Hello Group,operating_buffer,2026Q1,point_in_time,Global,base,2000.0,,,RMB mn,RMB,H,medium,1,annual,P3 net-cash assumption,,2026-08-01,2026-08-01,Scenario reserve; calibrated before P4/P5
MOMO-P3-0185,MOMO,P3,cash_adjustment,assumption,company,Hello Group,tax_mobility_reserve,2026Q1,point_in_time,Global,base,350.0,,,RMB mn,RMB,H,medium,1,annual,P3 net-cash assumption,,2026-08-01,2026-08-01,Scenario reserve; calibrated before P4/P5
MOMO-P3-0186,MOMO,P3,cash_adjustment,assumption,company,Hello Group,strategic_capital_budget,2026Q1,point_in_time,Global,base,700.0,,,RMB mn,RMB,H,medium,1,annual,P3 net-cash assumption,,2026-08-01,2026-08-01,Scenario reserve; calibrated before P4/P5
MOMO-P3-0187,MOMO,P3,cash_adjustment,assumption,company,Hello Group,credit_haircut,2026Q1,point_in_time,Global,base,50.0,,,RMB mn,RMB,H,medium,1,annual,P3 net-cash assumption,,2026-08-01,2026-08-01,Scenario reserve; calibrated before P4/P5
MOMO-P3-0188,MOMO,P3,cash_adjustment,estimate,company,Hello Group,net_distributable_cash,2026Q1,point_in_time,Global,base,5071.097999999999,,,RMB mn,RMB,E,medium,1,annual,P3 net-distributable-cash model,https://www.sec.gov/Archives/edgar/data/1610601/000119312526252519/d80576dex991.htm,2026-06-02,2026-08-01,Excludes long-term investments and restricted cash
MOMO-P3-0189,MOMO,P3,cash_adjustment,estimate,company,Hello Group,net_distributable_cash_USD,2026Q1,point_in_time,Global,base,735.1548274862278,,,USD mn,USD,E,medium,1,annual,P3 net-distributable-cash model,https://www.sec.gov/Archives/edgar/data/1610601/000119312526252519/d80576dex991.htm,2026-06-02,2026-08-01,Translated at Q1 release FX 6.898
MOMO-P3-0190,MOMO,P3,cash_adjustment,estimate,company,Hello Group,net_distributable_cash_per_diluted_ADS,2026Q1,point_in_time,Global,base,4.575804043356115,,,USD/ADS,USD,E,medium,1,annual,P3 net-distributable-cash model,https://www.sec.gov/Archives/edgar/data/1610601/000119312526252519/d80576dex991.htm,2026-06-02,2026-08-01,Uses 160.661m diluted ADS
MOMO-P3-0191,MOMO,P3,cash_adjustment,estimate,company,Hello Group,net_distributable_cash_price_coverage,2026Q1,point_in_time,Global,base,0.7639071858691343,,,%,N/A,E,medium,1,annual,P3 net-distributable-cash model,https://www.sec.gov/Archives/edgar/data/1610601/000119312526252519/d80576dex991.htm,2026-06-02,2026-08-01,Compared with US$5.99 reference price
MOMO-P3-0192,MOMO,P3,cash_adjustment,assumption,company,Hello Group,operating_buffer,2026Q1,point_in_time,Global,bull,1500.0,,,RMB mn,RMB,H,medium,1,annual,P3 net-cash assumption,,2026-08-01,2026-08-01,Scenario reserve; calibrated before P4/P5
MOMO-P3-0193,MOMO,P3,cash_adjustment,assumption,company,Hello Group,tax_mobility_reserve,2026Q1,point_in_time,Global,bull,250.0,,,RMB mn,RMB,H,medium,1,annual,P3 net-cash assumption,,2026-08-01,2026-08-01,Scenario reserve; calibrated before P4/P5
MOMO-P3-0194,MOMO,P3,cash_adjustment,assumption,company,Hello Group,strategic_capital_budget,2026Q1,point_in_time,Global,bull,400.0,,,RMB mn,RMB,H,medium,1,annual,P3 net-cash assumption,,2026-08-01,2026-08-01,Scenario reserve; calibrated before P4/P5
MOMO-P3-0195,MOMO,P3,cash_adjustment,assumption,company,Hello Group,credit_haircut,2026Q1,point_in_time,Global,bull,20.0,,,RMB mn,RMB,H,medium,1,annual,P3 net-cash assumption,,2026-08-01,2026-08-01,Scenario reserve; calibrated before P4/P5
MOMO-P3-0196,MOMO,P3,cash_adjustment,estimate,company,Hello Group,net_distributable_cash,2026Q1,point_in_time,Global,bull,6001.097999999999,,,RMB mn,RMB,E,medium,1,annual,P3 net-distributable-cash model,https://www.sec.gov/Archives/edgar/data/1610601/000119312526252519/d80576dex991.htm,2026-06-02,2026-08-01,Excludes long-term investments and restricted cash
MOMO-P3-0197,MOMO,P3,cash_adjustment,estimate,company,Hello Group,net_distributable_cash_USD,2026Q1,point_in_time,Global,bull,869.9765149318642,,,USD mn,USD,E,medium,1,annual,P3 net-distributable-cash model,https://www.sec.gov/Archives/edgar/data/1610601/000119312526252519/d80576dex991.htm,2026-06-02,2026-08-01,Translated at Q1 release FX 6.898
MOMO-P3-0198,MOMO,P3,cash_adjustment,estimate,company,Hello Group,net_distributable_cash_per_diluted_ADS,2026Q1,point_in_time,Global,bull,5.414970977286634,,,USD/ADS,USD,E,medium,1,annual,P3 net-distributable-cash model,https://www.sec.gov/Archives/edgar/data/1610601/000119312526252519/d80576dex991.htm,2026-06-02,2026-08-01,Uses 160.661m diluted ADS
MOMO-P3-0199,MOMO,P3,cash_adjustment,estimate,company,Hello Group,net_distributable_cash_price_coverage,2026Q1,point_in_time,Global,bull,0.9040018326021092,,,%,N/A,E,medium,1,annual,P3 net-distributable-cash model,https://www.sec.gov/Archives/edgar/data/1610601/000119312526252519/d80576dex991.htm,2026-06-02,2026-08-01,Compared with US$5.99 reference price
MOMO-P3-0200,MOMO,P3,investment_asset,fact,asset,Long-term and related investments,third_party_online_brokerage_convertible_notes,2026Q1,point_in_time,Global,actual,664.345,,,RMB mn,RMB,A,high,1,annual,2025 Form 20-F / Q1 2026 balance,https://www.sec.gov/Archives/edgar/data/1610601/000119312526183444/d13143d20f.htm,2026-04-28,2026-08-01,Q1 total composition uses 2025 disclosed categories; residual is calculated for analysis
MOMO-P3-0201,MOMO,P3,investment_asset,fact,asset,Long-term and related investments,AEZ_Capital_Feeder_Fund,2026Q1,point_in_time,Global,actual,196.517,,,RMB mn,RMB,A,high,1,annual,2025 Form 20-F / Q1 2026 balance,https://www.sec.gov/Archives/edgar/data/1610601/000119312526183444/d13143d20f.htm,2026-04-28,2026-08-01,Q1 total composition uses 2025 disclosed categories; residual is calculated for analysis
MOMO-P3-0202,MOMO,P3,investment_asset,fact,asset,Long-term and related investments,other_equity_method_and_unquoted_equity,2026Q1,point_in_time,Global,actual,665.7239999999999,,,RMB mn,RMB,E,medium,1,annual,2025 Form 20-F / Q1 2026 balance,https://www.sec.gov/Archives/edgar/data/1610601/000119312526183444/d13143d20f.htm,2026-04-28,2026-08-01,Q1 total composition uses 2025 disclosed categories; residual is calculated for analysis
MOMO-P3-0203,MOMO,P3,investment_asset,fact,asset,Long-term and related investments,related_party_receivable,2025A,point_in_time,Global,actual,21.751,,,RMB mn,RMB,A,high,1,annual,2025 Form 20-F / Q1 2026 balance,https://www.sec.gov/Archives/edgar/data/1610601/000119312526183444/d13143d20f.htm,2026-04-28,2026-08-01,Q1 total composition uses 2025 disclosed categories; residual is calculated for analysis
MOMO-P3-0204,MOMO,P3,investment_asset,assumption,asset,Long-term and related investments,brokerage_note_recovery_factor,2026Q1,point_in_time,Global,bear,0.4,,,%,N/A,H,medium,1,annual,P3 asset haircut,,2026-08-01,2026-08-01,Scenario-specific recoverability factor
MOMO-P3-0205,MOMO,P3,investment_asset,assumption,asset,Long-term and related investments,AEZ_fund_recovery_factor,2026Q1,point_in_time,Global,bear,0.5,,,%,N/A,H,medium,1,annual,P3 asset haircut,,2026-08-01,2026-08-01,Scenario-specific recoverability factor
MOMO-P3-0206,MOMO,P3,investment_asset,assumption,asset,Long-term and related investments,opaque_investment_recovery_factor,2026Q1,point_in_time,Global,bear,0.2,,,%,N/A,H,medium,1,annual,P3 asset haircut,,2026-08-01,2026-08-01,Scenario-specific recoverability factor
MOMO-P3-0207,MOMO,P3,investment_asset,assumption,asset,Long-term and related investments,related_party_receivable_recovery_factor,2026Q1,point_in_time,Global,bear,0.0,,,%,N/A,H,medium,1,annual,P3 asset haircut,,2026-08-01,2026-08-01,Scenario-specific recoverability factor
MOMO-P3-0208,MOMO,P3,investment_asset,estimate,asset,Long-term and related investments,discounted_investment_value,2026Q1,point_in_time,Global,bear,497.1413,,,RMB mn,RMB,E,medium,1,annual,P3 investment-asset model,https://www.sec.gov/Archives/edgar/data/1610601/000119312526183444/d13143d20f.htm,2026-04-28,2026-08-01,Long-term investments and related-party receivable after category-specific discounts
MOMO-P3-0209,MOMO,P3,investment_asset,estimate,asset,Long-term and related investments,discounted_investment_value_per_ADS,2026Q1,point_in_time,Global,bear,0.4485855273669166,,,USD/ADS,USD,E,medium,1,annual,P3 investment-asset model,https://www.sec.gov/Archives/edgar/data/1610601/000119312526183444/d13143d20f.htm,2026-04-28,2026-08-01,Discounted asset value translated at 6.898 and divided by diluted ADS
MOMO-P3-0210,MOMO,P3,investment_asset,estimate,company,Hello Group,cash_plus_discounted_investments_per_ADS,2026Q1,point_in_time,Global,bear,4.122059534238603,,,USD/ADS,USD,E,medium,1,annual,P3 asset model,https://www.sec.gov/Archives/edgar/data/1610601/000119312526183444/d13143d20f.htm,2026-04-28,2026-08-01,Before assigning value to operating business; no governance discount applied to already adjusted cash
MOMO-P3-0211,MOMO,P3,investment_asset,estimate,company,Hello Group,cash_plus_discounted_investments_price_coverage,2026Q1,point_in_time,Global,bear,0.6881568504571958,,,%,N/A,E,medium,1,annual,P3 asset model,https://www.nasdaq.com/market-activity/stocks/momo,2026-08-01,2026-08-01,Compared with US$5.99 reference price
MOMO-P3-0212,MOMO,P3,investment_asset,assumption,asset,Long-term and related investments,brokerage_note_recovery_factor,2026Q1,point_in_time,Global,base,0.65,,,%,N/A,H,medium,1,annual,P3 asset haircut,,2026-08-01,2026-08-01,Scenario-specific recoverability factor
MOMO-P3-0213,MOMO,P3,investment_asset,assumption,asset,Long-term and related investments,AEZ_fund_recovery_factor,2026Q1,point_in_time,Global,base,0.7,,,%,N/A,H,medium,1,annual,P3 asset haircut,,2026-08-01,2026-08-01,Scenario-specific recoverability factor
MOMO-P3-0214,MOMO,P3,investment_asset,assumption,asset,Long-term and related investments,opaque_investment_recovery_factor,2026Q1,point_in_time,Global,base,0.4,,,%,N/A,H,medium,1,annual,P3 asset haircut,,2026-08-01,2026-08-01,Scenario-specific recoverability factor
MOMO-P3-0215,MOMO,P3,investment_asset,assumption,asset,Long-term and related investments,related_party_receivable_recovery_factor,2026Q1,point_in_time,Global,base,0.5,,,%,N/A,H,medium,1,annual,P3 asset haircut,,2026-08-01,2026-08-01,Scenario-specific recoverability factor
MOMO-P3-0216,MOMO,P3,investment_asset,estimate,asset,Long-term and related investments,discounted_investment_value,2026Q1,point_in_time,Global,base,846.5512500000001,,,RMB mn,RMB,E,medium,1,annual,P3 investment-asset model,https://www.sec.gov/Archives/edgar/data/1610601/000119312526183444/d13143d20f.htm,2026-04-28,2026-08-01,Long-term investments and related-party receivable after category-specific discounts
MOMO-P3-0217,MOMO,P3,investment_asset,estimate,asset,Long-term and related investments,discounted_investment_value_per_ADS,2026Q1,point_in_time,Global,base,0.7638686202984393,,,USD/ADS,USD,E,medium,1,annual,P3 investment-asset model,https://www.sec.gov/Archives/edgar/data/1610601/000119312526183444/d13143d20f.htm,2026-04-28,2026-08-01,Discounted asset value translated at 6.898 and divided by diluted ADS
MOMO-P3-0218,MOMO,P3,investment_asset,estimate,company,Hello Group,cash_plus_discounted_investments_per_ADS,2026Q1,point_in_time,Global,base,5.339672663654554,,,USD/ADS,USD,E,medium,1,annual,P3 asset model,https://www.sec.gov/Archives/edgar/data/1610601/000119312526183444/d13143d20f.htm,2026-04-28,2026-08-01,Before assigning value to operating business; no governance discount applied to already adjusted cash
MOMO-P3-0219,MOMO,P3,investment_asset,estimate,company,Hello Group,cash_plus_discounted_investments_price_coverage,2026Q1,point_in_time,Global,base,0.89143116254667,,,%,N/A,E,medium,1,annual,P3 asset model,https://www.nasdaq.com/market-activity/stocks/momo,2026-08-01,2026-08-01,Compared with US$5.99 reference price
MOMO-P3-0220,MOMO,P3,investment_asset,assumption,asset,Long-term and related investments,brokerage_note_recovery_factor,2026Q1,point_in_time,Global,bull,0.85,,,%,N/A,H,medium,1,annual,P3 asset haircut,,2026-08-01,2026-08-01,Scenario-specific recoverability factor
MOMO-P3-0221,MOMO,P3,investment_asset,assumption,asset,Long-term and related investments,AEZ_fund_recovery_factor,2026Q1,point_in_time,Global,bull,0.9,,,%,N/A,H,medium,1,annual,P3 asset haircut,,2026-08-01,2026-08-01,Scenario-specific recoverability factor
MOMO-P3-0222,MOMO,P3,investment_asset,assumption,asset,Long-term and related investments,opaque_investment_recovery_factor,2026Q1,point_in_time,Global,bull,0.65,,,%,N/A,H,medium,1,annual,P3 asset haircut,,2026-08-01,2026-08-01,Scenario-specific recoverability factor
MOMO-P3-0223,MOMO,P3,investment_asset,assumption,asset,Long-term and related investments,related_party_receivable_recovery_factor,2026Q1,point_in_time,Global,bull,0.8,,,%,N/A,H,medium,1,annual,P3 asset haircut,,2026-08-01,2026-08-01,Scenario-specific recoverability factor
MOMO-P3-0224,MOMO,P3,investment_asset,estimate,asset,Long-term and related investments,discounted_investment_value,2026Q1,point_in_time,Global,bull,1191.6799499999997,,,RMB mn,RMB,E,medium,1,annual,P3 investment-asset model,https://www.sec.gov/Archives/edgar/data/1610601/000119312526183444/d13143d20f.htm,2026-04-28,2026-08-01,Long-term investments and related-party receivable after category-specific discounts
MOMO-P3-0225,MOMO,P3,investment_asset,estimate,asset,Long-term and related investments,discounted_investment_value_per_ADS,2026Q1,point_in_time,Global,bull,1.0752886127612626,,,USD/ADS,USD,E,medium,1,annual,P3 investment-asset model,https://www.sec.gov/Archives/edgar/data/1610601/000119312526183444/d13143d20f.htm,2026-04-28,2026-08-01,Discounted asset value translated at 6.898 and divided by diluted ADS
MOMO-P3-0226,MOMO,P3,investment_asset,estimate,company,Hello Group,cash_plus_discounted_investments_per_ADS,2026Q1,point_in_time,Global,bull,6.490259590047897,,,USD/ADS,USD,E,medium,1,annual,P3 asset model,https://www.sec.gov/Archives/edgar/data/1610601/000119312526183444/d13143d20f.htm,2026-04-28,2026-08-01,Before assigning value to operating business; no governance discount applied to already adjusted cash
MOMO-P3-0227,MOMO,P3,investment_asset,estimate,company,Hello Group,cash_plus_discounted_investments_price_coverage,2026Q1,point_in_time,Global,bull,1.083515791326861,,,%,N/A,E,medium,1,annual,P3 asset model,https://www.nasdaq.com/market-activity/stocks/momo,2026-08-01,2026-08-01,Compared with US$5.99 reference price
MOMO-P3-0228,MOMO,P3,investment_asset,fact,asset,Long-term investments,brokerage_note_interest_rate,2025A,annual,Global,actual,,0.085,0.105,%,N/A,A,high,1,annual,2025 Form 20-F,https://www.sec.gov/Archives/edgar/data/1610601/000119312526183444/d13143d20f.htm,2026-04-28,2026-08-01,Loans/convertible notes carried 8.5%-10.5% annual interest and were guaranteed by two individuals
MOMO-P3-0229,MOMO,P3,investment_asset,fact,asset,Long-term investments,equity_without_readily_determinable_value,2025A,annual,Global,actual,495.274,,,RMB mn,RMB,A,high,1,annual,2025 Form 20-F,https://www.sec.gov/Archives/edgar/data/1610601/000119312526183444/d13143d20f.htm,2026-04-28,2026-08-01,"58 Daojia, Faceunity, INMO and others; lacks quoted prices"
MOMO-P3-0230,MOMO,P3,investment_asset,fact,asset,Long-term investments,equity_method_investments,2025A,annual,Global,actual,157.906,,,RMB mn,RMB,A,high,1,annual,2025 Form 20-F,https://www.sec.gov/Archives/edgar/data/1610601/000119312526183444/d13143d20f.htm,2026-04-28,2026-08-01,"Jingwei, Aqua, Tianfu and other partnerships"
MOMO-P3-0231,MOMO,P3,investment_asset,fact,asset,Long-term investments,long_term_investment_impairment,2024A,annual,Global,actual,62.625,,,RMB mn,RMB,A,high,1,annual,2025 Form 20-F,https://www.sec.gov/Archives/edgar/data/1610601/000119312526183444/d13143d20f.htm,2026-04-28,2026-08-01,Impairment recorded on unquoted equity
MOMO-P3-0232,MOMO,P3,capital_allocation,fact,company,Hello Group,special_dividend_per_ADS,2016A,annual,Global,actual,0.0,,,USD/ADS,USD,A,high,1,annual,Company filings/releases,https://www.sec.gov/Archives/edgar/data/1610601/000119312521132517/d36183d20f.htm,2021-04-27,2026-08-01,No declared cash dividend
MOMO-P3-0233,MOMO,P3,capital_allocation,fact,company,Hello Group,special_dividend_cash,2016A,annual,Global,actual,0.0,,,USD mn,USD,A,high,1,annual,Company filings/releases,https://www.sec.gov/Archives/edgar/data/1610601/000119312521132517/d36183d20f.htm,2021-04-27,2026-08-01,No declared cash dividend
MOMO-P3-0234,MOMO,P3,capital_allocation,fact,company,Hello Group,special_dividend_per_ADS,2017A,annual,Global,actual,0.0,,,USD/ADS,USD,A,high,1,annual,Company filings/releases,https://www.sec.gov/Archives/edgar/data/1610601/000119312521132517/d36183d20f.htm,2021-04-27,2026-08-01,No declared cash dividend
MOMO-P3-0235,MOMO,P3,capital_allocation,fact,company,Hello Group,special_dividend_cash,2017A,annual,Global,actual,0.0,,,USD mn,USD,A,high,1,annual,Company filings/releases,https://www.sec.gov/Archives/edgar/data/1610601/000119312521132517/d36183d20f.htm,2021-04-27,2026-08-01,No declared cash dividend
MOMO-P3-0236,MOMO,P3,capital_allocation,fact,company,Hello Group,special_dividend_per_ADS,2018A,annual,Global,actual,0.0,,,USD/ADS,USD,A,high,1,annual,Company filings/releases,https://www.sec.gov/Archives/edgar/data/1610601/000119312521132517/d36183d20f.htm,2021-04-27,2026-08-01,No declared cash dividend as of year-end
MOMO-P3-0237,MOMO,P3,capital_allocation,fact,company,Hello Group,special_dividend_cash,2018A,annual,Global,actual,0.0,,,USD mn,USD,A,high,1,annual,Company filings/releases,https://www.sec.gov/Archives/edgar/data/1610601/000119312521132517/d36183d20f.htm,2021-04-27,2026-08-01,No declared cash dividend as of year-end
MOMO-P3-0238,MOMO,P3,capital_allocation,fact,company,Hello Group,special_dividend_per_ADS,2019A,annual,Global,actual,0.62,,,USD/ADS,USD,A,high,1,annual,Company filings/releases,https://www.sec.gov/Archives/edgar/data/1610601/000119312521132517/d36183d20f.htm,2021-04-27,2026-08-01,First recurring-era special cash dividend
MOMO-P3-0239,MOMO,P3,capital_allocation,fact,company,Hello Group,special_dividend_cash,2019A,annual,Global,actual,128.6,,,USD mn,USD,A,high,1,annual,Company filings/releases,https://www.sec.gov/Archives/edgar/data/1610601/000119312521132517/d36183d20f.htm,2021-04-27,2026-08-01,First recurring-era special cash dividend
MOMO-P3-0240,MOMO,P3,capital_allocation,fact,company,Hello Group,special_dividend_per_ADS,2020A,annual,Global,actual,0.76,,,USD/ADS,USD,A,high,1,annual,Company filings/releases,https://www.sec.gov/Archives/edgar/data/1610601/000119312521132517/d36183d20f.htm,2023-04-25,2026-08-01,Special cash dividend
MOMO-P3-0241,MOMO,P3,capital_allocation,fact,company,Hello Group,special_dividend_cash,2020A,annual,Global,actual,158.6,,,USD mn,USD,A,high,1,annual,Company filings/releases,https://www.sec.gov/Archives/edgar/data/1610601/000119312521132517/d36183d20f.htm,2023-04-25,2026-08-01,Special cash dividend
MOMO-P3-0242,MOMO,P3,capital_allocation,fact,company,Hello Group,special_dividend_per_ADS,2021A,annual,Global,actual,0.64,,,USD/ADS,USD,A,high,1,annual,Company filings/releases,https://www.sec.gov/Archives/edgar/data/1610601/000119312521132517/d36183d20f.htm,2023-04-25,2026-08-01,Special cash dividend
MOMO-P3-0243,MOMO,P3,capital_allocation,fact,company,Hello Group,special_dividend_cash,2021A,annual,Global,actual,132.0,,,USD mn,USD,A,high,1,annual,Company filings/releases,https://www.sec.gov/Archives/edgar/data/1610601/000119312521132517/d36183d20f.htm,2023-04-25,2026-08-01,Special cash dividend
MOMO-P3-0244,MOMO,P3,capital_allocation,fact,company,Hello Group,special_dividend_per_ADS,2022A,annual,Global,actual,0.64,,,USD/ADS,USD,A,high,1,annual,Company filings/releases,https://www.sec.gov/Archives/edgar/data/1610601/000119312523113913/d439130d20f.htm,2023-04-25,2026-08-01,Special cash dividend
MOMO-P3-0245,MOMO,P3,capital_allocation,fact,company,Hello Group,special_dividend_cash,2022A,annual,Global,actual,127.3,,,USD mn,USD,A,high,1,annual,Company filings/releases,https://www.sec.gov/Archives/edgar/data/1610601/000119312523113913/d439130d20f.htm,2023-04-25,2026-08-01,Special cash dividend
MOMO-P3-0246,MOMO,P3,capital_allocation,fact,company,Hello Group,special_dividend_per_ADS,2023A,annual,Global,actual,0.72,,,USD/ADS,USD,A,high,1,annual,Company filings/releases,https://www.sec.gov/Archives/edgar/data/1610601/000119312523113913/d439130d20f.htm,2026-04-28,2026-08-01,Special cash dividend
MOMO-P3-0247,MOMO,P3,capital_allocation,fact,company,Hello Group,special_dividend_cash,2023A,annual,Global,actual,136.6,,,USD mn,USD,A,high,1,annual,Company filings/releases,https://www.sec.gov/Archives/edgar/data/1610601/000119312523113913/d439130d20f.htm,2026-04-28,2026-08-01,Special cash dividend
MOMO-P3-0248,MOMO,P3,capital_allocation,fact,company,Hello Group,special_dividend_per_ADS,2024A,annual,Global,actual,0.54,,,USD/ADS,USD,A,high,1,annual,Company filings/releases,https://www.sec.gov/Archives/edgar/data/1610601/000119312526183444/d13143d20f.htm,2026-04-28,2026-08-01,Special cash dividend
MOMO-P3-0249,MOMO,P3,capital_allocation,fact,company,Hello Group,special_dividend_cash,2024A,annual,Global,actual,98.9,,,USD mn,USD,A,high,1,annual,Company filings/releases,https://www.sec.gov/Archives/edgar/data/1610601/000119312526183444/d13143d20f.htm,2026-04-28,2026-08-01,Special cash dividend
MOMO-P3-0250,MOMO,P3,capital_allocation,fact,company,Hello Group,special_dividend_per_ADS,2025A,annual,Global,actual,0.3,,,USD/ADS,USD,A,high,1,annual,Company filings/releases,https://www.sec.gov/Archives/edgar/data/1610601/000119312526183444/d13143d20f.htm,2026-04-28,2026-08-01,Actual cash-flow amount approximately US$47.9m; announcement estimated about US$50m
MOMO-P3-0251,MOMO,P3,capital_allocation,fact,company,Hello Group,special_dividend_cash,2025A,annual,Global,actual,47.9,,,USD mn,USD,A,high,1,annual,Company filings/releases,https://www.sec.gov/Archives/edgar/data/1610601/000119312526183444/d13143d20f.htm,2026-04-28,2026-08-01,Actual cash-flow amount approximately US$47.9m; announcement estimated about US$50m
MOMO-P3-0252,MOMO,P3,capital_allocation,fact,company,Hello Group,special_dividend_per_ADS,2026A,annual,Global,actual,0.28,,,USD/ADS,USD,A,high,1,annual,Company filings/releases,https://www.sec.gov/Archives/edgar/data/1610601/000119312526252519/d80576dex991.htm,2026-06-02,2026-08-01,Paid in April 2026
MOMO-P3-0253,MOMO,P3,capital_allocation,fact,company,Hello Group,special_dividend_cash,2026A,annual,Global,actual,41.2,,,USD mn,USD,A,high,1,annual,Company filings/releases,https://www.sec.gov/Archives/edgar/data/1610601/000119312526252519/d80576dex991.htm,2026-06-02,2026-08-01,Paid in April 2026
MOMO-P3-0254,MOMO,P3,capital_allocation,fact,company,Hello Group,share_repurchase_cash,2020A,annual,Global,actual,49.019,,,USD mn,USD,A,high,1,annual,Company filings/releases,https://www.sec.gov/Archives/edgar/data/1610601/000119312521132517/d36183d20f.htm,2023-04-25,2026-08-01,2020 annual repurchases; weighted average price about US$13.63/ADS
MOMO-P3-0255,MOMO,P3,capital_allocation,estimate,company,Hello Group,share_repurchase_cash,2021A,annual,Global,actual,133.381,,,USD mn,USD,E,medium,1,annual,Company filings/releases,https://www.sec.gov/Archives/edgar/data/1610601/000119312521132517/d36183d20f.htm,2023-04-25,2026-08-01,Incremental estimate from Sep-2020 to Sep-2021 plan cumulative US$182.4m less 2020 actual
MOMO-P3-0256,MOMO,P3,capital_allocation,fact,company,Hello Group,share_repurchase_cash,2022A,annual,Global,actual,56.7,,,USD mn,USD,A,high,1,annual,Company filings/releases,https://www.sec.gov/Archives/edgar/data/1610601/000119312522300438/d275572dex991.htm,2023-04-25,2026-08-01,"2022 program cumulative as of Dec 8, average US$4.71/ADS"
MOMO-P3-0257,MOMO,P3,capital_allocation,fact,company,Hello Group,share_repurchase_cash,2023A,annual,Global,actual,29.378,,,USD mn,USD,A,high,1,annual,Company filings/releases,https://www.sec.gov/Archives/edgar/data/1610601/000119312526183444/d13143d20f.htm,2026-04-28,2026-08-01,Annual cash repurchase from 2025 Form 20-F
MOMO-P3-0258,MOMO,P3,capital_allocation,fact,company,Hello Group,share_repurchase_cash,2024A,annual,Global,actual,166.287,,,USD mn,USD,A,high,1,annual,Company filings/releases,https://www.sec.gov/Archives/edgar/data/1610601/000119312526183444/d13143d20f.htm,2026-04-28,2026-08-01,Annual cash repurchase from 2025 Form 20-F
MOMO-P3-0260,MOMO,P3,capital_allocation,fact,company,Hello Group,ordinary_shares_repurchased,2023A,annual,Global,actual,8.354,,,mn ordinary shares,N/A,A,high,1,annual,2025 Form 20-F,https://www.sec.gov/Archives/edgar/data/1610601/000119312526183444/d13143d20f.htm,2026-04-28,2026-08-01,Actual annual share movement; two ordinary shares equal one ADS
MOMO-P3-0261,MOMO,P3,capital_allocation,fact,company,Hello Group,ordinary_shares_issued_options_RSUs,2023A,annual,Global,actual,6.468,,,mn ordinary shares,N/A,A,high,1,annual,2025 Form 20-F,https://www.sec.gov/Archives/edgar/data/1610601/000119312526183444/d13143d20f.htm,2026-04-28,2026-08-01,Actual annual share movement; two ordinary shares equal one ADS
MOMO-P3-0262,MOMO,P3,capital_allocation,fact,company,Hello Group,ordinary_shares_cancelled,2023A,annual,Global,actual,0.0,,,mn ordinary shares,N/A,A,high,1,annual,2025 Form 20-F,https://www.sec.gov/Archives/edgar/data/1610601/000119312526183444/d13143d20f.htm,2026-04-28,2026-08-01,Actual annual share movement; two ordinary shares equal one ADS
MOMO-P3-0263,MOMO,P3,capital_allocation,fact,company,Hello Group,weighted_average_buyback_price,2023A,annual,Global,actual,7.01,,,USD/ADS,USD,A,high,1,annual,2025 Form 20-F,https://www.sec.gov/Archives/edgar/data/1610601/000119312526183444/d13143d20f.htm,2026-04-28,2026-08-01,Actual annual share movement; two ordinary shares equal one ADS
MOMO-P3-0264,MOMO,P3,capital_allocation,fact,company,Hello Group,ordinary_shares_repurchased,2024A,annual,Global,actual,51.386,,,mn ordinary shares,N/A,A,high,1,annual,2025 Form 20-F,https://www.sec.gov/Archives/edgar/data/1610601/000119312526183444/d13143d20f.htm,2026-04-28,2026-08-01,Actual annual share movement; two ordinary shares equal one ADS
MOMO-P3-0265,MOMO,P3,capital_allocation,fact,company,Hello Group,ordinary_shares_issued_options_RSUs,2024A,annual,Global,actual,4.487,,,mn ordinary shares,N/A,A,high,1,annual,2025 Form 20-F,https://www.sec.gov/Archives/edgar/data/1610601/000119312526183444/d13143d20f.htm,2026-04-28,2026-08-01,Actual annual share movement; two ordinary shares equal one ADS
MOMO-P3-0266,MOMO,P3,capital_allocation,fact,company,Hello Group,ordinary_shares_cancelled,2024A,annual,Global,actual,99.244,,,mn ordinary shares,N/A,A,high,1,annual,2025 Form 20-F,https://www.sec.gov/Archives/edgar/data/1610601/000119312526183444/d13143d20f.htm,2026-04-28,2026-08-01,Actual annual share movement; two ordinary shares equal one ADS
MOMO-P3-0267,MOMO,P3,capital_allocation,fact,company,Hello Group,weighted_average_buyback_price,2024A,annual,Global,actual,6.45,,,USD/ADS,USD,A,high,1,annual,2025 Form 20-F,https://www.sec.gov/Archives/edgar/data/1610601/000119312526183444/d13143d20f.htm,2026-04-28,2026-08-01,Actual annual share movement; two ordinary shares equal one ADS
MOMO-P3-0268,MOMO,P3,capital_allocation,fact,company,Hello Group,ordinary_shares_repurchased,2025A,annual,Global,actual,30.238,,,mn ordinary shares,N/A,A,high,1,annual,2025 Form 20-F,https://www.sec.gov/Archives/edgar/data/1610601/000119312526183444/d13143d20f.htm,2026-04-28,2026-08-01,Actual annual share movement; two ordinary shares equal one ADS
MOMO-P3-0269,MOMO,P3,capital_allocation,fact,company,Hello Group,ordinary_shares_issued_options_RSUs,2025A,annual,Global,actual,5.619,,,mn ordinary shares,N/A,A,high,1,annual,2025 Form 20-F,https://www.sec.gov/Archives/edgar/data/1610601/000119312526183444/d13143d20f.htm,2026-04-28,2026-08-01,Actual annual share movement; two ordinary shares equal one ADS
MOMO-P3-0270,MOMO,P3,capital_allocation,fact,company,Hello Group,ordinary_shares_cancelled,2025A,annual,Global,actual,20.18,,,mn ordinary shares,N/A,A,high,1,annual,2025 Form 20-F,https://www.sec.gov/Archives/edgar/data/1610601/000119312526183444/d13143d20f.htm,2026-04-28,2026-08-01,Actual annual share movement; two ordinary shares equal one ADS
MOMO-P3-0271,MOMO,P3,capital_allocation,fact,company,Hello Group,weighted_average_buyback_price,2025A,annual,Global,actual,6.9,,,USD/ADS,USD,A,high,1,annual,2025 Form 20-F,https://www.sec.gov/Archives/edgar/data/1610601/000119312526183444/d13143d20f.htm,2026-04-28,2026-08-01,Actual annual share movement; two ordinary shares equal one ADS
MOMO-P3-0272,MOMO,P3,capital_allocation,fact,company,Hello Group,period_end_ADS_equivalent,2019A,point_in_time,Global,actual,208.639655,,,mn ADS,N/A,A,high,1,annual,Form 20-F / Q1 release,https://www.sec.gov/Archives/edgar/data/1610601/000119312521132517/d36183d20f.htm,2020-04-28,2026-08-01,Period-end Class A plus Class B ordinary shares divided by two
MOMO-P3-0273,MOMO,P3,capital_allocation,fact,company,Hello Group,period_end_ADS_equivalent,2023A,point_in_time,Global,actual,187.542596,,,mn ADS,N/A,A,high,1,annual,Form 20-F / Q1 release,https://www.sec.gov/Archives/edgar/data/1610601/000119312526183444/d13143d20f.htm,2026-04-28,2026-08-01,Period-end Class A plus Class B ordinary shares divided by two
MOMO-P3-0274,MOMO,P3,capital_allocation,fact,company,Hello Group,period_end_ADS_equivalent,2025A,point_in_time,Global,actual,151.783478,,,mn ADS,N/A,A,high,1,annual,Form 20-F / Q1 release,https://www.sec.gov/Archives/edgar/data/1610601/000119312526183444/d13143d20f.htm,2026-04-28,2026-08-01,Period-end Class A plus Class B ordinary shares divided by two
MOMO-P3-0275,MOMO,P3,capital_allocation,fact,company,Hello Group,period_end_ADS_equivalent,2026Q1,point_in_time,Global,actual,147.747401,,,mn ADS,N/A,A,high,1,quarterly,Form 20-F / Q1 release,https://www.sec.gov/Archives/edgar/data/1610601/000119312526252519/d80576dex991.htm,2026-06-02,2026-08-01,Period-end Class A plus Class B ordinary shares divided by two
MOMO-P3-0276,MOMO,P3,capital_allocation,fact,company,Hello Group,cumulative_2022_program_ADS_repurchase,2026-06-02,point_in_time,Global,actual,63.7,,,mn ADS,N/A,A,high,1,event_driven,Q1 2026 earnings release,https://www.sec.gov/Archives/edgar/data/1610601/000119312526252519/d80576dex991.htm,2026-06-02,2026-08-01,Cumulative since June 2022 program; actual not authorization
MOMO-P3-0277,MOMO,P3,capital_allocation,fact,company,Hello Group,cumulative_2022_program_cash_repurchase,2026-06-02,point_in_time,Global,actual,399.5,,,USD mn,USD,A,high,1,event_driven,Q1 2026 earnings release,https://www.sec.gov/Archives/edgar/data/1610601/000119312526252519/d80576dex991.htm,2026-06-02,2026-08-01,Average purchase price about US$6.25/ADS
MOMO-P3-0280,MOMO,P3,capital_allocation,fact,company,Hello Group,office_land_and_development_asset_acquisition,2025A,annual,Global,actual,327.0,,,RMB mn,RMB,A,high,1,annual,2025 Form 20-F,https://www.sec.gov/Archives/edgar/data/1610601/000119312526183444/d13143d20f.htm,2026-04-28,2026-08-01,2025 land plus construction-in-progress asset acquisition
MOMO-P3-0281,MOMO,P3,management_promise,conclusion,manager,Management,Tantan_user_experience_reset,2022,point_in_time,Global,not_applicable,未兑现/负面,,,assessment,N/A,H,medium,1,quarterly,Company statements + P2/P3 outcome,https://www.sec.gov/Archives/edgar/data/1610601/000119312522169257/d276196dex991.htm,2026-06-02,2026-08-01,承诺/表述：Lower monetization and channel investment to improve user experience and retention；实际结果：Q1 2026 paying users only 0.6m versus 0.8m YoY；限制：External package migration complicates downloads but does not explain payer decline
MOMO-P3-0282,MOMO,P3,management_promise,conclusion,manager,Management,overseas_growth_engine,2025-2026,point_in_time,Global,not_applicable,兑现,,,assessment,N/A,H,medium,1,quarterly,Company statements + P2/P3 outcome,https://www.sec.gov/Archives/edgar/data/1610601/000119312526252519/d80576dex991.htm,2026-06-02,2026-08-01,"承诺/表述：Overseas is a key growth engine and diversified portfolio is executing；实际结果：Q1 2026 overseas revenue +44.1%, 25.0% of group revenue；限制：App-level profitability remains undisclosed"
MOMO-P3-0283,MOMO,P3,management_promise,conclusion,manager,Management,domestic_cash_cow_health,2025-2026,point_in_time,Global,not_applicable,部分兑现,,,assessment,N/A,H,medium,1,quarterly,Company statements + P2/P3 outcome,https://www.sec.gov/Archives/edgar/data/1610601/000119312526252519/d80576dex991.htm,2026-06-02,2026-08-01,"承诺/表述：Maintain healthy operation of the domestic cash cow；实际结果：Q1 China revenue -15.1% while operating profit remained resilient；限制：Cost control is working, but revenue and payer decline remains structural"
MOMO-P3-0284,MOMO,P3,management_promise,conclusion,manager,Management,shareholder_cash_return,2019-2026,point_in_time,Global,not_applicable,兑现,,,assessment,N/A,H,medium,1,quarterly,Company statements + P2/P3 outcome,https://www.sec.gov/Archives/edgar/data/1610601/000119312526183444/d13143d20f.htm,2026-06-02,2026-08-01,承诺/表述：Historically return substantial FCF through dividends and buybacks；实际结果：Annual special dividends since 2019 and large actual repurchases；限制：No committed dividend policy; acquisitions and investments compete for cash
MOMO-P3-0285,MOMO,P3,management_promise,conclusion,manager,Management,multi_app_portfolio,2023-2026,point_in_time,Global,not_applicable,部分兑现,,,assessment,N/A,H,medium,1,quarterly,Company statements + P2/P3 outcome,https://www.sec.gov/Archives/edgar/data/1610601/000119312526183444/d13143d20f.htm,2026-06-02,2026-08-01,"承诺/表述：Use diversified product portfolio and overseas incubation/acquisition；实际结果：SoulChill, Yaahlan, Amar and Happn have real scale；限制：Repeatable profit and marketing ROI remain unproven"
MOMO-P3-0286,MOMO,P3,management_score,score,manager,Management,operating_execution,P3,point_in_time,Global,not_applicable,2.5,,,score/5,N/A,H,medium,1,annual,P3 management assessment,,2026-08-01,2026-08-01,Weight 25%. Domestic decline and Tantan weakness offset by successful overseas scale-up
MOMO-P3-0287,MOMO,P3,management_score,score,manager,Management,capital_allocation,P3,point_in_time,Global,not_applicable,3.0,,,score/5,N/A,H,medium,1,annual,P3 management assessment,,2026-08-01,2026-08-01,Weight 25%. Large real dividends/buybacks and low recent buyback prices; offset by 2021 impairment and opaque investments/M&A
MOMO-P3-0288,MOMO,P3,management_score,score,manager,Management,disclosure_consistency,P3,point_in_time,Global,not_applicable,2.0,,,score/5,N/A,H,medium,1,annual,P3 management assessment,,2026-08-01,2026-08-01,"Weight 20%. Audited financials are clear, but App/overseas profit is absent and 2025 single-segment reporting reduced visibility"
MOMO-P3-0289,MOMO,P3,management_score,score,manager,Management,shareholder_alignment,P3,point_in_time,Global,not_applicable,3.0,,,score/5,N/A,H,medium,1,annual,P3 management assessment,,2026-08-01,2026-08-01,"Weight 15%. Meaningful cash return, but founder voting control and discretionary capital use limit minority influence"
MOMO-P3-0290,MOMO,P3,management_score,score,manager,Management,stability_succession,P3,point_in_time,Global,not_applicable,3.0,,,score/5,N/A,H,medium,1,annual,P3 management assessment,,2026-08-01,2026-08-01,Weight 15%. Founder and core management are stable; key-person and dual-class risks remain
MOMO-P3-0291,MOMO,P3,management_score,score,manager,Management,weighted_management_score,P3,point_in_time,Global,not_applicable,2.6750000000000003,,,score/5,N/A,H,medium,1,annual,P3 management assessment,,2026-08-01,2026-08-01,Framework-weighted management score
MOMO-P3-0292,MOMO,P3,governance_discount,fact,company,Hello Group,founder_voting_power,2026-03-31,point_in_time,Global,actual,0.791,,,%,N/A,A,high,1,annual,2025 Form 20-F,https://www.sec.gov/Archives/edgar/data/1610601/000119312526183444/d13143d20f.htm,2026-04-28,2026-08-01,Founder voting power under dual-class structure
MOMO-P3-0293,MOMO,P3,governance_discount,fact,company,Hello Group,founder_economic_ownership,2026-03-31,point_in_time,Global,actual,0.3,,,%,N/A,A,high,1,annual,2025 Form 20-F,https://www.sec.gov/Archives/edgar/data/1610601/000119312526183444/d13143d20f.htm,2026-04-28,2026-08-01,Founder economic interest
MOMO-P3-0294,MOMO,P3,governance_discount,fact,company,Hello Group,single_segment_reporting,2025A,annual,Global,actual,1,,,flag,N/A,A,high,1,annual,2025 Form 20-F,https://www.sec.gov/Archives/edgar/data/1610601/000119312526183444/d13143d20f.htm,2026-04-28,2026-08-01,"Effective 2025, company reports one operating segment after Tantan scale diminished"
MOMO-P3-0295,MOMO,P3,governance_discount,fact,company,Hello Group,related_party_revenue_sharing,2023A,annual,Global,actual,179.055,,,RMB mn,RMB,A,high,1,annual,2025 Form 20-F,https://www.sec.gov/Archives/edgar/data/1610601/000119312526183444/d13143d20f.htm,2026-04-28,2026-08-01,Paid to subsidiary of an investee; relationship ended after disposal in Jan 2024
MOMO-P3-0296,MOMO,P3,governance_discount,fact,company,Hello Group,related_party_revenue_sharing,2024A,annual,Global,actual,2.91,,,RMB mn,RMB,A,high,1,annual,2025 Form 20-F,https://www.sec.gov/Archives/edgar/data/1610601/000119312526183444/d13143d20f.htm,2026-04-28,2026-08-01,Only Jan 1-15 2024 before disposal
MOMO-P3-0297,MOMO,P3,governance_discount,assumption,company,Hello Group,governance_discount_rate,P3,point_in_time,Global,bear,0.25,,,%,N/A,H,medium,1,annual,P3 governance assessment,,2026-08-01,2026-08-01,Applies to operating/growth assets and discounted investments; cash already mobility-adjusted
MOMO-P3-0298,MOMO,P3,governance_discount,assumption,company,Hello Group,governance_discount_rate,P3,point_in_time,Global,base,0.18,,,%,N/A,H,medium,1,annual,P3 governance assessment,,2026-08-01,2026-08-01,"Dual-class, VIE/cash mobility, disclosure and discretionary investment risk"
MOMO-P3-0299,MOMO,P3,governance_discount,assumption,company,Hello Group,governance_discount_rate,P3,point_in_time,Global,bull,0.1,,,%,N/A,H,medium,1,annual,P3 governance assessment,,2026-08-01,2026-08-01,Assumes continued shareholder returns and improved transparency
MOMO-P3-0300,MOMO,P3,governance_discount,conclusion,company,Hello Group,governance_application_rule,P3,point_in_time,Global,not_applicable,不再对已扣税费和安全垫的净可分配现金重复折价,,,text,N/A,H,high,1,event_driven,P3 governance methodology,,2026-08-01,2026-08-01,Governance discount should primarily apply to operating/growth assets and opaque investment value
MOMO-P3-0301,MOMO,P3,app_financial_bridge,assumption,segment,Overseas operations,operating_margin,2025A,annual,Overseas,bear,-0.05,,,%,N/A,H,low,1,annual,P3 app-financial bridge,,2026-08-01,2026-08-01,"No segment profit disclosure; scenario range for P4, not a reported fact"
MOMO-P3-0302,MOMO,P3,app_financial_bridge,estimate,segment,Overseas operations,operating_profit,2025A,annual,Overseas,bear,-100.0001,,,RMB mn,RMB,E,low,1,annual,P3 app-financial bridge,https://www.sec.gov/Archives/edgar/data/1610601/000119312526183444/d13143d20f.htm,2026-04-28,2026-08-01,Overseas revenue multiplied by scenario operating margin
MOMO-P3-0303,MOMO,P3,app_financial_bridge,estimate,segment,Domestic operations,implied_operating_profit,2025A,annual,China,bear,1454.5631,,,RMB mn,RMB,E,low,1,annual,P3 app-financial bridge,https://www.sec.gov/Archives/edgar/data/1610601/000119312526183444/d13143d20f.htm,2026-04-28,2026-08-01,Consolidated operating profit less scenario overseas operating profit
MOMO-P3-0304,MOMO,P3,app_financial_bridge,estimate,segment,Domestic operations,implied_operating_margin,2025A,annual,China,bear,0.17384328417966863,,,%,N/A,E,low,1,annual,P3 app-financial bridge,https://www.sec.gov/Archives/edgar/data/1610601/000119312526183444/d13143d20f.htm,2026-04-28,2026-08-01,Implied domestic operating profit divided by domestic revenue
MOMO-P3-0305,MOMO,P3,app_financial_bridge,assumption,segment,Overseas operations,operating_margin,2025A,annual,Overseas,base,0.05,,,%,N/A,H,low,1,annual,P3 app-financial bridge,,2026-08-01,2026-08-01,"No segment profit disclosure; scenario range for P4, not a reported fact"
MOMO-P3-0306,MOMO,P3,app_financial_bridge,estimate,segment,Overseas operations,operating_profit,2025A,annual,Overseas,base,100.0001,,,RMB mn,RMB,E,low,1,annual,P3 app-financial bridge,https://www.sec.gov/Archives/edgar/data/1610601/000119312526183444/d13143d20f.htm,2026-04-28,2026-08-01,Overseas revenue multiplied by scenario operating margin
MOMO-P3-0307,MOMO,P3,app_financial_bridge,estimate,segment,Domestic operations,implied_operating_profit,2025A,annual,China,base,1254.5629000000001,,,RMB mn,RMB,E,low,1,annual,P3 app-financial bridge,https://www.sec.gov/Archives/edgar/data/1610601/000119312526183444/d13143d20f.htm,2026-04-28,2026-08-01,Consolidated operating profit less scenario overseas operating profit
MOMO-P3-0308,MOMO,P3,app_financial_bridge,estimate,segment,Domestic operations,implied_operating_margin,2025A,annual,China,base,0.14994009867703176,,,%,N/A,E,low,1,annual,P3 app-financial bridge,https://www.sec.gov/Archives/edgar/data/1610601/000119312526183444/d13143d20f.htm,2026-04-28,2026-08-01,Implied domestic operating profit divided by domestic revenue
MOMO-P3-0309,MOMO,P3,app_financial_bridge,assumption,segment,Overseas operations,operating_margin,2025A,annual,Overseas,bull,0.15,,,%,N/A,H,low,1,annual,P3 app-financial bridge,,2026-08-01,2026-08-01,"No segment profit disclosure; scenario range for P4, not a reported fact"
MOMO-P3-0310,MOMO,P3,app_financial_bridge,estimate,segment,Overseas operations,operating_profit,2025A,annual,Overseas,bull,300.0003,,,RMB mn,RMB,E,low,1,annual,P3 app-financial bridge,https://www.sec.gov/Archives/edgar/data/1610601/000119312526183444/d13143d20f.htm,2026-04-28,2026-08-01,Overseas revenue multiplied by scenario operating margin
MOMO-P3-0311,MOMO,P3,app_financial_bridge,estimate,segment,Domestic operations,implied_operating_profit,2025A,annual,China,bull,1054.5627000000002,,,RMB mn,RMB,E,low,1,annual,P3 app-financial bridge,https://www.sec.gov/Archives/edgar/data/1610601/000119312526183444/d13143d20f.htm,2026-04-28,2026-08-01,Consolidated operating profit less scenario overseas operating profit
MOMO-P3-0312,MOMO,P3,app_financial_bridge,estimate,segment,Domestic operations,implied_operating_margin,2025A,annual,China,bull,0.12603691317439486,,,%,N/A,E,low,1,annual,P3 app-financial bridge,https://www.sec.gov/Archives/edgar/data/1610601/000119312526183444/d13143d20f.htm,2026-04-28,2026-08-01,Implied domestic operating profit divided by domestic revenue
MOMO-P3-0313,MOMO,P3,app_financial_bridge,assumption,segment,Overseas operations,operating_margin,2026Q1,quarterly,Overseas,bear,-0.05,,,%,N/A,H,low,1,quarterly,P3 app-financial bridge,,2026-08-01,2026-08-01,"No segment profit disclosure; scenario range for P4, not a reported fact"
MOMO-P3-0314,MOMO,P3,app_financial_bridge,estimate,segment,Overseas operations,operating_profit,2026Q1,quarterly,Overseas,bear,-29.870400000000004,,,RMB mn,RMB,E,low,1,quarterly,P3 app-financial bridge,https://www.sec.gov/Archives/edgar/data/1610601/000119312526252519/d80576dex991.htm,2026-06-02,2026-08-01,Overseas revenue multiplied by scenario operating margin
MOMO-P3-0315,MOMO,P3,app_financial_bridge,estimate,segment,Domestic operations,implied_operating_profit,2026Q1,quarterly,China,bear,339.6134,,,RMB mn,RMB,E,low,1,quarterly,P3 app-financial bridge,https://www.sec.gov/Archives/edgar/data/1610601/000119312526252519/d80576dex991.htm,2026-06-02,2026-08-01,Consolidated operating profit less scenario overseas operating profit
MOMO-P3-0316,MOMO,P3,app_financial_bridge,estimate,segment,Domestic operations,implied_operating_margin,2026Q1,quarterly,China,bear,0.18988006047295938,,,%,N/A,E,low,1,quarterly,P3 app-financial bridge,https://www.sec.gov/Archives/edgar/data/1610601/000119312526252519/d80576dex991.htm,2026-06-02,2026-08-01,Implied domestic operating profit divided by domestic revenue
MOMO-P3-0317,MOMO,P3,app_financial_bridge,assumption,segment,Overseas operations,operating_margin,2026Q1,quarterly,Overseas,base,0.05,,,%,N/A,H,low,1,quarterly,P3 app-financial bridge,,2026-08-01,2026-08-01,"No segment profit disclosure; scenario range for P4, not a reported fact"
MOMO-P3-0318,MOMO,P3,app_financial_bridge,estimate,segment,Overseas operations,operating_profit,2026Q1,quarterly,Overseas,base,29.870400000000004,,,RMB mn,RMB,E,low,1,quarterly,P3 app-financial bridge,https://www.sec.gov/Archives/edgar/data/1610601/000119312526252519/d80576dex991.htm,2026-06-02,2026-08-01,Overseas revenue multiplied by scenario operating margin
MOMO-P3-0319,MOMO,P3,app_financial_bridge,estimate,segment,Domestic operations,implied_operating_profit,2026Q1,quarterly,China,base,279.8726,,,RMB mn,RMB,E,low,1,quarterly,P3 app-financial bridge,https://www.sec.gov/Archives/edgar/data/1610601/000119312526252519/d80576dex991.htm,2026-06-02,2026-08-01,Consolidated operating profit less scenario overseas operating profit
MOMO-P3-0320,MOMO,P3,app_financial_bridge,estimate,segment,Domestic operations,implied_operating_margin,2026Q1,quarterly,China,base,0.15647859069378406,,,%,N/A,E,low,1,quarterly,P3 app-financial bridge,https://www.sec.gov/Archives/edgar/data/1610601/000119312526252519/d80576dex991.htm,2026-06-02,2026-08-01,Implied domestic operating profit divided by domestic revenue
MOMO-P3-0321,MOMO,P3,app_financial_bridge,assumption,segment,Overseas operations,operating_margin,2026Q1,quarterly,Overseas,bull,0.15,,,%,N/A,H,low,1,quarterly,P3 app-financial bridge,,2026-08-01,2026-08-01,"No segment profit disclosure; scenario range for P4, not a reported fact"
MOMO-P3-0322,MOMO,P3,app_financial_bridge,estimate,segment,Overseas operations,operating_profit,2026Q1,quarterly,Overseas,bull,89.6112,,,RMB mn,RMB,E,low,1,quarterly,P3 app-financial bridge,https://www.sec.gov/Archives/edgar/data/1610601/000119312526252519/d80576dex991.htm,2026-06-02,2026-08-01,Overseas revenue multiplied by scenario operating margin
MOMO-P3-0323,MOMO,P3,app_financial_bridge,estimate,segment,Domestic operations,implied_operating_profit,2026Q1,quarterly,China,bull,220.1318,,,RMB mn,RMB,E,low,1,quarterly,P3 app-financial bridge,https://www.sec.gov/Archives/edgar/data/1610601/000119312526252519/d80576dex991.htm,2026-06-02,2026-08-01,Consolidated operating profit less scenario overseas operating profit
MOMO-P3-0324,MOMO,P3,app_financial_bridge,estimate,segment,Domestic operations,implied_operating_margin,2026Q1,quarterly,China,bull,0.12307712091460878,,,%,N/A,E,low,1,quarterly,P3 app-financial bridge,https://www.sec.gov/Archives/edgar/data/1610601/000119312526252519/d80576dex991.htm,2026-06-02,2026-08-01,Implied domestic operating profit divided by domestic revenue
MOMO-P3-0325,MOMO,P3,app_financial_bridge,conclusion,segment,Overseas operations,P3_profitability_assessment,P3,point_in_time,Overseas,not_applicable,可能已接近盈亏平衡或小幅盈利，但证据不足以确认,,,text,N/A,H,low,1,quarterly,P2 App evidence + P3 financial bridge,,2026-08-01,2026-08-01,"Group profit resilience is positive, but domestic cost cuts and geographic expense mix are not disclosed"
MOMO-P3-0326,MOMO,P3,conclusion,conclusion,company,Hello Group,profit_quality,P3,point_in_time,Global,not_applicable,2025年GAAP净利润被一次性税追补压低，但公司Non-GAAP也不是所有者收益,,,text,N/A,H,medium,1,quarterly,P3 synthesis,,2026-08-01,2026-08-01,P3核心所有者收益约人民币9.86亿元，介于2025报表FCF 6.91亿元与调整后GAAP净利润13.39亿元之间
MOMO-P3-0327,MOMO,P3,conclusion,conclusion,company,Hello Group,core_earnings_trend,P3,point_in_time,Global,not_applicable,正常化核心所有者收益仍在下降，但降幅小于GAAP净利润波动,,,text,N/A,H,medium,1,quarterly,P3 synthesis,,2026-08-01,2026-08-01,2023/2024/2025约为16.95/11.08/9.86亿元；国内衰退仍是主因
MOMO-P3-0328,MOMO,P3,conclusion,conclusion,company,Hello Group,cash_quality,P3,point_in_time,Global,not_applicable,账面总流动资金不能直接视为股东现金,,,text,N/A,H,medium,1,quarterly,P3 synthesis,,2026-08-01,2026-08-01,扣除运营安全垫、税费/汇出储备、股息应付和战略资本预算后，每ADS净可分配现金约US$3.67-5.42
MOMO-P3-0329,MOMO,P3,conclusion,conclusion,company,Hello Group,investment_quality,P3,point_in_time,Global,not_applicable,长期投资质量明显低于现金,,,text,N/A,H,medium,1,quarterly,P3 synthesis,,2026-08-01,2026-08-01,约6.64亿元在线券商可转债、约1.97亿元基金及约6.66亿元其他未上市投资需要分类折价
MOMO-P3-0330,MOMO,P3,conclusion,conclusion,company,Hello Group,asset_protection,P3,point_in_time,Global,not_applicable,现金加折价投资能提供较强但非绝对的资产保护,,,text,N/A,H,medium,1,quarterly,P3 synthesis,,2026-08-01,2026-08-01,悲观/基准/乐观每ADS约US$4.12/5.34/6.50，尚未计经营业务价值
MOMO-P3-0331,MOMO,P3,conclusion,conclusion,company,Hello Group,capital_return,P3,point_in_time,Global,not_applicable,管理层确实持续返还现金，回购也显著减少股本,,,text,N/A,H,medium,1,quarterly,P3 synthesis,,2026-08-01,2026-08-01,2019-2026特别股息累计约US$871m；2022计划截至2026-06累计回购US$399.5m
MOMO-P3-0332,MOMO,P3,conclusion,conclusion,company,Hello Group,capital_allocation_risk,P3,point_in_time,Global,not_applicable,股东回报与主动投资并存，不能只看分红回购,,,text,N/A,H,medium,1,quarterly,P3 synthesis,,2026-08-01,2026-08-01,2025并购和长期投资合计现金支出约11.16亿元，另有土地/开发资产投入
MOMO-P3-0333,MOMO,P3,conclusion,conclusion,company,Hello Group,management,P3,point_in_time,Global,not_applicable,管理层综合评分约2.65/5,,,text,N/A,H,medium,1,quarterly,P3 synthesis,,2026-08-01,2026-08-01,海外执行和股东回报加分；国内产品、披露透明度、双层股权和不透明投资扣分
MOMO-P3-0334,MOMO,P3,conclusion,conclusion,company,Hello Group,governance,P3,point_in_time,Global,not_applicable,建议P5基准治理折价18%,,,text,N/A,H,medium,1,quarterly,P3 synthesis,,2026-08-01,2026-08-01,适用于经营/增长和不透明投资资产；不对已经扣除税费与安全垫的净现金重复折价
MOMO-P3-0335,MOMO,P3,conclusion,conclusion,company,Hello Group,overseas_profit,P3,point_in_time,Global,not_applicable,海外利润只能使用区间，不能伪造单点,,,text,N/A,H,medium,1,quarterly,P3 synthesis,,2026-08-01,2026-08-01,P3建议2025海外营业利润率悲观-5%、基准5%、乐观15%，待P4季度数据回归
MOMO-P3-0336,MOMO,P3,data_gap,conclusion,company,Hello Group,overseas_segment_profit,P3,point_in_time,Global,not_applicable,公司不披露海外单独利润和现金流,,,text,N/A,H,low,1,event_driven,P3 data audit,,2026-08-01,2026-08-01,P4只能用-5%/5%/15%区间并通过季度费用与收入回归
MOMO-P3-0337,MOMO,P3,data_gap,conclusion,company,Hello Group,cash_geography_Q1_2026,P3,point_in_time,Global,not_applicable,Q1未更新现金所在主体和币种拆分,,,text,N/A,H,low,1,event_driven,P3 data audit,,2026-08-01,2026-08-01,P3使用2025年末法律主体分布与Q1总额组合
MOMO-P3-0338,MOMO,P3,data_gap,conclusion,company,Hello Group,withholding_tax_balance,P3,point_in_time,Global,not_applicable,已计提税负与未来现金汇出储备存在潜在重叠,,,text,N/A,H,low,1,event_driven,P3 data audit,,2026-08-01,2026-08-01,P5需避免将资产负债表税负和现金折价重复扣除
MOMO-P3-0339,MOMO,P3,data_gap,conclusion,company,Hello Group,maintenance_capex,P3,point_in_time,Global,not_applicable,办公楼、土地及开发资产使报表资本开支不等于维持性资本开支,,,text,N/A,H,low,1,event_driven,P3 data audit,,2026-08-01,2026-08-01,P4需用长期均值和管理层资本计划校准
MOMO-P3-0340,MOMO,P3,data_gap,conclusion,company,Hello Group,investment_recoverability,P3,point_in_time,Global,not_applicable,在线券商可转债和未上市股权缺少公开估值与退出时间,,,text,N/A,H,low,1,event_driven,P3 data audit,,2026-08-01,2026-08-01,P5必须保留零/低回收情景
MOMO-P3-0341,MOMO,P3,data_gap,conclusion,company,Hello Group,period_end_dilution,P3,point_in_time,Global,not_applicable,年度稀释加权ADS与期末ADS差异较大,,,text,N/A,H,low,1,event_driven,P3 data audit,,2026-08-01,2026-08-01,P4股本预测需从期末实际ADS出发，单独加入SBC和回购
MOMO-P4-0001,MOMO,P4,research_plan,conclusion,company,Hello Group,P4_model_scope,P4,point_in_time,Global,not_applicable,收入拆为国内陌陌及其他、探探、海外社交娱乐、海外约会四条线,,,text,N/A,H,high,1,event_driven,Framework V3.1 + G3 review,/mnt/data/MOMO_JOYY_WB_低估互联网公司投资调研框架_V3.1_单文件上传版(1).md,2026-08-01,2026-08-01,兼顾财报可验证性与App驱动，不伪造单App精确收入
MOMO-P4-0002,MOMO,P4,research_plan,conclusion,company,Hello Group,2026_reverse_fit_rule,P4,point_in_time,Global,not_applicable,2026E同时拟合Q1实际、Q2公司指引和H2隐含路径,,,text,N/A,H,high,1,event_driven,Framework V3.1 + G3 review,/mnt/data/MOMO_JOYY_WB_低估互联网公司投资调研框架_V3.1_单文件上传版(1).md,2026-08-01,2026-08-01,悲观/基准/乐观Q2分别采用RMB2.45bn/2.50bn/2.55bn
MOMO-P4-0003,MOMO,P4,research_plan,conclusion,company,Hello Group,overseas_profit_proxy_update,P4,point_in_time,Global,not_applicable,采用20-F Other Subsidiaries附表作为海外经营利润代理,,,text,N/A,H,high,1,event_driven,Framework V3.1 + G3 review,/mnt/data/MOMO_JOYY_WB_低估互联网公司投资调研框架_V3.1_单文件上传版(1).md,2026-08-01,2026-08-01,2023-25第三方收入与海外收入完全一致，代理利润率约2.8%/-3.7%/-8.9%
MOMO-P4-0004,MOMO,P4,research_plan,conclusion,company,Hello Group,G3_margin_update,P4,point_in_time,Global,not_applicable,2026海外组合起始利润率收紧为约-6.9%/-2.9%/+1.3%,,,text,N/A,H,high,1,event_driven,Framework V3.1 + G3 review,/mnt/data/MOMO_JOYY_WB_低估互联网公司投资调研框架_V3.1_单文件上传版(1).md,2026-08-01,2026-08-01,G3 -5%/5%/15%是探索区间，P4起点改用更强会计证据
MOMO-P4-0005,MOMO,P4,research_plan,conclusion,company,Hello Group,segment_decomposition_rule,P4,point_in_time,Global,not_applicable,2025四分部拆分标记为模型估计,,,text,N/A,H,high,1,event_driven,Framework V3.1 + G3 review,/mnt/data/MOMO_JOYY_WB_低估互联网公司投资调研框架_V3.1_单文件上传版(1).md,2026-08-01,2026-08-01,探探约RMB0.70bn、海外社交RMB1.55bn、海外约会RMB0.45bn、国内陌陌为残差
MOMO-P4-0006,MOMO,P4,research_plan,conclusion,company,Hello Group,share_count_rule,P4,point_in_time,Global,not_applicable,股本从2026Q1期末147.75m ADS出发,,,text,N/A,H,high,1,event_driven,Framework V3.1 + G3 review,/mnt/data/MOMO_JOYY_WB_低估互联网公司投资调研框架_V3.1_单文件上传版(1).md,2026-08-01,2026-08-01,Q2-Q4回购和SBC单独预测，2027后按所有者收益分配预测
MOMO-P4-0007,MOMO,P4,research_plan,conclusion,company,Hello Group,cash_rollforward_rule,P4,point_in_time,Global,not_applicable,净可分配现金从P3 Q1三情景余额滚动,,,text,N/A,H,high,1,event_driven,Framework V3.1 + G3 review,/mnt/data/MOMO_JOYY_WB_低估互联网公司投资调研框架_V3.1_单文件上传版(1).md,2026-08-01,2026-08-01,经营收益、现金利息、回购、分红和战略资本使用分别列示
MOMO-P4-0008,MOMO,P4,research_plan,conclusion,company,Hello Group,long_term_growth_rule,P4,point_in_time,Global,not_applicable,2031-35以分部组合实现集团长期增长约0%/1%/2%,,,text,N/A,H,high,1,event_driven,Framework V3.1 + G3 review,/mnt/data/MOMO_JOYY_WB_低估互联网公司投资调研框架_V3.1_单文件上传版(1).md,2026-08-01,2026-08-01,海外增长抵消国内衰退，不假设国内恢复高速增长
MOMO-P4-0009,MOMO,P4,financial_normalized,fact,subsidiary,Other Subsidiaries,third_party_revenue,2023A,annual,Overseas,actual,798.345,,,RMB mn,RMB,A,high,1,annual,2025 Form 20-F consolidating schedule,https://www.sec.gov/Archives/edgar/data/1610601/000119312526183444/d13143d20f.htm,2026-04-28,2026-08-01,Exactly matches disclosed overseas geographic revenue
MOMO-P4-0010,MOMO,P4,financial_normalized,fact,subsidiary,Other Subsidiaries,total_costs_and_expenses,2023A,annual,Overseas,actual,775.97,,,RMB mn,RMB,A,high,1,annual,2025 Form 20-F consolidating schedule,https://www.sec.gov/Archives/edgar/data/1610601/000119312526183444/d13143d20f.htm,2026-04-28,2026-08-01,May include offshore holding/acquisition overhead
MOMO-P4-0011,MOMO,P4,financial_normalized,estimate,subsidiary,Other Subsidiaries,operating_profit_proxy,2023A,annual,Overseas,actual,22.375,,,RMB mn,RMB,E,medium,1,annual,2025 Form 20-F consolidating schedule,https://www.sec.gov/Archives/edgar/data/1610601/000119312526183444/d13143d20f.htm,2026-04-28,2026-08-01,Revenue minus costs; not a reported segment result
MOMO-P4-0012,MOMO,P4,financial_normalized,estimate,subsidiary,Other Subsidiaries,operating_margin_proxy,2023A,annual,Overseas,actual,0.028026730298304617,,,%,N/A,E,medium,1,annual,2025 Form 20-F consolidating schedule,https://www.sec.gov/Archives/edgar/data/1610601/000119312526183444/d13143d20f.htm,2026-04-28,2026-08-01,Best available profitability starting proxy
MOMO-P4-0013,MOMO,P4,financial_normalized,fact,subsidiary,Other Subsidiaries,third_party_revenue,2024A,annual,Overseas,actual,1170.891,,,RMB mn,RMB,A,high,1,annual,2025 Form 20-F consolidating schedule,https://www.sec.gov/Archives/edgar/data/1610601/000119312526183444/d13143d20f.htm,2026-04-28,2026-08-01,Exactly matches disclosed overseas geographic revenue
MOMO-P4-0014,MOMO,P4,financial_normalized,fact,subsidiary,Other Subsidiaries,total_costs_and_expenses,2024A,annual,Overseas,actual,1214.335,,,RMB mn,RMB,A,high,1,annual,2025 Form 20-F consolidating schedule,https://www.sec.gov/Archives/edgar/data/1610601/000119312526183444/d13143d20f.htm,2026-04-28,2026-08-01,May include offshore holding/acquisition overhead
MOMO-P4-0015,MOMO,P4,financial_normalized,estimate,subsidiary,Other Subsidiaries,operating_profit_proxy,2024A,annual,Overseas,actual,-43.44399999999996,,,RMB mn,RMB,E,medium,1,annual,2025 Form 20-F consolidating schedule,https://www.sec.gov/Archives/edgar/data/1610601/000119312526183444/d13143d20f.htm,2026-04-28,2026-08-01,Revenue minus costs; not a reported segment result
MOMO-P4-0016,MOMO,P4,financial_normalized,estimate,subsidiary,Other Subsidiaries,operating_margin_proxy,2024A,annual,Overseas,actual,-0.03710336828961872,,,%,N/A,E,medium,1,annual,2025 Form 20-F consolidating schedule,https://www.sec.gov/Archives/edgar/data/1610601/000119312526183444/d13143d20f.htm,2026-04-28,2026-08-01,Best available profitability starting proxy
MOMO-P4-0017,MOMO,P4,financial_normalized,fact,subsidiary,Other Subsidiaries,third_party_revenue,2025A,annual,Overseas,actual,2000.002,,,RMB mn,RMB,A,high,1,annual,2025 Form 20-F consolidating schedule,https://www.sec.gov/Archives/edgar/data/1610601/000119312526183444/d13143d20f.htm,2026-04-28,2026-08-01,Exactly matches disclosed overseas geographic revenue
MOMO-P4-0018,MOMO,P4,financial_normalized,fact,subsidiary,Other Subsidiaries,total_costs_and_expenses,2025A,annual,Overseas,actual,2177.167,,,RMB mn,RMB,A,high,1,annual,2025 Form 20-F consolidating schedule,https://www.sec.gov/Archives/edgar/data/1610601/000119312526183444/d13143d20f.htm,2026-04-28,2026-08-01,May include offshore holding/acquisition overhead
MOMO-P4-0019,MOMO,P4,financial_normalized,estimate,subsidiary,Other Subsidiaries,operating_profit_proxy,2025A,annual,Overseas,actual,-177.16499999999996,,,RMB mn,RMB,E,medium,1,annual,2025 Form 20-F consolidating schedule,https://www.sec.gov/Archives/edgar/data/1610601/000119312526183444/d13143d20f.htm,2026-04-28,2026-08-01,Revenue minus costs; not a reported segment result
MOMO-P4-0020,MOMO,P4,financial_normalized,estimate,subsidiary,Other Subsidiaries,operating_margin_proxy,2025A,annual,Overseas,actual,-0.08858241141758856,,,%,N/A,E,medium,1,annual,2025 Form 20-F consolidating schedule,https://www.sec.gov/Archives/edgar/data/1610601/000119312526183444/d13143d20f.htm,2026-04-28,2026-08-01,Best available profitability starting proxy
MOMO-P4-0021,MOMO,P4,forecast_input,fact,company,Hello Group,revenue,2026Q1,quarterly,Global,actual,2385.976,,,RMB mn,RMB,A,high,1,quarterly,Q1 2026 / Q1 2025 earnings release,https://www.sec.gov/Archives/edgar/data/1610601/000119312526252519/d80576dex991.htm,2026-06-02,2026-08-01,Q1 actual
MOMO-P4-0022,MOMO,P4,forecast_input,fact,app,China operations,revenue,2026Q1,quarterly,China,actual,1788.568,,,RMB mn,RMB,A,high,1,quarterly,Q1 2026 / Q1 2025 earnings release,https://www.sec.gov/Archives/edgar/data/1610601/000119312526252519/d80576dex991.htm,2026-06-02,2026-08-01,Q1 actual
MOMO-P4-0023,MOMO,P4,forecast_input,fact,app,Overseas operations,revenue,2026Q1,quarterly,Overseas,actual,597.408,,,RMB mn,RMB,A,high,1,quarterly,Q1 2026 / Q1 2025 earnings release,https://www.sec.gov/Archives/edgar/data/1610601/000119312526252519/d80576dex991.htm,2026-06-02,2026-08-01,Q1 actual
MOMO-P4-0024,MOMO,P4,forecast_input,fact,company,Hello Group,operating_income,2026Q1,quarterly,Global,actual,309.743,,,RMB mn,RMB,A,high,1,quarterly,Q1 2026 / Q1 2025 earnings release,https://www.sec.gov/Archives/edgar/data/1610601/000119312526252519/d80576dex991.htm,2026-06-02,2026-08-01,Q1 actual
MOMO-P4-0025,MOMO,P4,forecast_input,fact,app,Momo app,paying_users,2026Q1,quarterly,China,actual,3.7,,,mn users,N/A,A,high,1,quarterly,Q1 2026 / Q1 2025 earnings release,https://www.sec.gov/Archives/edgar/data/1610601/000119312526252519/d80576dex991.htm,2026-06-02,2026-08-01,4.2m in Q1 2025
MOMO-P4-0026,MOMO,P4,forecast_input,fact,app,Tantan,paying_users,2026Q1,quarterly,China,actual,0.6,,,mn users,N/A,A,high,1,quarterly,Q1 2026 / Q1 2025 earnings release,https://www.sec.gov/Archives/edgar/data/1610601/000119312526252519/d80576dex991.htm,2026-06-02,2026-08-01,0.8m in Q1 2025
MOMO-P4-0027,MOMO,P4,forecast_input,fact,app,Tantan,MAU,2025Q1,quarterly,China,actual,10.7,,,mn users,N/A,A,high,1,quarterly,Q1 2026 / Q1 2025 earnings release,https://ir.hellogroup.com/news-releases/news-release-details/hello-group-inc-announces-unaudited-financial-results-first-2/,2025-06-05,2026-08-01,Last reported MAU before single-segment reporting
MOMO-P4-0028,MOMO,P4,forecast_input,fact,company,Hello Group,Q2_revenue_guidance_low,2026Q2,quarterly,Global,actual,2450.0,,,RMB mn,RMB,A,high,1,quarterly,Q1 2026 / Q1 2025 earnings release,https://www.sec.gov/Archives/edgar/data/1610601/000119312526252519/d80576dex991.htm,2026-06-02,2026-08-01,Company guidance
MOMO-P4-0029,MOMO,P4,forecast_input,fact,company,Hello Group,Q2_revenue_guidance_high,2026Q2,quarterly,Global,actual,2550.0,,,RMB mn,RMB,A,high,1,quarterly,Q1 2026 / Q1 2025 earnings release,https://www.sec.gov/Archives/edgar/data/1610601/000119312526252519/d80576dex991.htm,2026-06-02,2026-08-01,Company guidance
MOMO-P4-0030,MOMO,P4,forecast_input,fact,app,Tantan,revenue,2024Q1,quarterly,Global,actual,241.5,,,RMB mn,RMB,A,high,1,quarterly,Quarterly earnings release,https://www.sec.gov/Archives/edgar/data/1610601/000119312524147633/d838804dex991.htm,2024Q1,2026-08-01,Legacy segment disclosure
MOMO-P4-0031,MOMO,P4,forecast_input,fact,app,Tantan,revenue,2024Q2,quarterly,Global,actual,233.7,,,RMB mn,RMB,A,high,1,quarterly,Quarterly earnings release,https://www.sec.gov/Archives/edgar/data/1610601/000119312524211526/d894065dex991.htm,2024Q2,2026-08-01,Legacy segment disclosure
MOMO-P4-0032,MOMO,P4,forecast_input,fact,app,Tantan,revenue,2024Q3,quarterly,Global,actual,212.1,,,RMB mn,RMB,A,high,1,quarterly,Quarterly earnings release,https://ir.hellogroup.com/news-releases/news-release-details/hello-group-inc-announces-unaudited-financial-results-third-2/,2024Q3,2026-08-01,Legacy segment disclosure
MOMO-P4-0033,MOMO,P4,forecast_input,fact,app,Tantan,revenue,2024Q4,quarterly,Global,actual,213.4,,,RMB mn,RMB,A,high,1,quarterly,Quarterly earnings release,https://www.sec.gov/Archives/edgar/data/1610601/000119312525052604/d914586dex991.htm,2024Q4,2026-08-01,Legacy segment disclosure
MOMO-P4-0034,MOMO,P4,forecast_input,estimate,app,Tantan,revenue,2024A,annual,Global,actual,900.7,,,RMB mn,RMB,E,high,1,annual,Sum of quarterly disclosures,,2026-08-01,2026-08-01,2024 quarter sum
MOMO-P4-0035,MOMO,P4,scenario_assumption,assumption,segment,Domestic Momo & other China,revenue,2025A,annual,China,bear,7667.094,,,RMB mn,RMB,H,low,1,annual,P4 segment decomposition,https://www.sec.gov/Archives/edgar/data/1610601/000119312526183444/d13143d20f.htm,2026-04-28,2026-08-01,Model estimate
MOMO-P4-0036,MOMO,P4,scenario_assumption,assumption,segment,Domestic Momo & other China,revenue,2026E,annual,China,bear,6500,,,RMB mn,RMB,H,medium,1,annual,P4 reverse fit,https://www.sec.gov/Archives/edgar/data/1610601/000119312526252519/d80576dex991.htm,2026-06-02,2026-08-01,Calibrated to Q1/Q2/H2 path
MOMO-P4-0037,MOMO,P4,scenario_assumption,assumption,segment,Domestic Momo & other China,revenue_growth,2027E,annual,China,bear,-0.14,,,%,N/A,H,medium,1,annual,P4 driver assumption,,2026-08-01,2026-08-01,Applied to prior year
MOMO-P4-0038,MOMO,P4,scenario_assumption,assumption,segment,Domestic Momo & other China,revenue_growth,2028E,annual,China,bear,-0.12,,,%,N/A,H,medium,1,annual,P4 driver assumption,,2026-08-01,2026-08-01,Applied to prior year
MOMO-P4-0039,MOMO,P4,scenario_assumption,assumption,segment,Domestic Momo & other China,revenue_growth,2029E,annual,China,bear,-0.1,,,%,N/A,H,medium,1,annual,P4 driver assumption,,2026-08-01,2026-08-01,Applied to prior year
MOMO-P4-0040,MOMO,P4,scenario_assumption,assumption,segment,Domestic Momo & other China,revenue_growth,2030E,annual,China,bear,-0.08,,,%,N/A,H,medium,1,annual,P4 driver assumption,,2026-08-01,2026-08-01,Applied to prior year
MOMO-P4-0041,MOMO,P4,scenario_assumption,assumption,segment,Domestic Momo & other China,long_term_revenue_growth,2031E-2035E,annual,China,bear,-0.04,,,%,N/A,H,low,1,annual,P4 long-term assumption,,2026-08-01,2026-08-01,Segment long-term growth
MOMO-P4-0042,MOMO,P4,scenario_assumption,assumption,segment,Domestic Momo & other China,operating_margin,2025A,annual,China,bear,0.19604082589831298,,,%,N/A,H,medium,1,annual,P4 margin assumption,https://www.sec.gov/Archives/edgar/data/1610601/000119312526183444/d13143d20f.htm,2026-08-01,2026-08-01,2025 reconciles actual; overseas uses proxy
MOMO-P4-0043,MOMO,P4,scenario_assumption,assumption,segment,Domestic Momo & other China,operating_margin,2026E,annual,China,bear,0.18,,,%,N/A,H,medium,1,annual,P4 margin assumption,,2026-08-01,2026-08-01,2025 reconciles actual; overseas uses proxy
MOMO-P4-0044,MOMO,P4,scenario_assumption,assumption,segment,Domestic Momo & other China,operating_margin,2027E,annual,China,bear,0.17,,,%,N/A,H,medium,1,annual,P4 margin assumption,,2026-08-01,2026-08-01,2025 reconciles actual; overseas uses proxy
MOMO-P4-0045,MOMO,P4,scenario_assumption,assumption,segment,Domestic Momo & other China,operating_margin,2028E,annual,China,bear,0.16,,,%,N/A,H,medium,1,annual,P4 margin assumption,,2026-08-01,2026-08-01,2025 reconciles actual; overseas uses proxy
MOMO-P4-0046,MOMO,P4,scenario_assumption,assumption,segment,Domestic Momo & other China,operating_margin,2029E,annual,China,bear,0.15,,,%,N/A,H,medium,1,annual,P4 margin assumption,,2026-08-01,2026-08-01,2025 reconciles actual; overseas uses proxy
MOMO-P4-0047,MOMO,P4,scenario_assumption,assumption,segment,Domestic Momo & other China,operating_margin,2030E,annual,China,bear,0.14,,,%,N/A,H,medium,1,annual,P4 margin assumption,,2026-08-01,2026-08-01,2025 reconciles actual; overseas uses proxy
MOMO-P4-0048,MOMO,P4,scenario_assumption,assumption,segment,Domestic Momo & other China,long_term_operating_margin,2031E-2035E,annual,China,bear,0.13,,,%,N/A,H,low,1,annual,P4 long-term margin,,2026-08-01,2026-08-01,Held constant
MOMO-P4-0049,MOMO,P4,scenario_assumption,assumption,segment,Tantan,revenue,2025A,annual,China,bear,700.0,,,RMB mn,RMB,H,low,1,annual,P4 segment decomposition,https://www.sec.gov/Archives/edgar/data/1610601/000119312526183444/d13143d20f.htm,2026-04-28,2026-08-01,Model estimate
MOMO-P4-0050,MOMO,P4,scenario_assumption,assumption,segment,Tantan,revenue,2026E,annual,China,bear,500,,,RMB mn,RMB,H,medium,1,annual,P4 reverse fit,https://www.sec.gov/Archives/edgar/data/1610601/000119312526252519/d80576dex991.htm,2026-06-02,2026-08-01,Calibrated to Q1/Q2/H2 path
MOMO-P4-0051,MOMO,P4,scenario_assumption,assumption,segment,Tantan,revenue_growth,2027E,annual,China,bear,-0.2,,,%,N/A,H,medium,1,annual,P4 driver assumption,,2026-08-01,2026-08-01,Applied to prior year
MOMO-P4-0052,MOMO,P4,scenario_assumption,assumption,segment,Tantan,revenue_growth,2028E,annual,China,bear,-0.15,,,%,N/A,H,medium,1,annual,P4 driver assumption,,2026-08-01,2026-08-01,Applied to prior year
MOMO-P4-0053,MOMO,P4,scenario_assumption,assumption,segment,Tantan,revenue_growth,2029E,annual,China,bear,-0.1,,,%,N/A,H,medium,1,annual,P4 driver assumption,,2026-08-01,2026-08-01,Applied to prior year
MOMO-P4-0054,MOMO,P4,scenario_assumption,assumption,segment,Tantan,revenue_growth,2030E,annual,China,bear,-0.08,,,%,N/A,H,medium,1,annual,P4 driver assumption,,2026-08-01,2026-08-01,Applied to prior year
MOMO-P4-0055,MOMO,P4,scenario_assumption,assumption,segment,Tantan,long_term_revenue_growth,2031E-2035E,annual,China,bear,-0.05,,,%,N/A,H,low,1,annual,P4 long-term assumption,,2026-08-01,2026-08-01,Segment long-term growth
MOMO-P4-0056,MOMO,P4,scenario_assumption,assumption,segment,Tantan,operating_margin,2025A,annual,China,bear,0.04,,,%,N/A,H,medium,1,annual,P4 margin assumption,https://www.sec.gov/Archives/edgar/data/1610601/000119312526183444/d13143d20f.htm,2026-08-01,2026-08-01,2025 reconciles actual; overseas uses proxy
MOMO-P4-0057,MOMO,P4,scenario_assumption,assumption,segment,Tantan,operating_margin,2026E,annual,China,bear,-0.02,,,%,N/A,H,medium,1,annual,P4 margin assumption,,2026-08-01,2026-08-01,2025 reconciles actual; overseas uses proxy
MOMO-P4-0058,MOMO,P4,scenario_assumption,assumption,segment,Tantan,operating_margin,2027E,annual,China,bear,-0.03,,,%,N/A,H,medium,1,annual,P4 margin assumption,,2026-08-01,2026-08-01,2025 reconciles actual; overseas uses proxy
MOMO-P4-0059,MOMO,P4,scenario_assumption,assumption,segment,Tantan,operating_margin,2028E,annual,China,bear,-0.05,,,%,N/A,H,medium,1,annual,P4 margin assumption,,2026-08-01,2026-08-01,2025 reconciles actual; overseas uses proxy
MOMO-P4-0060,MOMO,P4,scenario_assumption,assumption,segment,Tantan,operating_margin,2029E,annual,China,bear,-0.05,,,%,N/A,H,medium,1,annual,P4 margin assumption,,2026-08-01,2026-08-01,2025 reconciles actual; overseas uses proxy
MOMO-P4-0061,MOMO,P4,scenario_assumption,assumption,segment,Tantan,operating_margin,2030E,annual,China,bear,-0.05,,,%,N/A,H,medium,1,annual,P4 margin assumption,,2026-08-01,2026-08-01,2025 reconciles actual; overseas uses proxy
MOMO-P4-0062,MOMO,P4,scenario_assumption,assumption,segment,Tantan,long_term_operating_margin,2031E-2035E,annual,China,bear,-0.05,,,%,N/A,H,low,1,annual,P4 long-term margin,,2026-08-01,2026-08-01,Held constant
MOMO-P4-0063,MOMO,P4,scenario_assumption,assumption,segment,Overseas social entertainment,revenue,2025A,annual,Overseas,bear,1550.0,,,RMB mn,RMB,H,low,1,annual,P4 segment decomposition,https://www.sec.gov/Archives/edgar/data/1610601/000119312526183444/d13143d20f.htm,2026-04-28,2026-08-01,Model estimate
MOMO-P4-0064,MOMO,P4,scenario_assumption,assumption,segment,Overseas social entertainment,revenue,2026E,annual,Overseas,bear,1800,,,RMB mn,RMB,H,medium,1,annual,P4 reverse fit,https://www.sec.gov/Archives/edgar/data/1610601/000119312526252519/d80576dex991.htm,2026-06-02,2026-08-01,Calibrated to Q1/Q2/H2 path
MOMO-P4-0065,MOMO,P4,scenario_assumption,assumption,segment,Overseas social entertainment,revenue_growth,2027E,annual,Overseas,bear,0.08,,,%,N/A,H,medium,1,annual,P4 driver assumption,,2026-08-01,2026-08-01,Applied to prior year
MOMO-P4-0066,MOMO,P4,scenario_assumption,assumption,segment,Overseas social entertainment,revenue_growth,2028E,annual,Overseas,bear,0.03,,,%,N/A,H,medium,1,annual,P4 driver assumption,,2026-08-01,2026-08-01,Applied to prior year
MOMO-P4-0067,MOMO,P4,scenario_assumption,assumption,segment,Overseas social entertainment,revenue_growth,2029E,annual,Overseas,bear,0,,,%,N/A,H,medium,1,annual,P4 driver assumption,,2026-08-01,2026-08-01,Applied to prior year
MOMO-P4-0068,MOMO,P4,scenario_assumption,assumption,segment,Overseas social entertainment,revenue_growth,2030E,annual,Overseas,bear,-0.03,,,%,N/A,H,medium,1,annual,P4 driver assumption,,2026-08-01,2026-08-01,Applied to prior year
MOMO-P4-0069,MOMO,P4,scenario_assumption,assumption,segment,Overseas social entertainment,long_term_revenue_growth,2031E-2035E,annual,Overseas,bear,0.06,,,%,N/A,H,low,1,annual,P4 long-term assumption,,2026-08-01,2026-08-01,Segment long-term growth
MOMO-P4-0070,MOMO,P4,scenario_assumption,assumption,segment,Overseas social entertainment,operating_margin,2025A,annual,Overseas,bear,-0.05,,,%,N/A,H,low,1,annual,P4 margin assumption,https://www.sec.gov/Archives/edgar/data/1610601/000119312526183444/d13143d20f.htm,2026-08-01,2026-08-01,2025 reconciles actual; overseas uses proxy
MOMO-P4-0071,MOMO,P4,scenario_assumption,assumption,segment,Overseas social entertainment,operating_margin,2026E,annual,Overseas,bear,-0.05,,,%,N/A,H,low,1,annual,P4 margin assumption,,2026-08-01,2026-08-01,2025 reconciles actual; overseas uses proxy
MOMO-P4-0072,MOMO,P4,scenario_assumption,assumption,segment,Overseas social entertainment,operating_margin,2027E,annual,Overseas,bear,-0.05,,,%,N/A,H,low,1,annual,P4 margin assumption,,2026-08-01,2026-08-01,2025 reconciles actual; overseas uses proxy
MOMO-P4-0073,MOMO,P4,scenario_assumption,assumption,segment,Overseas social entertainment,operating_margin,2028E,annual,Overseas,bear,-0.03,,,%,N/A,H,low,1,annual,P4 margin assumption,,2026-08-01,2026-08-01,2025 reconciles actual; overseas uses proxy
MOMO-P4-0074,MOMO,P4,scenario_assumption,assumption,segment,Overseas social entertainment,operating_margin,2029E,annual,Overseas,bear,-0.02,,,%,N/A,H,low,1,annual,P4 margin assumption,,2026-08-01,2026-08-01,2025 reconciles actual; overseas uses proxy
MOMO-P4-0075,MOMO,P4,scenario_assumption,assumption,segment,Overseas social entertainment,operating_margin,2030E,annual,Overseas,bear,-0.02,,,%,N/A,H,low,1,annual,P4 margin assumption,,2026-08-01,2026-08-01,2025 reconciles actual; overseas uses proxy
MOMO-P4-0076,MOMO,P4,scenario_assumption,assumption,segment,Overseas social entertainment,long_term_operating_margin,2031E-2035E,annual,Overseas,bear,0,,,%,N/A,H,low,1,annual,P4 long-term margin,,2026-08-01,2026-08-01,Held constant
MOMO-P4-0077,MOMO,P4,scenario_assumption,assumption,segment,Overseas dating / acquired brands,revenue,2025A,annual,Overseas,bear,450.002,,,RMB mn,RMB,H,low,1,annual,P4 segment decomposition,https://www.sec.gov/Archives/edgar/data/1610601/000119312526183444/d13143d20f.htm,2026-04-28,2026-08-01,Model estimate
MOMO-P4-0078,MOMO,P4,scenario_assumption,assumption,segment,Overseas dating / acquired brands,revenue,2026E,annual,Overseas,bear,650,,,RMB mn,RMB,H,medium,1,annual,P4 reverse fit,https://www.sec.gov/Archives/edgar/data/1610601/000119312526252519/d80576dex991.htm,2026-06-02,2026-08-01,Calibrated to Q1/Q2/H2 path
MOMO-P4-0079,MOMO,P4,scenario_assumption,assumption,segment,Overseas dating / acquired brands,revenue_growth,2027E,annual,Overseas,bear,0.02,,,%,N/A,H,medium,1,annual,P4 driver assumption,,2026-08-01,2026-08-01,Applied to prior year
MOMO-P4-0080,MOMO,P4,scenario_assumption,assumption,segment,Overseas dating / acquired brands,revenue_growth,2028E,annual,Overseas,bear,0,,,%,N/A,H,medium,1,annual,P4 driver assumption,,2026-08-01,2026-08-01,Applied to prior year
MOMO-P4-0081,MOMO,P4,scenario_assumption,assumption,segment,Overseas dating / acquired brands,revenue_growth,2029E,annual,Overseas,bear,-0.03,,,%,N/A,H,medium,1,annual,P4 driver assumption,,2026-08-01,2026-08-01,Applied to prior year
MOMO-P4-0082,MOMO,P4,scenario_assumption,assumption,segment,Overseas dating / acquired brands,revenue_growth,2030E,annual,Overseas,bear,-0.05,,,%,N/A,H,medium,1,annual,P4 driver assumption,,2026-08-01,2026-08-01,Applied to prior year
MOMO-P4-0083,MOMO,P4,scenario_assumption,assumption,segment,Overseas dating / acquired brands,long_term_revenue_growth,2031E-2035E,annual,Overseas,bear,0.04,,,%,N/A,H,low,1,annual,P4 long-term assumption,,2026-08-01,2026-08-01,Segment long-term growth
MOMO-P4-0084,MOMO,P4,scenario_assumption,assumption,segment,Overseas dating / acquired brands,operating_margin,2025A,annual,Overseas,bear,-0.22,,,%,N/A,H,low,1,annual,P4 margin assumption,https://www.sec.gov/Archives/edgar/data/1610601/000119312526183444/d13143d20f.htm,2026-08-01,2026-08-01,2025 reconciles actual; overseas uses proxy
MOMO-P4-0085,MOMO,P4,scenario_assumption,assumption,segment,Overseas dating / acquired brands,operating_margin,2026E,annual,Overseas,bear,-0.12,,,%,N/A,H,low,1,annual,P4 margin assumption,,2026-08-01,2026-08-01,2025 reconciles actual; overseas uses proxy
MOMO-P4-0086,MOMO,P4,scenario_assumption,assumption,segment,Overseas dating / acquired brands,operating_margin,2027E,annual,Overseas,bear,-0.1,,,%,N/A,H,low,1,annual,P4 margin assumption,,2026-08-01,2026-08-01,2025 reconciles actual; overseas uses proxy
MOMO-P4-0087,MOMO,P4,scenario_assumption,assumption,segment,Overseas dating / acquired brands,operating_margin,2028E,annual,Overseas,bear,-0.08,,,%,N/A,H,low,1,annual,P4 margin assumption,,2026-08-01,2026-08-01,2025 reconciles actual; overseas uses proxy
MOMO-P4-0088,MOMO,P4,scenario_assumption,assumption,segment,Overseas dating / acquired brands,operating_margin,2029E,annual,Overseas,bear,-0.08,,,%,N/A,H,low,1,annual,P4 margin assumption,,2026-08-01,2026-08-01,2025 reconciles actual; overseas uses proxy
MOMO-P4-0089,MOMO,P4,scenario_assumption,assumption,segment,Overseas dating / acquired brands,operating_margin,2030E,annual,Overseas,bear,-0.08,,,%,N/A,H,low,1,annual,P4 margin assumption,,2026-08-01,2026-08-01,2025 reconciles actual; overseas uses proxy
MOMO-P4-0090,MOMO,P4,scenario_assumption,assumption,segment,Overseas dating / acquired brands,long_term_operating_margin,2031E-2035E,annual,Overseas,bear,-0.05,,,%,N/A,H,low,1,annual,P4 long-term margin,,2026-08-01,2026-08-01,Held constant
MOMO-P4-0091,MOMO,P4,scenario_assumption,assumption,company,Hello Group,normalized_operating_tax_rate,P4,point_in_time,Global,bear,0.18,,,%,N/A,H,medium,1,annual,P4 capital assumption,,2026-08-01,2026-08-01,Locked for P5
MOMO-P4-0092,MOMO,P4,scenario_assumption,assumption,company,Hello Group,D&A_as_revenue,P4,point_in_time,Global,bear,0.009,,,%,N/A,H,medium,1,annual,P4 capital assumption,,2026-08-01,2026-08-01,Locked for P5
MOMO-P4-0093,MOMO,P4,scenario_assumption,assumption,company,Hello Group,maintenance_capex_2026,P4,point_in_time,Global,bear,130,,,RMB mn,RMB,H,medium,1,annual,P4 capital assumption,,2026-08-01,2026-08-01,Locked for P5
MOMO-P4-0094,MOMO,P4,scenario_assumption,assumption,company,Hello Group,maintenance_capex_growth,P4,point_in_time,Global,bear,0.02,,,%,N/A,H,medium,1,annual,P4 capital assumption,,2026-08-01,2026-08-01,Locked for P5
MOMO-P4-0095,MOMO,P4,scenario_assumption,assumption,company,Hello Group,cash_yield,P4,point_in_time,Global,bear,0.015,,,%,N/A,H,medium,1,annual,P4 capital assumption,,2026-08-01,2026-08-01,Locked for P5
MOMO-P4-0096,MOMO,P4,scenario_assumption,assumption,company,Hello Group,dividend_payout_ratio,P4,point_in_time,Global,bear,0.2,,,%,N/A,H,medium,1,annual,P4 capital assumption,,2026-08-01,2026-08-01,Locked for P5
MOMO-P4-0097,MOMO,P4,scenario_assumption,assumption,company,Hello Group,buyback_payout_ratio,P4,point_in_time,Global,bear,0.1,,,%,N/A,H,medium,1,annual,P4 capital assumption,,2026-08-01,2026-08-01,Locked for P5
MOMO-P4-0098,MOMO,P4,scenario_assumption,assumption,company,Hello Group,strategic_capital_use_as_revenue,P4,point_in_time,Global,bear,0.04,,,%,N/A,H,medium,1,annual,P4 capital assumption,,2026-08-01,2026-08-01,Locked for P5
MOMO-P4-0099,MOMO,P4,scenario_assumption,assumption,company,Hello Group,remaining_2026_buyback_cash,P4,point_in_time,Global,bear,40,,,USD mn,USD,H,medium,1,annual,P4 capital assumption,,2026-08-01,2026-08-01,Locked for P5
MOMO-P4-0100,MOMO,P4,scenario_assumption,assumption,company,Hello Group,remaining_2026_strategic_capital_use,P4,point_in_time,Global,bear,300,,,RMB mn,RMB,H,medium,1,annual,P4 capital assumption,,2026-08-01,2026-08-01,Locked for P5
MOMO-P4-0101,MOMO,P4,scenario_assumption,assumption,company,Hello Group,buyback_price_2026,P4,point_in_time,Global,bear,6.0,,,USD/ADS,USD,H,medium,1,annual,P4 capital assumption,,2026-08-01,2026-08-01,Locked for P5
MOMO-P4-0102,MOMO,P4,scenario_assumption,assumption,company,Hello Group,buyback_price_growth,P4,point_in_time,Global,bear,0.01,,,%,N/A,H,medium,1,annual,P4 capital assumption,,2026-08-01,2026-08-01,Locked for P5
MOMO-P4-0103,MOMO,P4,scenario_assumption,assumption,company,Hello Group,remaining_2026_SBC_dilution,P4,point_in_time,Global,bear,1.5,,,mn ADS,N/A,H,medium,1,annual,P4 capital assumption,,2026-08-01,2026-08-01,Locked for P5
MOMO-P4-0104,MOMO,P4,scenario_assumption,assumption,company,Hello Group,annual_SBC_dilution_2027,P4,point_in_time,Global,bear,2.0,,,mn ADS,N/A,H,medium,1,annual,P4 capital assumption,,2026-08-01,2026-08-01,Locked for P5
MOMO-P4-0105,MOMO,P4,scenario_assumption,assumption,company,Hello Group,discounted_investment_growth,P4,point_in_time,Global,bear,-0.1,,,%,N/A,H,medium,1,annual,P4 capital assumption,,2026-08-01,2026-08-01,Locked for P5
MOMO-P4-0106,MOMO,P4,scenario_assumption,assumption,app,New App Cohort,new_app_launches_or_acquisitions_per_year,P4,point_in_time,Overseas,bear,2,,,apps/year,N/A,H,low,1,annual,P4 App queue,,2026-08-01,2026-08-01,Existing apps are in segment base
MOMO-P4-0107,MOMO,P4,scenario_assumption,assumption,app,New App Cohort,12_month_survival_probability,P4,point_in_time,Overseas,bear,0.4,,,%,N/A,H,low,1,annual,P4 App queue,,2026-08-01,2026-08-01,Existing apps are in segment base
MOMO-P4-0108,MOMO,P4,scenario_assumption,assumption,app,New App Cohort,24_month_validation_probability,P4,point_in_time,Overseas,bear,0.2,,,%,N/A,H,low,1,annual,P4 App queue,,2026-08-01,2026-08-01,Existing apps are in segment base
MOMO-P4-0109,MOMO,P4,scenario_assumption,assumption,app,New App Cohort,36_month_scale_probability,P4,point_in_time,Overseas,bear,0.08,,,%,N/A,H,low,1,annual,P4 App queue,,2026-08-01,2026-08-01,Existing apps are in segment base
MOMO-P4-0110,MOMO,P4,scenario_assumption,assumption,app,New App Cohort,36_month_material_business_probability,P4,point_in_time,Overseas,bear,0.03,,,%,N/A,H,low,1,annual,P4 App queue,,2026-08-01,2026-08-01,Existing apps are in segment base
MOMO-P4-0111,MOMO,P4,scenario_assumption,assumption,app,New App Cohort,successful_app_revenue_month_12,P4,point_in_time,Overseas,bear,20,,,RMB mn,RMB,H,low,1,annual,P4 App queue,,2026-08-01,2026-08-01,Existing apps are in segment base
MOMO-P4-0112,MOMO,P4,scenario_assumption,assumption,app,New App Cohort,successful_app_revenue_month_24,P4,point_in_time,Overseas,bear,80,,,RMB mn,RMB,H,low,1,annual,P4 App queue,,2026-08-01,2026-08-01,Existing apps are in segment base
MOMO-P4-0113,MOMO,P4,scenario_assumption,assumption,app,New App Cohort,successful_app_revenue_month_36,P4,point_in_time,Overseas,bear,180,,,RMB mn,RMB,H,low,1,annual,P4 App queue,,2026-08-01,2026-08-01,Existing apps are in segment base
MOMO-P4-0114,MOMO,P4,scenario_assumption,assumption,app,New App Cohort,successful_app_gross_margin,P4,point_in_time,Overseas,bear,0.45,,,%,N/A,H,low,1,annual,P4 App queue,,2026-08-01,2026-08-01,Existing apps are in segment base
MOMO-P4-0115,MOMO,P4,scenario_assumption,assumption,app,New App Cohort,annual_incubation_marketing_R&D_M&A_budget,P4,point_in_time,Overseas,bear,450,,,RMB mn,RMB,H,low,1,annual,P4 App queue,,2026-08-01,2026-08-01,Existing apps are in segment base
MOMO-P4-0116,MOMO,P4,forecast,estimate,segment,Domestic Momo & other China,revenue,2025A,annual,China,bear,7667.094,,,RMB mn,RMB,E,medium,1,annual,P4 model,https://www.sec.gov/Archives/edgar/data/1610601/000119312526183444/d13143d20f.htm,2026-08-01,2026-08-01,Locked forecast
MOMO-P4-0117,MOMO,P4,forecast,estimate,segment,Domestic Momo & other China,operating_profit,2025A,annual,China,bear,1503.0634400000001,,,RMB mn,RMB,E,medium,1,annual,P4 model,,2026-08-01,2026-08-01,Revenue x margin
MOMO-P4-0118,MOMO,P4,forecast,estimate,segment,Tantan,revenue,2025A,annual,China,bear,700.0,,,RMB mn,RMB,E,medium,1,annual,P4 model,https://www.sec.gov/Archives/edgar/data/1610601/000119312526183444/d13143d20f.htm,2026-08-01,2026-08-01,Locked forecast
MOMO-P4-0119,MOMO,P4,forecast,estimate,segment,Tantan,operating_profit,2025A,annual,China,bear,28.0,,,RMB mn,RMB,E,medium,1,annual,P4 model,,2026-08-01,2026-08-01,Revenue x margin
MOMO-P4-0120,MOMO,P4,forecast,estimate,segment,Overseas social entertainment,revenue,2025A,annual,Overseas,bear,1550.0,,,RMB mn,RMB,E,medium,1,annual,P4 model,https://www.sec.gov/Archives/edgar/data/1610601/000119312526183444/d13143d20f.htm,2026-08-01,2026-08-01,Locked forecast
MOMO-P4-0121,MOMO,P4,forecast,estimate,segment,Overseas social entertainment,operating_profit,2025A,annual,Overseas,bear,-77.5,,,RMB mn,RMB,E,low,1,annual,P4 model,,2026-08-01,2026-08-01,Revenue x margin
MOMO-P4-0122,MOMO,P4,forecast,estimate,segment,Overseas dating / acquired brands,revenue,2025A,annual,Overseas,bear,450.002,,,RMB mn,RMB,E,medium,1,annual,P4 model,https://www.sec.gov/Archives/edgar/data/1610601/000119312526183444/d13143d20f.htm,2026-08-01,2026-08-01,Locked forecast
MOMO-P4-0123,MOMO,P4,forecast,estimate,segment,Overseas dating / acquired brands,operating_profit,2025A,annual,Overseas,bear,-99.00044,,,RMB mn,RMB,E,low,1,annual,P4 model,,2026-08-01,2026-08-01,Revenue x margin
MOMO-P4-0124,MOMO,P4,forecast,estimate,company,Hello Group,revenue,2025A,annual,Global,bear,10367.096,,,RMB mn,RMB,E,medium,1,annual,P4 model,,2026-08-01,2026-08-01,Formal valuation deferred to P5
MOMO-P4-0125,MOMO,P4,forecast,estimate,company,Hello Group,operating_income,2025A,annual,Global,bear,1354.563,,,RMB mn,RMB,E,medium,1,annual,P4 model,,2026-08-01,2026-08-01,Formal valuation deferred to P5
MOMO-P4-0126,MOMO,P4,forecast,estimate,company,Hello Group,operating_margin,2025A,annual,Global,bear,0.13065982990800898,,,%,N/A,E,medium,1,annual,P4 model,,2026-08-01,2026-08-01,Formal valuation deferred to P5
MOMO-P4-0127,MOMO,P4,forecast,estimate,company,Hello Group,depreciation_amortization,2025A,annual,Global,bear,81.815,,,RMB mn,RMB,E,medium,1,annual,P4 model,,2026-08-01,2026-08-01,Formal valuation deferred to P5
MOMO-P4-0128,MOMO,P4,forecast,estimate,company,Hello Group,maintenance_capex,2025A,annual,Global,bear,120,,,RMB mn,RMB,E,medium,1,annual,P4 model,,2026-08-01,2026-08-01,Formal valuation deferred to P5
MOMO-P4-0129,MOMO,P4,forecast,estimate,company,Hello Group,normalized_remittance_tax,2025A,annual,Global,bear,86.56409079790564,,,RMB mn,RMB,E,medium,1,annual,P4 model,,2026-08-01,2026-08-01,Formal valuation deferred to P5
MOMO-P4-0130,MOMO,P4,forecast,estimate,company,Hello Group,normalized_core_owner_earnings,2025A,annual,Global,bear,985.9925692020945,,,RMB mn,RMB,E,medium,1,annual,P4 model,,2026-08-01,2026-08-01,Formal valuation deferred to P5
MOMO-P4-0131,MOMO,P4,forecast,estimate,segment,Domestic Momo & other China,revenue,2026E,annual,China,bear,6500,,,RMB mn,RMB,E,medium,1,annual,P4 model,,2026-08-01,2026-08-01,Locked forecast
MOMO-P4-0132,MOMO,P4,forecast,estimate,segment,Domestic Momo & other China,operating_profit,2026E,annual,China,bear,1170.0,,,RMB mn,RMB,E,medium,1,annual,P4 model,,2026-08-01,2026-08-01,Revenue x margin
MOMO-P4-0133,MOMO,P4,forecast,estimate,segment,Tantan,revenue,2026E,annual,China,bear,500,,,RMB mn,RMB,E,medium,1,annual,P4 model,,2026-08-01,2026-08-01,Locked forecast
MOMO-P4-0134,MOMO,P4,forecast,estimate,segment,Tantan,operating_profit,2026E,annual,China,bear,-10.0,,,RMB mn,RMB,E,medium,1,annual,P4 model,,2026-08-01,2026-08-01,Revenue x margin
MOMO-P4-0135,MOMO,P4,forecast,estimate,segment,Overseas social entertainment,revenue,2026E,annual,Overseas,bear,1800,,,RMB mn,RMB,E,medium,1,annual,P4 model,,2026-08-01,2026-08-01,Locked forecast
MOMO-P4-0136,MOMO,P4,forecast,estimate,segment,Overseas social entertainment,operating_profit,2026E,annual,Overseas,bear,-90.0,,,RMB mn,RMB,E,low,1,annual,P4 model,,2026-08-01,2026-08-01,Revenue x margin
MOMO-P4-0137,MOMO,P4,forecast,estimate,segment,Overseas dating / acquired brands,revenue,2026E,annual,Overseas,bear,650,,,RMB mn,RMB,E,medium,1,annual,P4 model,,2026-08-01,2026-08-01,Locked forecast
MOMO-P4-0138,MOMO,P4,forecast,estimate,segment,Overseas dating / acquired brands,operating_profit,2026E,annual,Overseas,bear,-78.0,,,RMB mn,RMB,E,low,1,annual,P4 model,,2026-08-01,2026-08-01,Revenue x margin
MOMO-P4-0139,MOMO,P4,forecast,estimate,company,Hello Group,revenue,2026E,annual,Global,bear,9450,,,RMB mn,RMB,E,medium,1,annual,P4 model,https://www.sec.gov/Archives/edgar/data/1610601/000119312526252519/d80576dex991.htm,2026-08-01,2026-08-01,Formal valuation deferred to P5
MOMO-P4-0140,MOMO,P4,forecast,estimate,company,Hello Group,operating_income,2026E,annual,Global,bear,992.0,,,RMB mn,RMB,E,medium,1,annual,P4 model,https://www.sec.gov/Archives/edgar/data/1610601/000119312526252519/d80576dex991.htm,2026-08-01,2026-08-01,Formal valuation deferred to P5
MOMO-P4-0141,MOMO,P4,forecast,estimate,company,Hello Group,operating_margin,2026E,annual,Global,bear,0.10497354497354497,,,%,N/A,E,medium,1,annual,P4 model,https://www.sec.gov/Archives/edgar/data/1610601/000119312526252519/d80576dex991.htm,2026-08-01,2026-08-01,Formal valuation deferred to P5
MOMO-P4-0142,MOMO,P4,forecast,estimate,company,Hello Group,depreciation_amortization,2026E,annual,Global,bear,85.05,,,RMB mn,RMB,E,medium,1,annual,P4 model,https://www.sec.gov/Archives/edgar/data/1610601/000119312526252519/d80576dex991.htm,2026-08-01,2026-08-01,Formal valuation deferred to P5
MOMO-P4-0143,MOMO,P4,forecast,estimate,company,Hello Group,maintenance_capex,2026E,annual,Global,bear,130.0,,,RMB mn,RMB,E,medium,1,annual,P4 model,https://www.sec.gov/Archives/edgar/data/1610601/000119312526252519/d80576dex991.htm,2026-08-01,2026-08-01,Formal valuation deferred to P5
MOMO-P4-0144,MOMO,P4,forecast,estimate,company,Hello Group,normalized_remittance_tax,2026E,annual,Global,bear,56.925185185185185,,,RMB mn,RMB,E,medium,1,annual,P4 model,https://www.sec.gov/Archives/edgar/data/1610601/000119312526252519/d80576dex991.htm,2026-08-01,2026-08-01,Formal valuation deferred to P5
MOMO-P4-0145,MOMO,P4,forecast,estimate,company,Hello Group,normalized_core_owner_earnings,2026E,annual,Global,bear,711.5648148148148,,,RMB mn,RMB,E,medium,1,annual,P4 model,https://www.sec.gov/Archives/edgar/data/1610601/000119312526252519/d80576dex991.htm,2026-08-01,2026-08-01,Formal valuation deferred to P5
MOMO-P4-0146,MOMO,P4,forecast,estimate,company,Hello Group,period_end_ADS,2026E,annual,Global,bear,142.58073433333334,,,mn ADS,N/A,E,medium,1,annual,P4 model,https://www.sec.gov/Archives/edgar/data/1610601/000119312526252519/d80576dex991.htm,2026-08-01,2026-08-01,Formal valuation deferred to P5
MOMO-P4-0147,MOMO,P4,forecast,estimate,company,Hello Group,average_ADS,2026E,annual,Global,bear,145.16406766666665,,,mn ADS,N/A,E,medium,1,annual,P4 model,https://www.sec.gov/Archives/edgar/data/1610601/000119312526252519/d80576dex991.htm,2026-08-01,2026-08-01,Formal valuation deferred to P5
MOMO-P4-0148,MOMO,P4,forecast,estimate,company,Hello Group,normalized_core_owner_earnings_per_ADS,2026E,annual,Global,bear,4.90179716132471,,,RMB/ADS,RMB,E,medium,1,annual,P4 model,https://www.sec.gov/Archives/edgar/data/1610601/000119312526252519/d80576dex991.htm,2026-08-01,2026-08-01,Formal valuation deferred to P5
MOMO-P4-0149,MOMO,P4,forecast,estimate,company,Hello Group,dividend_cash,2026E,annual,Global,bear,284.426,,,RMB mn,RMB,E,medium,1,annual,P4 model,https://www.sec.gov/Archives/edgar/data/1610601/000119312526252519/d80576dex991.htm,2026-08-01,2026-08-01,Formal valuation deferred to P5
MOMO-P4-0150,MOMO,P4,forecast,estimate,company,Hello Group,dividend_per_ADS,2026E,annual,Global,bear,0.28,,,USD/ADS,USD,E,medium,1,annual,P4 model,https://www.sec.gov/Archives/edgar/data/1610601/000119312526252519/d80576dex991.htm,2026-08-01,2026-08-01,Formal valuation deferred to P5
MOMO-P4-0151,MOMO,P4,forecast,estimate,company,Hello Group,buyback_cash,2026E,annual,Global,bear,40,,,USD mn,USD,E,medium,1,annual,P4 model,https://www.sec.gov/Archives/edgar/data/1610601/000119312526252519/d80576dex991.htm,2026-08-01,2026-08-01,Formal valuation deferred to P5
MOMO-P4-0152,MOMO,P4,forecast,estimate,company,Hello Group,buyback_price_assumption,2026E,annual,Global,bear,6.0,,,USD/ADS,USD,E,medium,1,annual,P4 model,https://www.sec.gov/Archives/edgar/data/1610601/000119312526252519/d80576dex991.htm,2026-08-01,2026-08-01,Formal valuation deferred to P5
MOMO-P4-0153,MOMO,P4,forecast,estimate,company,Hello Group,SBC_dilution,2026E,annual,Global,bear,1.5,,,mn ADS,N/A,E,medium,1,annual,P4 model,https://www.sec.gov/Archives/edgar/data/1610601/000119312526252519/d80576dex991.htm,2026-08-01,2026-08-01,Formal valuation deferred to P5
MOMO-P4-0154,MOMO,P4,forecast,estimate,company,Hello Group,net_distributable_cash,2026E,annual,Global,bear,4002.140189814814,,,RMB mn,RMB,E,medium,1,annual,P4 model,https://www.sec.gov/Archives/edgar/data/1610601/000119312526252519/d80576dex991.htm,2026-08-01,2026-08-01,Formal valuation deferred to P5
MOMO-P4-0155,MOMO,P4,forecast,estimate,company,Hello Group,discounted_investment_assets,2026E,annual,Global,bear,497.0,,,RMB mn,RMB,E,medium,1,annual,P4 model,https://www.sec.gov/Archives/edgar/data/1610601/000119312526252519/d80576dex991.htm,2026-08-01,2026-08-01,Formal valuation deferred to P5
MOMO-P4-0156,MOMO,P4,forecast,estimate,company,Hello Group,strategic_capital_use,2026E,annual,Global,bear,300,,,RMB mn,RMB,E,medium,1,annual,P4 model,https://www.sec.gov/Archives/edgar/data/1610601/000119312526252519/d80576dex991.htm,2026-08-01,2026-08-01,Formal valuation deferred to P5
MOMO-P4-0157,MOMO,P4,forecast,estimate,company,Hello Group,cash_interest_after_adjustment_proxy,2026E,annual,Global,bear,45.795375,,,RMB mn,RMB,E,medium,1,annual,P4 model,https://www.sec.gov/Archives/edgar/data/1610601/000119312526252519/d80576dex991.htm,2026-08-01,2026-08-01,Formal valuation deferred to P5
MOMO-P4-0158,MOMO,P4,forecast,estimate,segment,Domestic Momo & other China,revenue,2027E,annual,China,bear,5590.0,,,RMB mn,RMB,E,medium,1,annual,P4 model,,2026-08-01,2026-08-01,Locked forecast
MOMO-P4-0159,MOMO,P4,forecast,estimate,segment,Domestic Momo & other China,operating_profit,2027E,annual,China,bear,950.3000000000001,,,RMB mn,RMB,E,medium,1,annual,P4 model,,2026-08-01,2026-08-01,Revenue x margin
MOMO-P4-0160,MOMO,P4,forecast,estimate,segment,Tantan,revenue,2027E,annual,China,bear,400.0,,,RMB mn,RMB,E,medium,1,annual,P4 model,,2026-08-01,2026-08-01,Locked forecast
MOMO-P4-0161,MOMO,P4,forecast,estimate,segment,Tantan,operating_profit,2027E,annual,China,bear,-12.0,,,RMB mn,RMB,E,medium,1,annual,P4 model,,2026-08-01,2026-08-01,Revenue x margin
MOMO-P4-0162,MOMO,P4,forecast,estimate,segment,Overseas social entertainment,revenue,2027E,annual,Overseas,bear,1944.0000000000002,,,RMB mn,RMB,E,medium,1,annual,P4 model,,2026-08-01,2026-08-01,Locked forecast
MOMO-P4-0163,MOMO,P4,forecast,estimate,segment,Overseas social entertainment,operating_profit,2027E,annual,Overseas,bear,-97.20000000000002,,,RMB mn,RMB,E,low,1,annual,P4 model,,2026-08-01,2026-08-01,Revenue x margin
MOMO-P4-0164,MOMO,P4,forecast,estimate,segment,Overseas dating / acquired brands,revenue,2027E,annual,Overseas,bear,663.0,,,RMB mn,RMB,E,medium,1,annual,P4 model,,2026-08-01,2026-08-01,Locked forecast
MOMO-P4-0165,MOMO,P4,forecast,estimate,segment,Overseas dating / acquired brands,operating_profit,2027E,annual,Overseas,bear,-66.3,,,RMB mn,RMB,E,low,1,annual,P4 model,,2026-08-01,2026-08-01,Revenue x margin
MOMO-P4-0166,MOMO,P4,forecast,estimate,company,Hello Group,revenue,2027E,annual,Global,bear,8597.0,,,RMB mn,RMB,E,medium,1,annual,P4 model,,2026-08-01,2026-08-01,Formal valuation deferred to P5
MOMO-P4-0167,MOMO,P4,forecast,estimate,company,Hello Group,operating_income,2027E,annual,Global,bear,774.8000000000001,,,RMB mn,RMB,E,medium,1,annual,P4 model,,2026-08-01,2026-08-01,Formal valuation deferred to P5
MOMO-P4-0168,MOMO,P4,forecast,estimate,company,Hello Group,operating_margin,2027E,annual,Global,bear,0.09012446202163546,,,%,N/A,E,medium,1,annual,P4 model,,2026-08-01,2026-08-01,Formal valuation deferred to P5
MOMO-P4-0169,MOMO,P4,forecast,estimate,company,Hello Group,depreciation_amortization,2027E,annual,Global,bear,77.37299999999999,,,RMB mn,RMB,E,medium,1,annual,P4 model,,2026-08-01,2026-08-01,Formal valuation deferred to P5
MOMO-P4-0170,MOMO,P4,forecast,estimate,company,Hello Group,maintenance_capex,2027E,annual,Global,bear,132.6,,,RMB mn,RMB,E,medium,1,annual,P4 model,,2026-08-01,2026-08-01,Formal valuation deferred to P5
MOMO-P4-0171,MOMO,P4,forecast,estimate,company,Hello Group,normalized_remittance_tax,2027E,annual,Global,bear,40.41936617424684,,,RMB mn,RMB,E,medium,1,annual,P4 model,,2026-08-01,2026-08-01,Formal valuation deferred to P5
MOMO-P4-0172,MOMO,P4,forecast,estimate,company,Hello Group,normalized_core_owner_earnings,2027E,annual,Global,bear,539.6896338257532,,,RMB mn,RMB,E,medium,1,annual,P4 model,,2026-08-01,2026-08-01,Formal valuation deferred to P5
MOMO-P4-0173,MOMO,P4,forecast,estimate,company,Hello Group,period_end_ADS,2027E,annual,Global,bear,143.28966887449332,,,mn ADS,N/A,E,medium,1,annual,P4 model,,2026-08-01,2026-08-01,Formal valuation deferred to P5
MOMO-P4-0174,MOMO,P4,forecast,estimate,company,Hello Group,average_ADS,2027E,annual,Global,bear,142.93520160391333,,,mn ADS,N/A,E,medium,1,annual,P4 model,,2026-08-01,2026-08-01,Formal valuation deferred to P5
MOMO-P4-0175,MOMO,P4,forecast,estimate,company,Hello Group,normalized_core_owner_earnings_per_ADS,2027E,annual,Global,bear,3.7757643167656005,,,RMB/ADS,RMB,E,medium,1,annual,P4 model,,2026-08-01,2026-08-01,Formal valuation deferred to P5
MOMO-P4-0176,MOMO,P4,forecast,estimate,company,Hello Group,dividend_cash,2027E,annual,Global,bear,107.93792676515064,,,RMB mn,RMB,E,medium,1,annual,P4 model,,2026-08-01,2026-08-01,Formal valuation deferred to P5
MOMO-P4-0177,MOMO,P4,forecast,estimate,company,Hello Group,dividend_per_ADS,2027E,annual,Global,bear,0.10947417560932446,,,USD/ADS,USD,E,medium,1,annual,P4 model,,2026-08-01,2026-08-01,Formal valuation deferred to P5
MOMO-P4-0178,MOMO,P4,forecast,estimate,company,Hello Group,buyback_cash,2027E,annual,Global,bear,7.823856680570501,,,USD mn,USD,E,medium,1,annual,P4 model,,2026-08-01,2026-08-01,Formal valuation deferred to P5
MOMO-P4-0179,MOMO,P4,forecast,estimate,company,Hello Group,buyback_price_assumption,2027E,annual,Global,bear,6.0600000000000005,,,USD/ADS,USD,E,medium,1,annual,P4 model,,2026-08-01,2026-08-01,Formal valuation deferred to P5
MOMO-P4-0180,MOMO,P4,forecast,estimate,company,Hello Group,SBC_dilution,2027E,annual,Global,bear,2.0,,,mn ADS,N/A,E,medium,1,annual,P4 model,,2026-08-01,2026-08-01,Formal valuation deferred to P5
MOMO-P4-0181,MOMO,P4,forecast,estimate,company,Hello Group,net_distributable_cash,2027E,annual,Global,bear,4096.075036340064,,,RMB mn,RMB,E,medium,1,annual,P4 model,,2026-08-01,2026-08-01,Formal valuation deferred to P5
MOMO-P4-0182,MOMO,P4,forecast,estimate,company,Hello Group,discounted_investment_assets,2027E,annual,Global,bear,447.3,,,RMB mn,RMB,E,medium,1,annual,P4 model,,2026-08-01,2026-08-01,Formal valuation deferred to P5
MOMO-P4-0183,MOMO,P4,forecast,estimate,company,Hello Group,strategic_capital_use,2027E,annual,Global,bear,343.88,,,RMB mn,RMB,E,medium,1,annual,P4 model,,2026-08-01,2026-08-01,Formal valuation deferred to P5
MOMO-P4-0184,MOMO,P4,forecast,estimate,company,Hello Group,cash_interest_after_adjustment_proxy,2027E,annual,Global,bear,60.03210284722221,,,RMB mn,RMB,E,medium,1,annual,P4 model,,2026-08-01,2026-08-01,Formal valuation deferred to P5
MOMO-P4-0185,MOMO,P4,forecast,estimate,segment,Domestic Momo & other China,revenue,2028E,annual,China,bear,4919.2,,,RMB mn,RMB,E,medium,1,annual,P4 model,,2026-08-01,2026-08-01,Locked forecast
MOMO-P4-0186,MOMO,P4,forecast,estimate,segment,Domestic Momo & other China,operating_profit,2028E,annual,China,bear,787.072,,,RMB mn,RMB,E,medium,1,annual,P4 model,,2026-08-01,2026-08-01,Revenue x margin
MOMO-P4-0187,MOMO,P4,forecast,estimate,segment,Tantan,revenue,2028E,annual,China,bear,340.0,,,RMB mn,RMB,E,medium,1,annual,P4 model,,2026-08-01,2026-08-01,Locked forecast
MOMO-P4-0188,MOMO,P4,forecast,estimate,segment,Tantan,operating_profit,2028E,annual,China,bear,-17.0,,,RMB mn,RMB,E,medium,1,annual,P4 model,,2026-08-01,2026-08-01,Revenue x margin
MOMO-P4-0189,MOMO,P4,forecast,estimate,segment,Overseas social entertainment,revenue,2028E,annual,Overseas,bear,2002.3200000000004,,,RMB mn,RMB,E,medium,1,annual,P4 model,,2026-08-01,2026-08-01,Locked forecast
MOMO-P4-0190,MOMO,P4,forecast,estimate,segment,Overseas social entertainment,operating_profit,2028E,annual,Overseas,bear,-60.06960000000001,,,RMB mn,RMB,E,low,1,annual,P4 model,,2026-08-01,2026-08-01,Revenue x margin
MOMO-P4-0191,MOMO,P4,forecast,estimate,segment,Overseas dating / acquired brands,revenue,2028E,annual,Overseas,bear,663.0,,,RMB mn,RMB,E,medium,1,annual,P4 model,,2026-08-01,2026-08-01,Locked forecast
MOMO-P4-0192,MOMO,P4,forecast,estimate,segment,Overseas dating / acquired brands,operating_profit,2028E,annual,Overseas,bear,-53.04,,,RMB mn,RMB,E,low,1,annual,P4 model,,2026-08-01,2026-08-01,Revenue x margin
MOMO-P4-0193,MOMO,P4,forecast,estimate,company,Hello Group,revenue,2028E,annual,Global,bear,7924.52,,,RMB mn,RMB,E,medium,1,annual,P4 model,,2026-08-01,2026-08-01,Formal valuation deferred to P5
MOMO-P4-0194,MOMO,P4,forecast,estimate,company,Hello Group,operating_income,2028E,annual,Global,bear,656.9624,,,RMB mn,RMB,E,medium,1,annual,P4 model,,2026-08-01,2026-08-01,Formal valuation deferred to P5
MOMO-P4-0195,MOMO,P4,forecast,estimate,company,Hello Group,operating_margin,2028E,annual,Global,bear,0.08290248494546042,,,%,N/A,E,medium,1,annual,P4 model,,2026-08-01,2026-08-01,Formal valuation deferred to P5
MOMO-P4-0196,MOMO,P4,forecast,estimate,company,Hello Group,depreciation_amortization,2028E,annual,Global,bear,71.32068,,,RMB mn,RMB,E,medium,1,annual,P4 model,,2026-08-01,2026-08-01,Formal valuation deferred to P5
MOMO-P4-0197,MOMO,P4,forecast,estimate,company,Hello Group,maintenance_capex,2028E,annual,Global,bear,135.252,,,RMB mn,RMB,E,medium,1,annual,P4 model,,2026-08-01,2026-08-01,Formal valuation deferred to P5
MOMO-P4-0198,MOMO,P4,forecast,estimate,company,Hello Group,normalized_remittance_tax,2028E,annual,Global,bear,31.50918488692818,,,RMB mn,RMB,E,medium,1,annual,P4 model,,2026-08-01,2026-08-01,Formal valuation deferred to P5
MOMO-P4-0199,MOMO,P4,forecast,estimate,company,Hello Group,normalized_core_owner_earnings,2028E,annual,Global,bear,443.26866311307197,,,RMB mn,RMB,E,medium,1,annual,P4 model,,2026-08-01,2026-08-01,Formal valuation deferred to P5
MOMO-P4-0200,MOMO,P4,forecast,estimate,company,Hello Group,period_end_ADS,2028E,annual,Global,bear,144.19976426621162,,,mn ADS,N/A,E,medium,1,annual,P4 model,,2026-08-01,2026-08-01,Formal valuation deferred to P5
MOMO-P4-0201,MOMO,P4,forecast,estimate,company,Hello Group,average_ADS,2028E,annual,Global,bear,143.74471657035247,,,mn ADS,N/A,E,medium,1,annual,P4 model,,2026-08-01,2026-08-01,Formal valuation deferred to P5
MOMO-P4-0202,MOMO,P4,forecast,estimate,company,Hello Group,normalized_core_owner_earnings_per_ADS,2028E,annual,Global,bear,3.083721431223001,,,RMB/ADS,RMB,E,medium,1,annual,P4 model,,2026-08-01,2026-08-01,Formal valuation deferred to P5
MOMO-P4-0203,MOMO,P4,forecast,estimate,company,Hello Group,dividend_cash,2028E,annual,Global,bear,88.6537326226144,,,RMB mn,RMB,E,medium,1,annual,P4 model,,2026-08-01,2026-08-01,Formal valuation deferred to P5
MOMO-P4-0204,MOMO,P4,forecast,estimate,company,Hello Group,dividend_per_ADS,2028E,annual,Global,bear,0.08940914558489421,,,USD/ADS,USD,E,medium,1,annual,P4 model,,2026-08-01,2026-08-01,Formal valuation deferred to P5
MOMO-P4-0205,MOMO,P4,forecast,estimate,company,Hello Group,buyback_cash,2028E,annual,Global,bear,6.426046145449,,,USD mn,USD,E,medium,1,annual,P4 model,,2026-08-01,2026-08-01,Formal valuation deferred to P5
MOMO-P4-0206,MOMO,P4,forecast,estimate,company,Hello Group,buyback_price_assumption,2028E,annual,Global,bear,6.1206,,,USD/ADS,USD,E,medium,1,annual,P4 model,,2026-08-01,2026-08-01,Formal valuation deferred to P5
MOMO-P4-0207,MOMO,P4,forecast,estimate,company,Hello Group,SBC_dilution,2028E,annual,Global,bear,1.96,,,mn ADS,N/A,E,medium,1,annual,P4 model,,2026-08-01,2026-08-01,Formal valuation deferred to P5
MOMO-P4-0208,MOMO,P4,forecast,estimate,company,Hello Group,net_distributable_cash,2028E,annual,Global,bear,4150.823426064315,,,RMB mn,RMB,E,medium,1,annual,P4 model,,2026-08-01,2026-08-01,Formal valuation deferred to P5
MOMO-P4-0209,MOMO,P4,forecast,estimate,company,Hello Group,discounted_investment_assets,2028E,annual,Global,bear,402.57,,,RMB mn,RMB,E,medium,1,annual,P4 model,,2026-08-01,2026-08-01,Formal valuation deferred to P5
MOMO-P4-0210,MOMO,P4,forecast,estimate,company,Hello Group,strategic_capital_use,2028E,annual,Global,bear,316.98080000000004,,,RMB mn,RMB,E,medium,1,annual,P4 model,,2026-08-01,2026-08-01,Formal valuation deferred to P5
MOMO-P4-0211,MOMO,P4,forecast,estimate,company,Hello Group,cash_interest_after_adjustment_proxy,2028E,annual,Global,bear,61.44112554510096,,,RMB mn,RMB,E,medium,1,annual,P4 model,,2026-08-01,2026-08-01,Formal valuation deferred to P5
MOMO-P4-0212,MOMO,P4,forecast,estimate,segment,Domestic Momo & other China,revenue,2029E,annual,China,bear,4427.28,,,RMB mn,RMB,E,medium,1,annual,P4 model,,2026-08-01,2026-08-01,Locked forecast
MOMO-P4-0213,MOMO,P4,forecast,estimate,segment,Domestic Momo & other China,operating_profit,2029E,annual,China,bear,664.092,,,RMB mn,RMB,E,medium,1,annual,P4 model,,2026-08-01,2026-08-01,Revenue x margin
MOMO-P4-0214,MOMO,P4,forecast,estimate,segment,Tantan,revenue,2029E,annual,China,bear,306.0,,,RMB mn,RMB,E,medium,1,annual,P4 model,,2026-08-01,2026-08-01,Locked forecast
MOMO-P4-0215,MOMO,P4,forecast,estimate,segment,Tantan,operating_profit,2029E,annual,China,bear,-15.3,,,RMB mn,RMB,E,medium,1,annual,P4 model,,2026-08-01,2026-08-01,Revenue x margin
MOMO-P4-0216,MOMO,P4,forecast,estimate,segment,Overseas social entertainment,revenue,2029E,annual,Overseas,bear,2002.3200000000004,,,RMB mn,RMB,E,medium,1,annual,P4 model,,2026-08-01,2026-08-01,Locked forecast
MOMO-P4-0217,MOMO,P4,forecast,estimate,segment,Overseas social entertainment,operating_profit,2029E,annual,Overseas,bear,-40.046400000000006,,,RMB mn,RMB,E,low,1,annual,P4 model,,2026-08-01,2026-08-01,Revenue x margin
MOMO-P4-0218,MOMO,P4,forecast,estimate,segment,Overseas dating / acquired brands,revenue,2029E,annual,Overseas,bear,643.11,,,RMB mn,RMB,E,medium,1,annual,P4 model,,2026-08-01,2026-08-01,Locked forecast
MOMO-P4-0219,MOMO,P4,forecast,estimate,segment,Overseas dating / acquired brands,operating_profit,2029E,annual,Overseas,bear,-51.448800000000006,,,RMB mn,RMB,E,low,1,annual,P4 model,,2026-08-01,2026-08-01,Revenue x margin
MOMO-P4-0220,MOMO,P4,forecast,estimate,company,Hello Group,revenue,2029E,annual,Global,bear,7378.71,,,RMB mn,RMB,E,medium,1,annual,P4 model,,2026-08-01,2026-08-01,Formal valuation deferred to P5
MOMO-P4-0221,MOMO,P4,forecast,estimate,company,Hello Group,operating_income,2029E,annual,Global,bear,557.2968,,,RMB mn,RMB,E,medium,1,annual,P4 model,,2026-08-01,2026-08-01,Formal valuation deferred to P5
MOMO-P4-0222,MOMO,P4,forecast,estimate,company,Hello Group,operating_margin,2029E,annual,Global,bear,0.07552767353643115,,,%,N/A,E,medium,1,annual,P4 model,,2026-08-01,2026-08-01,Formal valuation deferred to P5
MOMO-P4-0223,MOMO,P4,forecast,estimate,company,Hello Group,depreciation_amortization,2029E,annual,Global,bear,66.40839,,,RMB mn,RMB,E,medium,1,annual,P4 model,,2026-08-01,2026-08-01,Formal valuation deferred to P5
MOMO-P4-0224,MOMO,P4,forecast,estimate,company,Hello Group,maintenance_capex,2029E,annual,Global,bear,137.95704,,,RMB mn,RMB,E,medium,1,annual,P4 model,,2026-08-01,2026-08-01,Formal valuation deferred to P5
MOMO-P4-0225,MOMO,P4,forecast,estimate,company,Hello Group,normalized_remittance_tax,2029E,annual,Global,bear,24.724789019778253,,,RMB mn,RMB,E,medium,1,annual,P4 model,,2026-08-01,2026-08-01,Formal valuation deferred to P5
MOMO-P4-0226,MOMO,P4,forecast,estimate,company,Hello Group,normalized_core_owner_earnings,2029E,annual,Global,bear,360.7099369802217,,,RMB mn,RMB,E,medium,1,annual,P4 model,,2026-08-01,2026-08-01,Formal valuation deferred to P5
MOMO-P4-0227,MOMO,P4,forecast,estimate,company,Hello Group,period_end_ADS,2029E,annual,Global,bear,145.27466325361712,,,mn ADS,N/A,E,medium,1,annual,P4 model,,2026-08-01,2026-08-01,Formal valuation deferred to P5
MOMO-P4-0228,MOMO,P4,forecast,estimate,company,Hello Group,average_ADS,2029E,annual,Global,bear,144.73721375991437,,,mn ADS,N/A,E,medium,1,annual,P4 model,,2026-08-01,2026-08-01,Formal valuation deferred to P5
MOMO-P4-0229,MOMO,P4,forecast,estimate,company,Hello Group,normalized_core_owner_earnings_per_ADS,2029E,annual,Global,bear,2.4921713470217566,,,RMB/ADS,RMB,E,medium,1,annual,P4 model,,2026-08-01,2026-08-01,Formal valuation deferred to P5
MOMO-P4-0230,MOMO,P4,forecast,estimate,company,Hello Group,dividend_cash,2029E,annual,Global,bear,72.14198739604434,,,RMB mn,RMB,E,medium,1,annual,P4 model,,2026-08-01,2026-08-01,Formal valuation deferred to P5
MOMO-P4-0231,MOMO,P4,forecast,estimate,company,Hello Group,dividend_per_ADS,2029E,annual,Global,bear,0.07225779492669633,,,USD/ADS,USD,E,medium,1,annual,P4 model,,2026-08-01,2026-08-01,Formal valuation deferred to P5
MOMO-P4-0232,MOMO,P4,forecast,estimate,company,Hello Group,buyback_cash,2029E,annual,Global,bear,5.229195955062652,,,USD mn,USD,E,medium,1,annual,P4 model,,2026-08-01,2026-08-01,Formal valuation deferred to P5
MOMO-P4-0233,MOMO,P4,forecast,estimate,company,Hello Group,buyback_price_assumption,2029E,annual,Global,bear,6.181806000000001,,,USD/ADS,USD,E,medium,1,annual,P4 model,,2026-08-01,2026-08-01,Formal valuation deferred to P5
MOMO-P4-0234,MOMO,P4,forecast,estimate,company,Hello Group,SBC_dilution,2029E,annual,Global,bear,1.9207999999999998,,,mn ADS,N/A,E,medium,1,annual,P4 model,,2026-08-01,2026-08-01,Formal valuation deferred to P5
MOMO-P4-0235,MOMO,P4,forecast,estimate,company,Hello Group,net_distributable_cash,2029E,annual,Global,bear,4170.434333341435,,,RMB mn,RMB,E,medium,1,annual,P4 model,,2026-08-01,2026-08-01,Formal valuation deferred to P5
MOMO-P4-0236,MOMO,P4,forecast,estimate,company,Hello Group,discounted_investment_assets,2029E,annual,Global,bear,362.313,,,RMB mn,RMB,E,medium,1,annual,P4 model,,2026-08-01,2026-08-01,Formal valuation deferred to P5
MOMO-P4-0237,MOMO,P4,forecast,estimate,company,Hello Group,strategic_capital_use,2029E,annual,Global,bear,295.1484,,,RMB mn,RMB,E,medium,1,annual,P4 model,,2026-08-01,2026-08-01,Formal valuation deferred to P5
MOMO-P4-0238,MOMO,P4,forecast,estimate,company,Hello Group,cash_interest_after_adjustment_proxy,2029E,annual,Global,bear,62.26235139096472,,,RMB mn,RMB,E,medium,1,annual,P4 model,,2026-08-01,2026-08-01,Formal valuation deferred to P5
MOMO-P4-0239,MOMO,P4,forecast,estimate,segment,Domestic Momo & other China,revenue,2030E,annual,China,bear,4073.0976,,,RMB mn,RMB,E,medium,1,annual,P4 model,,2026-08-01,2026-08-01,Locked forecast
MOMO-P4-0240,MOMO,P4,forecast,estimate,segment,Domestic Momo & other China,operating_profit,2030E,annual,China,bear,570.2336640000001,,,RMB mn,RMB,E,medium,1,annual,P4 model,,2026-08-01,2026-08-01,Revenue x margin
MOMO-P4-0241,MOMO,P4,forecast,estimate,segment,Tantan,revenue,2030E,annual,China,bear,281.52000000000004,,,RMB mn,RMB,E,medium,1,annual,P4 model,,2026-08-01,2026-08-01,Locked forecast
MOMO-P4-0242,MOMO,P4,forecast,estimate,segment,Tantan,operating_profit,2030E,annual,China,bear,-14.076000000000002,,,RMB mn,RMB,E,medium,1,annual,P4 model,,2026-08-01,2026-08-01,Revenue x margin
MOMO-P4-0243,MOMO,P4,forecast,estimate,segment,Overseas social entertainment,revenue,2030E,annual,Overseas,bear,1942.2504000000004,,,RMB mn,RMB,E,medium,1,annual,P4 model,,2026-08-01,2026-08-01,Locked forecast
MOMO-P4-0244,MOMO,P4,forecast,estimate,segment,Overseas social entertainment,operating_profit,2030E,annual,Overseas,bear,-38.84500800000001,,,RMB mn,RMB,E,low,1,annual,P4 model,,2026-08-01,2026-08-01,Revenue x margin
MOMO-P4-0245,MOMO,P4,forecast,estimate,segment,Overseas dating / acquired brands,revenue,2030E,annual,Overseas,bear,610.9544999999999,,,RMB mn,RMB,E,medium,1,annual,P4 model,,2026-08-01,2026-08-01,Locked forecast
MOMO-P4-0246,MOMO,P4,forecast,estimate,segment,Overseas dating / acquired brands,operating_profit,2030E,annual,Overseas,bear,-48.87636,,,RMB mn,RMB,E,low,1,annual,P4 model,,2026-08-01,2026-08-01,Revenue x margin
MOMO-P4-0247,MOMO,P4,forecast,estimate,company,Hello Group,revenue,2030E,annual,Global,bear,6907.8225,,,RMB mn,RMB,E,medium,1,annual,P4 model,,2026-08-01,2026-08-01,Formal valuation deferred to P5
MOMO-P4-0248,MOMO,P4,forecast,estimate,company,Hello Group,operating_income,2030E,annual,Global,bear,468.4362960000001,,,RMB mn,RMB,E,medium,1,annual,P4 model,,2026-08-01,2026-08-01,Formal valuation deferred to P5
MOMO-P4-0249,MOMO,P4,forecast,estimate,company,Hello Group,operating_margin,2030E,annual,Global,bear,0.06781243959293975,,,%,N/A,E,medium,1,annual,P4 model,,2026-08-01,2026-08-01,Formal valuation deferred to P5
MOMO-P4-0250,MOMO,P4,forecast,estimate,company,Hello Group,depreciation_amortization,2030E,annual,Global,bear,62.170402499999994,,,RMB mn,RMB,E,medium,1,annual,P4 model,,2026-08-01,2026-08-01,Formal valuation deferred to P5
MOMO-P4-0251,MOMO,P4,forecast,estimate,company,Hello Group,maintenance_capex,2030E,annual,Global,bear,140.7161808,,,RMB mn,RMB,E,medium,1,annual,P4 model,,2026-08-01,2026-08-01,Formal valuation deferred to P5
MOMO-P4-0252,MOMO,P4,forecast,estimate,company,Hello Group,normalized_remittance_tax,2030E,annual,Global,bear,19.26293186343828,,,RMB mn,RMB,E,medium,1,annual,P4 model,,2026-08-01,2026-08-01,Formal valuation deferred to P5
MOMO-P4-0253,MOMO,P4,forecast,estimate,company,Hello Group,normalized_core_owner_earnings,2030E,annual,Global,bear,286.3090525565619,,,RMB mn,RMB,E,medium,1,annual,P4 model,,2026-08-01,2026-08-01,Formal valuation deferred to P5
MOMO-P4-0254,MOMO,P4,forecast,estimate,company,Hello Group,period_end_ADS,2030E,annual,Global,bear,146.49227154096042,,,mn ADS,N/A,E,medium,1,annual,P4 model,,2026-08-01,2026-08-01,Formal valuation deferred to P5
MOMO-P4-0255,MOMO,P4,forecast,estimate,company,Hello Group,average_ADS,2030E,annual,Global,bear,145.88346739728877,,,mn ADS,N/A,E,medium,1,annual,P4 model,,2026-08-01,2026-08-01,Formal valuation deferred to P5
MOMO-P4-0256,MOMO,P4,forecast,estimate,company,Hello Group,normalized_core_owner_earnings_per_ADS,2030E,annual,Global,bear,1.962587383372565,,,RMB/ADS,RMB,E,medium,1,annual,P4 model,,2026-08-01,2026-08-01,Formal valuation deferred to P5
MOMO-P4-0257,MOMO,P4,forecast,estimate,company,Hello Group,dividend_cash,2030E,annual,Global,bear,57.261810511312376,,,RMB mn,RMB,E,medium,1,annual,P4 model,,2026-08-01,2026-08-01,Formal valuation deferred to P5
MOMO-P4-0258,MOMO,P4,forecast,estimate,company,Hello Group,dividend_per_ADS,2030E,annual,Global,bear,0.056903084470065673,,,USD/ADS,USD,E,medium,1,annual,P4 model,,2026-08-01,2026-08-01,Formal valuation deferred to P5
MOMO-P4-0259,MOMO,P4,forecast,estimate,company,Hello Group,buyback_cash,2030E,annual,Global,bear,4.150609634046997,,,USD mn,USD,E,medium,1,annual,P4 model,,2026-08-01,2026-08-01,Formal valuation deferred to P5
MOMO-P4-0260,MOMO,P4,forecast,estimate,company,Hello Group,buyback_price_assumption,2030E,annual,Global,bear,6.24362406,,,USD/ADS,USD,E,medium,1,annual,P4 model,,2026-08-01,2026-08-01,Formal valuation deferred to P5
MOMO-P4-0261,MOMO,P4,forecast,estimate,company,Hello Group,SBC_dilution,2030E,annual,Global,bear,1.8823839999999998,,,mn ADS,N/A,E,medium,1,annual,P4 model,,2026-08-01,2026-08-01,Formal valuation deferred to P5
MOMO-P4-0262,MOMO,P4,forecast,estimate,company,Hello Group,net_distributable_cash,2030E,annual,Global,bear,4157.09428513115,,,RMB mn,RMB,E,medium,1,annual,P4 model,,2026-08-01,2026-08-01,Formal valuation deferred to P5
MOMO-P4-0263,MOMO,P4,forecast,estimate,company,Hello Group,discounted_investment_assets,2030E,annual,Global,bear,326.0817,,,RMB mn,RMB,E,medium,1,annual,P4 model,,2026-08-01,2026-08-01,Formal valuation deferred to P5
MOMO-P4-0264,MOMO,P4,forecast,estimate,company,Hello Group,strategic_capital_use,2030E,annual,Global,bear,276.3129,,,RMB mn,RMB,E,medium,1,annual,P4 model,,2026-08-01,2026-08-01,Formal valuation deferred to P5
MOMO-P4-0265,MOMO,P4,forecast,estimate,company,Hello Group,cash_interest_after_adjustment_proxy,2030E,annual,Global,bear,62.55651500012153,,,RMB mn,RMB,E,medium,1,annual,P4 model,,2026-08-01,2026-08-01,Formal valuation deferred to P5
MOMO-P4-0266,MOMO,P4,forecast,estimate,segment,Domestic Momo & other China,revenue,2031E,annual,China,bear,3910.173696,,,RMB mn,RMB,E,low,1,annual,P4 model,,2026-08-01,2026-08-01,Locked forecast
MOMO-P4-0267,MOMO,P4,forecast,estimate,segment,Domestic Momo & other China,operating_profit,2031E,annual,China,bear,508.32258048,,,RMB mn,RMB,E,medium,1,annual,P4 model,,2026-08-01,2026-08-01,Revenue x margin
MOMO-P4-0268,MOMO,P4,forecast,estimate,segment,Tantan,revenue,2031E,annual,China,bear,267.444,,,RMB mn,RMB,E,low,1,annual,P4 model,,2026-08-01,2026-08-01,Locked forecast
MOMO-P4-0269,MOMO,P4,forecast,estimate,segment,Tantan,operating_profit,2031E,annual,China,bear,-13.372200000000001,,,RMB mn,RMB,E,medium,1,annual,P4 model,,2026-08-01,2026-08-01,Revenue x margin
MOMO-P4-0270,MOMO,P4,forecast,estimate,segment,Overseas social entertainment,revenue,2031E,annual,Overseas,bear,2058.7854240000006,,,RMB mn,RMB,E,low,1,annual,P4 model,,2026-08-01,2026-08-01,Locked forecast
MOMO-P4-0271,MOMO,P4,forecast,estimate,segment,Overseas social entertainment,operating_profit,2031E,annual,Overseas,bear,0.0,,,RMB mn,RMB,E,low,1,annual,P4 model,,2026-08-01,2026-08-01,Revenue x margin
MOMO-P4-0272,MOMO,P4,forecast,estimate,segment,Overseas dating / acquired brands,revenue,2031E,annual,Overseas,bear,635.3926799999999,,,RMB mn,RMB,E,low,1,annual,P4 model,,2026-08-01,2026-08-01,Locked forecast
MOMO-P4-0273,MOMO,P4,forecast,estimate,segment,Overseas dating / acquired brands,operating_profit,2031E,annual,Overseas,bear,-31.769633999999996,,,RMB mn,RMB,E,low,1,annual,P4 model,,2026-08-01,2026-08-01,Revenue x margin
MOMO-P4-0274,MOMO,P4,forecast,estimate,company,Hello Group,revenue,2031E,annual,Global,bear,6871.795800000001,,,RMB mn,RMB,E,low,1,annual,P4 model,,2026-08-01,2026-08-01,Formal valuation deferred to P5
MOMO-P4-0275,MOMO,P4,forecast,estimate,company,Hello Group,operating_income,2031E,annual,Global,bear,463.18074648,,,RMB mn,RMB,E,low,1,annual,P4 model,,2026-08-01,2026-08-01,Formal valuation deferred to P5
MOMO-P4-0276,MOMO,P4,forecast,estimate,company,Hello Group,operating_margin,2031E,annual,Global,bear,0.06740315922658818,,,%,N/A,E,low,1,annual,P4 model,,2026-08-01,2026-08-01,Formal valuation deferred to P5
MOMO-P4-0277,MOMO,P4,forecast,estimate,company,Hello Group,depreciation_amortization,2031E,annual,Global,bear,61.8461622,,,RMB mn,RMB,E,low,1,annual,P4 model,,2026-08-01,2026-08-01,Formal valuation deferred to P5
MOMO-P4-0278,MOMO,P4,forecast,estimate,company,Hello Group,maintenance_capex,2031E,annual,Global,bear,143.530504416,,,RMB mn,RMB,E,low,1,annual,P4 model,,2026-08-01,2026-08-01,Formal valuation deferred to P5
MOMO-P4-0279,MOMO,P4,forecast,estimate,company,Hello Group,normalized_remittance_tax,2031E,annual,Global,bear,18.124047785066832,,,RMB mn,RMB,E,low,1,annual,P4 model,,2026-08-01,2026-08-01,Formal valuation deferred to P5
MOMO-P4-0280,MOMO,P4,forecast,estimate,company,Hello Group,normalized_core_owner_earnings,2031E,annual,Global,bear,279.9998221125332,,,RMB mn,RMB,E,low,1,annual,P4 model,,2026-08-01,2026-08-01,Formal valuation deferred to P5
MOMO-P4-0281,MOMO,P4,forecast,estimate,company,Hello Group,period_end_ADS,2031E,annual,Global,bear,147.69331832951153,,,mn ADS,N/A,E,low,1,annual,P4 model,,2026-08-01,2026-08-01,Formal valuation deferred to P5
MOMO-P4-0282,MOMO,P4,forecast,estimate,company,Hello Group,average_ADS,2031E,annual,Global,bear,147.092794935236,,,mn ADS,N/A,E,low,1,annual,P4 model,,2026-08-01,2026-08-01,Formal valuation deferred to P5
MOMO-P4-0283,MOMO,P4,forecast,estimate,company,Hello Group,normalized_core_owner_earnings_per_ADS,2031E,annual,Global,bear,1.903559057639875,,,RMB/ADS,RMB,E,low,1,annual,P4 model,,2026-08-01,2026-08-01,Formal valuation deferred to P5
MOMO-P4-0284,MOMO,P4,forecast,estimate,company,Hello Group,dividend_cash,2031E,annual,Global,bear,55.99996442250664,,,RMB mn,RMB,E,low,1,annual,P4 model,,2026-08-01,2026-08-01,Formal valuation deferred to P5
MOMO-P4-0285,MOMO,P4,forecast,estimate,company,Hello Group,dividend_per_ADS,2031E,annual,Global,bear,0.0551916224308459,,,USD/ADS,USD,E,low,1,annual,P4 model,,2026-08-01,2026-08-01,Formal valuation deferred to P5
MOMO-P4-0286,MOMO,P4,forecast,estimate,company,Hello Group,buyback_cash,2031E,annual,Global,bear,4.059145000181694,,,USD mn,USD,E,low,1,annual,P4 model,,2026-08-01,2026-08-01,Formal valuation deferred to P5
MOMO-P4-0287,MOMO,P4,forecast,estimate,company,Hello Group,buyback_price_assumption,2031E,annual,Global,bear,6.3060603006000004,,,USD/ADS,USD,E,low,1,annual,P4 model,,2026-08-01,2026-08-01,Formal valuation deferred to P5
MOMO-P4-0288,MOMO,P4,forecast,estimate,company,Hello Group,SBC_dilution,2031E,annual,Global,bear,1.8447363199999998,,,mn ADS,N/A,E,low,1,annual,P4 model,,2026-08-01,2026-08-01,Formal valuation deferred to P5
MOMO-P4-0289,MOMO,P4,forecast,estimate,company,Hello Group,net_distributable_cash,2031E,annual,Global,bear,4140.578742886892,,,RMB mn,RMB,E,low,1,annual,P4 model,,2026-08-01,2026-08-01,Formal valuation deferred to P5
MOMO-P4-0290,MOMO,P4,forecast,estimate,company,Hello Group,discounted_investment_assets,2031E,annual,Global,bear,293.47353000000004,,,RMB mn,RMB,E,low,1,annual,P4 model,,2026-08-01,2026-08-01,Formal valuation deferred to P5
MOMO-P4-0291,MOMO,P4,forecast,estimate,company,Hello Group,strategic_capital_use,2031E,annual,Global,bear,274.87183200000004,,,RMB mn,RMB,E,low,1,annual,P4 model,,2026-08-01,2026-08-01,Formal valuation deferred to P5
MOMO-P4-0292,MOMO,P4,forecast,estimate,company,Hello Group,cash_interest_after_adjustment_proxy,2031E,annual,Global,bear,62.35641427696725,,,RMB mn,RMB,E,low,1,annual,P4 model,,2026-08-01,2026-08-01,Formal valuation deferred to P5
MOMO-P4-0293,MOMO,P4,forecast,estimate,segment,Domestic Momo & other China,revenue,2032E,annual,China,bear,3753.7667481599997,,,RMB mn,RMB,E,low,1,annual,P4 model,,2026-08-01,2026-08-01,Locked forecast
MOMO-P4-0294,MOMO,P4,forecast,estimate,segment,Domestic Momo & other China,operating_profit,2032E,annual,China,bear,487.98967726079997,,,RMB mn,RMB,E,medium,1,annual,P4 model,,2026-08-01,2026-08-01,Revenue x margin
MOMO-P4-0295,MOMO,P4,forecast,estimate,segment,Tantan,revenue,2032E,annual,China,bear,254.0718,,,RMB mn,RMB,E,low,1,annual,P4 model,,2026-08-01,2026-08-01,Locked forecast
MOMO-P4-0296,MOMO,P4,forecast,estimate,segment,Tantan,operating_profit,2032E,annual,China,bear,-12.70359,,,RMB mn,RMB,E,medium,1,annual,P4 model,,2026-08-01,2026-08-01,Revenue x margin
MOMO-P4-0297,MOMO,P4,forecast,estimate,segment,Overseas social entertainment,revenue,2032E,annual,Overseas,bear,2182.3125494400006,,,RMB mn,RMB,E,low,1,annual,P4 model,,2026-08-01,2026-08-01,Locked forecast
MOMO-P4-0298,MOMO,P4,forecast,estimate,segment,Overseas social entertainment,operating_profit,2032E,annual,Overseas,bear,0.0,,,RMB mn,RMB,E,low,1,annual,P4 model,,2026-08-01,2026-08-01,Revenue x margin
MOMO-P4-0299,MOMO,P4,forecast,estimate,segment,Overseas dating / acquired brands,revenue,2032E,annual,Overseas,bear,660.8083872,,,RMB mn,RMB,E,low,1,annual,P4 model,,2026-08-01,2026-08-01,Locked forecast
MOMO-P4-0300,MOMO,P4,forecast,estimate,segment,Overseas dating / acquired brands,operating_profit,2032E,annual,Overseas,bear,-33.04041936,,,RMB mn,RMB,E,low,1,annual,P4 model,,2026-08-01,2026-08-01,Revenue x margin
MOMO-P4-0301,MOMO,P4,forecast,estimate,company,Hello Group,revenue,2032E,annual,Global,bear,6850.959484800001,,,RMB mn,RMB,E,low,1,annual,P4 model,,2026-08-01,2026-08-01,Formal valuation deferred to P5
MOMO-P4-0302,MOMO,P4,forecast,estimate,company,Hello Group,operating_income,2032E,annual,Global,bear,442.24566790079996,,,RMB mn,RMB,E,low,1,annual,P4 model,,2026-08-01,2026-08-01,Formal valuation deferred to P5
MOMO-P4-0303,MOMO,P4,forecast,estimate,company,Hello Group,operating_margin,2032E,annual,Global,bear,0.06455236947204197,,,%,N/A,E,low,1,annual,P4 model,,2026-08-01,2026-08-01,Formal valuation deferred to P5
MOMO-P4-0304,MOMO,P4,forecast,estimate,company,Hello Group,depreciation_amortization,2032E,annual,Global,bear,61.6586353632,,,RMB mn,RMB,E,low,1,annual,P4 model,,2026-08-01,2026-08-01,Formal valuation deferred to P5
MOMO-P4-0305,MOMO,P4,forecast,estimate,company,Hello Group,maintenance_capex,2032E,annual,Global,bear,146.40111450432002,,,RMB mn,RMB,E,low,1,annual,P4 model,,2026-08-01,2026-08-01,Formal valuation deferred to P5
MOMO-P4-0306,MOMO,P4,forecast,estimate,company,Hello Group,normalized_remittance_tax,2032E,annual,Global,bear,16.257200193195334,,,RMB mn,RMB,E,low,1,annual,P4 model,,2026-08-01,2026-08-01,Formal valuation deferred to P5
MOMO-P4-0307,MOMO,P4,forecast,estimate,company,Hello Group,normalized_core_owner_earnings,2032E,annual,Global,bear,261.6417683443407,,,RMB mn,RMB,E,low,1,annual,P4 model,,2026-08-01,2026-08-01,Formal valuation deferred to P5
MOMO-P4-0308,MOMO,P4,forecast,estimate,company,Hello Group,period_end_ADS,2032E,annual,Global,bear,148.9056288966974,,,mn ADS,N/A,E,low,1,annual,P4 model,,2026-08-01,2026-08-01,Formal valuation deferred to P5
MOMO-P4-0309,MOMO,P4,forecast,estimate,company,Hello Group,average_ADS,2032E,annual,Global,bear,148.29947361310445,,,mn ADS,N/A,E,low,1,annual,P4 model,,2026-08-01,2026-08-01,Formal valuation deferred to P5
MOMO-P4-0310,MOMO,P4,forecast,estimate,company,Hello Group,normalized_core_owner_earnings_per_ADS,2032E,annual,Global,bear,1.7642798181936417,,,RMB/ADS,RMB,E,low,1,annual,P4 model,,2026-08-01,2026-08-01,Formal valuation deferred to P5
MOMO-P4-0311,MOMO,P4,forecast,estimate,company,Hello Group,dividend_cash,2032E,annual,Global,bear,52.32835366886814,,,RMB mn,RMB,E,low,1,annual,P4 model,,2026-08-01,2026-08-01,Formal valuation deferred to P5
MOMO-P4-0312,MOMO,P4,forecast,estimate,company,Hello Group,dividend_per_ADS,2032E,annual,Global,bear,0.05115337251938654,,,USD/ADS,USD,E,low,1,annual,P4 model,,2026-08-01,2026-08-01,Formal valuation deferred to P5
MOMO-P4-0313,MOMO,P4,forecast,estimate,company,Hello Group,buyback_cash,2032E,annual,Global,bear,3.7930091090800335,,,USD mn,USD,E,low,1,annual,P4 model,,2026-08-01,2026-08-01,Formal valuation deferred to P5
MOMO-P4-0314,MOMO,P4,forecast,estimate,company,Hello Group,buyback_price_assumption,2032E,annual,Global,bear,6.369120903606001,,,USD/ADS,USD,E,low,1,annual,P4 model,,2026-08-01,2026-08-01,Formal valuation deferred to P5
MOMO-P4-0315,MOMO,P4,forecast,estimate,company,Hello Group,SBC_dilution,2032E,annual,Global,bear,1.8078415935999999,,,mn ADS,N/A,E,low,1,annual,P4 model,,2026-08-01,2026-08-01,Formal valuation deferred to P5
MOMO-P4-0316,MOMO,P4,forecast,estimate,company,Hello Group,net_distributable_cash,2032E,annual,Global,bear,4111.798282479233,,,RMB mn,RMB,E,low,1,annual,P4 model,,2026-08-01,2026-08-01,Formal valuation deferred to P5
MOMO-P4-0317,MOMO,P4,forecast,estimate,company,Hello Group,discounted_investment_assets,2032E,annual,Global,bear,264.12617700000004,,,RMB mn,RMB,E,low,1,annual,P4 model,,2026-08-01,2026-08-01,Formal valuation deferred to P5
MOMO-P4-0318,MOMO,P4,forecast,estimate,company,Hello Group,strategic_capital_use,2032E,annual,Global,bear,274.038379392,,,RMB mn,RMB,E,low,1,annual,P4 model,,2026-08-01,2026-08-01,Formal valuation deferred to P5
MOMO-P4-0319,MOMO,P4,forecast,estimate,company,Hello Group,cash_interest_after_adjustment_proxy,2032E,annual,Global,bear,62.10868114330337,,,RMB mn,RMB,E,low,1,annual,P4 model,,2026-08-01,2026-08-01,Formal valuation deferred to P5
MOMO-P4-0320,MOMO,P4,forecast,estimate,segment,Domestic Momo & other China,revenue,2033E,annual,China,bear,3603.6160782335996,,,RMB mn,RMB,E,low,1,annual,P4 model,,2026-08-01,2026-08-01,Locked forecast
MOMO-P4-0321,MOMO,P4,forecast,estimate,segment,Domestic Momo & other China,operating_profit,2033E,annual,China,bear,468.470090170368,,,RMB mn,RMB,E,medium,1,annual,P4 model,,2026-08-01,2026-08-01,Revenue x margin
MOMO-P4-0322,MOMO,P4,forecast,estimate,segment,Tantan,revenue,2033E,annual,China,bear,241.36820999999998,,,RMB mn,RMB,E,low,1,annual,P4 model,,2026-08-01,2026-08-01,Locked forecast
MOMO-P4-0323,MOMO,P4,forecast,estimate,segment,Tantan,operating_profit,2033E,annual,China,bear,-12.068410499999999,,,RMB mn,RMB,E,medium,1,annual,P4 model,,2026-08-01,2026-08-01,Revenue x margin
MOMO-P4-0324,MOMO,P4,forecast,estimate,segment,Overseas social entertainment,revenue,2033E,annual,Overseas,bear,2313.2513024064006,,,RMB mn,RMB,E,low,1,annual,P4 model,,2026-08-01,2026-08-01,Locked forecast
MOMO-P4-0325,MOMO,P4,forecast,estimate,segment,Overseas social entertainment,operating_profit,2033E,annual,Overseas,bear,0.0,,,RMB mn,RMB,E,low,1,annual,P4 model,,2026-08-01,2026-08-01,Revenue x margin
MOMO-P4-0326,MOMO,P4,forecast,estimate,segment,Overseas dating / acquired brands,revenue,2033E,annual,Overseas,bear,687.240722688,,,RMB mn,RMB,E,low,1,annual,P4 model,,2026-08-01,2026-08-01,Locked forecast
MOMO-P4-0327,MOMO,P4,forecast,estimate,segment,Overseas dating / acquired brands,operating_profit,2033E,annual,Overseas,bear,-34.3620361344,,,RMB mn,RMB,E,low,1,annual,P4 model,,2026-08-01,2026-08-01,Revenue x margin
MOMO-P4-0328,MOMO,P4,forecast,estimate,company,Hello Group,revenue,2033E,annual,Global,bear,6845.476313328,,,RMB mn,RMB,E,low,1,annual,P4 model,,2026-08-01,2026-08-01,Formal valuation deferred to P5
MOMO-P4-0329,MOMO,P4,forecast,estimate,company,Hello Group,operating_income,2033E,annual,Global,bear,422.039643535968,,,RMB mn,RMB,E,low,1,annual,P4 model,,2026-08-01,2026-08-01,Formal valuation deferred to P5
MOMO-P4-0330,MOMO,P4,forecast,estimate,company,Hello Group,operating_margin,2033E,annual,Global,bear,0.06165234151994151,,,%,N/A,E,low,1,annual,P4 model,,2026-08-01,2026-08-01,Formal valuation deferred to P5
MOMO-P4-0331,MOMO,P4,forecast,estimate,company,Hello Group,depreciation_amortization,2033E,annual,Global,bear,61.609286819952,,,RMB mn,RMB,E,low,1,annual,P4 model,,2026-08-01,2026-08-01,Formal valuation deferred to P5
MOMO-P4-0332,MOMO,P4,forecast,estimate,company,Hello Group,maintenance_capex,2033E,annual,Global,bear,149.3291367944064,,,RMB mn,RMB,E,low,1,annual,P4 model,,2026-08-01,2026-08-01,Formal valuation deferred to P5
MOMO-P4-0333,MOMO,P4,forecast,estimate,company,Hello Group,normalized_remittance_tax,2033E,annual,Global,bear,14.511216813972675,,,RMB mn,RMB,E,low,1,annual,P4 model,,2026-08-01,2026-08-01,Formal valuation deferred to P5
MOMO-P4-0334,MOMO,P4,forecast,estimate,company,Hello Group,normalized_core_owner_earnings,2033E,annual,Global,bear,243.84144091106674,,,RMB mn,RMB,E,low,1,annual,P4 model,,2026-08-01,2026-08-01,Formal valuation deferred to P5
MOMO-P4-0335,MOMO,P4,forecast,estimate,company,Hello Group,period_end_ADS,2033E,annual,Global,bear,150.1277937144234,,,mn ADS,N/A,E,low,1,annual,P4 model,,2026-08-01,2026-08-01,Formal valuation deferred to P5
MOMO-P4-0336,MOMO,P4,forecast,estimate,company,Hello Group,average_ADS,2033E,annual,Global,bear,149.51671130556042,,,mn ADS,N/A,E,low,1,annual,P4 model,,2026-08-01,2026-08-01,Formal valuation deferred to P5
MOMO-P4-0337,MOMO,P4,forecast,estimate,company,Hello Group,normalized_core_owner_earnings_per_ADS,2033E,annual,Global,bear,1.630864127373289,,,RMB/ADS,RMB,E,low,1,annual,P4 model,,2026-08-01,2026-08-01,Formal valuation deferred to P5
MOMO-P4-0338,MOMO,P4,forecast,estimate,company,Hello Group,dividend_cash,2033E,annual,Global,bear,48.768288182213354,,,RMB mn,RMB,E,low,1,annual,P4 model,,2026-08-01,2026-08-01,Formal valuation deferred to P5
MOMO-P4-0339,MOMO,P4,forecast,estimate,company,Hello Group,dividend_per_ADS,2033E,annual,Global,bear,0.0472851298165639,,,USD/ADS,USD,E,low,1,annual,P4 model,,2026-08-01,2026-08-01,Formal valuation deferred to P5
MOMO-P4-0340,MOMO,P4,forecast,estimate,company,Hello Group,buyback_cash,2033E,annual,Global,bear,3.534958551914566,,,USD mn,USD,E,low,1,annual,P4 model,,2026-08-01,2026-08-01,Formal valuation deferred to P5
MOMO-P4-0341,MOMO,P4,forecast,estimate,company,Hello Group,buyback_price_assumption,2033E,annual,Global,bear,6.43281211264206,,,USD/ADS,USD,E,low,1,annual,P4 model,,2026-08-01,2026-08-01,Formal valuation deferred to P5
MOMO-P4-0342,MOMO,P4,forecast,estimate,company,Hello Group,SBC_dilution,2033E,annual,Global,bear,1.7716847617279998,,,mn ADS,N/A,E,low,1,annual,P4 model,,2026-08-01,2026-08-01,Formal valuation deferred to P5
MOMO-P4-0343,MOMO,P4,forecast,estimate,company,Hello Group,net_distributable_cash,2033E,annual,Global,bear,4070.3452128210492,,,RMB mn,RMB,E,low,1,annual,P4 model,,2026-08-01,2026-08-01,Formal valuation deferred to P5
MOMO-P4-0344,MOMO,P4,forecast,estimate,company,Hello Group,discounted_investment_assets,2033E,annual,Global,bear,237.71355930000004,,,RMB mn,RMB,E,low,1,annual,P4 model,,2026-08-01,2026-08-01,Formal valuation deferred to P5
MOMO-P4-0345,MOMO,P4,forecast,estimate,company,Hello Group,strategic_capital_use,2033E,annual,Global,bear,273.81905253312004,,,RMB mn,RMB,E,low,1,annual,P4 model,,2026-08-01,2026-08-01,Formal valuation deferred to P5
MOMO-P4-0346,MOMO,P4,forecast,estimate,company,Hello Group,cash_interest_after_adjustment_proxy,2033E,annual,Global,bear,61.676974237188496,,,RMB mn,RMB,E,low,1,annual,P4 model,,2026-08-01,2026-08-01,Formal valuation deferred to P5
MOMO-P4-0347,MOMO,P4,forecast,estimate,segment,Domestic Momo & other China,revenue,2034E,annual,China,bear,3459.4714351042553,,,RMB mn,RMB,E,low,1,annual,P4 model,,2026-08-01,2026-08-01,Locked forecast
MOMO-P4-0348,MOMO,P4,forecast,estimate,segment,Domestic Momo & other China,operating_profit,2034E,annual,China,bear,449.7312865635532,,,RMB mn,RMB,E,medium,1,annual,P4 model,,2026-08-01,2026-08-01,Revenue x margin
MOMO-P4-0349,MOMO,P4,forecast,estimate,segment,Tantan,revenue,2034E,annual,China,bear,229.29979949999998,,,RMB mn,RMB,E,low,1,annual,P4 model,,2026-08-01,2026-08-01,Locked forecast
MOMO-P4-0350,MOMO,P4,forecast,estimate,segment,Tantan,operating_profit,2034E,annual,China,bear,-11.464989975,,,RMB mn,RMB,E,medium,1,annual,P4 model,,2026-08-01,2026-08-01,Revenue x margin
MOMO-P4-0351,MOMO,P4,forecast,estimate,segment,Overseas social entertainment,revenue,2034E,annual,Overseas,bear,2452.0463805507848,,,RMB mn,RMB,E,low,1,annual,P4 model,,2026-08-01,2026-08-01,Locked forecast
MOMO-P4-0352,MOMO,P4,forecast,estimate,segment,Overseas social entertainment,operating_profit,2034E,annual,Overseas,bear,0.0,,,RMB mn,RMB,E,low,1,annual,P4 model,,2026-08-01,2026-08-01,Revenue x margin
MOMO-P4-0353,MOMO,P4,forecast,estimate,segment,Overseas dating / acquired brands,revenue,2034E,annual,Overseas,bear,714.73035159552,,,RMB mn,RMB,E,low,1,annual,P4 model,,2026-08-01,2026-08-01,Locked forecast
MOMO-P4-0354,MOMO,P4,forecast,estimate,segment,Overseas dating / acquired brands,operating_profit,2034E,annual,Overseas,bear,-35.736517579776,,,RMB mn,RMB,E,low,1,annual,P4 model,,2026-08-01,2026-08-01,Revenue x margin
MOMO-P4-0355,MOMO,P4,forecast,estimate,company,Hello Group,revenue,2034E,annual,Global,bear,6855.54796675056,,,RMB mn,RMB,E,low,1,annual,P4 model,,2026-08-01,2026-08-01,Formal valuation deferred to P5
MOMO-P4-0356,MOMO,P4,forecast,estimate,company,Hello Group,operating_income,2034E,annual,Global,bear,402.5297790087772,,,RMB mn,RMB,E,low,1,annual,P4 model,,2026-08-01,2026-08-01,Formal valuation deferred to P5
MOMO-P4-0357,MOMO,P4,forecast,estimate,company,Hello Group,operating_margin,2034E,annual,Global,bear,0.05871591606696482,,,%,N/A,E,low,1,annual,P4 model,,2026-08-01,2026-08-01,Formal valuation deferred to P5
MOMO-P4-0358,MOMO,P4,forecast,estimate,company,Hello Group,depreciation_amortization,2034E,annual,Global,bear,61.69993170075503,,,RMB mn,RMB,E,low,1,annual,P4 model,,2026-08-01,2026-08-01,Formal valuation deferred to P5
MOMO-P4-0359,MOMO,P4,forecast,estimate,company,Hello Group,maintenance_capex,2034E,annual,Global,bear,152.31571953029456,,,RMB mn,RMB,E,low,1,annual,P4 model,,2026-08-01,2026-08-01,Formal valuation deferred to P5
MOMO-P4-0360,MOMO,P4,forecast,estimate,company,Hello Group,normalized_remittance_tax,2034E,annual,Global,bear,12.884573400089572,,,RMB mn,RMB,E,low,1,annual,P4 model,,2026-08-01,2026-08-01,Formal valuation deferred to P5
MOMO-P4-0361,MOMO,P4,forecast,estimate,company,Hello Group,normalized_core_owner_earnings,2034E,annual,Global,bear,226.5740575575682,,,RMB mn,RMB,E,low,1,annual,P4 model,,2026-08-01,2026-08-01,Formal valuation deferred to P5
MOMO-P4-0362,MOMO,P4,forecast,estimate,company,Hello Group,period_end_ADS,2034E,annual,Global,bear,151.35849403962914,,,mn ADS,N/A,E,low,1,annual,P4 model,,2026-08-01,2026-08-01,Formal valuation deferred to P5
MOMO-P4-0363,MOMO,P4,forecast,estimate,company,Hello Group,average_ADS,2034E,annual,Global,bear,150.74314387702628,,,mn ADS,N/A,E,low,1,annual,P4 model,,2026-08-01,2026-08-01,Formal valuation deferred to P5
MOMO-P4-0364,MOMO,P4,forecast,estimate,company,Hello Group,normalized_core_owner_earnings_per_ADS,2034E,annual,Global,bear,1.5030471816509512,,,RMB/ADS,RMB,E,low,1,annual,P4 model,,2026-08-01,2026-08-01,Formal valuation deferred to P5
MOMO-P4-0365,MOMO,P4,forecast,estimate,company,Hello Group,dividend_cash,2034E,annual,Global,bear,45.314811511513646,,,RMB mn,RMB,E,low,1,annual,P4 model,,2026-08-01,2026-08-01,Formal valuation deferred to P5
MOMO-P4-0366,MOMO,P4,forecast,estimate,company,Hello Group,dividend_per_ADS,2034E,annual,Global,bear,0.043579216632384794,,,USD/ADS,USD,E,low,1,annual,P4 model,,2026-08-01,2026-08-01,Formal valuation deferred to P5
MOMO-P4-0367,MOMO,P4,forecast,estimate,company,Hello Group,buyback_cash,2034E,annual,Global,bear,3.284634061431839,,,USD mn,USD,E,low,1,annual,P4 model,,2026-08-01,2026-08-01,Formal valuation deferred to P5
MOMO-P4-0368,MOMO,P4,forecast,estimate,company,Hello Group,buyback_price_assumption,2034E,annual,Global,bear,6.497140233768482,,,USD/ADS,USD,E,low,1,annual,P4 model,,2026-08-01,2026-08-01,Formal valuation deferred to P5
MOMO-P4-0369,MOMO,P4,forecast,estimate,company,Hello Group,SBC_dilution,2034E,annual,Global,bear,1.7362510664934399,,,mn ADS,N/A,E,low,1,annual,P4 model,,2026-08-01,2026-08-01,Formal valuation deferred to P5
MOMO-P4-0370,MOMO,P4,forecast,estimate,company,Hello Group,net_distributable_cash,2034E,annual,Global,bear,4015.780312633641,,,RMB mn,RMB,E,low,1,annual,P4 model,,2026-08-01,2026-08-01,Formal valuation deferred to P5
MOMO-P4-0371,MOMO,P4,forecast,estimate,company,Hello Group,discounted_investment_assets,2034E,annual,Global,bear,213.94220337000004,,,RMB mn,RMB,E,low,1,annual,P4 model,,2026-08-01,2026-08-01,Formal valuation deferred to P5
MOMO-P4-0372,MOMO,P4,forecast,estimate,company,Hello Group,strategic_capital_use,2034E,annual,Global,bear,274.2219186700224,,,RMB mn,RMB,E,low,1,annual,P4 model,,2026-08-01,2026-08-01,Formal valuation deferred to P5
MOMO-P4-0373,MOMO,P4,forecast,estimate,company,Hello Group,cash_interest_after_adjustment_proxy,2034E,annual,Global,bear,61.055178192315736,,,RMB mn,RMB,E,low,1,annual,P4 model,,2026-08-01,2026-08-01,Formal valuation deferred to P5
MOMO-P4-0374,MOMO,P4,forecast,estimate,segment,Domestic Momo & other China,revenue,2035E,annual,China,bear,3321.092577700085,,,RMB mn,RMB,E,low,1,annual,P4 model,,2026-08-01,2026-08-01,Locked forecast
MOMO-P4-0375,MOMO,P4,forecast,estimate,segment,Domestic Momo & other China,operating_profit,2035E,annual,China,bear,431.742035101011,,,RMB mn,RMB,E,medium,1,annual,P4 model,,2026-08-01,2026-08-01,Revenue x margin
MOMO-P4-0376,MOMO,P4,forecast,estimate,segment,Tantan,revenue,2035E,annual,China,bear,217.83480952499997,,,RMB mn,RMB,E,low,1,annual,P4 model,,2026-08-01,2026-08-01,Locked forecast
MOMO-P4-0377,MOMO,P4,forecast,estimate,segment,Tantan,operating_profit,2035E,annual,China,bear,-10.89174047625,,,RMB mn,RMB,E,medium,1,annual,P4 model,,2026-08-01,2026-08-01,Revenue x margin
MOMO-P4-0378,MOMO,P4,forecast,estimate,segment,Overseas social entertainment,revenue,2035E,annual,Overseas,bear,2599.169163383832,,,RMB mn,RMB,E,low,1,annual,P4 model,,2026-08-01,2026-08-01,Locked forecast
MOMO-P4-0379,MOMO,P4,forecast,estimate,segment,Overseas social entertainment,operating_profit,2035E,annual,Overseas,bear,0.0,,,RMB mn,RMB,E,low,1,annual,P4 model,,2026-08-01,2026-08-01,Revenue x margin
MOMO-P4-0380,MOMO,P4,forecast,estimate,segment,Overseas dating / acquired brands,revenue,2035E,annual,Overseas,bear,743.3195656593408,,,RMB mn,RMB,E,low,1,annual,P4 model,,2026-08-01,2026-08-01,Locked forecast
MOMO-P4-0381,MOMO,P4,forecast,estimate,segment,Overseas dating / acquired brands,operating_profit,2035E,annual,Overseas,bear,-37.16597828296704,,,RMB mn,RMB,E,low,1,annual,P4 model,,2026-08-01,2026-08-01,Revenue x margin
MOMO-P4-0382,MOMO,P4,forecast,estimate,company,Hello Group,revenue,2035E,annual,Global,bear,6881.416116268258,,,RMB mn,RMB,E,low,1,annual,P4 model,,2026-08-01,2026-08-01,Formal valuation deferred to P5
MOMO-P4-0383,MOMO,P4,forecast,estimate,company,Hello Group,operating_income,2035E,annual,Global,bear,383.684316341794,,,RMB mn,RMB,E,low,1,annual,P4 model,,2026-08-01,2026-08-01,Formal valuation deferred to P5
MOMO-P4-0384,MOMO,P4,forecast,estimate,company,Hello Group,operating_margin,2035E,annual,Global,bear,0.055756592808670784,,,%,N/A,E,low,1,annual,P4 model,,2026-08-01,2026-08-01,Formal valuation deferred to P5
MOMO-P4-0385,MOMO,P4,forecast,estimate,company,Hello Group,depreciation_amortization,2035E,annual,Global,bear,61.93274504641431,,,RMB mn,RMB,E,low,1,annual,P4 model,,2026-08-01,2026-08-01,Formal valuation deferred to P5
MOMO-P4-0386,MOMO,P4,forecast,estimate,company,Hello Group,maintenance_capex,2035E,annual,Global,bear,155.36203392090044,,,RMB mn,RMB,E,low,1,annual,P4 model,,2026-08-01,2026-08-01,Formal valuation deferred to P5
MOMO-P4-0387,MOMO,P4,forecast,estimate,company,Hello Group,normalized_remittance_tax,2035E,annual,Global,bear,11.375302473078676,,,RMB mn,RMB,E,low,1,annual,P4 model,,2026-08-01,2026-08-01,Formal valuation deferred to P5
MOMO-P4-0388,MOMO,P4,forecast,estimate,company,Hello Group,normalized_core_owner_earnings,2035E,annual,Global,bear,209.81654805270628,,,RMB mn,RMB,E,low,1,annual,P4 model,,2026-08-01,2026-08-01,Formal valuation deferred to P5
MOMO-P4-0389,MOMO,P4,forecast,estimate,company,Hello Group,period_end_ADS,2035E,annual,Global,bear,152.59649532962422,,,mn ADS,N/A,E,low,1,annual,P4 model,,2026-08-01,2026-08-01,Formal valuation deferred to P5
MOMO-P4-0390,MOMO,P4,forecast,estimate,company,Hello Group,average_ADS,2035E,annual,Global,bear,151.97749468462666,,,mn ADS,N/A,E,low,1,annual,P4 model,,2026-08-01,2026-08-01,Formal valuation deferred to P5
MOMO-P4-0391,MOMO,P4,forecast,estimate,company,Hello Group,normalized_core_owner_earnings_per_ADS,2035E,annual,Global,bear,1.3805764365842672,,,RMB/ADS,RMB,E,low,1,annual,P4 model,,2026-08-01,2026-08-01,Formal valuation deferred to P5
MOMO-P4-0392,MOMO,P4,forecast,estimate,company,Hello Group,dividend_cash,2035E,annual,Global,bear,41.96330961054126,,,RMB mn,RMB,E,low,1,annual,P4 model,,2026-08-01,2026-08-01,Formal valuation deferred to P5
MOMO-P4-0393,MOMO,P4,forecast,estimate,company,Hello Group,dividend_per_ADS,2035E,annual,Global,bear,0.04002831071569346,,,USD/ADS,USD,E,low,1,annual,P4 model,,2026-08-01,2026-08-01,Formal valuation deferred to P5
MOMO-P4-0394,MOMO,P4,forecast,estimate,company,Hello Group,buyback_cash,2035E,annual,Global,bear,3.0417011895144435,,,USD mn,USD,E,low,1,annual,P4 model,,2026-08-01,2026-08-01,Formal valuation deferred to P5
MOMO-P4-0395,MOMO,P4,forecast,estimate,company,Hello Group,buyback_price_assumption,2035E,annual,Global,bear,6.562111636106165,,,USD/ADS,USD,E,low,1,annual,P4 model,,2026-08-01,2026-08-01,Formal valuation deferred to P5
MOMO-P4-0396,MOMO,P4,forecast,estimate,company,Hello Group,SBC_dilution,2035E,annual,Global,bear,1.701526045163571,,,mn ADS,N/A,E,low,1,annual,P4 model,,2026-08-01,2026-08-01,Formal valuation deferred to P5
MOMO-P4-0397,MOMO,P4,forecast,estimate,company,Hello Group,net_distributable_cash,2035E,annual,Global,bear,3947.6319563093098,,,RMB mn,RMB,E,low,1,annual,P4 model,,2026-08-01,2026-08-01,Formal valuation deferred to P5
MOMO-P4-0398,MOMO,P4,forecast,estimate,company,Hello Group,discounted_investment_assets,2035E,annual,Global,bear,192.54798303300004,,,RMB mn,RMB,E,low,1,annual,P4 model,,2026-08-01,2026-08-01,Formal valuation deferred to P5
MOMO-P4-0399,MOMO,P4,forecast,estimate,company,Hello Group,strategic_capital_use,2035E,annual,Global,bear,275.2566446507303,,,RMB mn,RMB,E,low,1,annual,P4 model,,2026-08-01,2026-08-01,Formal valuation deferred to P5
MOMO-P4-0400,MOMO,P4,forecast,estimate,company,Hello Group,cash_interest_after_adjustment_proxy,2035E,annual,Global,bear,60.23670468950461,,,RMB mn,RMB,E,low,1,annual,P4 model,,2026-08-01,2026-08-01,Formal valuation deferred to P5
MOMO-P4-0401,MOMO,P4,forecast,fact,company,Hello Group,quarterly_revenue,2026Q1,quarterly,Global,bear,2385.976,,,RMB mn,RMB,A,high,1,quarterly,Q1 actual/P4 reverse fit,https://www.sec.gov/Archives/edgar/data/1610601/000119312526252519/d80576dex991.htm,2026-06-02,2026-08-01,Q2 within guidance; Q3-Q4 implied
MOMO-P4-0402,MOMO,P4,forecast,estimate,company,Hello Group,quarterly_revenue,2026Q2,quarterly,Global,bear,2450,,,RMB mn,RMB,E,high,1,quarterly,Q1 actual/P4 reverse fit,https://www.sec.gov/Archives/edgar/data/1610601/000119312526252519/d80576dex991.htm,2026-06-02,2026-08-01,Q2 within guidance; Q3-Q4 implied
MOMO-P4-0403,MOMO,P4,forecast,estimate,company,Hello Group,quarterly_revenue,2026Q3,quarterly,Global,bear,2300,,,RMB mn,RMB,E,medium,1,quarterly,Q1 actual/P4 reverse fit,https://www.sec.gov/Archives/edgar/data/1610601/000119312526252519/d80576dex991.htm,2026-06-02,2026-08-01,Q2 within guidance; Q3-Q4 implied
MOMO-P4-0404,MOMO,P4,forecast,estimate,company,Hello Group,quarterly_revenue,2026Q4,quarterly,Global,bear,2314.0239999999994,,,RMB mn,RMB,E,medium,1,quarterly,Q1 actual/P4 reverse fit,https://www.sec.gov/Archives/edgar/data/1610601/000119312526252519/d80576dex991.htm,2026-06-02,2026-08-01,Q2 within guidance; Q3-Q4 implied
MOMO-P4-0405,MOMO,P4,scenario_assumption,assumption,segment,Domestic Momo & other China,revenue,2025A,annual,China,base,7667.094,,,RMB mn,RMB,H,low,1,annual,P4 segment decomposition,https://www.sec.gov/Archives/edgar/data/1610601/000119312526183444/d13143d20f.htm,2026-04-28,2026-08-01,Model estimate
MOMO-P4-0406,MOMO,P4,scenario_assumption,assumption,segment,Domestic Momo & other China,revenue,2026E,annual,China,base,6650,,,RMB mn,RMB,H,medium,1,annual,P4 reverse fit,https://www.sec.gov/Archives/edgar/data/1610601/000119312526252519/d80576dex991.htm,2026-06-02,2026-08-01,Calibrated to Q1/Q2/H2 path
MOMO-P4-0407,MOMO,P4,scenario_assumption,assumption,segment,Domestic Momo & other China,revenue_growth,2027E,annual,China,base,-0.09,,,%,N/A,H,medium,1,annual,P4 driver assumption,,2026-08-01,2026-08-01,Applied to prior year
MOMO-P4-0408,MOMO,P4,scenario_assumption,assumption,segment,Domestic Momo & other China,revenue_growth,2028E,annual,China,base,-0.07,,,%,N/A,H,medium,1,annual,P4 driver assumption,,2026-08-01,2026-08-01,Applied to prior year
MOMO-P4-0409,MOMO,P4,scenario_assumption,assumption,segment,Domestic Momo & other China,revenue_growth,2029E,annual,China,base,-0.05,,,%,N/A,H,medium,1,annual,P4 driver assumption,,2026-08-01,2026-08-01,Applied to prior year
MOMO-P4-0410,MOMO,P4,scenario_assumption,assumption,segment,Domestic Momo & other China,revenue_growth,2030E,annual,China,base,-0.03,,,%,N/A,H,medium,1,annual,P4 driver assumption,,2026-08-01,2026-08-01,Applied to prior year
MOMO-P4-0411,MOMO,P4,scenario_assumption,assumption,segment,Domestic Momo & other China,long_term_revenue_growth,2031E-2035E,annual,China,base,-0.02,,,%,N/A,H,low,1,annual,P4 long-term assumption,,2026-08-01,2026-08-01,Segment long-term growth
MOMO-P4-0412,MOMO,P4,scenario_assumption,assumption,segment,Domestic Momo & other China,operating_margin,2025A,annual,China,base,0.19604082589831298,,,%,N/A,H,medium,1,annual,P4 margin assumption,https://www.sec.gov/Archives/edgar/data/1610601/000119312526183444/d13143d20f.htm,2026-08-01,2026-08-01,2025 reconciles actual; overseas uses proxy
MOMO-P4-0413,MOMO,P4,scenario_assumption,assumption,segment,Domestic Momo & other China,operating_margin,2026E,annual,China,base,0.195,,,%,N/A,H,medium,1,annual,P4 margin assumption,,2026-08-01,2026-08-01,2025 reconciles actual; overseas uses proxy
MOMO-P4-0414,MOMO,P4,scenario_assumption,assumption,segment,Domestic Momo & other China,operating_margin,2027E,annual,China,base,0.19,,,%,N/A,H,medium,1,annual,P4 margin assumption,,2026-08-01,2026-08-01,2025 reconciles actual; overseas uses proxy
MOMO-P4-0415,MOMO,P4,scenario_assumption,assumption,segment,Domestic Momo & other China,operating_margin,2028E,annual,China,base,0.185,,,%,N/A,H,medium,1,annual,P4 margin assumption,,2026-08-01,2026-08-01,2025 reconciles actual; overseas uses proxy
MOMO-P4-0416,MOMO,P4,scenario_assumption,assumption,segment,Domestic Momo & other China,operating_margin,2029E,annual,China,base,0.18,,,%,N/A,H,medium,1,annual,P4 margin assumption,,2026-08-01,2026-08-01,2025 reconciles actual; overseas uses proxy
MOMO-P4-0417,MOMO,P4,scenario_assumption,assumption,segment,Domestic Momo & other China,operating_margin,2030E,annual,China,base,0.175,,,%,N/A,H,medium,1,annual,P4 margin assumption,,2026-08-01,2026-08-01,2025 reconciles actual; overseas uses proxy
MOMO-P4-0418,MOMO,P4,scenario_assumption,assumption,segment,Domestic Momo & other China,long_term_operating_margin,2031E-2035E,annual,China,base,0.17,,,%,N/A,H,low,1,annual,P4 long-term margin,,2026-08-01,2026-08-01,Held constant
MOMO-P4-0419,MOMO,P4,scenario_assumption,assumption,segment,Tantan,revenue,2025A,annual,China,base,700.0,,,RMB mn,RMB,H,low,1,annual,P4 segment decomposition,https://www.sec.gov/Archives/edgar/data/1610601/000119312526183444/d13143d20f.htm,2026-04-28,2026-08-01,Model estimate
MOMO-P4-0420,MOMO,P4,scenario_assumption,assumption,segment,Tantan,revenue,2026E,annual,China,base,530,,,RMB mn,RMB,H,medium,1,annual,P4 reverse fit,https://www.sec.gov/Archives/edgar/data/1610601/000119312526252519/d80576dex991.htm,2026-06-02,2026-08-01,Calibrated to Q1/Q2/H2 path
MOMO-P4-0421,MOMO,P4,scenario_assumption,assumption,segment,Tantan,revenue_growth,2027E,annual,China,base,-0.12,,,%,N/A,H,medium,1,annual,P4 driver assumption,,2026-08-01,2026-08-01,Applied to prior year
MOMO-P4-0422,MOMO,P4,scenario_assumption,assumption,segment,Tantan,revenue_growth,2028E,annual,China,base,-0.08,,,%,N/A,H,medium,1,annual,P4 driver assumption,,2026-08-01,2026-08-01,Applied to prior year
MOMO-P4-0423,MOMO,P4,scenario_assumption,assumption,segment,Tantan,revenue_growth,2029E,annual,China,base,-0.05,,,%,N/A,H,medium,1,annual,P4 driver assumption,,2026-08-01,2026-08-01,Applied to prior year
MOMO-P4-0424,MOMO,P4,scenario_assumption,assumption,segment,Tantan,revenue_growth,2030E,annual,China,base,-0.03,,,%,N/A,H,medium,1,annual,P4 driver assumption,,2026-08-01,2026-08-01,Applied to prior year
MOMO-P4-0425,MOMO,P4,scenario_assumption,assumption,segment,Tantan,long_term_revenue_growth,2031E-2035E,annual,China,base,-0.02,,,%,N/A,H,low,1,annual,P4 long-term assumption,,2026-08-01,2026-08-01,Segment long-term growth
MOMO-P4-0426,MOMO,P4,scenario_assumption,assumption,segment,Tantan,operating_margin,2025A,annual,China,base,0.04,,,%,N/A,H,medium,1,annual,P4 margin assumption,https://www.sec.gov/Archives/edgar/data/1610601/000119312526183444/d13143d20f.htm,2026-08-01,2026-08-01,2025 reconciles actual; overseas uses proxy
MOMO-P4-0427,MOMO,P4,scenario_assumption,assumption,segment,Tantan,operating_margin,2026E,annual,China,base,0.02,,,%,N/A,H,medium,1,annual,P4 margin assumption,,2026-08-01,2026-08-01,2025 reconciles actual; overseas uses proxy
MOMO-P4-0428,MOMO,P4,scenario_assumption,assumption,segment,Tantan,operating_margin,2027E,annual,China,base,0.03,,,%,N/A,H,medium,1,annual,P4 margin assumption,,2026-08-01,2026-08-01,2025 reconciles actual; overseas uses proxy
MOMO-P4-0429,MOMO,P4,scenario_assumption,assumption,segment,Tantan,operating_margin,2028E,annual,China,base,0.04,,,%,N/A,H,medium,1,annual,P4 margin assumption,,2026-08-01,2026-08-01,2025 reconciles actual; overseas uses proxy
MOMO-P4-0430,MOMO,P4,scenario_assumption,assumption,segment,Tantan,operating_margin,2029E,annual,China,base,0.05,,,%,N/A,H,medium,1,annual,P4 margin assumption,,2026-08-01,2026-08-01,2025 reconciles actual; overseas uses proxy
MOMO-P4-0431,MOMO,P4,scenario_assumption,assumption,segment,Tantan,operating_margin,2030E,annual,China,base,0.05,,,%,N/A,H,medium,1,annual,P4 margin assumption,,2026-08-01,2026-08-01,2025 reconciles actual; overseas uses proxy
MOMO-P4-0432,MOMO,P4,scenario_assumption,assumption,segment,Tantan,long_term_operating_margin,2031E-2035E,annual,China,base,0.05,,,%,N/A,H,low,1,annual,P4 long-term margin,,2026-08-01,2026-08-01,Held constant
MOMO-P4-0433,MOMO,P4,scenario_assumption,assumption,segment,Overseas social entertainment,revenue,2025A,annual,Overseas,base,1550.0,,,RMB mn,RMB,H,low,1,annual,P4 segment decomposition,https://www.sec.gov/Archives/edgar/data/1610601/000119312526183444/d13143d20f.htm,2026-04-28,2026-08-01,Model estimate
MOMO-P4-0434,MOMO,P4,scenario_assumption,assumption,segment,Overseas social entertainment,revenue,2026E,annual,Overseas,base,1950,,,RMB mn,RMB,H,medium,1,annual,P4 reverse fit,https://www.sec.gov/Archives/edgar/data/1610601/000119312526252519/d80576dex991.htm,2026-06-02,2026-08-01,Calibrated to Q1/Q2/H2 path
MOMO-P4-0435,MOMO,P4,scenario_assumption,assumption,segment,Overseas social entertainment,revenue_growth,2027E,annual,Overseas,base,0.18,,,%,N/A,H,medium,1,annual,P4 driver assumption,,2026-08-01,2026-08-01,Applied to prior year
MOMO-P4-0436,MOMO,P4,scenario_assumption,assumption,segment,Overseas social entertainment,revenue_growth,2028E,annual,Overseas,base,0.14,,,%,N/A,H,medium,1,annual,P4 driver assumption,,2026-08-01,2026-08-01,Applied to prior year
MOMO-P4-0437,MOMO,P4,scenario_assumption,assumption,segment,Overseas social entertainment,revenue_growth,2029E,annual,Overseas,base,0.1,,,%,N/A,H,medium,1,annual,P4 driver assumption,,2026-08-01,2026-08-01,Applied to prior year
MOMO-P4-0438,MOMO,P4,scenario_assumption,assumption,segment,Overseas social entertainment,revenue_growth,2030E,annual,Overseas,base,0.08,,,%,N/A,H,medium,1,annual,P4 driver assumption,,2026-08-01,2026-08-01,Applied to prior year
MOMO-P4-0439,MOMO,P4,scenario_assumption,assumption,segment,Overseas social entertainment,long_term_revenue_growth,2031E-2035E,annual,Overseas,base,0.05,,,%,N/A,H,low,1,annual,P4 long-term assumption,,2026-08-01,2026-08-01,Segment long-term growth
MOMO-P4-0440,MOMO,P4,scenario_assumption,assumption,segment,Overseas social entertainment,operating_margin,2025A,annual,Overseas,base,-0.05,,,%,N/A,H,low,1,annual,P4 margin assumption,https://www.sec.gov/Archives/edgar/data/1610601/000119312526183444/d13143d20f.htm,2026-08-01,2026-08-01,2025 reconciles actual; overseas uses proxy
MOMO-P4-0441,MOMO,P4,scenario_assumption,assumption,segment,Overseas social entertainment,operating_margin,2026E,annual,Overseas,base,-0.01,,,%,N/A,H,low,1,annual,P4 margin assumption,,2026-08-01,2026-08-01,2025 reconciles actual; overseas uses proxy
MOMO-P4-0442,MOMO,P4,scenario_assumption,assumption,segment,Overseas social entertainment,operating_margin,2027E,annual,Overseas,base,0.02,,,%,N/A,H,low,1,annual,P4 margin assumption,,2026-08-01,2026-08-01,2025 reconciles actual; overseas uses proxy
MOMO-P4-0443,MOMO,P4,scenario_assumption,assumption,segment,Overseas social entertainment,operating_margin,2028E,annual,Overseas,base,0.05,,,%,N/A,H,low,1,annual,P4 margin assumption,,2026-08-01,2026-08-01,2025 reconciles actual; overseas uses proxy
MOMO-P4-0444,MOMO,P4,scenario_assumption,assumption,segment,Overseas social entertainment,operating_margin,2029E,annual,Overseas,base,0.08,,,%,N/A,H,low,1,annual,P4 margin assumption,,2026-08-01,2026-08-01,2025 reconciles actual; overseas uses proxy
MOMO-P4-0445,MOMO,P4,scenario_assumption,assumption,segment,Overseas social entertainment,operating_margin,2030E,annual,Overseas,base,0.1,,,%,N/A,H,low,1,annual,P4 margin assumption,,2026-08-01,2026-08-01,2025 reconciles actual; overseas uses proxy
MOMO-P4-0446,MOMO,P4,scenario_assumption,assumption,segment,Overseas social entertainment,long_term_operating_margin,2031E-2035E,annual,Overseas,base,0.11,,,%,N/A,H,low,1,annual,P4 long-term margin,,2026-08-01,2026-08-01,Held constant
MOMO-P4-0447,MOMO,P4,scenario_assumption,assumption,segment,Overseas dating / acquired brands,revenue,2025A,annual,Overseas,base,450.002,,,RMB mn,RMB,H,low,1,annual,P4 segment decomposition,https://www.sec.gov/Archives/edgar/data/1610601/000119312526183444/d13143d20f.htm,2026-04-28,2026-08-01,Model estimate
MOMO-P4-0448,MOMO,P4,scenario_assumption,assumption,segment,Overseas dating / acquired brands,revenue,2026E,annual,Overseas,base,750,,,RMB mn,RMB,H,medium,1,annual,P4 reverse fit,https://www.sec.gov/Archives/edgar/data/1610601/000119312526252519/d80576dex991.htm,2026-06-02,2026-08-01,Calibrated to Q1/Q2/H2 path
MOMO-P4-0449,MOMO,P4,scenario_assumption,assumption,segment,Overseas dating / acquired brands,revenue_growth,2027E,annual,Overseas,base,0.1,,,%,N/A,H,medium,1,annual,P4 driver assumption,,2026-08-01,2026-08-01,Applied to prior year
MOMO-P4-0450,MOMO,P4,scenario_assumption,assumption,segment,Overseas dating / acquired brands,revenue_growth,2028E,annual,Overseas,base,0.08,,,%,N/A,H,medium,1,annual,P4 driver assumption,,2026-08-01,2026-08-01,Applied to prior year
MOMO-P4-0451,MOMO,P4,scenario_assumption,assumption,segment,Overseas dating / acquired brands,revenue_growth,2029E,annual,Overseas,base,0.06,,,%,N/A,H,medium,1,annual,P4 driver assumption,,2026-08-01,2026-08-01,Applied to prior year
MOMO-P4-0452,MOMO,P4,scenario_assumption,assumption,segment,Overseas dating / acquired brands,revenue_growth,2030E,annual,Overseas,base,0.05,,,%,N/A,H,medium,1,annual,P4 driver assumption,,2026-08-01,2026-08-01,Applied to prior year
MOMO-P4-0453,MOMO,P4,scenario_assumption,assumption,segment,Overseas dating / acquired brands,long_term_revenue_growth,2031E-2035E,annual,Overseas,base,0.04,,,%,N/A,H,low,1,annual,P4 long-term assumption,,2026-08-01,2026-08-01,Segment long-term growth
MOMO-P4-0454,MOMO,P4,scenario_assumption,assumption,segment,Overseas dating / acquired brands,operating_margin,2025A,annual,Overseas,base,-0.22,,,%,N/A,H,low,1,annual,P4 margin assumption,https://www.sec.gov/Archives/edgar/data/1610601/000119312526183444/d13143d20f.htm,2026-08-01,2026-08-01,2025 reconciles actual; overseas uses proxy
MOMO-P4-0455,MOMO,P4,scenario_assumption,assumption,segment,Overseas dating / acquired brands,operating_margin,2026E,annual,Overseas,base,-0.08,,,%,N/A,H,low,1,annual,P4 margin assumption,,2026-08-01,2026-08-01,2025 reconciles actual; overseas uses proxy
MOMO-P4-0456,MOMO,P4,scenario_assumption,assumption,segment,Overseas dating / acquired brands,operating_margin,2027E,annual,Overseas,base,-0.03,,,%,N/A,H,low,1,annual,P4 margin assumption,,2026-08-01,2026-08-01,2025 reconciles actual; overseas uses proxy
MOMO-P4-0457,MOMO,P4,scenario_assumption,assumption,segment,Overseas dating / acquired brands,operating_margin,2028E,annual,Overseas,base,0.02,,,%,N/A,H,low,1,annual,P4 margin assumption,,2026-08-01,2026-08-01,2025 reconciles actual; overseas uses proxy
MOMO-P4-0458,MOMO,P4,scenario_assumption,assumption,segment,Overseas dating / acquired brands,operating_margin,2029E,annual,Overseas,base,0.05,,,%,N/A,H,low,1,annual,P4 margin assumption,,2026-08-01,2026-08-01,2025 reconciles actual; overseas uses proxy
MOMO-P4-0459,MOMO,P4,scenario_assumption,assumption,segment,Overseas dating / acquired brands,operating_margin,2030E,annual,Overseas,base,0.07,,,%,N/A,H,low,1,annual,P4 margin assumption,,2026-08-01,2026-08-01,2025 reconciles actual; overseas uses proxy
MOMO-P4-0460,MOMO,P4,scenario_assumption,assumption,segment,Overseas dating / acquired brands,long_term_operating_margin,2031E-2035E,annual,Overseas,base,0.08,,,%,N/A,H,low,1,annual,P4 long-term margin,,2026-08-01,2026-08-01,Held constant
MOMO-P4-0461,MOMO,P4,scenario_assumption,assumption,company,Hello Group,normalized_operating_tax_rate,P4,point_in_time,Global,base,0.18,,,%,N/A,H,medium,1,annual,P4 capital assumption,,2026-08-01,2026-08-01,Locked for P5
MOMO-P4-0462,MOMO,P4,scenario_assumption,assumption,company,Hello Group,D&A_as_revenue,P4,point_in_time,Global,base,0.01,,,%,N/A,H,medium,1,annual,P4 capital assumption,,2026-08-01,2026-08-01,Locked for P5
MOMO-P4-0463,MOMO,P4,scenario_assumption,assumption,company,Hello Group,maintenance_capex_2026,P4,point_in_time,Global,base,130,,,RMB mn,RMB,H,medium,1,annual,P4 capital assumption,,2026-08-01,2026-08-01,Locked for P5
MOMO-P4-0464,MOMO,P4,scenario_assumption,assumption,company,Hello Group,maintenance_capex_growth,P4,point_in_time,Global,base,0.02,,,%,N/A,H,medium,1,annual,P4 capital assumption,,2026-08-01,2026-08-01,Locked for P5
MOMO-P4-0465,MOMO,P4,scenario_assumption,assumption,company,Hello Group,cash_yield,P4,point_in_time,Global,base,0.02,,,%,N/A,H,medium,1,annual,P4 capital assumption,,2026-08-01,2026-08-01,Locked for P5
MOMO-P4-0466,MOMO,P4,scenario_assumption,assumption,company,Hello Group,dividend_payout_ratio,P4,point_in_time,Global,base,0.3,,,%,N/A,H,medium,1,annual,P4 capital assumption,,2026-08-01,2026-08-01,Locked for P5
MOMO-P4-0467,MOMO,P4,scenario_assumption,assumption,company,Hello Group,buyback_payout_ratio,P4,point_in_time,Global,base,0.25,,,%,N/A,H,medium,1,annual,P4 capital assumption,,2026-08-01,2026-08-01,Locked for P5
MOMO-P4-0468,MOMO,P4,scenario_assumption,assumption,company,Hello Group,strategic_capital_use_as_revenue,P4,point_in_time,Global,base,0.025,,,%,N/A,H,medium,1,annual,P4 capital assumption,,2026-08-01,2026-08-01,Locked for P5
MOMO-P4-0469,MOMO,P4,scenario_assumption,assumption,company,Hello Group,remaining_2026_buyback_cash,P4,point_in_time,Global,base,70,,,USD mn,USD,H,medium,1,annual,P4 capital assumption,,2026-08-01,2026-08-01,Locked for P5
MOMO-P4-0470,MOMO,P4,scenario_assumption,assumption,company,Hello Group,remaining_2026_strategic_capital_use,P4,point_in_time,Global,base,250,,,RMB mn,RMB,H,medium,1,annual,P4 capital assumption,,2026-08-01,2026-08-01,Locked for P5
MOMO-P4-0471,MOMO,P4,scenario_assumption,assumption,company,Hello Group,buyback_price_2026,P4,point_in_time,Global,base,6.5,,,USD/ADS,USD,H,medium,1,annual,P4 capital assumption,,2026-08-01,2026-08-01,Locked for P5
MOMO-P4-0472,MOMO,P4,scenario_assumption,assumption,company,Hello Group,buyback_price_growth,P4,point_in_time,Global,base,0.05,,,%,N/A,H,medium,1,annual,P4 capital assumption,,2026-08-01,2026-08-01,Locked for P5
MOMO-P4-0473,MOMO,P4,scenario_assumption,assumption,company,Hello Group,remaining_2026_SBC_dilution,P4,point_in_time,Global,base,1.2,,,mn ADS,N/A,H,medium,1,annual,P4 capital assumption,,2026-08-01,2026-08-01,Locked for P5
MOMO-P4-0474,MOMO,P4,scenario_assumption,assumption,company,Hello Group,annual_SBC_dilution_2027,P4,point_in_time,Global,base,1.5,,,mn ADS,N/A,H,medium,1,annual,P4 capital assumption,,2026-08-01,2026-08-01,Locked for P5
MOMO-P4-0475,MOMO,P4,scenario_assumption,assumption,company,Hello Group,discounted_investment_growth,P4,point_in_time,Global,base,0.01,,,%,N/A,H,medium,1,annual,P4 capital assumption,,2026-08-01,2026-08-01,Locked for P5
MOMO-P4-0476,MOMO,P4,scenario_assumption,assumption,app,New App Cohort,new_app_launches_or_acquisitions_per_year,P4,point_in_time,Overseas,base,3,,,apps/year,N/A,H,low,1,annual,P4 App queue,,2026-08-01,2026-08-01,Existing apps are in segment base
MOMO-P4-0477,MOMO,P4,scenario_assumption,assumption,app,New App Cohort,12_month_survival_probability,P4,point_in_time,Overseas,base,0.55,,,%,N/A,H,low,1,annual,P4 App queue,,2026-08-01,2026-08-01,Existing apps are in segment base
MOMO-P4-0478,MOMO,P4,scenario_assumption,assumption,app,New App Cohort,24_month_validation_probability,P4,point_in_time,Overseas,base,0.3,,,%,N/A,H,low,1,annual,P4 App queue,,2026-08-01,2026-08-01,Existing apps are in segment base
MOMO-P4-0479,MOMO,P4,scenario_assumption,assumption,app,New App Cohort,36_month_scale_probability,P4,point_in_time,Overseas,base,0.15,,,%,N/A,H,low,1,annual,P4 App queue,,2026-08-01,2026-08-01,Existing apps are in segment base
MOMO-P4-0480,MOMO,P4,scenario_assumption,assumption,app,New App Cohort,36_month_material_business_probability,P4,point_in_time,Overseas,base,0.07,,,%,N/A,H,low,1,annual,P4 App queue,,2026-08-01,2026-08-01,Existing apps are in segment base
MOMO-P4-0481,MOMO,P4,scenario_assumption,assumption,app,New App Cohort,successful_app_revenue_month_12,P4,point_in_time,Overseas,base,30,,,RMB mn,RMB,H,low,1,annual,P4 App queue,,2026-08-01,2026-08-01,Existing apps are in segment base
MOMO-P4-0482,MOMO,P4,scenario_assumption,assumption,app,New App Cohort,successful_app_revenue_month_24,P4,point_in_time,Overseas,base,150,,,RMB mn,RMB,H,low,1,annual,P4 App queue,,2026-08-01,2026-08-01,Existing apps are in segment base
MOMO-P4-0483,MOMO,P4,scenario_assumption,assumption,app,New App Cohort,successful_app_revenue_month_36,P4,point_in_time,Overseas,base,350,,,RMB mn,RMB,H,low,1,annual,P4 App queue,,2026-08-01,2026-08-01,Existing apps are in segment base
MOMO-P4-0484,MOMO,P4,scenario_assumption,assumption,app,New App Cohort,successful_app_gross_margin,P4,point_in_time,Overseas,base,0.5,,,%,N/A,H,low,1,annual,P4 App queue,,2026-08-01,2026-08-01,Existing apps are in segment base
MOMO-P4-0485,MOMO,P4,scenario_assumption,assumption,app,New App Cohort,annual_incubation_marketing_R&D_M&A_budget,P4,point_in_time,Overseas,base,400,,,RMB mn,RMB,H,low,1,annual,P4 App queue,,2026-08-01,2026-08-01,Existing apps are in segment base
MOMO-P4-0486,MOMO,P4,forecast,estimate,segment,Domestic Momo & other China,revenue,2025A,annual,China,base,7667.094,,,RMB mn,RMB,E,medium,1,annual,P4 model,https://www.sec.gov/Archives/edgar/data/1610601/000119312526183444/d13143d20f.htm,2026-08-01,2026-08-01,Locked forecast
MOMO-P4-0487,MOMO,P4,forecast,estimate,segment,Domestic Momo & other China,operating_profit,2025A,annual,China,base,1503.0634400000001,,,RMB mn,RMB,E,medium,1,annual,P4 model,,2026-08-01,2026-08-01,Revenue x margin
MOMO-P4-0488,MOMO,P4,forecast,estimate,segment,Tantan,revenue,2025A,annual,China,base,700.0,,,RMB mn,RMB,E,medium,1,annual,P4 model,https://www.sec.gov/Archives/edgar/data/1610601/000119312526183444/d13143d20f.htm,2026-08-01,2026-08-01,Locked forecast
MOMO-P4-0489,MOMO,P4,forecast,estimate,segment,Tantan,operating_profit,2025A,annual,China,base,28.0,,,RMB mn,RMB,E,medium,1,annual,P4 model,,2026-08-01,2026-08-01,Revenue x margin
MOMO-P4-0490,MOMO,P4,forecast,estimate,segment,Overseas social entertainment,revenue,2025A,annual,Overseas,base,1550.0,,,RMB mn,RMB,E,medium,1,annual,P4 model,https://www.sec.gov/Archives/edgar/data/1610601/000119312526183444/d13143d20f.htm,2026-08-01,2026-08-01,Locked forecast
MOMO-P4-0491,MOMO,P4,forecast,estimate,segment,Overseas social entertainment,operating_profit,2025A,annual,Overseas,base,-77.5,,,RMB mn,RMB,E,low,1,annual,P4 model,,2026-08-01,2026-08-01,Revenue x margin
MOMO-P4-0492,MOMO,P4,forecast,estimate,segment,Overseas dating / acquired brands,revenue,2025A,annual,Overseas,base,450.002,,,RMB mn,RMB,E,medium,1,annual,P4 model,https://www.sec.gov/Archives/edgar/data/1610601/000119312526183444/d13143d20f.htm,2026-08-01,2026-08-01,Locked forecast
MOMO-P4-0493,MOMO,P4,forecast,estimate,segment,Overseas dating / acquired brands,operating_profit,2025A,annual,Overseas,base,-99.00044,,,RMB mn,RMB,E,low,1,annual,P4 model,,2026-08-01,2026-08-01,Revenue x margin
MOMO-P4-0494,MOMO,P4,forecast,estimate,company,Hello Group,revenue,2025A,annual,Global,base,10367.096,,,RMB mn,RMB,E,medium,1,annual,P4 model,,2026-08-01,2026-08-01,Formal valuation deferred to P5
MOMO-P4-0495,MOMO,P4,forecast,estimate,company,Hello Group,operating_income,2025A,annual,Global,base,1354.563,,,RMB mn,RMB,E,medium,1,annual,P4 model,,2026-08-01,2026-08-01,Formal valuation deferred to P5
MOMO-P4-0496,MOMO,P4,forecast,estimate,company,Hello Group,operating_margin,2025A,annual,Global,base,0.13065982990800898,,,%,N/A,E,medium,1,annual,P4 model,,2026-08-01,2026-08-01,Formal valuation deferred to P5
MOMO-P4-0497,MOMO,P4,forecast,estimate,company,Hello Group,depreciation_amortization,2025A,annual,Global,base,81.815,,,RMB mn,RMB,E,medium,1,annual,P4 model,,2026-08-01,2026-08-01,Formal valuation deferred to P5
MOMO-P4-0498,MOMO,P4,forecast,estimate,company,Hello Group,maintenance_capex,2025A,annual,Global,base,120,,,RMB mn,RMB,E,medium,1,annual,P4 model,,2026-08-01,2026-08-01,Formal valuation deferred to P5
MOMO-P4-0499,MOMO,P4,forecast,estimate,company,Hello Group,normalized_remittance_tax,2025A,annual,Global,base,86.56409079790564,,,RMB mn,RMB,E,medium,1,annual,P4 model,,2026-08-01,2026-08-01,Formal valuation deferred to P5
MOMO-P4-0500,MOMO,P4,forecast,estimate,company,Hello Group,normalized_core_owner_earnings,2025A,annual,Global,base,985.9925692020945,,,RMB mn,RMB,E,medium,1,annual,P4 model,,2026-08-01,2026-08-01,Formal valuation deferred to P5
MOMO-P4-0501,MOMO,P4,forecast,estimate,segment,Domestic Momo & other China,revenue,2026E,annual,China,base,6650,,,RMB mn,RMB,E,medium,1,annual,P4 model,,2026-08-01,2026-08-01,Locked forecast
MOMO-P4-0502,MOMO,P4,forecast,estimate,segment,Domestic Momo & other China,operating_profit,2026E,annual,China,base,1296.75,,,RMB mn,RMB,E,medium,1,annual,P4 model,,2026-08-01,2026-08-01,Revenue x margin
MOMO-P4-0503,MOMO,P4,forecast,estimate,segment,Tantan,revenue,2026E,annual,China,base,530,,,RMB mn,RMB,E,medium,1,annual,P4 model,,2026-08-01,2026-08-01,Locked forecast
MOMO-P4-0504,MOMO,P4,forecast,estimate,segment,Tantan,operating_profit,2026E,annual,China,base,10.6,,,RMB mn,RMB,E,medium,1,annual,P4 model,,2026-08-01,2026-08-01,Revenue x margin
MOMO-P4-0505,MOMO,P4,forecast,estimate,segment,Overseas social entertainment,revenue,2026E,annual,Overseas,base,1950,,,RMB mn,RMB,E,medium,1,annual,P4 model,,2026-08-01,2026-08-01,Locked forecast
MOMO-P4-0506,MOMO,P4,forecast,estimate,segment,Overseas social entertainment,operating_profit,2026E,annual,Overseas,base,-19.5,,,RMB mn,RMB,E,low,1,annual,P4 model,,2026-08-01,2026-08-01,Revenue x margin
MOMO-P4-0507,MOMO,P4,forecast,estimate,segment,Overseas dating / acquired brands,revenue,2026E,annual,Overseas,base,750,,,RMB mn,RMB,E,medium,1,annual,P4 model,,2026-08-01,2026-08-01,Locked forecast
MOMO-P4-0508,MOMO,P4,forecast,estimate,segment,Overseas dating / acquired brands,operating_profit,2026E,annual,Overseas,base,-60.0,,,RMB mn,RMB,E,low,1,annual,P4 model,,2026-08-01,2026-08-01,Revenue x margin
MOMO-P4-0509,MOMO,P4,forecast,estimate,company,Hello Group,revenue,2026E,annual,Global,base,9880,,,RMB mn,RMB,E,medium,1,annual,P4 model,https://www.sec.gov/Archives/edgar/data/1610601/000119312526252519/d80576dex991.htm,2026-08-01,2026-08-01,Formal valuation deferred to P5
MOMO-P4-0510,MOMO,P4,forecast,estimate,company,Hello Group,operating_income,2026E,annual,Global,base,1227.85,,,RMB mn,RMB,E,medium,1,annual,P4 model,https://www.sec.gov/Archives/edgar/data/1610601/000119312526252519/d80576dex991.htm,2026-08-01,2026-08-01,Formal valuation deferred to P5
MOMO-P4-0511,MOMO,P4,forecast,estimate,company,Hello Group,operating_margin,2026E,annual,Global,base,0.12427631578947368,,,%,N/A,E,medium,1,annual,P4 model,https://www.sec.gov/Archives/edgar/data/1610601/000119312526252519/d80576dex991.htm,2026-08-01,2026-08-01,Formal valuation deferred to P5
MOMO-P4-0512,MOMO,P4,forecast,estimate,company,Hello Group,depreciation_amortization,2026E,annual,Global,base,98.8,,,RMB mn,RMB,E,medium,1,annual,P4 model,https://www.sec.gov/Archives/edgar/data/1610601/000119312526252519/d80576dex991.htm,2026-08-01,2026-08-01,Formal valuation deferred to P5
MOMO-P4-0513,MOMO,P4,forecast,estimate,company,Hello Group,maintenance_capex,2026E,annual,Global,base,130.0,,,RMB mn,RMB,E,medium,1,annual,P4 model,https://www.sec.gov/Archives/edgar/data/1610601/000119312526252519/d80576dex991.htm,2026-08-01,2026-08-01,Formal valuation deferred to P5
MOMO-P4-0514,MOMO,P4,forecast,estimate,company,Hello Group,normalized_remittance_tax,2026E,annual,Global,base,70.90155526315789,,,RMB mn,RMB,E,medium,1,annual,P4 model,https://www.sec.gov/Archives/edgar/data/1610601/000119312526252519/d80576dex991.htm,2026-08-01,2026-08-01,Formal valuation deferred to P5
MOMO-P4-0515,MOMO,P4,forecast,estimate,company,Hello Group,normalized_core_owner_earnings,2026E,annual,Global,base,904.735444736842,,,RMB mn,RMB,E,medium,1,annual,P4 model,https://www.sec.gov/Archives/edgar/data/1610601/000119312526252519/d80576dex991.htm,2026-08-01,2026-08-01,Formal valuation deferred to P5
MOMO-P4-0516,MOMO,P4,forecast,estimate,company,Hello Group,period_end_ADS,2026E,annual,Global,base,138.1781702307692,,,mn ADS,N/A,E,medium,1,annual,P4 model,https://www.sec.gov/Archives/edgar/data/1610601/000119312526252519/d80576dex991.htm,2026-08-01,2026-08-01,Formal valuation deferred to P5
MOMO-P4-0517,MOMO,P4,forecast,estimate,company,Hello Group,average_ADS,2026E,annual,Global,base,142.9627856153846,,,mn ADS,N/A,E,medium,1,annual,P4 model,https://www.sec.gov/Archives/edgar/data/1610601/000119312526252519/d80576dex991.htm,2026-08-01,2026-08-01,Formal valuation deferred to P5
MOMO-P4-0518,MOMO,P4,forecast,estimate,company,Hello Group,normalized_core_owner_earnings_per_ADS,2026E,annual,Global,base,6.328468215293932,,,RMB/ADS,RMB,E,medium,1,annual,P4 model,https://www.sec.gov/Archives/edgar/data/1610601/000119312526252519/d80576dex991.htm,2026-08-01,2026-08-01,Formal valuation deferred to P5
MOMO-P4-0519,MOMO,P4,forecast,estimate,company,Hello Group,dividend_cash,2026E,annual,Global,base,284.426,,,RMB mn,RMB,E,medium,1,annual,P4 model,https://www.sec.gov/Archives/edgar/data/1610601/000119312526252519/d80576dex991.htm,2026-08-01,2026-08-01,Formal valuation deferred to P5
MOMO-P4-0520,MOMO,P4,forecast,estimate,company,Hello Group,dividend_per_ADS,2026E,annual,Global,base,0.28,,,USD/ADS,USD,E,medium,1,annual,P4 model,https://www.sec.gov/Archives/edgar/data/1610601/000119312526252519/d80576dex991.htm,2026-08-01,2026-08-01,Formal valuation deferred to P5
MOMO-P4-0521,MOMO,P4,forecast,estimate,company,Hello Group,buyback_cash,2026E,annual,Global,base,70,,,USD mn,USD,E,medium,1,annual,P4 model,https://www.sec.gov/Archives/edgar/data/1610601/000119312526252519/d80576dex991.htm,2026-08-01,2026-08-01,Formal valuation deferred to P5
MOMO-P4-0522,MOMO,P4,forecast,estimate,company,Hello Group,buyback_price_assumption,2026E,annual,Global,base,6.5,,,USD/ADS,USD,E,medium,1,annual,P4 model,https://www.sec.gov/Archives/edgar/data/1610601/000119312526252519/d80576dex991.htm,2026-08-01,2026-08-01,Formal valuation deferred to P5
MOMO-P4-0523,MOMO,P4,forecast,estimate,company,Hello Group,SBC_dilution,2026E,annual,Global,base,1.2,,,mn ADS,N/A,E,medium,1,annual,P4 model,https://www.sec.gov/Archives/edgar/data/1610601/000119312526252519/d80576dex991.htm,2026-08-01,2026-08-01,Formal valuation deferred to P5
MOMO-P4-0524,MOMO,P4,forecast,estimate,company,Hello Group,net_distributable_cash,2026E,annual,Global,base,5068.635944736842,,,RMB mn,RMB,E,medium,1,annual,P4 model,https://www.sec.gov/Archives/edgar/data/1610601/000119312526252519/d80576dex991.htm,2026-08-01,2026-08-01,Formal valuation deferred to P5
MOMO-P4-0525,MOMO,P4,forecast,estimate,company,Hello Group,discounted_investment_assets,2026E,annual,Global,base,847.0,,,RMB mn,RMB,E,medium,1,annual,P4 model,https://www.sec.gov/Archives/edgar/data/1610601/000119312526252519/d80576dex991.htm,2026-08-01,2026-08-01,Formal valuation deferred to P5
MOMO-P4-0526,MOMO,P4,forecast,estimate,company,Hello Group,strategic_capital_use,2026E,annual,Global,base,250,,,RMB mn,RMB,E,medium,1,annual,P4 model,https://www.sec.gov/Archives/edgar/data/1610601/000119312526252519/d80576dex991.htm,2026-08-01,2026-08-01,Formal valuation deferred to P5
MOMO-P4-0527,MOMO,P4,forecast,estimate,company,Hello Group,cash_interest_after_adjustment_proxy,2026E,annual,Global,base,76.0605,,,RMB mn,RMB,E,medium,1,annual,P4 model,https://www.sec.gov/Archives/edgar/data/1610601/000119312526252519/d80576dex991.htm,2026-08-01,2026-08-01,Formal valuation deferred to P5
MOMO-P4-0528,MOMO,P4,forecast,estimate,segment,Domestic Momo & other China,revenue,2027E,annual,China,base,6051.5,,,RMB mn,RMB,E,medium,1,annual,P4 model,,2026-08-01,2026-08-01,Locked forecast
MOMO-P4-0529,MOMO,P4,forecast,estimate,segment,Domestic Momo & other China,operating_profit,2027E,annual,China,base,1149.785,,,RMB mn,RMB,E,medium,1,annual,P4 model,,2026-08-01,2026-08-01,Revenue x margin
MOMO-P4-0530,MOMO,P4,forecast,estimate,segment,Tantan,revenue,2027E,annual,China,base,466.4,,,RMB mn,RMB,E,medium,1,annual,P4 model,,2026-08-01,2026-08-01,Locked forecast
MOMO-P4-0531,MOMO,P4,forecast,estimate,segment,Tantan,operating_profit,2027E,annual,China,base,13.991999999999999,,,RMB mn,RMB,E,medium,1,annual,P4 model,,2026-08-01,2026-08-01,Revenue x margin
MOMO-P4-0532,MOMO,P4,forecast,estimate,segment,Overseas social entertainment,revenue,2027E,annual,Overseas,base,2301.0,,,RMB mn,RMB,E,medium,1,annual,P4 model,,2026-08-01,2026-08-01,Locked forecast
MOMO-P4-0533,MOMO,P4,forecast,estimate,segment,Overseas social entertainment,operating_profit,2027E,annual,Overseas,base,46.02,,,RMB mn,RMB,E,low,1,annual,P4 model,,2026-08-01,2026-08-01,Revenue x margin
MOMO-P4-0534,MOMO,P4,forecast,estimate,segment,Overseas dating / acquired brands,revenue,2027E,annual,Overseas,base,825.0000000000001,,,RMB mn,RMB,E,medium,1,annual,P4 model,,2026-08-01,2026-08-01,Locked forecast
MOMO-P4-0535,MOMO,P4,forecast,estimate,segment,Overseas dating / acquired brands,operating_profit,2027E,annual,Overseas,base,-24.750000000000004,,,RMB mn,RMB,E,low,1,annual,P4 model,,2026-08-01,2026-08-01,Revenue x margin
MOMO-P4-0536,MOMO,P4,forecast,estimate,company,Hello Group,revenue,2027E,annual,Global,base,9643.9,,,RMB mn,RMB,E,medium,1,annual,P4 model,,2026-08-01,2026-08-01,Formal valuation deferred to P5
MOMO-P4-0537,MOMO,P4,forecast,estimate,company,Hello Group,operating_income,2027E,annual,Global,base,1185.047,,,RMB mn,RMB,E,medium,1,annual,P4 model,,2026-08-01,2026-08-01,Formal valuation deferred to P5
MOMO-P4-0538,MOMO,P4,forecast,estimate,company,Hello Group,operating_margin,2027E,annual,Global,base,0.12288047366729228,,,%,N/A,E,medium,1,annual,P4 model,,2026-08-01,2026-08-01,Formal valuation deferred to P5
MOMO-P4-0539,MOMO,P4,forecast,estimate,company,Hello Group,depreciation_amortization,2027E,annual,Global,base,96.439,,,RMB mn,RMB,E,medium,1,annual,P4 model,,2026-08-01,2026-08-01,Formal valuation deferred to P5
MOMO-P4-0540,MOMO,P4,forecast,estimate,company,Hello Group,maintenance_capex,2027E,annual,Global,base,132.6,,,RMB mn,RMB,E,medium,1,annual,P4 model,,2026-08-01,2026-08-01,Formal valuation deferred to P5
MOMO-P4-0541,MOMO,P4,forecast,estimate,company,Hello Group,normalized_remittance_tax,2027E,annual,Global,base,63.2316889221788,,,RMB mn,RMB,E,medium,1,annual,P4 model,,2026-08-01,2026-08-01,Formal valuation deferred to P5
MOMO-P4-0542,MOMO,P4,forecast,estimate,company,Hello Group,normalized_core_owner_earnings,2027E,annual,Global,base,872.3458510778213,,,RMB mn,RMB,E,medium,1,annual,P4 model,,2026-08-01,2026-08-01,Formal valuation deferred to P5
MOMO-P4-0543,MOMO,P4,forecast,estimate,company,Hello Group,period_end_ADS,2027E,annual,Global,base,135.0458042581625,,,mn ADS,N/A,E,medium,1,annual,P4 model,,2026-08-01,2026-08-01,Formal valuation deferred to P5
MOMO-P4-0544,MOMO,P4,forecast,estimate,company,Hello Group,average_ADS,2027E,annual,Global,base,136.61198724446587,,,mn ADS,N/A,E,medium,1,annual,P4 model,,2026-08-01,2026-08-01,Formal valuation deferred to P5
MOMO-P4-0545,MOMO,P4,forecast,estimate,company,Hello Group,normalized_core_owner_earnings_per_ADS,2027E,annual,Global,base,6.385573247805602,,,RMB/ADS,RMB,E,medium,1,annual,P4 model,,2026-08-01,2026-08-01,Formal valuation deferred to P5
MOMO-P4-0546,MOMO,P4,forecast,estimate,company,Hello Group,dividend_cash,2027E,annual,Global,base,261.7037553233464,,,RMB mn,RMB,E,medium,1,annual,P4 model,,2026-08-01,2026-08-01,Formal valuation deferred to P5
MOMO-P4-0547,MOMO,P4,forecast,estimate,company,Hello Group,dividend_per_ADS,2027E,annual,Global,base,0.2777141163151175,,,USD/ADS,USD,E,medium,1,annual,P4 model,,2026-08-01,2026-08-01,Formal valuation deferred to P5
MOMO-P4-0548,MOMO,P4,forecast,estimate,company,Hello Group,buyback_cash,2027E,annual,Global,base,31.615897763040785,,,USD mn,USD,E,medium,1,annual,P4 model,,2026-08-01,2026-08-01,Formal valuation deferred to P5
MOMO-P4-0549,MOMO,P4,forecast,estimate,company,Hello Group,buyback_price_assumption,2027E,annual,Global,base,6.825,,,USD/ADS,USD,E,medium,1,annual,P4 model,,2026-08-01,2026-08-01,Formal valuation deferred to P5
MOMO-P4-0550,MOMO,P4,forecast,estimate,company,Hello Group,SBC_dilution,2027E,annual,Global,base,1.5,,,mn ADS,N/A,E,medium,1,annual,P4 model,,2026-08-01,2026-08-01,Formal valuation deferred to P5
MOMO-P4-0551,MOMO,P4,forecast,estimate,company,Hello Group,net_distributable_cash,2027E,annual,Global,base,5321.466796616598,,,RMB mn,RMB,E,medium,1,annual,P4 model,,2026-08-01,2026-08-01,Formal valuation deferred to P5
MOMO-P4-0552,MOMO,P4,forecast,estimate,company,Hello Group,discounted_investment_assets,2027E,annual,Global,base,855.47,,,RMB mn,RMB,E,medium,1,annual,P4 model,,2026-08-01,2026-08-01,Formal valuation deferred to P5
MOMO-P4-0553,MOMO,P4,forecast,estimate,company,Hello Group,strategic_capital_use,2027E,annual,Global,base,241.0975,,,RMB mn,RMB,E,medium,1,annual,P4 model,,2026-08-01,2026-08-01,Formal valuation deferred to P5
MOMO-P4-0554,MOMO,P4,forecast,estimate,company,Hello Group,cash_interest_after_adjustment_proxy,2027E,annual,Global,base,101.37271889473685,,,RMB mn,RMB,E,medium,1,annual,P4 model,,2026-08-01,2026-08-01,Formal valuation deferred to P5
MOMO-P4-0555,MOMO,P4,forecast,estimate,segment,Domestic Momo & other China,revenue,2028E,annual,China,base,5627.8949999999995,,,RMB mn,RMB,E,medium,1,annual,P4 model,,2026-08-01,2026-08-01,Locked forecast
MOMO-P4-0556,MOMO,P4,forecast,estimate,segment,Domestic Momo & other China,operating_profit,2028E,annual,China,base,1041.1605749999999,,,RMB mn,RMB,E,medium,1,annual,P4 model,,2026-08-01,2026-08-01,Revenue x margin
MOMO-P4-0557,MOMO,P4,forecast,estimate,segment,Tantan,revenue,2028E,annual,China,base,429.088,,,RMB mn,RMB,E,medium,1,annual,P4 model,,2026-08-01,2026-08-01,Locked forecast
MOMO-P4-0558,MOMO,P4,forecast,estimate,segment,Tantan,operating_profit,2028E,annual,China,base,17.163520000000002,,,RMB mn,RMB,E,medium,1,annual,P4 model,,2026-08-01,2026-08-01,Revenue x margin
MOMO-P4-0559,MOMO,P4,forecast,estimate,segment,Overseas social entertainment,revenue,2028E,annual,Overseas,base,2623.1400000000003,,,RMB mn,RMB,E,medium,1,annual,P4 model,,2026-08-01,2026-08-01,Locked forecast
MOMO-P4-0560,MOMO,P4,forecast,estimate,segment,Overseas social entertainment,operating_profit,2028E,annual,Overseas,base,131.157,,,RMB mn,RMB,E,low,1,annual,P4 model,,2026-08-01,2026-08-01,Revenue x margin
MOMO-P4-0561,MOMO,P4,forecast,estimate,segment,Overseas dating / acquired brands,revenue,2028E,annual,Overseas,base,891.0000000000002,,,RMB mn,RMB,E,medium,1,annual,P4 model,,2026-08-01,2026-08-01,Locked forecast
MOMO-P4-0562,MOMO,P4,forecast,estimate,segment,Overseas dating / acquired brands,operating_profit,2028E,annual,Overseas,base,17.820000000000004,,,RMB mn,RMB,E,low,1,annual,P4 model,,2026-08-01,2026-08-01,Revenue x margin
MOMO-P4-0563,MOMO,P4,forecast,estimate,company,Hello Group,revenue,2028E,annual,Global,base,9571.123,,,RMB mn,RMB,E,medium,1,annual,P4 model,,2026-08-01,2026-08-01,Formal valuation deferred to P5
MOMO-P4-0564,MOMO,P4,forecast,estimate,company,Hello Group,operating_income,2028E,annual,Global,base,1207.3010949999998,,,RMB mn,RMB,E,medium,1,annual,P4 model,,2026-08-01,2026-08-01,Formal valuation deferred to P5
MOMO-P4-0565,MOMO,P4,forecast,estimate,company,Hello Group,operating_margin,2028E,annual,Global,base,0.12613996236387306,,,%,N/A,E,medium,1,annual,P4 model,,2026-08-01,2026-08-01,Formal valuation deferred to P5
MOMO-P4-0566,MOMO,P4,forecast,estimate,company,Hello Group,depreciation_amortization,2028E,annual,Global,base,95.71123,,,RMB mn,RMB,E,medium,1,annual,P4 model,,2026-08-01,2026-08-01,Formal valuation deferred to P5
MOMO-P4-0567,MOMO,P4,forecast,estimate,company,Hello Group,maintenance_capex,2028E,annual,Global,base,135.252,,,RMB mn,RMB,E,medium,1,annual,P4 model,,2026-08-01,2026-08-01,Formal valuation deferred to P5
MOMO-P4-0568,MOMO,P4,forecast,estimate,company,Hello Group,normalized_remittance_tax,2028E,annual,Global,base,60.14796841610044,,,RMB mn,RMB,E,medium,1,annual,P4 model,,2026-08-01,2026-08-01,Formal valuation deferred to P5
MOMO-P4-0569,MOMO,P4,forecast,estimate,company,Hello Group,normalized_core_owner_earnings,2028E,annual,Global,base,890.2981594838996,,,RMB mn,RMB,E,medium,1,annual,P4 model,,2026-08-01,2026-08-01,Formal valuation deferred to P5
MOMO-P4-0570,MOMO,P4,forecast,estimate,company,Hello Group,period_end_ADS,2028E,annual,Global,base,132.01323564703304,,,mn ADS,N/A,E,medium,1,annual,P4 model,,2026-08-01,2026-08-01,Formal valuation deferred to P5
MOMO-P4-0571,MOMO,P4,forecast,estimate,company,Hello Group,average_ADS,2028E,annual,Global,base,133.52951995259775,,,mn ADS,N/A,E,medium,1,annual,P4 model,,2026-08-01,2026-08-01,Formal valuation deferred to P5
MOMO-P4-0572,MOMO,P4,forecast,estimate,company,Hello Group,normalized_core_owner_earnings_per_ADS,2028E,annual,Global,base,6.667425748253648,,,RMB/ADS,RMB,E,medium,1,annual,P4 model,,2026-08-01,2026-08-01,Formal valuation deferred to P5
MOMO-P4-0573,MOMO,P4,forecast,estimate,company,Hello Group,dividend_cash,2028E,annual,Global,base,267.08944784516984,,,RMB mn,RMB,E,medium,1,annual,P4 model,,2026-08-01,2026-08-01,Formal valuation deferred to P5
MOMO-P4-0574,MOMO,P4,forecast,estimate,company,Hello Group,dividend_per_ADS,2028E,annual,Global,base,0.28997212590259414,,,USD/ADS,USD,E,medium,1,annual,P4 model,,2026-08-01,2026-08-01,Formal valuation deferred to P5
MOMO-P4-0575,MOMO,P4,forecast,estimate,company,Hello Group,buyback_cash,2028E,annual,Global,base,32.26653230950637,,,USD mn,USD,E,medium,1,annual,P4 model,,2026-08-01,2026-08-01,Formal valuation deferred to P5
MOMO-P4-0576,MOMO,P4,forecast,estimate,company,Hello Group,buyback_price_assumption,2028E,annual,Global,base,7.16625,,,USD/ADS,USD,E,medium,1,annual,P4 model,,2026-08-01,2026-08-01,Formal valuation deferred to P5
MOMO-P4-0577,MOMO,P4,forecast,estimate,company,Hello Group,SBC_dilution,2028E,annual,Global,base,1.47,,,mn ADS,N/A,E,medium,1,annual,P4 model,,2026-08-01,2026-08-01,Formal valuation deferred to P5
MOMO-P4-0578,MOMO,P4,forecast,estimate,company,Hello Group,net_distributable_cash,2028E,annual,Global,base,5589.252229316684,,,RMB mn,RMB,E,medium,1,annual,P4 model,,2026-08-01,2026-08-01,Formal valuation deferred to P5
MOMO-P4-0579,MOMO,P4,forecast,estimate,company,Hello Group,discounted_investment_assets,2028E,annual,Global,base,864.0247,,,RMB mn,RMB,E,medium,1,annual,P4 model,,2026-08-01,2026-08-01,Formal valuation deferred to P5
MOMO-P4-0580,MOMO,P4,forecast,estimate,company,Hello Group,strategic_capital_use,2028E,annual,Global,base,239.278075,,,RMB mn,RMB,E,medium,1,annual,P4 model,,2026-08-01,2026-08-01,Formal valuation deferred to P5
MOMO-P4-0581,MOMO,P4,forecast,estimate,company,Hello Group,cash_interest_after_adjustment_proxy,2028E,annual,Global,base,106.42933593233197,,,RMB mn,RMB,E,medium,1,annual,P4 model,,2026-08-01,2026-08-01,Formal valuation deferred to P5
MOMO-P4-0582,MOMO,P4,forecast,estimate,segment,Domestic Momo & other China,revenue,2029E,annual,China,base,5346.500249999999,,,RMB mn,RMB,E,medium,1,annual,P4 model,,2026-08-01,2026-08-01,Locked forecast
MOMO-P4-0583,MOMO,P4,forecast,estimate,segment,Domestic Momo & other China,operating_profit,2029E,annual,China,base,962.3700449999998,,,RMB mn,RMB,E,medium,1,annual,P4 model,,2026-08-01,2026-08-01,Revenue x margin
MOMO-P4-0584,MOMO,P4,forecast,estimate,segment,Tantan,revenue,2029E,annual,China,base,407.6336,,,RMB mn,RMB,E,medium,1,annual,P4 model,,2026-08-01,2026-08-01,Locked forecast
MOMO-P4-0585,MOMO,P4,forecast,estimate,segment,Tantan,operating_profit,2029E,annual,China,base,20.381680000000003,,,RMB mn,RMB,E,medium,1,annual,P4 model,,2026-08-01,2026-08-01,Revenue x margin
MOMO-P4-0586,MOMO,P4,forecast,estimate,segment,Overseas social entertainment,revenue,2029E,annual,Overseas,base,2885.4540000000006,,,RMB mn,RMB,E,medium,1,annual,P4 model,,2026-08-01,2026-08-01,Locked forecast
MOMO-P4-0587,MOMO,P4,forecast,estimate,segment,Overseas social entertainment,operating_profit,2029E,annual,Overseas,base,230.83632000000006,,,RMB mn,RMB,E,low,1,annual,P4 model,,2026-08-01,2026-08-01,Revenue x margin
MOMO-P4-0588,MOMO,P4,forecast,estimate,segment,Overseas dating / acquired brands,revenue,2029E,annual,Overseas,base,944.4600000000003,,,RMB mn,RMB,E,medium,1,annual,P4 model,,2026-08-01,2026-08-01,Locked forecast
MOMO-P4-0589,MOMO,P4,forecast,estimate,segment,Overseas dating / acquired brands,operating_profit,2029E,annual,Overseas,base,47.22300000000001,,,RMB mn,RMB,E,low,1,annual,P4 model,,2026-08-01,2026-08-01,Revenue x margin
MOMO-P4-0590,MOMO,P4,forecast,estimate,company,Hello Group,revenue,2029E,annual,Global,base,9584.04785,,,RMB mn,RMB,E,medium,1,annual,P4 model,,2026-08-01,2026-08-01,Formal valuation deferred to P5
MOMO-P4-0591,MOMO,P4,forecast,estimate,company,Hello Group,operating_income,2029E,annual,Global,base,1260.811045,,,RMB mn,RMB,E,medium,1,annual,P4 model,,2026-08-01,2026-08-01,Formal valuation deferred to P5
MOMO-P4-0592,MOMO,P4,forecast,estimate,company,Hello Group,operating_margin,2029E,annual,Global,base,0.13155308328307228,,,%,N/A,E,medium,1,annual,P4 model,,2026-08-01,2026-08-01,Formal valuation deferred to P5
MOMO-P4-0593,MOMO,P4,forecast,estimate,company,Hello Group,depreciation_amortization,2029E,annual,Global,base,95.84047850000002,,,RMB mn,RMB,E,medium,1,annual,P4 model,,2026-08-01,2026-08-01,Formal valuation deferred to P5
MOMO-P4-0594,MOMO,P4,forecast,estimate,company,Hello Group,maintenance_capex,2029E,annual,Global,base,137.95704,,,RMB mn,RMB,E,medium,1,annual,P4 model,,2026-08-01,2026-08-01,Formal valuation deferred to P5
MOMO-P4-0595,MOMO,P4,forecast,estimate,company,Hello Group,normalized_remittance_tax,2029E,annual,Global,base,59.54325017344012,,,RMB mn,RMB,E,medium,1,annual,P4 model,,2026-08-01,2026-08-01,Formal valuation deferred to P5
MOMO-P4-0596,MOMO,P4,forecast,estimate,company,Hello Group,normalized_core_owner_earnings,2029E,annual,Global,base,932.20524522656,,,RMB mn,RMB,E,medium,1,annual,P4 model,,2026-08-01,2026-08-01,Formal valuation deferred to P5
MOMO-P4-0597,MOMO,P4,forecast,estimate,company,Hello Group,period_end_ADS,2029E,annual,Global,base,128.96382772737428,,,mn ADS,N/A,E,medium,1,annual,P4 model,,2026-08-01,2026-08-01,Formal valuation deferred to P5
MOMO-P4-0598,MOMO,P4,forecast,estimate,company,Hello Group,average_ADS,2029E,annual,Global,base,130.48853168720365,,,mn ADS,N/A,E,medium,1,annual,P4 model,,2026-08-01,2026-08-01,Formal valuation deferred to P5
MOMO-P4-0599,MOMO,P4,forecast,estimate,company,Hello Group,normalized_core_owner_earnings_per_ADS,2029E,annual,Global,base,7.143963022445265,,,RMB/ADS,RMB,E,medium,1,annual,P4 model,,2026-08-01,2026-08-01,Formal valuation deferred to P5
MOMO-P4-0600,MOMO,P4,forecast,estimate,company,Hello Group,dividend_cash,2029E,annual,Global,base,279.661573567968,,,RMB mn,RMB,E,medium,1,annual,P4 model,,2026-08-01,2026-08-01,Formal valuation deferred to P5
MOMO-P4-0601,MOMO,P4,forecast,estimate,company,Hello Group,dividend_per_ADS,2029E,annual,Global,base,0.31069714507590307,,,USD/ADS,USD,E,medium,1,annual,P4 model,,2026-08-01,2026-08-01,Formal valuation deferred to P5
MOMO-P4-0602,MOMO,P4,forecast,estimate,company,Hello Group,buyback_cash,2029E,annual,Global,base,33.78534521696724,,,USD mn,USD,E,medium,1,annual,P4 model,,2026-08-01,2026-08-01,Formal valuation deferred to P5
MOMO-P4-0603,MOMO,P4,forecast,estimate,company,Hello Group,buyback_price_assumption,2029E,annual,Global,base,7.524562500000001,,,USD/ADS,USD,E,medium,1,annual,P4 model,,2026-08-01,2026-08-01,Formal valuation deferred to P5
MOMO-P4-0604,MOMO,P4,forecast,estimate,company,Hello Group,SBC_dilution,2029E,annual,Global,base,1.4405999999999999,,,mn ADS,N/A,E,medium,1,annual,P4 model,,2026-08-01,2026-08-01,Formal valuation deferred to P5
MOMO-P4-0605,MOMO,P4,forecast,estimate,company,Hello Group,net_distributable_cash,2029E,annual,Global,base,5880.928438004969,,,RMB mn,RMB,E,medium,1,annual,P4 model,,2026-08-01,2026-08-01,Formal valuation deferred to P5
MOMO-P4-0606,MOMO,P4,forecast,estimate,company,Hello Group,discounted_investment_assets,2029E,annual,Global,base,872.6649470000001,,,RMB mn,RMB,E,medium,1,annual,P4 model,,2026-08-01,2026-08-01,Formal valuation deferred to P5
MOMO-P4-0607,MOMO,P4,forecast,estimate,company,Hello Group,strategic_capital_use,2029E,annual,Global,base,239.60119625000004,,,RMB mn,RMB,E,medium,1,annual,P4 model,,2026-08-01,2026-08-01,Formal valuation deferred to P5
MOMO-P4-0608,MOMO,P4,forecast,estimate,company,Hello Group,cash_interest_after_adjustment_proxy,2029E,annual,Global,base,111.78504458633368,,,RMB mn,RMB,E,medium,1,annual,P4 model,,2026-08-01,2026-08-01,Formal valuation deferred to P5
MOMO-P4-0609,MOMO,P4,forecast,estimate,segment,Domestic Momo & other China,revenue,2030E,annual,China,base,5186.105242499999,,,RMB mn,RMB,E,medium,1,annual,P4 model,,2026-08-01,2026-08-01,Locked forecast
MOMO-P4-0610,MOMO,P4,forecast,estimate,segment,Domestic Momo & other China,operating_profit,2030E,annual,China,base,907.5684174374998,,,RMB mn,RMB,E,medium,1,annual,P4 model,,2026-08-01,2026-08-01,Revenue x margin
MOMO-P4-0611,MOMO,P4,forecast,estimate,segment,Tantan,revenue,2030E,annual,China,base,395.404592,,,RMB mn,RMB,E,medium,1,annual,P4 model,,2026-08-01,2026-08-01,Locked forecast
MOMO-P4-0612,MOMO,P4,forecast,estimate,segment,Tantan,operating_profit,2030E,annual,China,base,19.7702296,,,RMB mn,RMB,E,medium,1,annual,P4 model,,2026-08-01,2026-08-01,Revenue x margin
MOMO-P4-0613,MOMO,P4,forecast,estimate,segment,Overseas social entertainment,revenue,2030E,annual,Overseas,base,3116.290320000001,,,RMB mn,RMB,E,medium,1,annual,P4 model,,2026-08-01,2026-08-01,Locked forecast
MOMO-P4-0614,MOMO,P4,forecast,estimate,segment,Overseas social entertainment,operating_profit,2030E,annual,Overseas,base,311.6290320000001,,,RMB mn,RMB,E,low,1,annual,P4 model,,2026-08-01,2026-08-01,Revenue x margin
MOMO-P4-0615,MOMO,P4,forecast,estimate,segment,Overseas dating / acquired brands,revenue,2030E,annual,Overseas,base,991.6830000000003,,,RMB mn,RMB,E,medium,1,annual,P4 model,,2026-08-01,2026-08-01,Locked forecast
MOMO-P4-0616,MOMO,P4,forecast,estimate,segment,Overseas dating / acquired brands,operating_profit,2030E,annual,Overseas,base,69.41781000000003,,,RMB mn,RMB,E,low,1,annual,P4 model,,2026-08-01,2026-08-01,Revenue x margin
MOMO-P4-0617,MOMO,P4,forecast,estimate,company,Hello Group,revenue,2030E,annual,Global,base,9689.4831545,,,RMB mn,RMB,E,medium,1,annual,P4 model,,2026-08-01,2026-08-01,Formal valuation deferred to P5
MOMO-P4-0618,MOMO,P4,forecast,estimate,company,Hello Group,operating_income,2030E,annual,Global,base,1308.3854890374998,,,RMB mn,RMB,E,medium,1,annual,P4 model,,2026-08-01,2026-08-01,Formal valuation deferred to P5
MOMO-P4-0619,MOMO,P4,forecast,estimate,company,Hello Group,operating_margin,2030E,annual,Global,base,0.13503150458854538,,,%,N/A,E,medium,1,annual,P4 model,,2026-08-01,2026-08-01,Formal valuation deferred to P5
MOMO-P4-0620,MOMO,P4,forecast,estimate,company,Hello Group,depreciation_amortization,2030E,annual,Global,base,96.894831545,,,RMB mn,RMB,E,medium,1,annual,P4 model,,2026-08-01,2026-08-01,Formal valuation deferred to P5
MOMO-P4-0621,MOMO,P4,forecast,estimate,company,Hello Group,maintenance_capex,2030E,annual,Global,base,140.7161808,,,RMB mn,RMB,E,medium,1,annual,P4 model,,2026-08-01,2026-08-01,Formal valuation deferred to P5
MOMO-P4-0622,MOMO,P4,forecast,estimate,company,Hello Group,normalized_remittance_tax,2030E,annual,Global,base,59.27745706948453,,,RMB mn,RMB,E,medium,1,annual,P4 model,,2026-08-01,2026-08-01,Formal valuation deferred to P5
MOMO-P4-0623,MOMO,P4,forecast,estimate,company,Hello Group,normalized_core_owner_earnings,2030E,annual,Global,base,969.7772946862652,,,RMB mn,RMB,E,medium,1,annual,P4 model,,2026-08-01,2026-08-01,Formal valuation deferred to P5
MOMO-P4-0624,MOMO,P4,forecast,estimate,company,Hello Group,period_end_ADS,2030E,annual,Global,base,125.9270677628842,,,mn ADS,N/A,E,medium,1,annual,P4 model,,2026-08-01,2026-08-01,Formal valuation deferred to P5
MOMO-P4-0625,MOMO,P4,forecast,estimate,company,Hello Group,average_ADS,2030E,annual,Global,base,127.44544774512924,,,mn ADS,N/A,E,medium,1,annual,P4 model,,2026-08-01,2026-08-01,Formal valuation deferred to P5
MOMO-P4-0626,MOMO,P4,forecast,estimate,company,Hello Group,normalized_core_owner_earnings_per_ADS,2030E,annual,Global,base,7.609352172591261,,,RMB/ADS,RMB,E,medium,1,annual,P4 model,,2026-08-01,2026-08-01,Formal valuation deferred to P5
MOMO-P4-0627,MOMO,P4,forecast,estimate,company,Hello Group,dividend_cash,2030E,annual,Global,base,290.93318840587955,,,RMB mn,RMB,E,medium,1,annual,P4 model,,2026-08-01,2026-08-01,Formal valuation deferred to P5
MOMO-P4-0628,MOMO,P4,forecast,estimate,company,Hello Group,dividend_per_ADS,2030E,annual,Global,base,0.3309373226699592,,,USD/ADS,USD,E,medium,1,annual,P4 model,,2026-08-01,2026-08-01,Formal valuation deferred to P5
MOMO-P4-0629,MOMO,P4,forecast,estimate,company,Hello Group,buyback_cash,2030E,annual,Global,base,35.147046052706045,,,USD mn,USD,E,medium,1,annual,P4 model,,2026-08-01,2026-08-01,Formal valuation deferred to P5
MOMO-P4-0630,MOMO,P4,forecast,estimate,company,Hello Group,buyback_price_assumption,2030E,annual,Global,base,7.900790625000002,,,USD/ADS,USD,E,medium,1,annual,P4 model,,2026-08-01,2026-08-01,Formal valuation deferred to P5
MOMO-P4-0631,MOMO,P4,forecast,estimate,company,Hello Group,SBC_dilution,2030E,annual,Global,base,1.4117879999999998,,,mn ADS,N/A,E,medium,1,annual,P4 model,,2026-08-01,2026-08-01,Formal valuation deferred to P5
MOMO-P4-0632,MOMO,P4,forecast,estimate,company,Hello Group,net_distributable_cash,2030E,annual,Global,base,6192.709710511388,,,RMB mn,RMB,E,medium,1,annual,P4 model,,2026-08-01,2026-08-01,Formal valuation deferred to P5
MOMO-P4-0633,MOMO,P4,forecast,estimate,company,Hello Group,discounted_investment_assets,2030E,annual,Global,base,881.3915964700001,,,RMB mn,RMB,E,medium,1,annual,P4 model,,2026-08-01,2026-08-01,Formal valuation deferred to P5
MOMO-P4-0634,MOMO,P4,forecast,estimate,company,Hello Group,strategic_capital_use,2030E,annual,Global,base,242.2370788625,,,RMB mn,RMB,E,medium,1,annual,P4 model,,2026-08-01,2026-08-01,Formal valuation deferred to P5
MOMO-P4-0635,MOMO,P4,forecast,estimate,company,Hello Group,cash_interest_after_adjustment_proxy,2030E,annual,Global,base,117.6185687600994,,,RMB mn,RMB,E,medium,1,annual,P4 model,,2026-08-01,2026-08-01,Formal valuation deferred to P5
MOMO-P4-0636,MOMO,P4,forecast,estimate,segment,Domestic Momo & other China,revenue,2031E,annual,China,base,5082.383137649998,,,RMB mn,RMB,E,low,1,annual,P4 model,,2026-08-01,2026-08-01,Locked forecast
MOMO-P4-0637,MOMO,P4,forecast,estimate,segment,Domestic Momo & other China,operating_profit,2031E,annual,China,base,864.0051334004997,,,RMB mn,RMB,E,medium,1,annual,P4 model,,2026-08-01,2026-08-01,Revenue x margin
MOMO-P4-0638,MOMO,P4,forecast,estimate,segment,Tantan,revenue,2031E,annual,China,base,387.49650016,,,RMB mn,RMB,E,low,1,annual,P4 model,,2026-08-01,2026-08-01,Locked forecast
MOMO-P4-0639,MOMO,P4,forecast,estimate,segment,Tantan,operating_profit,2031E,annual,China,base,19.374825008000002,,,RMB mn,RMB,E,medium,1,annual,P4 model,,2026-08-01,2026-08-01,Revenue x margin
MOMO-P4-0640,MOMO,P4,forecast,estimate,segment,Overseas social entertainment,revenue,2031E,annual,Overseas,base,3272.1048360000013,,,RMB mn,RMB,E,low,1,annual,P4 model,,2026-08-01,2026-08-01,Locked forecast
MOMO-P4-0641,MOMO,P4,forecast,estimate,segment,Overseas social entertainment,operating_profit,2031E,annual,Overseas,base,359.93153196000014,,,RMB mn,RMB,E,low,1,annual,P4 model,,2026-08-01,2026-08-01,Revenue x margin
MOMO-P4-0642,MOMO,P4,forecast,estimate,segment,Overseas dating / acquired brands,revenue,2031E,annual,Overseas,base,1031.3503200000005,,,RMB mn,RMB,E,low,1,annual,P4 model,,2026-08-01,2026-08-01,Locked forecast
MOMO-P4-0643,MOMO,P4,forecast,estimate,segment,Overseas dating / acquired brands,operating_profit,2031E,annual,Overseas,base,82.50802560000004,,,RMB mn,RMB,E,low,1,annual,P4 model,,2026-08-01,2026-08-01,Revenue x margin
MOMO-P4-0644,MOMO,P4,forecast,estimate,company,Hello Group,revenue,2031E,annual,Global,base,9773.33479381,,,RMB mn,RMB,E,low,1,annual,P4 model,,2026-08-01,2026-08-01,Formal valuation deferred to P5
MOMO-P4-0645,MOMO,P4,forecast,estimate,company,Hello Group,operating_income,2031E,annual,Global,base,1325.8195159685,,,RMB mn,RMB,E,low,1,annual,P4 model,,2026-08-01,2026-08-01,Formal valuation deferred to P5
MOMO-P4-0646,MOMO,P4,forecast,estimate,company,Hello Group,operating_margin,2031E,annual,Global,base,0.13565681969763438,,,%,N/A,E,low,1,annual,P4 model,,2026-08-01,2026-08-01,Formal valuation deferred to P5
MOMO-P4-0647,MOMO,P4,forecast,estimate,company,Hello Group,depreciation_amortization,2031E,annual,Global,base,97.7333479381,,,RMB mn,RMB,E,low,1,annual,P4 model,,2026-08-01,2026-08-01,Formal valuation deferred to P5
MOMO-P4-0648,MOMO,P4,forecast,estimate,company,Hello Group,maintenance_capex,2031E,annual,Global,base,143.530504416,,,RMB mn,RMB,E,low,1,annual,P4 model,,2026-08-01,2026-08-01,Formal valuation deferred to P5
MOMO-P4-0649,MOMO,P4,forecast,estimate,company,Hello Group,normalized_remittance_tax,2031E,annual,Global,base,58.28302405481459,,,RMB mn,RMB,E,low,1,annual,P4 model,,2026-08-01,2026-08-01,Formal valuation deferred to P5
MOMO-P4-0650,MOMO,P4,forecast,estimate,company,Hello Group,normalized_core_owner_earnings,2031E,annual,Global,base,983.0918225614553,,,RMB mn,RMB,E,low,1,annual,P4 model,,2026-08-01,2026-08-01,Formal valuation deferred to P5
MOMO-P4-0651,MOMO,P4,forecast,estimate,company,Hello Group,period_end_ADS,2031E,annual,Global,base,123.01573984242484,,,mn ADS,N/A,E,low,1,annual,P4 model,,2026-08-01,2026-08-01,Formal valuation deferred to P5
MOMO-P4-0652,MOMO,P4,forecast,estimate,company,Hello Group,average_ADS,2031E,annual,Global,base,124.47140380265452,,,mn ADS,N/A,E,low,1,annual,P4 model,,2026-08-01,2026-08-01,Formal valuation deferred to P5
MOMO-P4-0653,MOMO,P4,forecast,estimate,company,Hello Group,normalized_core_owner_earnings_per_ADS,2031E,annual,Global,base,7.898133969149383,,,RMB/ADS,RMB,E,low,1,annual,P4 model,,2026-08-01,2026-08-01,Formal valuation deferred to P5
MOMO-P4-0654,MOMO,P4,forecast,estimate,company,Hello Group,dividend_cash,2031E,annual,Global,base,294.92754676843657,,,RMB mn,RMB,E,low,1,annual,P4 model,,2026-08-01,2026-08-01,Formal valuation deferred to P5
MOMO-P4-0655,MOMO,P4,forecast,estimate,company,Hello Group,dividend_per_ADS,2031E,annual,Global,base,0.34349669335239413,,,USD/ADS,USD,E,low,1,annual,P4 model,,2026-08-01,2026-08-01,Formal valuation deferred to P5
MOMO-P4-0656,MOMO,P4,forecast,estimate,company,Hello Group,buyback_cash,2031E,annual,Global,base,35.629596352618705,,,USD mn,USD,E,low,1,annual,P4 model,,2026-08-01,2026-08-01,Formal valuation deferred to P5
MOMO-P4-0657,MOMO,P4,forecast,estimate,company,Hello Group,buyback_price_assumption,2031E,annual,Global,base,8.295830156250002,,,USD/ADS,USD,E,low,1,annual,P4 model,,2026-08-01,2026-08-01,Formal valuation deferred to P5
MOMO-P4-0658,MOMO,P4,forecast,estimate,company,Hello Group,SBC_dilution,2031E,annual,Global,base,1.3835522399999998,,,mn ADS,N/A,E,low,1,annual,P4 model,,2026-08-01,2026-08-01,Formal valuation deferred to P5
MOMO-P4-0659,MOMO,P4,forecast,estimate,company,Hello Group,net_distributable_cash,2031E,annual,Global,base,6514.6218550290205,,,RMB mn,RMB,E,low,1,annual,P4 model,,2026-08-01,2026-08-01,Formal valuation deferred to P5
MOMO-P4-0660,MOMO,P4,forecast,estimate,company,Hello Group,discounted_investment_assets,2031E,annual,Global,base,890.2055124347,,,RMB mn,RMB,E,low,1,annual,P4 model,,2026-08-01,2026-08-01,Formal valuation deferred to P5
MOMO-P4-0661,MOMO,P4,forecast,estimate,company,Hello Group,strategic_capital_use,2031E,annual,Global,base,244.33336984525,,,RMB mn,RMB,E,low,1,annual,P4 model,,2026-08-01,2026-08-01,Formal valuation deferred to P5
MOMO-P4-0662,MOMO,P4,forecast,estimate,company,Hello Group,cash_interest_after_adjustment_proxy,2031E,annual,Global,base,123.85419421022776,,,RMB mn,RMB,E,low,1,annual,P4 model,,2026-08-01,2026-08-01,Formal valuation deferred to P5
MOMO-P4-0663,MOMO,P4,forecast,estimate,segment,Domestic Momo & other China,revenue,2032E,annual,China,base,4980.735474896998,,,RMB mn,RMB,E,low,1,annual,P4 model,,2026-08-01,2026-08-01,Locked forecast
MOMO-P4-0664,MOMO,P4,forecast,estimate,segment,Domestic Momo & other China,operating_profit,2032E,annual,China,base,846.7250307324898,,,RMB mn,RMB,E,medium,1,annual,P4 model,,2026-08-01,2026-08-01,Revenue x margin
MOMO-P4-0665,MOMO,P4,forecast,estimate,segment,Tantan,revenue,2032E,annual,China,base,379.7465701568,,,RMB mn,RMB,E,low,1,annual,P4 model,,2026-08-01,2026-08-01,Locked forecast
MOMO-P4-0666,MOMO,P4,forecast,estimate,segment,Tantan,operating_profit,2032E,annual,China,base,18.98732850784,,,RMB mn,RMB,E,medium,1,annual,P4 model,,2026-08-01,2026-08-01,Revenue x margin
MOMO-P4-0667,MOMO,P4,forecast,estimate,segment,Overseas social entertainment,revenue,2032E,annual,Overseas,base,3435.7100778000017,,,RMB mn,RMB,E,low,1,annual,P4 model,,2026-08-01,2026-08-01,Locked forecast
MOMO-P4-0668,MOMO,P4,forecast,estimate,segment,Overseas social entertainment,operating_profit,2032E,annual,Overseas,base,377.9281085580002,,,RMB mn,RMB,E,low,1,annual,P4 model,,2026-08-01,2026-08-01,Revenue x margin
MOMO-P4-0669,MOMO,P4,forecast,estimate,segment,Overseas dating / acquired brands,revenue,2032E,annual,Overseas,base,1072.6043328000005,,,RMB mn,RMB,E,low,1,annual,P4 model,,2026-08-01,2026-08-01,Locked forecast
MOMO-P4-0670,MOMO,P4,forecast,estimate,segment,Overseas dating / acquired brands,operating_profit,2032E,annual,Overseas,base,85.80834662400004,,,RMB mn,RMB,E,low,1,annual,P4 model,,2026-08-01,2026-08-01,Revenue x margin
MOMO-P4-0671,MOMO,P4,forecast,estimate,company,Hello Group,revenue,2032E,annual,Global,base,9868.7964556538,,,RMB mn,RMB,E,low,1,annual,P4 model,,2026-08-01,2026-08-01,Formal valuation deferred to P5
MOMO-P4-0672,MOMO,P4,forecast,estimate,company,Hello Group,operating_income,2032E,annual,Global,base,1329.44881442233,,,RMB mn,RMB,E,low,1,annual,P4 model,,2026-08-01,2026-08-01,Formal valuation deferred to P5
MOMO-P4-0673,MOMO,P4,forecast,estimate,company,Hello Group,operating_margin,2032E,annual,Global,base,0.13471235529036504,,,%,N/A,E,low,1,annual,P4 model,,2026-08-01,2026-08-01,Formal valuation deferred to P5
MOMO-P4-0674,MOMO,P4,forecast,estimate,company,Hello Group,depreciation_amortization,2032E,annual,Global,base,98.687964556538,,,RMB mn,RMB,E,low,1,annual,P4 model,,2026-08-01,2026-08-01,Formal valuation deferred to P5
MOMO-P4-0675,MOMO,P4,forecast,estimate,company,Hello Group,maintenance_capex,2032E,annual,Global,base,146.40111450432002,,,RMB mn,RMB,E,low,1,annual,P4 model,,2026-08-01,2026-08-01,Formal valuation deferred to P5
MOMO-P4-0676,MOMO,P4,forecast,estimate,company,Hello Group,normalized_remittance_tax,2032E,annual,Global,base,56.62244095433118,,,RMB mn,RMB,E,low,1,annual,P4 model,,2026-08-01,2026-08-01,Formal valuation deferred to P5
MOMO-P4-0677,MOMO,P4,forecast,estimate,company,Hello Group,normalized_core_owner_earnings,2032E,annual,Global,base,985.8124369241974,,,RMB mn,RMB,E,low,1,annual,P4 model,,2026-08-01,2026-08-01,Formal valuation deferred to P5
MOMO-P4-0678,MOMO,P4,forecast,estimate,company,Hello Group,period_end_ADS,2032E,annual,Global,base,120.2699392869016,,,mn ADS,N/A,E,low,1,annual,P4 model,,2026-08-01,2026-08-01,Formal valuation deferred to P5
MOMO-P4-0679,MOMO,P4,forecast,estimate,company,Hello Group,average_ADS,2032E,annual,Global,base,121.64283956466322,,,mn ADS,N/A,E,low,1,annual,P4 model,,2026-08-01,2026-08-01,Formal valuation deferred to P5
MOMO-P4-0680,MOMO,P4,forecast,estimate,company,Hello Group,normalized_core_owner_earnings_per_ADS,2032E,annual,Global,base,8.104155085923958,,,RMB/ADS,RMB,E,low,1,annual,P4 model,,2026-08-01,2026-08-01,Formal valuation deferred to P5
MOMO-P4-0681,MOMO,P4,forecast,estimate,company,Hello Group,dividend_cash,2032E,annual,Global,base,295.7437310772592,,,RMB mn,RMB,E,low,1,annual,P4 model,,2026-08-01,2026-08-01,Formal valuation deferred to P5
MOMO-P4-0682,MOMO,P4,forecast,estimate,company,Hello Group,dividend_per_ADS,2032E,annual,Global,base,0.352456730324324,,,USD/ADS,USD,E,low,1,annual,P4 model,,2026-08-01,2026-08-01,Formal valuation deferred to P5
MOMO-P4-0683,MOMO,P4,forecast,estimate,company,Hello Group,buyback_cash,2032E,annual,Global,base,35.7281979169396,,,USD mn,USD,E,low,1,annual,P4 model,,2026-08-01,2026-08-01,Formal valuation deferred to P5
MOMO-P4-0684,MOMO,P4,forecast,estimate,company,Hello Group,buyback_price_assumption,2032E,annual,Global,base,8.710621664062502,,,USD/ADS,USD,E,low,1,annual,P4 model,,2026-08-01,2026-08-01,Formal valuation deferred to P5
MOMO-P4-0685,MOMO,P4,forecast,estimate,company,Hello Group,SBC_dilution,2032E,annual,Global,base,1.3558811951999998,,,mn ADS,N/A,E,low,1,annual,P4 model,,2026-08-01,2026-08-01,Formal valuation deferred to P5
MOMO-P4-0686,MOMO,P4,forecast,estimate,company,Hello Group,net_distributable_cash,2032E,annual,Global,base,6841.809977354145,,,RMB mn,RMB,E,low,1,annual,P4 model,,2026-08-01,2026-08-01,Formal valuation deferred to P5
MOMO-P4-0687,MOMO,P4,forecast,estimate,company,Hello Group,discounted_investment_assets,2032E,annual,Global,base,899.1075675590471,,,RMB mn,RMB,E,low,1,annual,P4 model,,2026-08-01,2026-08-01,Formal valuation deferred to P5
MOMO-P4-0688,MOMO,P4,forecast,estimate,company,Hello Group,strategic_capital_use,2032E,annual,Global,base,246.71991139134502,,,RMB mn,RMB,E,low,1,annual,P4 model,,2026-08-01,2026-08-01,Formal valuation deferred to P5
MOMO-P4-0689,MOMO,P4,forecast,estimate,company,Hello Group,cash_interest_after_adjustment_proxy,2032E,annual,Global,base,130.2924371005804,,,RMB mn,RMB,E,low,1,annual,P4 model,,2026-08-01,2026-08-01,Formal valuation deferred to P5
MOMO-P4-0690,MOMO,P4,forecast,estimate,segment,Domestic Momo & other China,revenue,2033E,annual,China,base,4881.120765399059,,,RMB mn,RMB,E,low,1,annual,P4 model,,2026-08-01,2026-08-01,Locked forecast
MOMO-P4-0691,MOMO,P4,forecast,estimate,segment,Domestic Momo & other China,operating_profit,2033E,annual,China,base,829.79053011784,,,RMB mn,RMB,E,medium,1,annual,P4 model,,2026-08-01,2026-08-01,Revenue x margin
MOMO-P4-0692,MOMO,P4,forecast,estimate,segment,Tantan,revenue,2033E,annual,China,base,372.151638753664,,,RMB mn,RMB,E,low,1,annual,P4 model,,2026-08-01,2026-08-01,Locked forecast
MOMO-P4-0693,MOMO,P4,forecast,estimate,segment,Tantan,operating_profit,2033E,annual,China,base,18.6075819376832,,,RMB mn,RMB,E,medium,1,annual,P4 model,,2026-08-01,2026-08-01,Revenue x margin
MOMO-P4-0694,MOMO,P4,forecast,estimate,segment,Overseas social entertainment,revenue,2033E,annual,Overseas,base,3607.495581690002,,,RMB mn,RMB,E,low,1,annual,P4 model,,2026-08-01,2026-08-01,Locked forecast
MOMO-P4-0695,MOMO,P4,forecast,estimate,segment,Overseas social entertainment,operating_profit,2033E,annual,Overseas,base,396.82451398590024,,,RMB mn,RMB,E,low,1,annual,P4 model,,2026-08-01,2026-08-01,Revenue x margin
MOMO-P4-0696,MOMO,P4,forecast,estimate,segment,Overseas dating / acquired brands,revenue,2033E,annual,Overseas,base,1115.5085061120005,,,RMB mn,RMB,E,low,1,annual,P4 model,,2026-08-01,2026-08-01,Locked forecast
MOMO-P4-0697,MOMO,P4,forecast,estimate,segment,Overseas dating / acquired brands,operating_profit,2033E,annual,Overseas,base,89.24068048896004,,,RMB mn,RMB,E,low,1,annual,P4 model,,2026-08-01,2026-08-01,Revenue x margin
MOMO-P4-0698,MOMO,P4,forecast,estimate,company,Hello Group,revenue,2033E,annual,Global,base,9976.276491954724,,,RMB mn,RMB,E,low,1,annual,P4 model,,2026-08-01,2026-08-01,Formal valuation deferred to P5
MOMO-P4-0699,MOMO,P4,forecast,estimate,company,Hello Group,operating_income,2033E,annual,Global,base,1334.4633065303835,,,RMB mn,RMB,E,low,1,annual,P4 model,,2026-08-01,2026-08-01,Formal valuation deferred to P5
MOMO-P4-0700,MOMO,P4,forecast,estimate,company,Hello Group,operating_margin,2033E,annual,Global,base,0.13376366499129702,,,%,N/A,E,low,1,annual,P4 model,,2026-08-01,2026-08-01,Formal valuation deferred to P5
MOMO-P4-0701,MOMO,P4,forecast,estimate,company,Hello Group,depreciation_amortization,2033E,annual,Global,base,99.76276491954725,,,RMB mn,RMB,E,low,1,annual,P4 model,,2026-08-01,2026-08-01,Formal valuation deferred to P5
MOMO-P4-0702,MOMO,P4,forecast,estimate,company,Hello Group,maintenance_capex,2033E,annual,Global,base,149.3291367944064,,,RMB mn,RMB,E,low,1,annual,P4 model,,2026-08-01,2026-08-01,Formal valuation deferred to P5
MOMO-P4-0703,MOMO,P4,forecast,estimate,company,Hello Group,normalized_remittance_tax,2033E,annual,Global,base,55.011103052055574,,,RMB mn,RMB,E,low,1,annual,P4 model,,2026-08-01,2026-08-01,Formal valuation deferred to P5
MOMO-P4-0704,MOMO,P4,forecast,estimate,company,Hello Group,normalized_core_owner_earnings,2033E,annual,Global,base,989.6824364279997,,,RMB mn,RMB,E,low,1,annual,P4 model,,2026-08-01,2026-08-01,Formal valuation deferred to P5
MOMO-P4-0705,MOMO,P4,forecast,estimate,company,Hello Group,period_end_ADS,2033E,annual,Global,base,117.67700409196061,,,mn ADS,N/A,E,low,1,annual,P4 model,,2026-08-01,2026-08-01,Formal valuation deferred to P5
MOMO-P4-0706,MOMO,P4,forecast,estimate,company,Hello Group,average_ADS,2033E,annual,Global,base,118.97347168943111,,,mn ADS,N/A,E,low,1,annual,P4 model,,2026-08-01,2026-08-01,Formal valuation deferred to P5
MOMO-P4-0707,MOMO,P4,forecast,estimate,company,Hello Group,normalized_core_owner_earnings_per_ADS,2033E,annual,Global,base,8.318513550747442,,,RMB/ADS,RMB,E,low,1,annual,P4 model,,2026-08-01,2026-08-01,Formal valuation deferred to P5
MOMO-P4-0708,MOMO,P4,forecast,estimate,company,Hello Group,dividend_cash,2033E,annual,Global,base,296.9047309283999,,,RMB mn,RMB,E,low,1,annual,P4 model,,2026-08-01,2026-08-01,Formal valuation deferred to P5
MOMO-P4-0709,MOMO,P4,forecast,estimate,company,Hello Group,dividend_per_ADS,2033E,annual,Global,base,0.3617793657906976,,,USD/ADS,USD,E,low,1,annual,P4 model,,2026-08-01,2026-08-01,Formal valuation deferred to P5
MOMO-P4-0710,MOMO,P4,forecast,estimate,company,Hello Group,buyback_cash,2033E,annual,Global,base,35.86845594476659,,,USD mn,USD,E,low,1,annual,P4 model,,2026-08-01,2026-08-01,Formal valuation deferred to P5
MOMO-P4-0711,MOMO,P4,forecast,estimate,company,Hello Group,buyback_price_assumption,2033E,annual,Global,base,9.146152747265628,,,USD/ADS,USD,E,low,1,annual,P4 model,,2026-08-01,2026-08-01,Formal valuation deferred to P5
MOMO-P4-0712,MOMO,P4,forecast,estimate,company,Hello Group,SBC_dilution,2033E,annual,Global,base,1.3287635712959998,,,mn ADS,N/A,E,low,1,annual,P4 model,,2026-08-01,2026-08-01,Formal valuation deferred to P5
MOMO-P4-0713,MOMO,P4,forecast,estimate,company,Hello Group,net_distributable_cash,2033E,annual,Global,base,7174.59636099496,,,RMB mn,RMB,E,low,1,annual,P4 model,,2026-08-01,2026-08-01,Formal valuation deferred to P5
MOMO-P4-0714,MOMO,P4,forecast,estimate,company,Hello Group,discounted_investment_assets,2033E,annual,Global,base,908.0986432346375,,,RMB mn,RMB,E,low,1,annual,P4 model,,2026-08-01,2026-08-01,Formal valuation deferred to P5
MOMO-P4-0715,MOMO,P4,forecast,estimate,company,Hello Group,strategic_capital_use,2033E,annual,Global,base,249.40691229886812,,,RMB mn,RMB,E,low,1,annual,P4 model,,2026-08-01,2026-08-01,Formal valuation deferred to P5
MOMO-P4-0716,MOMO,P4,forecast,estimate,company,Hello Group,cash_interest_after_adjustment_proxy,2033E,annual,Global,base,136.8361995470829,,,RMB mn,RMB,E,low,1,annual,P4 model,,2026-08-01,2026-08-01,Formal valuation deferred to P5
MOMO-P4-0717,MOMO,P4,forecast,estimate,segment,Domestic Momo & other China,revenue,2034E,annual,China,base,4783.498350091078,,,RMB mn,RMB,E,low,1,annual,P4 model,,2026-08-01,2026-08-01,Locked forecast
MOMO-P4-0718,MOMO,P4,forecast,estimate,segment,Domestic Momo & other China,operating_profit,2034E,annual,China,base,813.1947195154833,,,RMB mn,RMB,E,medium,1,annual,P4 model,,2026-08-01,2026-08-01,Revenue x margin
MOMO-P4-0719,MOMO,P4,forecast,estimate,segment,Tantan,revenue,2034E,annual,China,base,364.7086059785907,,,RMB mn,RMB,E,low,1,annual,P4 model,,2026-08-01,2026-08-01,Locked forecast
MOMO-P4-0720,MOMO,P4,forecast,estimate,segment,Tantan,operating_profit,2034E,annual,China,base,18.235430298929536,,,RMB mn,RMB,E,medium,1,annual,P4 model,,2026-08-01,2026-08-01,Revenue x margin
MOMO-P4-0721,MOMO,P4,forecast,estimate,segment,Overseas social entertainment,revenue,2034E,annual,Overseas,base,3787.8703607745024,,,RMB mn,RMB,E,low,1,annual,P4 model,,2026-08-01,2026-08-01,Locked forecast
MOMO-P4-0722,MOMO,P4,forecast,estimate,segment,Overseas social entertainment,operating_profit,2034E,annual,Overseas,base,416.66573968519526,,,RMB mn,RMB,E,low,1,annual,P4 model,,2026-08-01,2026-08-01,Revenue x margin
MOMO-P4-0723,MOMO,P4,forecast,estimate,segment,Overseas dating / acquired brands,revenue,2034E,annual,Overseas,base,1160.1288463564806,,,RMB mn,RMB,E,low,1,annual,P4 model,,2026-08-01,2026-08-01,Locked forecast
MOMO-P4-0724,MOMO,P4,forecast,estimate,segment,Overseas dating / acquired brands,operating_profit,2034E,annual,Overseas,base,92.81030770851845,,,RMB mn,RMB,E,low,1,annual,P4 model,,2026-08-01,2026-08-01,Revenue x margin
MOMO-P4-0725,MOMO,P4,forecast,estimate,company,Hello Group,revenue,2034E,annual,Global,base,10096.206163200652,,,RMB mn,RMB,E,low,1,annual,P4 model,,2026-08-01,2026-08-01,Formal valuation deferred to P5
MOMO-P4-0726,MOMO,P4,forecast,estimate,company,Hello Group,operating_income,2034E,annual,Global,base,1340.9061972081265,,,RMB mn,RMB,E,low,1,annual,P4 model,,2026-08-01,2026-08-01,Formal valuation deferred to P5
MOMO-P4-0727,MOMO,P4,forecast,estimate,company,Hello Group,operating_margin,2034E,annual,Global,base,0.13281287797940913,,,%,N/A,E,low,1,annual,P4 model,,2026-08-01,2026-08-01,Formal valuation deferred to P5
MOMO-P4-0728,MOMO,P4,forecast,estimate,company,Hello Group,depreciation_amortization,2034E,annual,Global,base,100.96206163200652,,,RMB mn,RMB,E,low,1,annual,P4 model,,2026-08-01,2026-08-01,Formal valuation deferred to P5
MOMO-P4-0729,MOMO,P4,forecast,estimate,company,Hello Group,maintenance_capex,2034E,annual,Global,base,152.31571953029456,,,RMB mn,RMB,E,low,1,annual,P4 model,,2026-08-01,2026-08-01,Formal valuation deferred to P5
MOMO-P4-0730,MOMO,P4,forecast,estimate,company,Hello Group,normalized_remittance_tax,2034E,annual,Global,base,53.448750904258695,,,RMB mn,RMB,E,low,1,annual,P4 model,,2026-08-01,2026-08-01,Formal valuation deferred to P5
MOMO-P4-0731,MOMO,P4,forecast,estimate,company,Hello Group,normalized_core_owner_earnings,2034E,annual,Global,base,994.7406729081171,,,RMB mn,RMB,E,low,1,annual,P4 model,,2026-08-01,2026-08-01,Formal valuation deferred to P5
MOMO-P4-0732,MOMO,P4,forecast,estimate,company,Hello Group,period_end_ADS,2034E,annual,Global,base,115.22515196520136,,,mn ADS,N/A,E,low,1,annual,P4 model,,2026-08-01,2026-08-01,Formal valuation deferred to P5
MOMO-P4-0733,MOMO,P4,forecast,estimate,company,Hello Group,average_ADS,2034E,annual,Global,base,116.45107802858098,,,mn ADS,N/A,E,low,1,annual,P4 model,,2026-08-01,2026-08-01,Formal valuation deferred to P5
MOMO-P4-0734,MOMO,P4,forecast,estimate,company,Hello Group,normalized_core_owner_earnings_per_ADS,2034E,annual,Global,base,8.542133656023129,,,RMB/ADS,RMB,E,low,1,annual,P4 model,,2026-08-01,2026-08-01,Formal valuation deferred to P5
MOMO-P4-0735,MOMO,P4,forecast,estimate,company,Hello Group,dividend_cash,2034E,annual,Global,base,298.4222018724351,,,RMB mn,RMB,E,low,1,annual,P4 model,,2026-08-01,2026-08-01,Formal valuation deferred to P5
MOMO-P4-0736,MOMO,P4,forecast,estimate,company,Hello Group,dividend_per_ADS,2034E,annual,Global,base,0.37150479802941994,,,USD/ADS,USD,E,low,1,annual,P4 model,,2026-08-01,2026-08-01,Formal valuation deferred to P5
MOMO-P4-0737,MOMO,P4,forecast,estimate,company,Hello Group,buyback_cash,2034E,annual,Global,base,36.051778519430165,,,USD mn,USD,E,low,1,annual,P4 model,,2026-08-01,2026-08-01,Formal valuation deferred to P5
MOMO-P4-0738,MOMO,P4,forecast,estimate,company,Hello Group,buyback_price_assumption,2034E,annual,Global,base,9.60346038462891,,,USD/ADS,USD,E,low,1,annual,P4 model,,2026-08-01,2026-08-01,Formal valuation deferred to P5
MOMO-P4-0739,MOMO,P4,forecast,estimate,company,Hello Group,SBC_dilution,2034E,annual,Global,base,1.30218829987008,,,mn ADS,N/A,E,low,1,annual,P4 model,,2026-08-01,2026-08-01,Formal valuation deferred to P5
MOMO-P4-0740,MOMO,P4,forecast,estimate,company,Hello Group,net_distributable_cash,2034E,annual,Global,base,7513.316436943495,,,RMB mn,RMB,E,low,1,annual,P4 model,,2026-08-01,2026-08-01,Formal valuation deferred to P5
MOMO-P4-0741,MOMO,P4,forecast,estimate,company,Hello Group,discounted_investment_assets,2034E,annual,Global,base,917.1796296669839,,,RMB mn,RMB,E,low,1,annual,P4 model,,2026-08-01,2026-08-01,Formal valuation deferred to P5
MOMO-P4-0742,MOMO,P4,forecast,estimate,company,Hello Group,strategic_capital_use,2034E,annual,Global,base,252.4051540800163,,,RMB mn,RMB,E,low,1,annual,P4 model,,2026-08-01,2026-08-01,Formal valuation deferred to P5
MOMO-P4-0743,MOMO,P4,forecast,estimate,company,Hello Group,cash_interest_after_adjustment_proxy,2034E,annual,Global,base,143.49192721989922,,,RMB mn,RMB,E,low,1,annual,P4 model,,2026-08-01,2026-08-01,Formal valuation deferred to P5
MOMO-P4-0744,MOMO,P4,forecast,estimate,segment,Domestic Momo & other China,revenue,2035E,annual,China,base,4687.828383089256,,,RMB mn,RMB,E,low,1,annual,P4 model,,2026-08-01,2026-08-01,Locked forecast
MOMO-P4-0745,MOMO,P4,forecast,estimate,segment,Domestic Momo & other China,operating_profit,2035E,annual,China,base,796.9308251251736,,,RMB mn,RMB,E,medium,1,annual,P4 model,,2026-08-01,2026-08-01,Revenue x margin
MOMO-P4-0746,MOMO,P4,forecast,estimate,segment,Tantan,revenue,2035E,annual,China,base,357.41443385901886,,,RMB mn,RMB,E,low,1,annual,P4 model,,2026-08-01,2026-08-01,Locked forecast
MOMO-P4-0747,MOMO,P4,forecast,estimate,segment,Tantan,operating_profit,2035E,annual,China,base,17.870721692950944,,,RMB mn,RMB,E,medium,1,annual,P4 model,,2026-08-01,2026-08-01,Revenue x margin
MOMO-P4-0748,MOMO,P4,forecast,estimate,segment,Overseas social entertainment,revenue,2035E,annual,Overseas,base,3977.2638788132276,,,RMB mn,RMB,E,low,1,annual,P4 model,,2026-08-01,2026-08-01,Locked forecast
MOMO-P4-0749,MOMO,P4,forecast,estimate,segment,Overseas social entertainment,operating_profit,2035E,annual,Overseas,base,437.499026669455,,,RMB mn,RMB,E,low,1,annual,P4 model,,2026-08-01,2026-08-01,Revenue x margin
MOMO-P4-0750,MOMO,P4,forecast,estimate,segment,Overseas dating / acquired brands,revenue,2035E,annual,Overseas,base,1206.5340002107398,,,RMB mn,RMB,E,low,1,annual,P4 model,,2026-08-01,2026-08-01,Locked forecast
MOMO-P4-0751,MOMO,P4,forecast,estimate,segment,Overseas dating / acquired brands,operating_profit,2035E,annual,Overseas,base,96.52272001685918,,,RMB mn,RMB,E,low,1,annual,P4 model,,2026-08-01,2026-08-01,Revenue x margin
MOMO-P4-0752,MOMO,P4,forecast,estimate,company,Hello Group,revenue,2035E,annual,Global,base,10229.040695972242,,,RMB mn,RMB,E,low,1,annual,P4 model,,2026-08-01,2026-08-01,Formal valuation deferred to P5
MOMO-P4-0753,MOMO,P4,forecast,estimate,company,Hello Group,operating_income,2035E,annual,Global,base,1348.8232935044387,,,RMB mn,RMB,E,low,1,annual,P4 model,,2026-08-01,2026-08-01,Formal valuation deferred to P5
MOMO-P4-0754,MOMO,P4,forecast,estimate,company,Hello Group,operating_margin,2035E,annual,Global,base,0.13186214950103262,,,%,N/A,E,low,1,annual,P4 model,,2026-08-01,2026-08-01,Formal valuation deferred to P5
MOMO-P4-0755,MOMO,P4,forecast,estimate,company,Hello Group,depreciation_amortization,2035E,annual,Global,base,102.29040695972242,,,RMB mn,RMB,E,low,1,annual,P4 model,,2026-08-01,2026-08-01,Formal valuation deferred to P5
MOMO-P4-0756,MOMO,P4,forecast,estimate,company,Hello Group,maintenance_capex,2035E,annual,Global,base,155.36203392090044,,,RMB mn,RMB,E,low,1,annual,P4 model,,2026-08-01,2026-08-01,Formal valuation deferred to P5
MOMO-P4-0757,MOMO,P4,forecast,estimate,company,Hello Group,normalized_remittance_tax,2035E,annual,Global,base,51.935040246232646,,,RMB mn,RMB,E,low,1,annual,P4 model,,2026-08-01,2026-08-01,Formal valuation deferred to P5
MOMO-P4-0758,MOMO,P4,forecast,estimate,company,Hello Group,normalized_core_owner_earnings,2035E,annual,Global,base,1001.0284334662289,,,RMB mn,RMB,E,low,1,annual,P4 model,,2026-08-01,2026-08-01,Formal valuation deferred to P5
MOMO-P4-0759,MOMO,P4,forecast,estimate,company,Hello Group,period_end_ADS,2035E,annual,Global,base,112.90342056179085,,,mn ADS,N/A,E,low,1,annual,P4 model,,2026-08-01,2026-08-01,Formal valuation deferred to P5
MOMO-P4-0760,MOMO,P4,forecast,estimate,company,Hello Group,average_ADS,2035E,annual,Global,base,114.06428626349611,,,mn ADS,N/A,E,low,1,annual,P4 model,,2026-08-01,2026-08-01,Formal valuation deferred to P5
MOMO-P4-0761,MOMO,P4,forecast,estimate,company,Hello Group,normalized_core_owner_earnings_per_ADS,2035E,annual,Global,base,8.776002255024736,,,RMB/ADS,RMB,E,low,1,annual,P4 model,,2026-08-01,2026-08-01,Formal valuation deferred to P5
MOMO-P4-0762,MOMO,P4,forecast,estimate,company,Hello Group,dividend_cash,2035E,annual,Global,base,300.30853003986863,,,RMB mn,RMB,E,low,1,annual,P4 model,,2026-08-01,2026-08-01,Formal valuation deferred to P5
MOMO-P4-0763,MOMO,P4,forecast,estimate,company,Hello Group,dividend_per_ADS,2035E,annual,Global,base,0.38167594614488554,,,USD/ADS,USD,E,low,1,annual,P4 model,,2026-08-01,2026-08-01,Formal valuation deferred to P5
MOMO-P4-0764,MOMO,P4,forecast,estimate,company,Hello Group,buyback_cash,2035E,annual,Global,base,36.27966198413413,,,USD mn,USD,E,low,1,annual,P4 model,,2026-08-01,2026-08-01,Formal valuation deferred to P5
MOMO-P4-0765,MOMO,P4,forecast,estimate,company,Hello Group,buyback_price_assumption,2035E,annual,Global,base,10.083633403860356,,,USD/ADS,USD,E,low,1,annual,P4 model,,2026-08-01,2026-08-01,Formal valuation deferred to P5
MOMO-P4-0766,MOMO,P4,forecast,estimate,company,Hello Group,SBC_dilution,2035E,annual,Global,base,1.2761445338726782,,,mn ADS,N/A,E,low,1,annual,P4 model,,2026-08-01,2026-08-01,Formal valuation deferred to P5
MOMO-P4-0767,MOMO,P4,forecast,estimate,company,Hello Group,net_distributable_cash,2035E,annual,Global,base,7858.319543342862,,,RMB mn,RMB,E,low,1,annual,P4 model,,2026-08-01,2026-08-01,Formal valuation deferred to P5
MOMO-P4-0768,MOMO,P4,forecast,estimate,company,Hello Group,discounted_investment_assets,2035E,annual,Global,base,926.3514259636538,,,RMB mn,RMB,E,low,1,annual,P4 model,,2026-08-01,2026-08-01,Formal valuation deferred to P5
MOMO-P4-0769,MOMO,P4,forecast,estimate,company,Hello Group,strategic_capital_use,2035E,annual,Global,base,255.72601739930607,,,RMB mn,RMB,E,low,1,annual,P4 model,,2026-08-01,2026-08-01,Formal valuation deferred to P5
MOMO-P4-0770,MOMO,P4,forecast,estimate,company,Hello Group,cash_interest_after_adjustment_proxy,2035E,annual,Global,base,150.2663287388699,,,RMB mn,RMB,E,low,1,annual,P4 model,,2026-08-01,2026-08-01,Formal valuation deferred to P5
MOMO-P4-0771,MOMO,P4,forecast,fact,company,Hello Group,quarterly_revenue,2026Q1,quarterly,Global,base,2385.976,,,RMB mn,RMB,A,high,1,quarterly,Q1 actual/P4 reverse fit,https://www.sec.gov/Archives/edgar/data/1610601/000119312526252519/d80576dex991.htm,2026-06-02,2026-08-01,Q2 within guidance; Q3-Q4 implied
MOMO-P4-0772,MOMO,P4,forecast,estimate,company,Hello Group,quarterly_revenue,2026Q2,quarterly,Global,base,2500,,,RMB mn,RMB,E,high,1,quarterly,Q1 actual/P4 reverse fit,https://www.sec.gov/Archives/edgar/data/1610601/000119312526252519/d80576dex991.htm,2026-06-02,2026-08-01,Q2 within guidance; Q3-Q4 implied
MOMO-P4-0773,MOMO,P4,forecast,estimate,company,Hello Group,quarterly_revenue,2026Q3,quarterly,Global,base,2470,,,RMB mn,RMB,E,medium,1,quarterly,Q1 actual/P4 reverse fit,https://www.sec.gov/Archives/edgar/data/1610601/000119312526252519/d80576dex991.htm,2026-06-02,2026-08-01,Q2 within guidance; Q3-Q4 implied
MOMO-P4-0774,MOMO,P4,forecast,estimate,company,Hello Group,quarterly_revenue,2026Q4,quarterly,Global,base,2524.0239999999994,,,RMB mn,RMB,E,medium,1,quarterly,Q1 actual/P4 reverse fit,https://www.sec.gov/Archives/edgar/data/1610601/000119312526252519/d80576dex991.htm,2026-06-02,2026-08-01,Q2 within guidance; Q3-Q4 implied
MOMO-P4-0775,MOMO,P4,scenario_assumption,assumption,segment,Domestic Momo & other China,revenue,2025A,annual,China,bull,7667.094,,,RMB mn,RMB,H,low,1,annual,P4 segment decomposition,https://www.sec.gov/Archives/edgar/data/1610601/000119312526183444/d13143d20f.htm,2026-04-28,2026-08-01,Model estimate
MOMO-P4-0776,MOMO,P4,scenario_assumption,assumption,segment,Domestic Momo & other China,revenue,2026E,annual,China,bull,6800,,,RMB mn,RMB,H,medium,1,annual,P4 reverse fit,https://www.sec.gov/Archives/edgar/data/1610601/000119312526252519/d80576dex991.htm,2026-06-02,2026-08-01,Calibrated to Q1/Q2/H2 path
MOMO-P4-0777,MOMO,P4,scenario_assumption,assumption,segment,Domestic Momo & other China,revenue_growth,2027E,annual,China,bull,-0.05,,,%,N/A,H,medium,1,annual,P4 driver assumption,,2026-08-01,2026-08-01,Applied to prior year
MOMO-P4-0778,MOMO,P4,scenario_assumption,assumption,segment,Domestic Momo & other China,revenue_growth,2028E,annual,China,bull,-0.03,,,%,N/A,H,medium,1,annual,P4 driver assumption,,2026-08-01,2026-08-01,Applied to prior year
MOMO-P4-0779,MOMO,P4,scenario_assumption,assumption,segment,Domestic Momo & other China,revenue_growth,2029E,annual,China,bull,-0.01,,,%,N/A,H,medium,1,annual,P4 driver assumption,,2026-08-01,2026-08-01,Applied to prior year
MOMO-P4-0780,MOMO,P4,scenario_assumption,assumption,segment,Domestic Momo & other China,revenue_growth,2030E,annual,China,bull,0,,,%,N/A,H,medium,1,annual,P4 driver assumption,,2026-08-01,2026-08-01,Applied to prior year
MOMO-P4-0781,MOMO,P4,scenario_assumption,assumption,segment,Domestic Momo & other China,long_term_revenue_growth,2031E-2035E,annual,China,bull,0,,,%,N/A,H,low,1,annual,P4 long-term assumption,,2026-08-01,2026-08-01,Segment long-term growth
MOMO-P4-0782,MOMO,P4,scenario_assumption,assumption,segment,Domestic Momo & other China,operating_margin,2025A,annual,China,bull,0.19604082589831298,,,%,N/A,H,medium,1,annual,P4 margin assumption,https://www.sec.gov/Archives/edgar/data/1610601/000119312526183444/d13143d20f.htm,2026-08-01,2026-08-01,2025 reconciles actual; overseas uses proxy
MOMO-P4-0783,MOMO,P4,scenario_assumption,assumption,segment,Domestic Momo & other China,operating_margin,2026E,annual,China,bull,0.205,,,%,N/A,H,medium,1,annual,P4 margin assumption,,2026-08-01,2026-08-01,2025 reconciles actual; overseas uses proxy
MOMO-P4-0784,MOMO,P4,scenario_assumption,assumption,segment,Domestic Momo & other China,operating_margin,2027E,annual,China,bull,0.21,,,%,N/A,H,medium,1,annual,P4 margin assumption,,2026-08-01,2026-08-01,2025 reconciles actual; overseas uses proxy
MOMO-P4-0785,MOMO,P4,scenario_assumption,assumption,segment,Domestic Momo & other China,operating_margin,2028E,annual,China,bull,0.21,,,%,N/A,H,medium,1,annual,P4 margin assumption,,2026-08-01,2026-08-01,2025 reconciles actual; overseas uses proxy
MOMO-P4-0786,MOMO,P4,scenario_assumption,assumption,segment,Domestic Momo & other China,operating_margin,2029E,annual,China,bull,0.21,,,%,N/A,H,medium,1,annual,P4 margin assumption,,2026-08-01,2026-08-01,2025 reconciles actual; overseas uses proxy
MOMO-P4-0787,MOMO,P4,scenario_assumption,assumption,segment,Domestic Momo & other China,operating_margin,2030E,annual,China,bull,0.21,,,%,N/A,H,medium,1,annual,P4 margin assumption,,2026-08-01,2026-08-01,2025 reconciles actual; overseas uses proxy
MOMO-P4-0788,MOMO,P4,scenario_assumption,assumption,segment,Domestic Momo & other China,long_term_operating_margin,2031E-2035E,annual,China,bull,0.21,,,%,N/A,H,low,1,annual,P4 long-term margin,,2026-08-01,2026-08-01,Held constant
MOMO-P4-0789,MOMO,P4,scenario_assumption,assumption,segment,Tantan,revenue,2025A,annual,China,bull,700.0,,,RMB mn,RMB,H,low,1,annual,P4 segment decomposition,https://www.sec.gov/Archives/edgar/data/1610601/000119312526183444/d13143d20f.htm,2026-04-28,2026-08-01,Model estimate
MOMO-P4-0790,MOMO,P4,scenario_assumption,assumption,segment,Tantan,revenue,2026E,annual,China,bull,560,,,RMB mn,RMB,H,medium,1,annual,P4 reverse fit,https://www.sec.gov/Archives/edgar/data/1610601/000119312526252519/d80576dex991.htm,2026-06-02,2026-08-01,Calibrated to Q1/Q2/H2 path
MOMO-P4-0791,MOMO,P4,scenario_assumption,assumption,segment,Tantan,revenue_growth,2027E,annual,China,bull,-0.05,,,%,N/A,H,medium,1,annual,P4 driver assumption,,2026-08-01,2026-08-01,Applied to prior year
MOMO-P4-0792,MOMO,P4,scenario_assumption,assumption,segment,Tantan,revenue_growth,2028E,annual,China,bull,0,,,%,N/A,H,medium,1,annual,P4 driver assumption,,2026-08-01,2026-08-01,Applied to prior year
MOMO-P4-0793,MOMO,P4,scenario_assumption,assumption,segment,Tantan,revenue_growth,2029E,annual,China,bull,0.02,,,%,N/A,H,medium,1,annual,P4 driver assumption,,2026-08-01,2026-08-01,Applied to prior year
MOMO-P4-0794,MOMO,P4,scenario_assumption,assumption,segment,Tantan,revenue_growth,2030E,annual,China,bull,0.02,,,%,N/A,H,medium,1,annual,P4 driver assumption,,2026-08-01,2026-08-01,Applied to prior year
MOMO-P4-0795,MOMO,P4,scenario_assumption,assumption,segment,Tantan,long_term_revenue_growth,2031E-2035E,annual,China,bull,0,,,%,N/A,H,low,1,annual,P4 long-term assumption,,2026-08-01,2026-08-01,Segment long-term growth
MOMO-P4-0796,MOMO,P4,scenario_assumption,assumption,segment,Tantan,operating_margin,2025A,annual,China,bull,0.04,,,%,N/A,H,medium,1,annual,P4 margin assumption,https://www.sec.gov/Archives/edgar/data/1610601/000119312526183444/d13143d20f.htm,2026-08-01,2026-08-01,2025 reconciles actual; overseas uses proxy
MOMO-P4-0797,MOMO,P4,scenario_assumption,assumption,segment,Tantan,operating_margin,2026E,annual,China,bull,0.05,,,%,N/A,H,medium,1,annual,P4 margin assumption,,2026-08-01,2026-08-01,2025 reconciles actual; overseas uses proxy
MOMO-P4-0798,MOMO,P4,scenario_assumption,assumption,segment,Tantan,operating_margin,2027E,annual,China,bull,0.07,,,%,N/A,H,medium,1,annual,P4 margin assumption,,2026-08-01,2026-08-01,2025 reconciles actual; overseas uses proxy
MOMO-P4-0799,MOMO,P4,scenario_assumption,assumption,segment,Tantan,operating_margin,2028E,annual,China,bull,0.08,,,%,N/A,H,medium,1,annual,P4 margin assumption,,2026-08-01,2026-08-01,2025 reconciles actual; overseas uses proxy
MOMO-P4-0800,MOMO,P4,scenario_assumption,assumption,segment,Tantan,operating_margin,2029E,annual,China,bull,0.09,,,%,N/A,H,medium,1,annual,P4 margin assumption,,2026-08-01,2026-08-01,2025 reconciles actual; overseas uses proxy
MOMO-P4-0801,MOMO,P4,scenario_assumption,assumption,segment,Tantan,operating_margin,2030E,annual,China,bull,0.1,,,%,N/A,H,medium,1,annual,P4 margin assumption,,2026-08-01,2026-08-01,2025 reconciles actual; overseas uses proxy
MOMO-P4-0802,MOMO,P4,scenario_assumption,assumption,segment,Tantan,long_term_operating_margin,2031E-2035E,annual,China,bull,0.1,,,%,N/A,H,low,1,annual,P4 long-term margin,,2026-08-01,2026-08-01,Held constant
MOMO-P4-0803,MOMO,P4,scenario_assumption,assumption,segment,Overseas social entertainment,revenue,2025A,annual,Overseas,bull,1550.0,,,RMB mn,RMB,H,low,1,annual,P4 segment decomposition,https://www.sec.gov/Archives/edgar/data/1610601/000119312526183444/d13143d20f.htm,2026-04-28,2026-08-01,Model estimate
MOMO-P4-0804,MOMO,P4,scenario_assumption,assumption,segment,Overseas social entertainment,revenue,2026E,annual,Overseas,bull,2100,,,RMB mn,RMB,H,medium,1,annual,P4 reverse fit,https://www.sec.gov/Archives/edgar/data/1610601/000119312526252519/d80576dex991.htm,2026-06-02,2026-08-01,Calibrated to Q1/Q2/H2 path
MOMO-P4-0805,MOMO,P4,scenario_assumption,assumption,segment,Overseas social entertainment,revenue_growth,2027E,annual,Overseas,bull,0.28,,,%,N/A,H,medium,1,annual,P4 driver assumption,,2026-08-01,2026-08-01,Applied to prior year
MOMO-P4-0806,MOMO,P4,scenario_assumption,assumption,segment,Overseas social entertainment,revenue_growth,2028E,annual,Overseas,bull,0.22,,,%,N/A,H,medium,1,annual,P4 driver assumption,,2026-08-01,2026-08-01,Applied to prior year
MOMO-P4-0807,MOMO,P4,scenario_assumption,assumption,segment,Overseas social entertainment,revenue_growth,2029E,annual,Overseas,bull,0.18,,,%,N/A,H,medium,1,annual,P4 driver assumption,,2026-08-01,2026-08-01,Applied to prior year
MOMO-P4-0808,MOMO,P4,scenario_assumption,assumption,segment,Overseas social entertainment,revenue_growth,2030E,annual,Overseas,bull,0.15,,,%,N/A,H,medium,1,annual,P4 driver assumption,,2026-08-01,2026-08-01,Applied to prior year
MOMO-P4-0809,MOMO,P4,scenario_assumption,assumption,segment,Overseas social entertainment,long_term_revenue_growth,2031E-2035E,annual,Overseas,bull,0.04,,,%,N/A,H,low,1,annual,P4 long-term assumption,,2026-08-01,2026-08-01,Segment long-term growth
MOMO-P4-0810,MOMO,P4,scenario_assumption,assumption,segment,Overseas social entertainment,operating_margin,2025A,annual,Overseas,bull,-0.05,,,%,N/A,H,low,1,annual,P4 margin assumption,https://www.sec.gov/Archives/edgar/data/1610601/000119312526183444/d13143d20f.htm,2026-08-01,2026-08-01,2025 reconciles actual; overseas uses proxy
MOMO-P4-0811,MOMO,P4,scenario_assumption,assumption,segment,Overseas social entertainment,operating_margin,2026E,annual,Overseas,bull,0.03,,,%,N/A,H,low,1,annual,P4 margin assumption,,2026-08-01,2026-08-01,2025 reconciles actual; overseas uses proxy
MOMO-P4-0812,MOMO,P4,scenario_assumption,assumption,segment,Overseas social entertainment,operating_margin,2027E,annual,Overseas,bull,0.07,,,%,N/A,H,low,1,annual,P4 margin assumption,,2026-08-01,2026-08-01,2025 reconciles actual; overseas uses proxy
MOMO-P4-0813,MOMO,P4,scenario_assumption,assumption,segment,Overseas social entertainment,operating_margin,2028E,annual,Overseas,bull,0.1,,,%,N/A,H,low,1,annual,P4 margin assumption,,2026-08-01,2026-08-01,2025 reconciles actual; overseas uses proxy
MOMO-P4-0814,MOMO,P4,scenario_assumption,assumption,segment,Overseas social entertainment,operating_margin,2029E,annual,Overseas,bull,0.13,,,%,N/A,H,low,1,annual,P4 margin assumption,,2026-08-01,2026-08-01,2025 reconciles actual; overseas uses proxy
MOMO-P4-0815,MOMO,P4,scenario_assumption,assumption,segment,Overseas social entertainment,operating_margin,2030E,annual,Overseas,bull,0.15,,,%,N/A,H,low,1,annual,P4 margin assumption,,2026-08-01,2026-08-01,2025 reconciles actual; overseas uses proxy
MOMO-P4-0816,MOMO,P4,scenario_assumption,assumption,segment,Overseas social entertainment,long_term_operating_margin,2031E-2035E,annual,Overseas,bull,0.16,,,%,N/A,H,low,1,annual,P4 long-term margin,,2026-08-01,2026-08-01,Held constant
MOMO-P4-0817,MOMO,P4,scenario_assumption,assumption,segment,Overseas dating / acquired brands,revenue,2025A,annual,Overseas,bull,450.002,,,RMB mn,RMB,H,low,1,annual,P4 segment decomposition,https://www.sec.gov/Archives/edgar/data/1610601/000119312526183444/d13143d20f.htm,2026-04-28,2026-08-01,Model estimate
MOMO-P4-0818,MOMO,P4,scenario_assumption,assumption,segment,Overseas dating / acquired brands,revenue,2026E,annual,Overseas,bull,850,,,RMB mn,RMB,H,medium,1,annual,P4 reverse fit,https://www.sec.gov/Archives/edgar/data/1610601/000119312526252519/d80576dex991.htm,2026-06-02,2026-08-01,Calibrated to Q1/Q2/H2 path
MOMO-P4-0819,MOMO,P4,scenario_assumption,assumption,segment,Overseas dating / acquired brands,revenue_growth,2027E,annual,Overseas,bull,0.2,,,%,N/A,H,medium,1,annual,P4 driver assumption,,2026-08-01,2026-08-01,Applied to prior year
MOMO-P4-0820,MOMO,P4,scenario_assumption,assumption,segment,Overseas dating / acquired brands,revenue_growth,2028E,annual,Overseas,bull,0.15,,,%,N/A,H,medium,1,annual,P4 driver assumption,,2026-08-01,2026-08-01,Applied to prior year
MOMO-P4-0821,MOMO,P4,scenario_assumption,assumption,segment,Overseas dating / acquired brands,revenue_growth,2029E,annual,Overseas,bull,0.12,,,%,N/A,H,medium,1,annual,P4 driver assumption,,2026-08-01,2026-08-01,Applied to prior year
MOMO-P4-0822,MOMO,P4,scenario_assumption,assumption,segment,Overseas dating / acquired brands,revenue_growth,2030E,annual,Overseas,bull,0.1,,,%,N/A,H,medium,1,annual,P4 driver assumption,,2026-08-01,2026-08-01,Applied to prior year
MOMO-P4-0823,MOMO,P4,scenario_assumption,assumption,segment,Overseas dating / acquired brands,long_term_revenue_growth,2031E-2035E,annual,Overseas,bull,0.04,,,%,N/A,H,low,1,annual,P4 long-term assumption,,2026-08-01,2026-08-01,Segment long-term growth
MOMO-P4-0824,MOMO,P4,scenario_assumption,assumption,segment,Overseas dating / acquired brands,operating_margin,2025A,annual,Overseas,bull,-0.22,,,%,N/A,H,low,1,annual,P4 margin assumption,https://www.sec.gov/Archives/edgar/data/1610601/000119312526183444/d13143d20f.htm,2026-08-01,2026-08-01,2025 reconciles actual; overseas uses proxy
MOMO-P4-0825,MOMO,P4,scenario_assumption,assumption,segment,Overseas dating / acquired brands,operating_margin,2026E,annual,Overseas,bull,-0.03,,,%,N/A,H,low,1,annual,P4 margin assumption,,2026-08-01,2026-08-01,2025 reconciles actual; overseas uses proxy
MOMO-P4-0826,MOMO,P4,scenario_assumption,assumption,segment,Overseas dating / acquired brands,operating_margin,2027E,annual,Overseas,bull,0.03,,,%,N/A,H,low,1,annual,P4 margin assumption,,2026-08-01,2026-08-01,2025 reconciles actual; overseas uses proxy
MOMO-P4-0827,MOMO,P4,scenario_assumption,assumption,segment,Overseas dating / acquired brands,operating_margin,2028E,annual,Overseas,bull,0.07,,,%,N/A,H,low,1,annual,P4 margin assumption,,2026-08-01,2026-08-01,2025 reconciles actual; overseas uses proxy
MOMO-P4-0828,MOMO,P4,scenario_assumption,assumption,segment,Overseas dating / acquired brands,operating_margin,2029E,annual,Overseas,bull,0.1,,,%,N/A,H,low,1,annual,P4 margin assumption,,2026-08-01,2026-08-01,2025 reconciles actual; overseas uses proxy
MOMO-P4-0829,MOMO,P4,scenario_assumption,assumption,segment,Overseas dating / acquired brands,operating_margin,2030E,annual,Overseas,bull,0.12,,,%,N/A,H,low,1,annual,P4 margin assumption,,2026-08-01,2026-08-01,2025 reconciles actual; overseas uses proxy
MOMO-P4-0830,MOMO,P4,scenario_assumption,assumption,segment,Overseas dating / acquired brands,long_term_operating_margin,2031E-2035E,annual,Overseas,bull,0.13,,,%,N/A,H,low,1,annual,P4 long-term margin,,2026-08-01,2026-08-01,Held constant
MOMO-P4-0831,MOMO,P4,scenario_assumption,assumption,company,Hello Group,normalized_operating_tax_rate,P4,point_in_time,Global,bull,0.18,,,%,N/A,H,medium,1,annual,P4 capital assumption,,2026-08-01,2026-08-01,Locked for P5
MOMO-P4-0832,MOMO,P4,scenario_assumption,assumption,company,Hello Group,D&A_as_revenue,P4,point_in_time,Global,bull,0.011,,,%,N/A,H,medium,1,annual,P4 capital assumption,,2026-08-01,2026-08-01,Locked for P5
MOMO-P4-0833,MOMO,P4,scenario_assumption,assumption,company,Hello Group,maintenance_capex_2026,P4,point_in_time,Global,bull,140,,,RMB mn,RMB,H,medium,1,annual,P4 capital assumption,,2026-08-01,2026-08-01,Locked for P5
MOMO-P4-0834,MOMO,P4,scenario_assumption,assumption,company,Hello Group,maintenance_capex_growth,P4,point_in_time,Global,bull,0.03,,,%,N/A,H,medium,1,annual,P4 capital assumption,,2026-08-01,2026-08-01,Locked for P5
MOMO-P4-0835,MOMO,P4,scenario_assumption,assumption,company,Hello Group,cash_yield,P4,point_in_time,Global,bull,0.025,,,%,N/A,H,medium,1,annual,P4 capital assumption,,2026-08-01,2026-08-01,Locked for P5
MOMO-P4-0836,MOMO,P4,scenario_assumption,assumption,company,Hello Group,dividend_payout_ratio,P4,point_in_time,Global,bull,0.35,,,%,N/A,H,medium,1,annual,P4 capital assumption,,2026-08-01,2026-08-01,Locked for P5
MOMO-P4-0837,MOMO,P4,scenario_assumption,assumption,company,Hello Group,buyback_payout_ratio,P4,point_in_time,Global,bull,0.3,,,%,N/A,H,medium,1,annual,P4 capital assumption,,2026-08-01,2026-08-01,Locked for P5
MOMO-P4-0838,MOMO,P4,scenario_assumption,assumption,company,Hello Group,strategic_capital_use_as_revenue,P4,point_in_time,Global,bull,0.025,,,%,N/A,H,medium,1,annual,P4 capital assumption,,2026-08-01,2026-08-01,Locked for P5
MOMO-P4-0839,MOMO,P4,scenario_assumption,assumption,company,Hello Group,remaining_2026_buyback_cash,P4,point_in_time,Global,bull,90,,,USD mn,USD,H,medium,1,annual,P4 capital assumption,,2026-08-01,2026-08-01,Locked for P5
MOMO-P4-0840,MOMO,P4,scenario_assumption,assumption,company,Hello Group,remaining_2026_strategic_capital_use,P4,point_in_time,Global,bull,200,,,RMB mn,RMB,H,medium,1,annual,P4 capital assumption,,2026-08-01,2026-08-01,Locked for P5
MOMO-P4-0841,MOMO,P4,scenario_assumption,assumption,company,Hello Group,buyback_price_2026,P4,point_in_time,Global,bull,7.0,,,USD/ADS,USD,H,medium,1,annual,P4 capital assumption,,2026-08-01,2026-08-01,Locked for P5
MOMO-P4-0842,MOMO,P4,scenario_assumption,assumption,company,Hello Group,buyback_price_growth,P4,point_in_time,Global,bull,0.08,,,%,N/A,H,medium,1,annual,P4 capital assumption,,2026-08-01,2026-08-01,Locked for P5
MOMO-P4-0843,MOMO,P4,scenario_assumption,assumption,company,Hello Group,remaining_2026_SBC_dilution,P4,point_in_time,Global,bull,1.0,,,mn ADS,N/A,H,medium,1,annual,P4 capital assumption,,2026-08-01,2026-08-01,Locked for P5
MOMO-P4-0844,MOMO,P4,scenario_assumption,assumption,company,Hello Group,annual_SBC_dilution_2027,P4,point_in_time,Global,bull,1.2,,,mn ADS,N/A,H,medium,1,annual,P4 capital assumption,,2026-08-01,2026-08-01,Locked for P5
MOMO-P4-0845,MOMO,P4,scenario_assumption,assumption,company,Hello Group,discounted_investment_growth,P4,point_in_time,Global,bull,0.03,,,%,N/A,H,medium,1,annual,P4 capital assumption,,2026-08-01,2026-08-01,Locked for P5
MOMO-P4-0846,MOMO,P4,scenario_assumption,assumption,app,New App Cohort,new_app_launches_or_acquisitions_per_year,P4,point_in_time,Overseas,bull,4,,,apps/year,N/A,H,low,1,annual,P4 App queue,,2026-08-01,2026-08-01,Existing apps are in segment base
MOMO-P4-0847,MOMO,P4,scenario_assumption,assumption,app,New App Cohort,12_month_survival_probability,P4,point_in_time,Overseas,bull,0.65,,,%,N/A,H,low,1,annual,P4 App queue,,2026-08-01,2026-08-01,Existing apps are in segment base
MOMO-P4-0848,MOMO,P4,scenario_assumption,assumption,app,New App Cohort,24_month_validation_probability,P4,point_in_time,Overseas,bull,0.4,,,%,N/A,H,low,1,annual,P4 App queue,,2026-08-01,2026-08-01,Existing apps are in segment base
MOMO-P4-0849,MOMO,P4,scenario_assumption,assumption,app,New App Cohort,36_month_scale_probability,P4,point_in_time,Overseas,bull,0.22,,,%,N/A,H,low,1,annual,P4 App queue,,2026-08-01,2026-08-01,Existing apps are in segment base
MOMO-P4-0850,MOMO,P4,scenario_assumption,assumption,app,New App Cohort,36_month_material_business_probability,P4,point_in_time,Overseas,bull,0.12,,,%,N/A,H,low,1,annual,P4 App queue,,2026-08-01,2026-08-01,Existing apps are in segment base
MOMO-P4-0851,MOMO,P4,scenario_assumption,assumption,app,New App Cohort,successful_app_revenue_month_12,P4,point_in_time,Overseas,bull,40,,,RMB mn,RMB,H,low,1,annual,P4 App queue,,2026-08-01,2026-08-01,Existing apps are in segment base
MOMO-P4-0852,MOMO,P4,scenario_assumption,assumption,app,New App Cohort,successful_app_revenue_month_24,P4,point_in_time,Overseas,bull,220,,,RMB mn,RMB,H,low,1,annual,P4 App queue,,2026-08-01,2026-08-01,Existing apps are in segment base
MOMO-P4-0853,MOMO,P4,scenario_assumption,assumption,app,New App Cohort,successful_app_revenue_month_36,P4,point_in_time,Overseas,bull,500,,,RMB mn,RMB,H,low,1,annual,P4 App queue,,2026-08-01,2026-08-01,Existing apps are in segment base
MOMO-P4-0854,MOMO,P4,scenario_assumption,assumption,app,New App Cohort,successful_app_gross_margin,P4,point_in_time,Overseas,bull,0.55,,,%,N/A,H,low,1,annual,P4 App queue,,2026-08-01,2026-08-01,Existing apps are in segment base
MOMO-P4-0855,MOMO,P4,scenario_assumption,assumption,app,New App Cohort,annual_incubation_marketing_R&D_M&A_budget,P4,point_in_time,Overseas,bull,450,,,RMB mn,RMB,H,low,1,annual,P4 App queue,,2026-08-01,2026-08-01,Existing apps are in segment base
MOMO-P4-0856,MOMO,P4,forecast,estimate,segment,Domestic Momo & other China,revenue,2025A,annual,China,bull,7667.094,,,RMB mn,RMB,E,medium,1,annual,P4 model,https://www.sec.gov/Archives/edgar/data/1610601/000119312526183444/d13143d20f.htm,2026-08-01,2026-08-01,Locked forecast
MOMO-P4-0857,MOMO,P4,forecast,estimate,segment,Domestic Momo & other China,operating_profit,2025A,annual,China,bull,1503.0634400000001,,,RMB mn,RMB,E,medium,1,annual,P4 model,,2026-08-01,2026-08-01,Revenue x margin
MOMO-P4-0858,MOMO,P4,forecast,estimate,segment,Tantan,revenue,2025A,annual,China,bull,700.0,,,RMB mn,RMB,E,medium,1,annual,P4 model,https://www.sec.gov/Archives/edgar/data/1610601/000119312526183444/d13143d20f.htm,2026-08-01,2026-08-01,Locked forecast
MOMO-P4-0859,MOMO,P4,forecast,estimate,segment,Tantan,operating_profit,2025A,annual,China,bull,28.0,,,RMB mn,RMB,E,medium,1,annual,P4 model,,2026-08-01,2026-08-01,Revenue x margin
MOMO-P4-0860,MOMO,P4,forecast,estimate,segment,Overseas social entertainment,revenue,2025A,annual,Overseas,bull,1550.0,,,RMB mn,RMB,E,medium,1,annual,P4 model,https://www.sec.gov/Archives/edgar/data/1610601/000119312526183444/d13143d20f.htm,2026-08-01,2026-08-01,Locked forecast
MOMO-P4-0861,MOMO,P4,forecast,estimate,segment,Overseas social entertainment,operating_profit,2025A,annual,Overseas,bull,-77.5,,,RMB mn,RMB,E,low,1,annual,P4 model,,2026-08-01,2026-08-01,Revenue x margin
MOMO-P4-0862,MOMO,P4,forecast,estimate,segment,Overseas dating / acquired brands,revenue,2025A,annual,Overseas,bull,450.002,,,RMB mn,RMB,E,medium,1,annual,P4 model,https://www.sec.gov/Archives/edgar/data/1610601/000119312526183444/d13143d20f.htm,2026-08-01,2026-08-01,Locked forecast
MOMO-P4-0863,MOMO,P4,forecast,estimate,segment,Overseas dating / acquired brands,operating_profit,2025A,annual,Overseas,bull,-99.00044,,,RMB mn,RMB,E,low,1,annual,P4 model,,2026-08-01,2026-08-01,Revenue x margin
MOMO-P4-0864,MOMO,P4,forecast,estimate,company,Hello Group,revenue,2025A,annual,Global,bull,10367.096,,,RMB mn,RMB,E,medium,1,annual,P4 model,,2026-08-01,2026-08-01,Formal valuation deferred to P5
MOMO-P4-0865,MOMO,P4,forecast,estimate,company,Hello Group,operating_income,2025A,annual,Global,bull,1354.563,,,RMB mn,RMB,E,medium,1,annual,P4 model,,2026-08-01,2026-08-01,Formal valuation deferred to P5
MOMO-P4-0866,MOMO,P4,forecast,estimate,company,Hello Group,operating_margin,2025A,annual,Global,bull,0.13065982990800898,,,%,N/A,E,medium,1,annual,P4 model,,2026-08-01,2026-08-01,Formal valuation deferred to P5
MOMO-P4-0867,MOMO,P4,forecast,estimate,company,Hello Group,depreciation_amortization,2025A,annual,Global,bull,81.815,,,RMB mn,RMB,E,medium,1,annual,P4 model,,2026-08-01,2026-08-01,Formal valuation deferred to P5
MOMO-P4-0868,MOMO,P4,forecast,estimate,company,Hello Group,maintenance_capex,2025A,annual,Global,bull,120,,,RMB mn,RMB,E,medium,1,annual,P4 model,,2026-08-01,2026-08-01,Formal valuation deferred to P5
MOMO-P4-0869,MOMO,P4,forecast,estimate,company,Hello Group,normalized_remittance_tax,2025A,annual,Global,bull,86.56409079790564,,,RMB mn,RMB,E,medium,1,annual,P4 model,,2026-08-01,2026-08-01,Formal valuation deferred to P5
MOMO-P4-0870,MOMO,P4,forecast,estimate,company,Hello Group,normalized_core_owner_earnings,2025A,annual,Global,bull,985.9925692020945,,,RMB mn,RMB,E,medium,1,annual,P4 model,,2026-08-01,2026-08-01,Formal valuation deferred to P5
MOMO-P4-0871,MOMO,P4,forecast,estimate,segment,Domestic Momo & other China,revenue,2026E,annual,China,bull,6800,,,RMB mn,RMB,E,medium,1,annual,P4 model,,2026-08-01,2026-08-01,Locked forecast
MOMO-P4-0872,MOMO,P4,forecast,estimate,segment,Domestic Momo & other China,operating_profit,2026E,annual,China,bull,1394.0,,,RMB mn,RMB,E,medium,1,annual,P4 model,,2026-08-01,2026-08-01,Revenue x margin
MOMO-P4-0873,MOMO,P4,forecast,estimate,segment,Tantan,revenue,2026E,annual,China,bull,560,,,RMB mn,RMB,E,medium,1,annual,P4 model,,2026-08-01,2026-08-01,Locked forecast
MOMO-P4-0874,MOMO,P4,forecast,estimate,segment,Tantan,operating_profit,2026E,annual,China,bull,28.0,,,RMB mn,RMB,E,medium,1,annual,P4 model,,2026-08-01,2026-08-01,Revenue x margin
MOMO-P4-0875,MOMO,P4,forecast,estimate,segment,Overseas social entertainment,revenue,2026E,annual,Overseas,bull,2100,,,RMB mn,RMB,E,medium,1,annual,P4 model,,2026-08-01,2026-08-01,Locked forecast
MOMO-P4-0876,MOMO,P4,forecast,estimate,segment,Overseas social entertainment,operating_profit,2026E,annual,Overseas,bull,63.0,,,RMB mn,RMB,E,low,1,annual,P4 model,,2026-08-01,2026-08-01,Revenue x margin
MOMO-P4-0877,MOMO,P4,forecast,estimate,segment,Overseas dating / acquired brands,revenue,2026E,annual,Overseas,bull,850,,,RMB mn,RMB,E,medium,1,annual,P4 model,,2026-08-01,2026-08-01,Locked forecast
MOMO-P4-0878,MOMO,P4,forecast,estimate,segment,Overseas dating / acquired brands,operating_profit,2026E,annual,Overseas,bull,-25.5,,,RMB mn,RMB,E,low,1,annual,P4 model,,2026-08-01,2026-08-01,Revenue x margin
MOMO-P4-0879,MOMO,P4,forecast,estimate,company,Hello Group,revenue,2026E,annual,Global,bull,10310,,,RMB mn,RMB,E,medium,1,annual,P4 model,https://www.sec.gov/Archives/edgar/data/1610601/000119312526252519/d80576dex991.htm,2026-08-01,2026-08-01,Formal valuation deferred to P5
MOMO-P4-0880,MOMO,P4,forecast,estimate,company,Hello Group,operating_income,2026E,annual,Global,bull,1459.5,,,RMB mn,RMB,E,medium,1,annual,P4 model,https://www.sec.gov/Archives/edgar/data/1610601/000119312526252519/d80576dex991.htm,2026-08-01,2026-08-01,Formal valuation deferred to P5
MOMO-P4-0881,MOMO,P4,forecast,estimate,company,Hello Group,operating_margin,2026E,annual,Global,bull,0.1415615906886518,,,%,N/A,E,medium,1,annual,P4 model,https://www.sec.gov/Archives/edgar/data/1610601/000119312526252519/d80576dex991.htm,2026-08-01,2026-08-01,Formal valuation deferred to P5
MOMO-P4-0882,MOMO,P4,forecast,estimate,company,Hello Group,depreciation_amortization,2026E,annual,Global,bull,113.41,,,RMB mn,RMB,E,medium,1,annual,P4 model,https://www.sec.gov/Archives/edgar/data/1610601/000119312526252519/d80576dex991.htm,2026-08-01,2026-08-01,Formal valuation deferred to P5
MOMO-P4-0883,MOMO,P4,forecast,estimate,company,Hello Group,maintenance_capex,2026E,annual,Global,bull,140.0,,,RMB mn,RMB,E,medium,1,annual,P4 model,https://www.sec.gov/Archives/edgar/data/1610601/000119312526252519/d80576dex991.htm,2026-08-01,2026-08-01,Formal valuation deferred to P5
MOMO-P4-0884,MOMO,P4,forecast,estimate,company,Hello Group,normalized_remittance_tax,2026E,annual,Global,bull,83.53707080504367,,,RMB mn,RMB,E,medium,1,annual,P4 model,https://www.sec.gov/Archives/edgar/data/1610601/000119312526252519/d80576dex991.htm,2026-08-01,2026-08-01,Formal valuation deferred to P5
MOMO-P4-0885,MOMO,P4,forecast,estimate,company,Hello Group,normalized_core_owner_earnings,2026E,annual,Global,bull,1086.6629291949566,,,RMB mn,RMB,E,medium,1,annual,P4 model,https://www.sec.gov/Archives/edgar/data/1610601/000119312526252519/d80576dex991.htm,2026-08-01,2026-08-01,Formal valuation deferred to P5
MOMO-P4-0886,MOMO,P4,forecast,estimate,company,Hello Group,period_end_ADS,2026E,annual,Global,bull,135.89025814285714,,,mn ADS,N/A,E,medium,1,annual,P4 model,https://www.sec.gov/Archives/edgar/data/1610601/000119312526252519/d80576dex991.htm,2026-08-01,2026-08-01,Formal valuation deferred to P5
MOMO-P4-0887,MOMO,P4,forecast,estimate,company,Hello Group,average_ADS,2026E,annual,Global,bull,141.81882957142858,,,mn ADS,N/A,E,medium,1,annual,P4 model,https://www.sec.gov/Archives/edgar/data/1610601/000119312526252519/d80576dex991.htm,2026-08-01,2026-08-01,Formal valuation deferred to P5
MOMO-P4-0888,MOMO,P4,forecast,estimate,company,Hello Group,normalized_core_owner_earnings_per_ADS,2026E,annual,Global,bull,7.662331810795598,,,RMB/ADS,RMB,E,medium,1,annual,P4 model,https://www.sec.gov/Archives/edgar/data/1610601/000119312526252519/d80576dex991.htm,2026-08-01,2026-08-01,Formal valuation deferred to P5
MOMO-P4-0889,MOMO,P4,forecast,estimate,company,Hello Group,dividend_cash,2026E,annual,Global,bull,284.426,,,RMB mn,RMB,E,medium,1,annual,P4 model,https://www.sec.gov/Archives/edgar/data/1610601/000119312526252519/d80576dex991.htm,2026-08-01,2026-08-01,Formal valuation deferred to P5
MOMO-P4-0890,MOMO,P4,forecast,estimate,company,Hello Group,dividend_per_ADS,2026E,annual,Global,bull,0.28,,,USD/ADS,USD,E,medium,1,annual,P4 model,https://www.sec.gov/Archives/edgar/data/1610601/000119312526252519/d80576dex991.htm,2026-08-01,2026-08-01,Formal valuation deferred to P5
MOMO-P4-0891,MOMO,P4,forecast,estimate,company,Hello Group,buyback_cash,2026E,annual,Global,bull,90,,,USD mn,USD,E,medium,1,annual,P4 model,https://www.sec.gov/Archives/edgar/data/1610601/000119312526252519/d80576dex991.htm,2026-08-01,2026-08-01,Formal valuation deferred to P5
MOMO-P4-0892,MOMO,P4,forecast,estimate,company,Hello Group,buyback_price_assumption,2026E,annual,Global,bull,7.0,,,USD/ADS,USD,E,medium,1,annual,P4 model,https://www.sec.gov/Archives/edgar/data/1610601/000119312526252519/d80576dex991.htm,2026-08-01,2026-08-01,Formal valuation deferred to P5
MOMO-P4-0893,MOMO,P4,forecast,estimate,company,Hello Group,SBC_dilution,2026E,annual,Global,bull,1.0,,,mn ADS,N/A,E,medium,1,annual,P4 model,https://www.sec.gov/Archives/edgar/data/1610601/000119312526252519/d80576dex991.htm,2026-08-01,2026-08-01,Formal valuation deferred to P5
MOMO-P4-0894,MOMO,P4,forecast,estimate,company,Hello Group,net_distributable_cash,2026E,annual,Global,bull,6129.056054194957,,,RMB mn,RMB,E,medium,1,annual,P4 model,https://www.sec.gov/Archives/edgar/data/1610601/000119312526252519/d80576dex991.htm,2026-08-01,2026-08-01,Formal valuation deferred to P5
MOMO-P4-0895,MOMO,P4,forecast,estimate,company,Hello Group,discounted_investment_assets,2026E,annual,Global,bull,1192.0,,,RMB mn,RMB,E,medium,1,annual,P4 model,https://www.sec.gov/Archives/edgar/data/1610601/000119312526252519/d80576dex991.htm,2026-08-01,2026-08-01,Formal valuation deferred to P5
MOMO-P4-0896,MOMO,P4,forecast,estimate,company,Hello Group,strategic_capital_use,2026E,annual,Global,bull,200,,,RMB mn,RMB,E,medium,1,annual,P4 model,https://www.sec.gov/Archives/edgar/data/1610601/000119312526252519/d80576dex991.htm,2026-08-01,2026-08-01,Formal valuation deferred to P5
MOMO-P4-0897,MOMO,P4,forecast,estimate,company,Hello Group,cash_interest_after_adjustment_proxy,2026E,annual,Global,bull,112.513125,,,RMB mn,RMB,E,medium,1,annual,P4 model,https://www.sec.gov/Archives/edgar/data/1610601/000119312526252519/d80576dex991.htm,2026-08-01,2026-08-01,Formal valuation deferred to P5
MOMO-P4-0898,MOMO,P4,forecast,estimate,segment,Domestic Momo & other China,revenue,2027E,annual,China,bull,6460.0,,,RMB mn,RMB,E,medium,1,annual,P4 model,,2026-08-01,2026-08-01,Locked forecast
MOMO-P4-0899,MOMO,P4,forecast,estimate,segment,Domestic Momo & other China,operating_profit,2027E,annual,China,bull,1356.6,,,RMB mn,RMB,E,medium,1,annual,P4 model,,2026-08-01,2026-08-01,Revenue x margin
MOMO-P4-0900,MOMO,P4,forecast,estimate,segment,Tantan,revenue,2027E,annual,China,bull,532.0,,,RMB mn,RMB,E,medium,1,annual,P4 model,,2026-08-01,2026-08-01,Locked forecast
MOMO-P4-0901,MOMO,P4,forecast,estimate,segment,Tantan,operating_profit,2027E,annual,China,bull,37.24,,,RMB mn,RMB,E,medium,1,annual,P4 model,,2026-08-01,2026-08-01,Revenue x margin
MOMO-P4-0902,MOMO,P4,forecast,estimate,segment,Overseas social entertainment,revenue,2027E,annual,Overseas,bull,2688.0,,,RMB mn,RMB,E,medium,1,annual,P4 model,,2026-08-01,2026-08-01,Locked forecast
MOMO-P4-0903,MOMO,P4,forecast,estimate,segment,Overseas social entertainment,operating_profit,2027E,annual,Overseas,bull,188.16000000000003,,,RMB mn,RMB,E,low,1,annual,P4 model,,2026-08-01,2026-08-01,Revenue x margin
MOMO-P4-0904,MOMO,P4,forecast,estimate,segment,Overseas dating / acquired brands,revenue,2027E,annual,Overseas,bull,1020.0,,,RMB mn,RMB,E,medium,1,annual,P4 model,,2026-08-01,2026-08-01,Locked forecast
MOMO-P4-0905,MOMO,P4,forecast,estimate,segment,Overseas dating / acquired brands,operating_profit,2027E,annual,Overseas,bull,30.599999999999998,,,RMB mn,RMB,E,low,1,annual,P4 model,,2026-08-01,2026-08-01,Revenue x margin
MOMO-P4-0906,MOMO,P4,forecast,estimate,company,Hello Group,revenue,2027E,annual,Global,bull,10700.0,,,RMB mn,RMB,E,medium,1,annual,P4 model,,2026-08-01,2026-08-01,Formal valuation deferred to P5
MOMO-P4-0907,MOMO,P4,forecast,estimate,company,Hello Group,operating_income,2027E,annual,Global,bull,1612.6,,,RMB mn,RMB,E,medium,1,annual,P4 model,,2026-08-01,2026-08-01,Formal valuation deferred to P5
MOMO-P4-0908,MOMO,P4,forecast,estimate,company,Hello Group,operating_margin,2027E,annual,Global,bull,0.15071028037383177,,,%,N/A,E,medium,1,annual,P4 model,,2026-08-01,2026-08-01,Formal valuation deferred to P5
MOMO-P4-0909,MOMO,P4,forecast,estimate,company,Hello Group,depreciation_amortization,2027E,annual,Global,bull,117.69999999999999,,,RMB mn,RMB,E,medium,1,annual,P4 model,,2026-08-01,2026-08-01,Formal valuation deferred to P5
MOMO-P4-0910,MOMO,P4,forecast,estimate,company,Hello Group,maintenance_capex,2027E,annual,Global,bull,144.20000000000002,,,RMB mn,RMB,E,medium,1,annual,P4 model,,2026-08-01,2026-08-01,Formal valuation deferred to P5
MOMO-P4-0911,MOMO,P4,forecast,estimate,company,Hello Group,normalized_remittance_tax,2027E,annual,Global,bull,84.67717143925233,,,RMB mn,RMB,E,medium,1,annual,P4 model,,2026-08-01,2026-08-01,Formal valuation deferred to P5
MOMO-P4-0912,MOMO,P4,forecast,estimate,company,Hello Group,normalized_core_owner_earnings,2027E,annual,Global,bull,1211.1548285607478,,,RMB mn,RMB,E,medium,1,annual,P4 model,,2026-08-01,2026-08-01,Formal valuation deferred to P5
MOMO-P4-0913,MOMO,P4,forecast,estimate,company,Hello Group,period_end_ADS,2027E,annual,Global,bull,130.12277488016338,,,mn ADS,N/A,E,medium,1,annual,P4 model,,2026-08-01,2026-08-01,Formal valuation deferred to P5
MOMO-P4-0914,MOMO,P4,forecast,estimate,company,Hello Group,average_ADS,2027E,annual,Global,bull,133.00651651151026,,,mn ADS,N/A,E,medium,1,annual,P4 model,,2026-08-01,2026-08-01,Formal valuation deferred to P5
MOMO-P4-0915,MOMO,P4,forecast,estimate,company,Hello Group,normalized_core_owner_earnings_per_ADS,2027E,annual,Global,bull,9.105981122781571,,,RMB/ADS,RMB,E,medium,1,annual,P4 model,,2026-08-01,2026-08-01,Formal valuation deferred to P5
MOMO-P4-0916,MOMO,P4,forecast,estimate,company,Hello Group,dividend_cash,2027E,annual,Global,bull,423.9041899962617,,,RMB mn,RMB,E,medium,1,annual,P4 model,,2026-08-01,2026-08-01,Formal valuation deferred to P5
MOMO-P4-0917,MOMO,P4,forecast,estimate,company,Hello Group,dividend_per_ADS,2027E,annual,Global,bull,0.46203151536293857,,,USD/ADS,USD,E,medium,1,annual,P4 model,,2026-08-01,2026-08-01,Formal valuation deferred to P5
MOMO-P4-0918,MOMO,P4,forecast,estimate,company,Hello Group,buyback_cash,2027E,annual,Global,bull,52.67417346596468,,,USD mn,USD,E,medium,1,annual,P4 model,,2026-08-01,2026-08-01,Formal valuation deferred to P5
MOMO-P4-0919,MOMO,P4,forecast,estimate,company,Hello Group,buyback_price_assumption,2027E,annual,Global,bull,7.5600000000000005,,,USD/ADS,USD,E,medium,1,annual,P4 model,,2026-08-01,2026-08-01,Formal valuation deferred to P5
MOMO-P4-0920,MOMO,P4,forecast,estimate,company,Hello Group,SBC_dilution,2027E,annual,Global,bull,1.2,,,mn ADS,N/A,E,medium,1,annual,P4 model,,2026-08-01,2026-08-01,Formal valuation deferred to P5
MOMO-P4-0921,MOMO,P4,forecast,estimate,company,Hello Group,net_distributable_cash,2027E,annual,Global,bull,6438.686645546092,,,RMB mn,RMB,E,medium,1,annual,P4 model,,2026-08-01,2026-08-01,Formal valuation deferred to P5
MOMO-P4-0922,MOMO,P4,forecast,estimate,company,Hello Group,discounted_investment_assets,2027E,annual,Global,bull,1227.76,,,RMB mn,RMB,E,medium,1,annual,P4 model,,2026-08-01,2026-08-01,Formal valuation deferred to P5
MOMO-P4-0923,MOMO,P4,forecast,estimate,company,Hello Group,strategic_capital_use,2027E,annual,Global,bull,267.5,,,RMB mn,RMB,E,medium,1,annual,P4 model,,2026-08-01,2026-08-01,Formal valuation deferred to P5
MOMO-P4-0924,MOMO,P4,forecast,estimate,company,Hello Group,cash_interest_after_adjustment_proxy,2027E,annual,Global,bull,153.22640135487393,,,RMB mn,RMB,E,medium,1,annual,P4 model,,2026-08-01,2026-08-01,Formal valuation deferred to P5
MOMO-P4-0925,MOMO,P4,forecast,estimate,segment,Domestic Momo & other China,revenue,2028E,annual,China,bull,6266.2,,,RMB mn,RMB,E,medium,1,annual,P4 model,,2026-08-01,2026-08-01,Locked forecast
MOMO-P4-0926,MOMO,P4,forecast,estimate,segment,Domestic Momo & other China,operating_profit,2028E,annual,China,bull,1315.9019999999998,,,RMB mn,RMB,E,medium,1,annual,P4 model,,2026-08-01,2026-08-01,Revenue x margin
MOMO-P4-0927,MOMO,P4,forecast,estimate,segment,Tantan,revenue,2028E,annual,China,bull,532.0,,,RMB mn,RMB,E,medium,1,annual,P4 model,,2026-08-01,2026-08-01,Locked forecast
MOMO-P4-0928,MOMO,P4,forecast,estimate,segment,Tantan,operating_profit,2028E,annual,China,bull,42.56,,,RMB mn,RMB,E,medium,1,annual,P4 model,,2026-08-01,2026-08-01,Revenue x margin
MOMO-P4-0929,MOMO,P4,forecast,estimate,segment,Overseas social entertainment,revenue,2028E,annual,Overseas,bull,3279.36,,,RMB mn,RMB,E,medium,1,annual,P4 model,,2026-08-01,2026-08-01,Locked forecast
MOMO-P4-0930,MOMO,P4,forecast,estimate,segment,Overseas social entertainment,operating_profit,2028E,annual,Overseas,bull,327.93600000000004,,,RMB mn,RMB,E,low,1,annual,P4 model,,2026-08-01,2026-08-01,Revenue x margin
MOMO-P4-0931,MOMO,P4,forecast,estimate,segment,Overseas dating / acquired brands,revenue,2028E,annual,Overseas,bull,1173.0,,,RMB mn,RMB,E,medium,1,annual,P4 model,,2026-08-01,2026-08-01,Locked forecast
MOMO-P4-0932,MOMO,P4,forecast,estimate,segment,Overseas dating / acquired brands,operating_profit,2028E,annual,Overseas,bull,82.11000000000001,,,RMB mn,RMB,E,low,1,annual,P4 model,,2026-08-01,2026-08-01,Revenue x margin
MOMO-P4-0933,MOMO,P4,forecast,estimate,company,Hello Group,revenue,2028E,annual,Global,bull,11250.56,,,RMB mn,RMB,E,medium,1,annual,P4 model,,2026-08-01,2026-08-01,Formal valuation deferred to P5
MOMO-P4-0934,MOMO,P4,forecast,estimate,company,Hello Group,operating_income,2028E,annual,Global,bull,1768.5079999999998,,,RMB mn,RMB,E,medium,1,annual,P4 model,,2026-08-01,2026-08-01,Formal valuation deferred to P5
MOMO-P4-0935,MOMO,P4,forecast,estimate,company,Hello Group,operating_margin,2028E,annual,Global,bull,0.1571928863985437,,,%,N/A,E,medium,1,annual,P4 model,,2026-08-01,2026-08-01,Formal valuation deferred to P5
MOMO-P4-0936,MOMO,P4,forecast,estimate,company,Hello Group,depreciation_amortization,2028E,annual,Global,bull,123.75616,,,RMB mn,RMB,E,medium,1,annual,P4 model,,2026-08-01,2026-08-01,Formal valuation deferred to P5
MOMO-P4-0937,MOMO,P4,forecast,estimate,company,Hello Group,maintenance_capex,2028E,annual,Global,bull,148.52599999999998,,,RMB mn,RMB,E,medium,1,annual,P4 model,,2026-08-01,2026-08-01,Formal valuation deferred to P5
MOMO-P4-0938,MOMO,P4,forecast,estimate,company,Hello Group,normalized_remittance_tax,2028E,annual,Global,bull,86.13082338927128,,,RMB mn,RMB,E,medium,1,annual,P4 model,,2026-08-01,2026-08-01,Formal valuation deferred to P5
MOMO-P4-0939,MOMO,P4,forecast,estimate,company,Hello Group,normalized_core_owner_earnings,2028E,annual,Global,bull,1339.2758966107285,,,RMB mn,RMB,E,medium,1,annual,P4 model,,2026-08-01,2026-08-01,Formal valuation deferred to P5
MOMO-P4-0940,MOMO,P4,forecast,estimate,company,Hello Group,period_end_ADS,2028E,annual,Global,bull,124.16494799084438,,,mn ADS,N/A,E,medium,1,annual,P4 model,,2026-08-01,2026-08-01,Formal valuation deferred to P5
MOMO-P4-0941,MOMO,P4,forecast,estimate,company,Hello Group,average_ADS,2028E,annual,Global,bull,127.14386143550388,,,mn ADS,N/A,E,medium,1,annual,P4 model,,2026-08-01,2026-08-01,Formal valuation deferred to P5
MOMO-P4-0942,MOMO,P4,forecast,estimate,company,Hello Group,normalized_core_owner_earnings_per_ADS,2028E,annual,Global,bull,10.533547443736412,,,RMB/ADS,RMB,E,medium,1,annual,P4 model,,2026-08-01,2026-08-01,Formal valuation deferred to P5
MOMO-P4-0943,MOMO,P4,forecast,estimate,company,Hello Group,dividend_cash,2028E,annual,Global,bull,468.74656381375496,,,RMB mn,RMB,E,medium,1,annual,P4 model,,2026-08-01,2026-08-01,Formal valuation deferred to P5
MOMO-P4-0944,MOMO,P4,forecast,estimate,company,Hello Group,dividend_per_ADS,2028E,annual,Global,bull,0.5344652950576608,,,USD/ADS,USD,E,medium,1,annual,P4 model,,2026-08-01,2026-08-01,Formal valuation deferred to P5
MOMO-P4-0945,MOMO,P4,forecast,estimate,company,Hello Group,buyback_cash,2028E,annual,Global,bull,58.24626978591165,,,USD mn,USD,E,medium,1,annual,P4 model,,2026-08-01,2026-08-01,Formal valuation deferred to P5
MOMO-P4-0946,MOMO,P4,forecast,estimate,company,Hello Group,buyback_price_assumption,2028E,annual,Global,bull,8.164800000000001,,,USD/ADS,USD,E,medium,1,annual,P4 model,,2026-08-01,2026-08-01,Formal valuation deferred to P5
MOMO-P4-0947,MOMO,P4,forecast,estimate,company,Hello Group,SBC_dilution,2028E,annual,Global,bull,1.176,,,mn ADS,N/A,E,medium,1,annual,P4 model,,2026-08-01,2026-08-01,Formal valuation deferred to P5
MOMO-P4-0948,MOMO,P4,forecast,estimate,company,Hello Group,net_distributable_cash,2028E,annual,Global,bull,6787.1363754985,,,RMB mn,RMB,E,medium,1,annual,P4 model,,2026-08-01,2026-08-01,Formal valuation deferred to P5
MOMO-P4-0949,MOMO,P4,forecast,estimate,company,Hello Group,discounted_investment_assets,2028E,annual,Global,bull,1264.5928000000001,,,RMB mn,RMB,E,medium,1,annual,P4 model,,2026-08-01,2026-08-01,Formal valuation deferred to P5
MOMO-P4-0950,MOMO,P4,forecast,estimate,company,Hello Group,strategic_capital_use,2028E,annual,Global,bull,281.264,,,RMB mn,RMB,E,medium,1,annual,P4 model,,2026-08-01,2026-08-01,Formal valuation deferred to P5
MOMO-P4-0951,MOMO,P4,forecast,estimate,company,Hello Group,cash_interest_after_adjustment_proxy,2028E,annual,Global,bull,160.96716613865232,,,RMB mn,RMB,E,medium,1,annual,P4 model,,2026-08-01,2026-08-01,Formal valuation deferred to P5
MOMO-P4-0952,MOMO,P4,forecast,estimate,segment,Domestic Momo & other China,revenue,2029E,annual,China,bull,6203.538,,,RMB mn,RMB,E,medium,1,annual,P4 model,,2026-08-01,2026-08-01,Locked forecast
MOMO-P4-0953,MOMO,P4,forecast,estimate,segment,Domestic Momo & other China,operating_profit,2029E,annual,China,bull,1302.7429799999998,,,RMB mn,RMB,E,medium,1,annual,P4 model,,2026-08-01,2026-08-01,Revenue x margin
MOMO-P4-0954,MOMO,P4,forecast,estimate,segment,Tantan,revenue,2029E,annual,China,bull,542.64,,,RMB mn,RMB,E,medium,1,annual,P4 model,,2026-08-01,2026-08-01,Locked forecast
MOMO-P4-0955,MOMO,P4,forecast,estimate,segment,Tantan,operating_profit,2029E,annual,China,bull,48.837599999999995,,,RMB mn,RMB,E,medium,1,annual,P4 model,,2026-08-01,2026-08-01,Revenue x margin
MOMO-P4-0956,MOMO,P4,forecast,estimate,segment,Overseas social entertainment,revenue,2029E,annual,Overseas,bull,3869.6448,,,RMB mn,RMB,E,medium,1,annual,P4 model,,2026-08-01,2026-08-01,Locked forecast
MOMO-P4-0957,MOMO,P4,forecast,estimate,segment,Overseas social entertainment,operating_profit,2029E,annual,Overseas,bull,503.053824,,,RMB mn,RMB,E,low,1,annual,P4 model,,2026-08-01,2026-08-01,Revenue x margin
MOMO-P4-0958,MOMO,P4,forecast,estimate,segment,Overseas dating / acquired brands,revenue,2029E,annual,Overseas,bull,1313.7600000000002,,,RMB mn,RMB,E,medium,1,annual,P4 model,,2026-08-01,2026-08-01,Locked forecast
MOMO-P4-0959,MOMO,P4,forecast,estimate,segment,Overseas dating / acquired brands,operating_profit,2029E,annual,Overseas,bull,131.37600000000003,,,RMB mn,RMB,E,low,1,annual,P4 model,,2026-08-01,2026-08-01,Revenue x margin
MOMO-P4-0960,MOMO,P4,forecast,estimate,company,Hello Group,revenue,2029E,annual,Global,bull,11929.5828,,,RMB mn,RMB,E,medium,1,annual,P4 model,,2026-08-01,2026-08-01,Formal valuation deferred to P5
MOMO-P4-0961,MOMO,P4,forecast,estimate,company,Hello Group,operating_income,2029E,annual,Global,bull,1986.0104039999999,,,RMB mn,RMB,E,medium,1,annual,P4 model,,2026-08-01,2026-08-01,Formal valuation deferred to P5
MOMO-P4-0962,MOMO,P4,forecast,estimate,company,Hello Group,operating_margin,2029E,annual,Global,bull,0.16647777523284385,,,%,N/A,E,medium,1,annual,P4 model,,2026-08-01,2026-08-01,Formal valuation deferred to P5
MOMO-P4-0963,MOMO,P4,forecast,estimate,company,Hello Group,depreciation_amortization,2029E,annual,Global,bull,131.2254108,,,RMB mn,RMB,E,medium,1,annual,P4 model,,2026-08-01,2026-08-01,Formal valuation deferred to P5
MOMO-P4-0964,MOMO,P4,forecast,estimate,company,Hello Group,maintenance_capex,2029E,annual,Global,bull,152.98178000000001,,,RMB mn,RMB,E,medium,1,annual,P4 model,,2026-08-01,2026-08-01,Formal valuation deferred to P5
MOMO-P4-0965,MOMO,P4,forecast,estimate,company,Hello Group,normalized_remittance_tax,2029E,annual,Global,bull,90.86295130820945,,,RMB mn,RMB,E,medium,1,annual,P4 model,,2026-08-01,2026-08-01,Formal valuation deferred to P5
MOMO-P4-0966,MOMO,P4,forecast,estimate,company,Hello Group,normalized_core_owner_earnings,2029E,annual,Global,bull,1515.9092107717904,,,RMB mn,RMB,E,medium,1,annual,P4 model,,2026-08-01,2026-08-01,Formal valuation deferred to P5
MOMO-P4-0967,MOMO,P4,forecast,estimate,company,Hello Group,period_end_ADS,2029E,annual,Global,bull,117.84086580323252,,,mn ADS,N/A,E,medium,1,annual,P4 model,,2026-08-01,2026-08-01,Formal valuation deferred to P5
MOMO-P4-0968,MOMO,P4,forecast,estimate,company,Hello Group,average_ADS,2029E,annual,Global,bull,121.00290689703846,,,mn ADS,N/A,E,medium,1,annual,P4 model,,2026-08-01,2026-08-01,Formal valuation deferred to P5
MOMO-P4-0969,MOMO,P4,forecast,estimate,company,Hello Group,normalized_core_owner_earnings_per_ADS,2029E,annual,Global,bull,12.527874326702579,,,RMB/ADS,RMB,E,medium,1,annual,P4 model,,2026-08-01,2026-08-01,Formal valuation deferred to P5
MOMO-P4-0970,MOMO,P4,forecast,estimate,company,Hello Group,dividend_cash,2029E,annual,Global,bull,530.5682237701266,,,RMB mn,RMB,E,medium,1,annual,P4 model,,2026-08-01,2026-08-01,Formal valuation deferred to P5
MOMO-P4-0971,MOMO,P4,forecast,estimate,company,Hello Group,dividend_per_ADS,2029E,annual,Global,bull,0.6356561342919546,,,USD/ADS,USD,E,medium,1,annual,P4 model,,2026-08-01,2026-08-01,Formal valuation deferred to P5
MOMO-P4-0972,MOMO,P4,forecast,estimate,company,Hello Group,buyback_cash,2029E,annual,Global,bull,65.92820574536636,,,USD mn,USD,E,medium,1,annual,P4 model,,2026-08-01,2026-08-01,Formal valuation deferred to P5
MOMO-P4-0973,MOMO,P4,forecast,estimate,company,Hello Group,buyback_price_assumption,2029E,annual,Global,bull,8.817984000000001,,,USD/ADS,USD,E,medium,1,annual,P4 model,,2026-08-01,2026-08-01,Formal valuation deferred to P5
MOMO-P4-0974,MOMO,P4,forecast,estimate,company,Hello Group,SBC_dilution,2029E,annual,Global,bull,1.15248,,,mn ADS,N/A,E,medium,1,annual,P4 model,,2026-08-01,2026-08-01,Formal valuation deferred to P5
MOMO-P4-0975,MOMO,P4,forecast,estimate,company,Hello Group,net_distributable_cash,2029E,annual,Global,bull,7189.143438656089,,,RMB mn,RMB,E,medium,1,annual,P4 model,,2026-08-01,2026-08-01,Formal valuation deferred to P5
MOMO-P4-0976,MOMO,P4,forecast,estimate,company,Hello Group,discounted_investment_assets,2029E,annual,Global,bull,1302.530584,,,RMB mn,RMB,E,medium,1,annual,P4 model,,2026-08-01,2026-08-01,Formal valuation deferred to P5
MOMO-P4-0977,MOMO,P4,forecast,estimate,company,Hello Group,strategic_capital_use,2029E,annual,Global,bull,298.23957,,,RMB mn,RMB,E,medium,1,annual,P4 model,,2026-08-01,2026-08-01,Formal valuation deferred to P5
MOMO-P4-0978,MOMO,P4,forecast,estimate,company,Hello Group,cash_interest_after_adjustment_proxy,2029E,annual,Global,bull,169.6784093874625,,,RMB mn,RMB,E,medium,1,annual,P4 model,,2026-08-01,2026-08-01,Formal valuation deferred to P5
MOMO-P4-0979,MOMO,P4,forecast,estimate,segment,Domestic Momo & other China,revenue,2030E,annual,China,bull,6203.538,,,RMB mn,RMB,E,medium,1,annual,P4 model,,2026-08-01,2026-08-01,Locked forecast
MOMO-P4-0980,MOMO,P4,forecast,estimate,segment,Domestic Momo & other China,operating_profit,2030E,annual,China,bull,1302.7429799999998,,,RMB mn,RMB,E,medium,1,annual,P4 model,,2026-08-01,2026-08-01,Revenue x margin
MOMO-P4-0981,MOMO,P4,forecast,estimate,segment,Tantan,revenue,2030E,annual,China,bull,553.4928,,,RMB mn,RMB,E,medium,1,annual,P4 model,,2026-08-01,2026-08-01,Locked forecast
MOMO-P4-0982,MOMO,P4,forecast,estimate,segment,Tantan,operating_profit,2030E,annual,China,bull,55.34928,,,RMB mn,RMB,E,medium,1,annual,P4 model,,2026-08-01,2026-08-01,Revenue x margin
MOMO-P4-0983,MOMO,P4,forecast,estimate,segment,Overseas social entertainment,revenue,2030E,annual,Overseas,bull,4450.09152,,,RMB mn,RMB,E,medium,1,annual,P4 model,,2026-08-01,2026-08-01,Locked forecast
MOMO-P4-0984,MOMO,P4,forecast,estimate,segment,Overseas social entertainment,operating_profit,2030E,annual,Overseas,bull,667.513728,,,RMB mn,RMB,E,low,1,annual,P4 model,,2026-08-01,2026-08-01,Revenue x margin
MOMO-P4-0985,MOMO,P4,forecast,estimate,segment,Overseas dating / acquired brands,revenue,2030E,annual,Overseas,bull,1445.1360000000004,,,RMB mn,RMB,E,medium,1,annual,P4 model,,2026-08-01,2026-08-01,Locked forecast
MOMO-P4-0986,MOMO,P4,forecast,estimate,segment,Overseas dating / acquired brands,operating_profit,2030E,annual,Overseas,bull,173.41632000000004,,,RMB mn,RMB,E,low,1,annual,P4 model,,2026-08-01,2026-08-01,Revenue x margin
MOMO-P4-0987,MOMO,P4,forecast,estimate,company,Hello Group,revenue,2030E,annual,Global,bull,12652.25832,,,RMB mn,RMB,E,medium,1,annual,P4 model,,2026-08-01,2026-08-01,Formal valuation deferred to P5
MOMO-P4-0988,MOMO,P4,forecast,estimate,company,Hello Group,operating_income,2030E,annual,Global,bull,2199.0223079999996,,,RMB mn,RMB,E,medium,1,annual,P4 model,,2026-08-01,2026-08-01,Formal valuation deferred to P5
MOMO-P4-0989,MOMO,P4,forecast,estimate,company,Hello Group,operating_margin,2030E,annual,Global,bull,0.17380472737613212,,,%,N/A,E,medium,1,annual,P4 model,,2026-08-01,2026-08-01,Formal valuation deferred to P5
MOMO-P4-0990,MOMO,P4,forecast,estimate,company,Hello Group,depreciation_amortization,2030E,annual,Global,bull,139.17484152,,,RMB mn,RMB,E,medium,1,annual,P4 model,,2026-08-01,2026-08-01,Formal valuation deferred to P5
MOMO-P4-0991,MOMO,P4,forecast,estimate,company,Hello Group,maintenance_capex,2030E,annual,Global,bull,157.5712334,,,RMB mn,RMB,E,medium,1,annual,P4 model,,2026-08-01,2026-08-01,Formal valuation deferred to P5
MOMO-P4-0992,MOMO,P4,forecast,estimate,company,Hello Group,normalized_remittance_tax,2030E,annual,Global,bull,95.3186467567578,,,RMB mn,RMB,E,medium,1,annual,P4 model,,2026-08-01,2026-08-01,Formal valuation deferred to P5
MOMO-P4-0993,MOMO,P4,forecast,estimate,company,Hello Group,normalized_core_owner_earnings,2030E,annual,Global,bull,1689.483253923242,,,RMB mn,RMB,E,medium,1,annual,P4 model,,2026-08-01,2026-08-01,Formal valuation deferred to P5
MOMO-P4-0994,MOMO,P4,forecast,estimate,company,Hello Group,period_end_ADS,2030E,annual,Global,bull,111.25488825413792,,,mn ADS,N/A,E,medium,1,annual,P4 model,,2026-08-01,2026-08-01,Formal valuation deferred to P5
MOMO-P4-0995,MOMO,P4,forecast,estimate,company,Hello Group,average_ADS,2030E,annual,Global,bull,114.54787702868522,,,mn ADS,N/A,E,medium,1,annual,P4 model,,2026-08-01,2026-08-01,Formal valuation deferred to P5
MOMO-P4-0996,MOMO,P4,forecast,estimate,company,Hello Group,normalized_core_owner_earnings_per_ADS,2030E,annual,Global,bull,14.749145053994843,,,RMB/ADS,RMB,E,medium,1,annual,P4 model,,2026-08-01,2026-08-01,Formal valuation deferred to P5
MOMO-P4-0997,MOMO,P4,forecast,estimate,company,Hello Group,dividend_cash,2030E,annual,Global,bull,591.3191388731346,,,RMB mn,RMB,E,medium,1,annual,P4 model,,2026-08-01,2026-08-01,Formal valuation deferred to P5
MOMO-P4-0998,MOMO,P4,forecast,estimate,company,Hello Group,dividend_per_ADS,2030E,annual,Global,bull,0.7483619554795875,,,USD/ADS,USD,E,medium,1,annual,P4 model,,2026-08-01,2026-08-01,Formal valuation deferred to P5
MOMO-P4-0999,MOMO,P4,forecast,estimate,company,Hello Group,buyback_cash,2030E,annual,Global,bull,73.47709135647617,,,USD mn,USD,E,medium,1,annual,P4 model,,2026-08-01,2026-08-01,Formal valuation deferred to P5
MOMO-P4-1000,MOMO,P4,forecast,estimate,company,Hello Group,buyback_price_assumption,2030E,annual,Global,bull,9.523422720000003,,,USD/ADS,USD,E,medium,1,annual,P4 model,,2026-08-01,2026-08-01,Formal valuation deferred to P5
MOMO-P4-1001,MOMO,P4,forecast,estimate,company,Hello Group,SBC_dilution,2030E,annual,Global,bull,1.1294304,,,mn ADS,N/A,E,medium,1,annual,P4 model,,2026-08-01,2026-08-01,Formal valuation deferred to P5
MOMO-P4-1002,MOMO,P4,forecast,estimate,company,Hello Group,net_distributable_cash,2030E,annual,Global,bull,7643.884705495628,,,RMB mn,RMB,E,medium,1,annual,P4 model,,2026-08-01,2026-08-01,Formal valuation deferred to P5
MOMO-P4-1003,MOMO,P4,forecast,estimate,company,Hello Group,discounted_investment_assets,2030E,annual,Global,bull,1341.6065015200002,,,RMB mn,RMB,E,medium,1,annual,P4 model,,2026-08-01,2026-08-01,Formal valuation deferred to P5
MOMO-P4-1004,MOMO,P4,forecast,estimate,company,Hello Group,strategic_capital_use,2030E,annual,Global,bull,316.306458,,,RMB mn,RMB,E,medium,1,annual,P4 model,,2026-08-01,2026-08-01,Formal valuation deferred to P5
MOMO-P4-1005,MOMO,P4,forecast,estimate,company,Hello Group,cash_interest_after_adjustment_proxy,2030E,annual,Global,bull,179.72858596640222,,,RMB mn,RMB,E,medium,1,annual,P4 model,,2026-08-01,2026-08-01,Formal valuation deferred to P5
MOMO-P4-1006,MOMO,P4,forecast,estimate,segment,Domestic Momo & other China,revenue,2031E,annual,China,bull,6203.538,,,RMB mn,RMB,E,low,1,annual,P4 model,,2026-08-01,2026-08-01,Locked forecast
MOMO-P4-1007,MOMO,P4,forecast,estimate,segment,Domestic Momo & other China,operating_profit,2031E,annual,China,bull,1302.7429799999998,,,RMB mn,RMB,E,medium,1,annual,P4 model,,2026-08-01,2026-08-01,Revenue x margin
MOMO-P4-1008,MOMO,P4,forecast,estimate,segment,Tantan,revenue,2031E,annual,China,bull,553.4928,,,RMB mn,RMB,E,low,1,annual,P4 model,,2026-08-01,2026-08-01,Locked forecast
MOMO-P4-1009,MOMO,P4,forecast,estimate,segment,Tantan,operating_profit,2031E,annual,China,bull,55.34928,,,RMB mn,RMB,E,medium,1,annual,P4 model,,2026-08-01,2026-08-01,Revenue x margin
MOMO-P4-1010,MOMO,P4,forecast,estimate,segment,Overseas social entertainment,revenue,2031E,annual,Overseas,bull,4628.0951808,,,RMB mn,RMB,E,low,1,annual,P4 model,,2026-08-01,2026-08-01,Locked forecast
MOMO-P4-1011,MOMO,P4,forecast,estimate,segment,Overseas social entertainment,operating_profit,2031E,annual,Overseas,bull,740.495228928,,,RMB mn,RMB,E,low,1,annual,P4 model,,2026-08-01,2026-08-01,Revenue x margin
MOMO-P4-1012,MOMO,P4,forecast,estimate,segment,Overseas dating / acquired brands,revenue,2031E,annual,Overseas,bull,1502.9414400000005,,,RMB mn,RMB,E,low,1,annual,P4 model,,2026-08-01,2026-08-01,Locked forecast
MOMO-P4-1013,MOMO,P4,forecast,estimate,segment,Overseas dating / acquired brands,operating_profit,2031E,annual,Overseas,bull,195.38238720000007,,,RMB mn,RMB,E,low,1,annual,P4 model,,2026-08-01,2026-08-01,Revenue x margin
MOMO-P4-1014,MOMO,P4,forecast,estimate,company,Hello Group,revenue,2031E,annual,Global,bull,12888.0674208,,,RMB mn,RMB,E,low,1,annual,P4 model,,2026-08-01,2026-08-01,Formal valuation deferred to P5
MOMO-P4-1015,MOMO,P4,forecast,estimate,company,Hello Group,operating_income,2031E,annual,Global,bull,2293.9698761279997,,,RMB mn,RMB,E,low,1,annual,P4 model,,2026-08-01,2026-08-01,Formal valuation deferred to P5
MOMO-P4-1016,MOMO,P4,forecast,estimate,company,Hello Group,operating_margin,2031E,annual,Global,bull,0.177991765656484,,,%,N/A,E,low,1,annual,P4 model,,2026-08-01,2026-08-01,Formal valuation deferred to P5
MOMO-P4-1017,MOMO,P4,forecast,estimate,company,Hello Group,depreciation_amortization,2031E,annual,Global,bull,141.7687416288,,,RMB mn,RMB,E,low,1,annual,P4 model,,2026-08-01,2026-08-01,Formal valuation deferred to P5
MOMO-P4-1018,MOMO,P4,forecast,estimate,company,Hello Group,maintenance_capex,2031E,annual,Global,bull,162.29837040200002,,,RMB mn,RMB,E,low,1,annual,P4 model,,2026-08-01,2026-08-01,Formal valuation deferred to P5
MOMO-P4-1019,MOMO,P4,forecast,estimate,company,Hello Group,normalized_remittance_tax,2031E,annual,Global,bull,97.54471980599872,,,RMB mn,RMB,E,low,1,annual,P4 model,,2026-08-01,2026-08-01,Formal valuation deferred to P5
MOMO-P4-1020,MOMO,P4,forecast,estimate,company,Hello Group,normalized_core_owner_earnings,2031E,annual,Global,bull,1762.980949845761,,,RMB mn,RMB,E,low,1,annual,P4 model,,2026-08-01,2026-08-01,Formal valuation deferred to P5
MOMO-P4-1021,MOMO,P4,forecast,estimate,company,Hello Group,period_end_ADS,2031E,annual,Global,bull,104.9070524305415,,,mn ADS,N/A,E,low,1,annual,P4 model,,2026-08-01,2026-08-01,Formal valuation deferred to P5
MOMO-P4-1022,MOMO,P4,forecast,estimate,company,Hello Group,average_ADS,2031E,annual,Global,bull,108.08097034233971,,,mn ADS,N/A,E,low,1,annual,P4 model,,2026-08-01,2026-08-01,Formal valuation deferred to P5
MOMO-P4-1023,MOMO,P4,forecast,estimate,company,Hello Group,normalized_core_owner_earnings_per_ADS,2031E,annual,Global,bull,16.3116684117623,,,RMB/ADS,RMB,E,low,1,annual,P4 model,,2026-08-01,2026-08-01,Formal valuation deferred to P5
MOMO-P4-1024,MOMO,P4,forecast,estimate,company,Hello Group,dividend_cash,2031E,annual,Global,bull,617.0433324460163,,,RMB mn,RMB,E,low,1,annual,P4 model,,2026-08-01,2026-08-01,Formal valuation deferred to P5
MOMO-P4-1025,MOMO,P4,forecast,estimate,company,Hello Group,dividend_per_ADS,2031E,annual,Global,bull,0.8276433667899109,,,USD/ADS,USD,E,low,1,annual,P4 model,,2026-08-01,2026-08-01,Formal valuation deferred to P5
MOMO-P4-1026,MOMO,P4,forecast,estimate,company,Hello Group,buyback_cash,2031E,annual,Global,bull,76.6735698686182,,,USD mn,USD,E,low,1,annual,P4 model,,2026-08-01,2026-08-01,Formal valuation deferred to P5
MOMO-P4-1027,MOMO,P4,forecast,estimate,company,Hello Group,buyback_price_assumption,2031E,annual,Global,bull,10.285296537600004,,,USD/ADS,USD,E,low,1,annual,P4 model,,2026-08-01,2026-08-01,Formal valuation deferred to P5
MOMO-P4-1028,MOMO,P4,forecast,estimate,company,Hello Group,SBC_dilution,2031E,annual,Global,bull,1.1068417919999998,,,mn ADS,N/A,E,low,1,annual,P4 model,,2026-08-01,2026-08-01,Formal valuation deferred to P5
MOMO-P4-1029,MOMO,P4,forecast,estimate,company,Hello Group,net_distributable_cash,2031E,annual,Global,bull,8129.8234700590365,,,RMB mn,RMB,E,low,1,annual,P4 model,,2026-08-01,2026-08-01,Formal valuation deferred to P5
MOMO-P4-1030,MOMO,P4,forecast,estimate,company,Hello Group,discounted_investment_assets,2031E,annual,Global,bull,1381.8546965656003,,,RMB mn,RMB,E,low,1,annual,P4 model,,2026-08-01,2026-08-01,Formal valuation deferred to P5
MOMO-P4-1031,MOMO,P4,forecast,estimate,company,Hello Group,strategic_capital_use,2031E,annual,Global,bull,322.20168552,,,RMB mn,RMB,E,low,1,annual,P4 model,,2026-08-01,2026-08-01,Formal valuation deferred to P5
MOMO-P4-1032,MOMO,P4,forecast,estimate,company,Hello Group,cash_interest_after_adjustment_proxy,2031E,annual,Global,bull,191.0971176373907,,,RMB mn,RMB,E,low,1,annual,P4 model,,2026-08-01,2026-08-01,Formal valuation deferred to P5
MOMO-P4-1033,MOMO,P4,forecast,estimate,segment,Domestic Momo & other China,revenue,2032E,annual,China,bull,6203.538,,,RMB mn,RMB,E,low,1,annual,P4 model,,2026-08-01,2026-08-01,Locked forecast
MOMO-P4-1034,MOMO,P4,forecast,estimate,segment,Domestic Momo & other China,operating_profit,2032E,annual,China,bull,1302.7429799999998,,,RMB mn,RMB,E,medium,1,annual,P4 model,,2026-08-01,2026-08-01,Revenue x margin
MOMO-P4-1035,MOMO,P4,forecast,estimate,segment,Tantan,revenue,2032E,annual,China,bull,553.4928,,,RMB mn,RMB,E,low,1,annual,P4 model,,2026-08-01,2026-08-01,Locked forecast
MOMO-P4-1036,MOMO,P4,forecast,estimate,segment,Tantan,operating_profit,2032E,annual,China,bull,55.34928,,,RMB mn,RMB,E,medium,1,annual,P4 model,,2026-08-01,2026-08-01,Revenue x margin
MOMO-P4-1037,MOMO,P4,forecast,estimate,segment,Overseas social entertainment,revenue,2032E,annual,Overseas,bull,4813.218988032,,,RMB mn,RMB,E,low,1,annual,P4 model,,2026-08-01,2026-08-01,Locked forecast
MOMO-P4-1038,MOMO,P4,forecast,estimate,segment,Overseas social entertainment,operating_profit,2032E,annual,Overseas,bull,770.1150380851201,,,RMB mn,RMB,E,low,1,annual,P4 model,,2026-08-01,2026-08-01,Revenue x margin
MOMO-P4-1039,MOMO,P4,forecast,estimate,segment,Overseas dating / acquired brands,revenue,2032E,annual,Overseas,bull,1563.0590976000005,,,RMB mn,RMB,E,low,1,annual,P4 model,,2026-08-01,2026-08-01,Locked forecast
MOMO-P4-1040,MOMO,P4,forecast,estimate,segment,Overseas dating / acquired brands,operating_profit,2032E,annual,Overseas,bull,203.19768268800007,,,RMB mn,RMB,E,low,1,annual,P4 model,,2026-08-01,2026-08-01,Revenue x margin
MOMO-P4-1041,MOMO,P4,forecast,estimate,company,Hello Group,revenue,2032E,annual,Global,bull,13133.308885632001,,,RMB mn,RMB,E,low,1,annual,P4 model,,2026-08-01,2026-08-01,Formal valuation deferred to P5
MOMO-P4-1042,MOMO,P4,forecast,estimate,company,Hello Group,operating_income,2032E,annual,Global,bull,2331.40498077312,,,RMB mn,RMB,E,low,1,annual,P4 model,,2026-08-01,2026-08-01,Formal valuation deferred to P5
MOMO-P4-1043,MOMO,P4,forecast,estimate,company,Hello Group,operating_margin,2032E,annual,Global,bull,0.17751847619480762,,,%,N/A,E,low,1,annual,P4 model,,2026-08-01,2026-08-01,Formal valuation deferred to P5
MOMO-P4-1044,MOMO,P4,forecast,estimate,company,Hello Group,depreciation_amortization,2032E,annual,Global,bull,144.466397741952,,,RMB mn,RMB,E,low,1,annual,P4 model,,2026-08-01,2026-08-01,Formal valuation deferred to P5
MOMO-P4-1045,MOMO,P4,forecast,estimate,company,Hello Group,maintenance_capex,2032E,annual,Global,bull,167.16732151406,,,RMB mn,RMB,E,low,1,annual,P4 model,,2026-08-01,2026-08-01,Formal valuation deferred to P5
MOMO-P4-1046,MOMO,P4,forecast,estimate,company,Hello Group,normalized_remittance_tax,2032E,annual,Global,bull,97.19086777880364,,,RMB mn,RMB,E,low,1,annual,P4 model,,2026-08-01,2026-08-01,Formal valuation deferred to P5
MOMO-P4-1047,MOMO,P4,forecast,estimate,company,Hello Group,normalized_core_owner_earnings,2032E,annual,Global,bull,1791.8602926830467,,,RMB mn,RMB,E,low,1,annual,P4 model,,2026-08-01,2026-08-01,Formal valuation deferred to P5
MOMO-P4-1048,MOMO,P4,forecast,estimate,company,Hello Group,period_end_ADS,2032E,annual,Global,bull,98.97620878834964,,,mn ADS,N/A,E,low,1,annual,P4 model,,2026-08-01,2026-08-01,Formal valuation deferred to P5
MOMO-P4-1049,MOMO,P4,forecast,estimate,company,Hello Group,average_ADS,2032E,annual,Global,bull,101.94163060944557,,,mn ADS,N/A,E,low,1,annual,P4 model,,2026-08-01,2026-08-01,Formal valuation deferred to P5
MOMO-P4-1050,MOMO,P4,forecast,estimate,company,Hello Group,normalized_core_owner_earnings_per_ADS,2032E,annual,Global,bull,17.577316371835817,,,RMB/ADS,RMB,E,low,1,annual,P4 model,,2026-08-01,2026-08-01,Formal valuation deferred to P5
MOMO-P4-1051,MOMO,P4,forecast,estimate,company,Hello Group,dividend_cash,2032E,annual,Global,bull,627.1511024390663,,,RMB mn,RMB,E,low,1,annual,P4 model,,2026-08-01,2026-08-01,Formal valuation deferred to P5
MOMO-P4-1052,MOMO,P4,forecast,estimate,company,Hello Group,dividend_per_ADS,2032E,annual,Global,bull,0.8918615149525276,,,USD/ADS,USD,E,low,1,annual,P4 model,,2026-08-01,2026-08-01,Formal valuation deferred to P5
MOMO-P4-1053,MOMO,P4,forecast,estimate,company,Hello Group,buyback_cash,2032E,annual,Global,bull,77.92955752463236,,,USD mn,USD,E,low,1,annual,P4 model,,2026-08-01,2026-08-01,Formal valuation deferred to P5
MOMO-P4-1054,MOMO,P4,forecast,estimate,company,Hello Group,buyback_price_assumption,2032E,annual,Global,bull,11.108120260608004,,,USD/ADS,USD,E,low,1,annual,P4 model,,2026-08-01,2026-08-01,Formal valuation deferred to P5
MOMO-P4-1055,MOMO,P4,forecast,estimate,company,Hello Group,SBC_dilution,2032E,annual,Global,bull,1.08470495616,,,mn ADS,N/A,E,low,1,annual,P4 model,,2026-08-01,2026-08-01,Formal valuation deferred to P5
MOMO-P4-1056,MOMO,P4,forecast,estimate,company,Hello Group,net_distributable_cash,2032E,annual,Global,bull,8631.88743710878,,,RMB mn,RMB,E,low,1,annual,P4 model,,2026-08-01,2026-08-01,Formal valuation deferred to P5
MOMO-P4-1057,MOMO,P4,forecast,estimate,company,Hello Group,discounted_investment_assets,2032E,annual,Global,bull,1423.3103374625684,,,RMB mn,RMB,E,low,1,annual,P4 model,,2026-08-01,2026-08-01,Formal valuation deferred to P5
MOMO-P4-1058,MOMO,P4,forecast,estimate,company,Hello Group,strategic_capital_use,2032E,annual,Global,bull,328.33272214080006,,,RMB mn,RMB,E,low,1,annual,P4 model,,2026-08-01,2026-08-01,Formal valuation deferred to P5
MOMO-P4-1059,MOMO,P4,forecast,estimate,company,Hello Group,cash_interest_after_adjustment_proxy,2032E,annual,Global,bull,203.2455867514759,,,RMB mn,RMB,E,low,1,annual,P4 model,,2026-08-01,2026-08-01,Formal valuation deferred to P5
MOMO-P4-1060,MOMO,P4,forecast,estimate,segment,Domestic Momo & other China,revenue,2033E,annual,China,bull,6203.538,,,RMB mn,RMB,E,low,1,annual,P4 model,,2026-08-01,2026-08-01,Locked forecast
MOMO-P4-1061,MOMO,P4,forecast,estimate,segment,Domestic Momo & other China,operating_profit,2033E,annual,China,bull,1302.7429799999998,,,RMB mn,RMB,E,medium,1,annual,P4 model,,2026-08-01,2026-08-01,Revenue x margin
MOMO-P4-1062,MOMO,P4,forecast,estimate,segment,Tantan,revenue,2033E,annual,China,bull,553.4928,,,RMB mn,RMB,E,low,1,annual,P4 model,,2026-08-01,2026-08-01,Locked forecast
MOMO-P4-1063,MOMO,P4,forecast,estimate,segment,Tantan,operating_profit,2033E,annual,China,bull,55.34928,,,RMB mn,RMB,E,medium,1,annual,P4 model,,2026-08-01,2026-08-01,Revenue x margin
MOMO-P4-1064,MOMO,P4,forecast,estimate,segment,Overseas social entertainment,revenue,2033E,annual,Overseas,bull,5005.7477475532805,,,RMB mn,RMB,E,low,1,annual,P4 model,,2026-08-01,2026-08-01,Locked forecast
MOMO-P4-1065,MOMO,P4,forecast,estimate,segment,Overseas social entertainment,operating_profit,2033E,annual,Overseas,bull,800.9196396085249,,,RMB mn,RMB,E,low,1,annual,P4 model,,2026-08-01,2026-08-01,Revenue x margin
MOMO-P4-1066,MOMO,P4,forecast,estimate,segment,Overseas dating / acquired brands,revenue,2033E,annual,Overseas,bull,1625.5814615040006,,,RMB mn,RMB,E,low,1,annual,P4 model,,2026-08-01,2026-08-01,Locked forecast
MOMO-P4-1067,MOMO,P4,forecast,estimate,segment,Overseas dating / acquired brands,operating_profit,2033E,annual,Overseas,bull,211.3255899955201,,,RMB mn,RMB,E,low,1,annual,P4 model,,2026-08-01,2026-08-01,Revenue x margin
MOMO-P4-1068,MOMO,P4,forecast,estimate,company,Hello Group,revenue,2033E,annual,Global,bull,13388.36000905728,,,RMB mn,RMB,E,low,1,annual,P4 model,,2026-08-01,2026-08-01,Formal valuation deferred to P5
MOMO-P4-1069,MOMO,P4,forecast,estimate,company,Hello Group,operating_income,2033E,annual,Global,bull,2370.3374896040445,,,RMB mn,RMB,E,low,1,annual,P4 model,,2026-08-01,2026-08-01,Formal valuation deferred to P5
MOMO-P4-1070,MOMO,P4,forecast,estimate,company,Hello Group,operating_margin,2033E,annual,Global,bull,0.1770446483363535,,,%,N/A,E,low,1,annual,P4 model,,2026-08-01,2026-08-01,Formal valuation deferred to P5
MOMO-P4-1071,MOMO,P4,forecast,estimate,company,Hello Group,depreciation_amortization,2033E,annual,Global,bull,147.27196009963006,,,RMB mn,RMB,E,low,1,annual,P4 model,,2026-08-01,2026-08-01,Formal valuation deferred to P5
MOMO-P4-1072,MOMO,P4,forecast,estimate,company,Hello Group,maintenance_capex,2033E,annual,Global,bull,172.18234115948184,,,RMB mn,RMB,E,low,1,annual,P4 model,,2026-08-01,2026-08-01,Formal valuation deferred to P5
MOMO-P4-1073,MOMO,P4,forecast,estimate,company,Hello Group,normalized_remittance_tax,2033E,annual,Global,bull,96.83907055502102,,,RMB mn,RMB,E,low,1,annual,P4 model,,2026-08-01,2026-08-01,Formal valuation deferred to P5
MOMO-P4-1074,MOMO,P4,forecast,estimate,company,Hello Group,normalized_core_owner_earnings,2033E,annual,Global,bull,1821.927289860444,,,RMB mn,RMB,E,low,1,annual,P4 model,,2026-08-01,2026-08-01,Formal valuation deferred to P5
MOMO-P4-1075,MOMO,P4,forecast,estimate,company,Hello Group,period_end_ADS,2033E,annual,Global,bull,93.43434199244642,,,mn ADS,N/A,E,low,1,annual,P4 model,,2026-08-01,2026-08-01,Formal valuation deferred to P5
MOMO-P4-1076,MOMO,P4,forecast,estimate,company,Hello Group,average_ADS,2033E,annual,Global,bull,96.20527539039803,,,mn ADS,N/A,E,low,1,annual,P4 model,,2026-08-01,2026-08-01,Formal valuation deferred to P5
MOMO-P4-1077,MOMO,P4,forecast,estimate,company,Hello Group,normalized_core_owner_earnings_per_ADS,2033E,annual,Global,bull,18.937914604652597,,,RMB/ADS,RMB,E,low,1,annual,P4 model,,2026-08-01,2026-08-01,Formal valuation deferred to P5
MOMO-P4-1078,MOMO,P4,forecast,estimate,company,Hello Group,dividend_cash,2033E,annual,Global,bull,637.6745514511554,,,RMB mn,RMB,E,low,1,annual,P4 model,,2026-08-01,2026-08-01,Formal valuation deferred to P5
MOMO-P4-1079,MOMO,P4,forecast,estimate,company,Hello Group,dividend_per_ADS,2033E,annual,Global,bull,0.9608973777367945,,,USD/ADS,USD,E,low,1,annual,P4 model,,2026-08-01,2026-08-01,Formal valuation deferred to P5
MOMO-P4-1080,MOMO,P4,forecast,estimate,company,Hello Group,buyback_cash,2033E,annual,Global,bull,79.23719729749683,,,USD mn,USD,E,low,1,annual,P4 model,,2026-08-01,2026-08-01,Formal valuation deferred to P5
MOMO-P4-1081,MOMO,P4,forecast,estimate,company,Hello Group,buyback_price_assumption,2033E,annual,Global,bull,11.996769881456647,,,USD/ADS,USD,E,low,1,annual,P4 model,,2026-08-01,2026-08-01,Formal valuation deferred to P5
MOMO-P4-1082,MOMO,P4,forecast,estimate,company,Hello Group,SBC_dilution,2033E,annual,Global,bull,1.0630108570367998,,,mn ADS,N/A,E,low,1,annual,P4 model,,2026-08-01,2026-08-01,Formal valuation deferred to P5
MOMO-P4-1083,MOMO,P4,forecast,estimate,company,Hello Group,net_distributable_cash,2033E,annual,Global,bull,9150.650174261224,,,RMB mn,RMB,E,low,1,annual,P4 model,,2026-08-01,2026-08-01,Formal valuation deferred to P5
MOMO-P4-1084,MOMO,P4,forecast,estimate,company,Hello Group,discounted_investment_assets,2033E,annual,Global,bull,1466.0096475864455,,,RMB mn,RMB,E,low,1,annual,P4 model,,2026-08-01,2026-08-01,Formal valuation deferred to P5
MOMO-P4-1085,MOMO,P4,forecast,estimate,company,Hello Group,strategic_capital_use,2033E,annual,Global,bull,334.709000226432,,,RMB mn,RMB,E,low,1,annual,P4 model,,2026-08-01,2026-08-01,Formal valuation deferred to P5
MOMO-P4-1086,MOMO,P4,forecast,estimate,company,Hello Group,cash_interest_after_adjustment_proxy,2033E,annual,Global,bull,215.7971859277195,,,RMB mn,RMB,E,low,1,annual,P4 model,,2026-08-01,2026-08-01,Formal valuation deferred to P5
MOMO-P4-1087,MOMO,P4,forecast,estimate,segment,Domestic Momo & other China,revenue,2034E,annual,China,bull,6203.538,,,RMB mn,RMB,E,low,1,annual,P4 model,,2026-08-01,2026-08-01,Locked forecast
MOMO-P4-1088,MOMO,P4,forecast,estimate,segment,Domestic Momo & other China,operating_profit,2034E,annual,China,bull,1302.7429799999998,,,RMB mn,RMB,E,medium,1,annual,P4 model,,2026-08-01,2026-08-01,Revenue x margin
MOMO-P4-1089,MOMO,P4,forecast,estimate,segment,Tantan,revenue,2034E,annual,China,bull,553.4928,,,RMB mn,RMB,E,low,1,annual,P4 model,,2026-08-01,2026-08-01,Locked forecast
MOMO-P4-1090,MOMO,P4,forecast,estimate,segment,Tantan,operating_profit,2034E,annual,China,bull,55.34928,,,RMB mn,RMB,E,medium,1,annual,P4 model,,2026-08-01,2026-08-01,Revenue x margin
MOMO-P4-1091,MOMO,P4,forecast,estimate,segment,Overseas social entertainment,revenue,2034E,annual,Overseas,bull,5205.977657455412,,,RMB mn,RMB,E,low,1,annual,P4 model,,2026-08-01,2026-08-01,Locked forecast
MOMO-P4-1092,MOMO,P4,forecast,estimate,segment,Overseas social entertainment,operating_profit,2034E,annual,Overseas,bull,832.9564251928659,,,RMB mn,RMB,E,low,1,annual,P4 model,,2026-08-01,2026-08-01,Revenue x margin
MOMO-P4-1093,MOMO,P4,forecast,estimate,segment,Overseas dating / acquired brands,revenue,2034E,annual,Overseas,bull,1690.6047199641607,,,RMB mn,RMB,E,low,1,annual,P4 model,,2026-08-01,2026-08-01,Locked forecast
MOMO-P4-1094,MOMO,P4,forecast,estimate,segment,Overseas dating / acquired brands,operating_profit,2034E,annual,Overseas,bull,219.77861359534091,,,RMB mn,RMB,E,low,1,annual,P4 model,,2026-08-01,2026-08-01,Revenue x margin
MOMO-P4-1095,MOMO,P4,forecast,estimate,company,Hello Group,revenue,2034E,annual,Global,bull,13653.613177419571,,,RMB mn,RMB,E,low,1,annual,P4 model,,2026-08-01,2026-08-01,Formal valuation deferred to P5
MOMO-P4-1096,MOMO,P4,forecast,estimate,company,Hello Group,operating_income,2034E,annual,Global,bull,2410.8272987882065,,,RMB mn,RMB,E,low,1,annual,P4 model,,2026-08-01,2026-08-01,Formal valuation deferred to P5
MOMO-P4-1097,MOMO,P4,forecast,estimate,company,Hello Group,operating_margin,2034E,annual,Global,bull,0.17657064598660577,,,%,N/A,E,low,1,annual,P4 model,,2026-08-01,2026-08-01,Formal valuation deferred to P5
MOMO-P4-1098,MOMO,P4,forecast,estimate,company,Hello Group,depreciation_amortization,2034E,annual,Global,bull,150.18974495161527,,,RMB mn,RMB,E,low,1,annual,P4 model,,2026-08-01,2026-08-01,Formal valuation deferred to P5
MOMO-P4-1099,MOMO,P4,forecast,estimate,company,Hello Group,maintenance_capex,2034E,annual,Global,bull,177.3478113942663,,,RMB mn,RMB,E,low,1,annual,P4 model,,2026-08-01,2026-08-01,Formal valuation deferred to P5
MOMO-P4-1100,MOMO,P4,forecast,estimate,company,Hello Group,normalized_remittance_tax,2034E,annual,Global,bull,96.48962565973642,,,RMB mn,RMB,E,low,1,annual,P4 model,,2026-08-01,2026-08-01,Formal valuation deferred to P5
MOMO-P4-1101,MOMO,P4,forecast,estimate,company,Hello Group,normalized_core_owner_earnings,2034E,annual,Global,bull,1853.2306929039419,,,RMB mn,RMB,E,low,1,annual,P4 model,,2026-08-01,2026-08-01,Formal valuation deferred to P5
MOMO-P4-1102,MOMO,P4,forecast,estimate,company,Hello Group,period_end_ADS,2034E,annual,Global,bull,88.25538965934801,,,mn ADS,N/A,E,low,1,annual,P4 model,,2026-08-01,2026-08-01,Formal valuation deferred to P5
MOMO-P4-1103,MOMO,P4,forecast,estimate,company,Hello Group,average_ADS,2034E,annual,Global,bull,90.84486582589722,,,mn ADS,N/A,E,low,1,annual,P4 model,,2026-08-01,2026-08-01,Formal valuation deferred to P5
MOMO-P4-1104,MOMO,P4,forecast,estimate,company,Hello Group,normalized_core_owner_earnings_per_ADS,2034E,annual,Global,bull,20.399949695072806,,,RMB/ADS,RMB,E,low,1,annual,P4 model,,2026-08-01,2026-08-01,Formal valuation deferred to P5
MOMO-P4-1105,MOMO,P4,forecast,estimate,company,Hello Group,dividend_cash,2034E,annual,Global,bull,648.6307425163797,,,RMB mn,RMB,E,low,1,annual,P4 model,,2026-08-01,2026-08-01,Formal valuation deferred to P5
MOMO-P4-1106,MOMO,P4,forecast,estimate,company,Hello Group,dividend_per_ADS,2034E,annual,Global,bull,1.0350800802081013,,,USD/ADS,USD,E,low,1,annual,P4 model,,2026-08-01,2026-08-01,Formal valuation deferred to P5
MOMO-P4-1107,MOMO,P4,forecast,estimate,company,Hello Group,buyback_cash,2034E,annual,Global,bull,80.59860943334047,,,USD mn,USD,E,low,1,annual,P4 model,,2026-08-01,2026-08-01,Formal valuation deferred to P5
MOMO-P4-1108,MOMO,P4,forecast,estimate,company,Hello Group,buyback_price_assumption,2034E,annual,Global,bull,12.956511471973178,,,USD/ADS,USD,E,low,1,annual,P4 model,,2026-08-01,2026-08-01,Formal valuation deferred to P5
MOMO-P4-1109,MOMO,P4,forecast,estimate,company,Hello Group,SBC_dilution,2034E,annual,Global,bull,1.0417506398960639,,,mn ADS,N/A,E,low,1,annual,P4 model,,2026-08-01,2026-08-01,Formal valuation deferred to P5
MOMO-P4-1110,MOMO,P4,forecast,estimate,company,Hello Group,net_distributable_cash,2034E,annual,Global,bull,9686.706841698646,,,RMB mn,RMB,E,low,1,annual,P4 model,,2026-08-01,2026-08-01,Formal valuation deferred to P5
MOMO-P4-1111,MOMO,P4,forecast,estimate,company,Hello Group,discounted_investment_assets,2034E,annual,Global,bull,1509.9899370140388,,,RMB mn,RMB,E,low,1,annual,P4 model,,2026-08-01,2026-08-01,Formal valuation deferred to P5
MOMO-P4-1112,MOMO,P4,forecast,estimate,company,Hello Group,strategic_capital_use,2034E,annual,Global,bull,341.3403294354893,,,RMB mn,RMB,E,low,1,annual,P4 model,,2026-08-01,2026-08-01,Formal valuation deferred to P5
MOMO-P4-1113,MOMO,P4,forecast,estimate,company,Hello Group,cash_interest_after_adjustment_proxy,2034E,annual,Global,bull,228.7662543565306,,,RMB mn,RMB,E,low,1,annual,P4 model,,2026-08-01,2026-08-01,Formal valuation deferred to P5
MOMO-P4-1114,MOMO,P4,forecast,estimate,segment,Domestic Momo & other China,revenue,2035E,annual,China,bull,6203.538,,,RMB mn,RMB,E,low,1,annual,P4 model,,2026-08-01,2026-08-01,Locked forecast
MOMO-P4-1115,MOMO,P4,forecast,estimate,segment,Domestic Momo & other China,operating_profit,2035E,annual,China,bull,1302.7429799999998,,,RMB mn,RMB,E,medium,1,annual,P4 model,,2026-08-01,2026-08-01,Revenue x margin
MOMO-P4-1116,MOMO,P4,forecast,estimate,segment,Tantan,revenue,2035E,annual,China,bull,553.4928,,,RMB mn,RMB,E,low,1,annual,P4 model,,2026-08-01,2026-08-01,Locked forecast
MOMO-P4-1117,MOMO,P4,forecast,estimate,segment,Tantan,operating_profit,2035E,annual,China,bull,55.34928,,,RMB mn,RMB,E,medium,1,annual,P4 model,,2026-08-01,2026-08-01,Revenue x margin
MOMO-P4-1118,MOMO,P4,forecast,estimate,segment,Overseas social entertainment,revenue,2035E,annual,Overseas,bull,5414.216763753629,,,RMB mn,RMB,E,low,1,annual,P4 model,,2026-08-01,2026-08-01,Locked forecast
MOMO-P4-1119,MOMO,P4,forecast,estimate,segment,Overseas social entertainment,operating_profit,2035E,annual,Overseas,bull,866.2746822005806,,,RMB mn,RMB,E,low,1,annual,P4 model,,2026-08-01,2026-08-01,Revenue x margin
MOMO-P4-1120,MOMO,P4,forecast,estimate,segment,Overseas dating / acquired brands,revenue,2035E,annual,Overseas,bull,1758.2289087627273,,,RMB mn,RMB,E,low,1,annual,P4 model,,2026-08-01,2026-08-01,Locked forecast
MOMO-P4-1121,MOMO,P4,forecast,estimate,segment,Overseas dating / acquired brands,operating_profit,2035E,annual,Overseas,bull,228.56975813915457,,,RMB mn,RMB,E,low,1,annual,P4 model,,2026-08-01,2026-08-01,Revenue x margin
MOMO-P4-1122,MOMO,P4,forecast,estimate,company,Hello Group,revenue,2035E,annual,Global,bull,13929.476472516355,,,RMB mn,RMB,E,low,1,annual,P4 model,,2026-08-01,2026-08-01,Formal valuation deferred to P5
MOMO-P4-1123,MOMO,P4,forecast,estimate,company,Hello Group,operating_income,2035E,annual,Global,bull,2452.936700339735,,,RMB mn,RMB,E,low,1,annual,P4 model,,2026-08-01,2026-08-01,Formal valuation deferred to P5
MOMO-P4-1124,MOMO,P4,forecast,estimate,company,Hello Group,operating_margin,2035E,annual,Global,bull,0.17609683358735828,,,%,N/A,E,low,1,annual,P4 model,,2026-08-01,2026-08-01,Formal valuation deferred to P5
MOMO-P4-1125,MOMO,P4,forecast,estimate,company,Hello Group,depreciation_amortization,2035E,annual,Global,bull,153.2242411976799,,,RMB mn,RMB,E,low,1,annual,P4 model,,2026-08-01,2026-08-01,Formal valuation deferred to P5
MOMO-P4-1126,MOMO,P4,forecast,estimate,company,Hello Group,maintenance_capex,2035E,annual,Global,bull,182.6682457360943,,,RMB mn,RMB,E,low,1,annual,P4 model,,2026-08-01,2026-08-01,Formal valuation deferred to P5
MOMO-P4-1127,MOMO,P4,forecast,estimate,company,Hello Group,normalized_remittance_tax,2035E,annual,Global,bull,96.14282651104537,,,RMB mn,RMB,E,low,1,annual,P4 model,,2026-08-01,2026-08-01,Formal valuation deferred to P5
MOMO-P4-1128,MOMO,P4,forecast,estimate,company,Hello Group,normalized_core_owner_earnings,2035E,annual,Global,bull,1885.821263229123,,,RMB mn,RMB,E,low,1,annual,P4 model,,2026-08-01,2026-08-01,Formal valuation deferred to P5
MOMO-P4-1129,MOMO,P4,forecast,estimate,company,Hello Group,period_end_ADS,2035E,annual,Global,bull,83.41510241734386,,,mn ADS,N/A,E,low,1,annual,P4 model,,2026-08-01,2026-08-01,Formal valuation deferred to P5
MOMO-P4-1130,MOMO,P4,forecast,estimate,company,Hello Group,average_ADS,2035E,annual,Global,bull,85.83524603834593,,,mn ADS,N/A,E,low,1,annual,P4 model,,2026-08-01,2026-08-01,Formal valuation deferred to P5
MOMO-P4-1131,MOMO,P4,forecast,estimate,company,Hello Group,normalized_core_owner_earnings_per_ADS,2035E,annual,Global,bull,21.970243580203096,,,RMB/ADS,RMB,E,low,1,annual,P4 model,,2026-08-01,2026-08-01,Formal valuation deferred to P5
MOMO-P4-1132,MOMO,P4,forecast,estimate,company,Hello Group,dividend_cash,2035E,annual,Global,bull,660.037442130193,,,RMB mn,RMB,E,low,1,annual,P4 model,,2026-08-01,2026-08-01,Formal valuation deferred to P5
MOMO-P4-1133,MOMO,P4,forecast,estimate,company,Hello Group,dividend_per_ADS,2035E,annual,Global,bull,1.1147557629850804,,,USD/ADS,USD,E,low,1,annual,P4 model,,2026-08-01,2026-08-01,Formal valuation deferred to P5
MOMO-P4-1134,MOMO,P4,forecast,estimate,company,Hello Group,buyback_cash,2035E,annual,Global,bull,82.01600159013292,,,USD mn,USD,E,low,1,annual,P4 model,,2026-08-01,2026-08-01,Formal valuation deferred to P5
MOMO-P4-1135,MOMO,P4,forecast,estimate,company,Hello Group,buyback_price_assumption,2035E,annual,Global,bull,13.993032389731033,,,USD/ADS,USD,E,low,1,annual,P4 model,,2026-08-01,2026-08-01,Formal valuation deferred to P5
MOMO-P4-1136,MOMO,P4,forecast,estimate,company,Hello Group,SBC_dilution,2035E,annual,Global,bull,1.0209156270981425,,,mn ADS,N/A,E,low,1,annual,P4 model,,2026-08-01,2026-08-01,Formal valuation deferred to P5
MOMO-P4-1137,MOMO,P4,forecast,estimate,company,Hello Group,net_distributable_cash,2035E,annual,Global,bull,10240.675043058396,,,RMB mn,RMB,E,low,1,annual,P4 model,,2026-08-01,2026-08-01,Formal valuation deferred to P5
MOMO-P4-1138,MOMO,P4,forecast,estimate,company,Hello Group,discounted_investment_assets,2035E,annual,Global,bull,1555.28963512446,,,RMB mn,RMB,E,low,1,annual,P4 model,,2026-08-01,2026-08-01,Formal valuation deferred to P5
MOMO-P4-1139,MOMO,P4,forecast,estimate,company,Hello Group,strategic_capital_use,2035E,annual,Global,bull,348.2369118129089,,,RMB mn,RMB,E,low,1,annual,P4 model,,2026-08-01,2026-08-01,Formal valuation deferred to P5
MOMO-P4-1140,MOMO,P4,forecast,estimate,company,Hello Group,cash_interest_after_adjustment_proxy,2035E,annual,Global,bull,242.16767104246617,,,RMB mn,RMB,E,low,1,annual,P4 model,,2026-08-01,2026-08-01,Formal valuation deferred to P5
MOMO-P4-1141,MOMO,P4,forecast,fact,company,Hello Group,quarterly_revenue,2026Q1,quarterly,Global,bull,2385.976,,,RMB mn,RMB,A,high,1,quarterly,Q1 actual/P4 reverse fit,https://www.sec.gov/Archives/edgar/data/1610601/000119312526252519/d80576dex991.htm,2026-06-02,2026-08-01,Q2 within guidance; Q3-Q4 implied
MOMO-P4-1142,MOMO,P4,forecast,estimate,company,Hello Group,quarterly_revenue,2026Q2,quarterly,Global,bull,2550,,,RMB mn,RMB,E,high,1,quarterly,Q1 actual/P4 reverse fit,https://www.sec.gov/Archives/edgar/data/1610601/000119312526252519/d80576dex991.htm,2026-06-02,2026-08-01,Q2 within guidance; Q3-Q4 implied
MOMO-P4-1143,MOMO,P4,forecast,estimate,company,Hello Group,quarterly_revenue,2026Q3,quarterly,Global,bull,2650,,,RMB mn,RMB,E,medium,1,quarterly,Q1 actual/P4 reverse fit,https://www.sec.gov/Archives/edgar/data/1610601/000119312526252519/d80576dex991.htm,2026-06-02,2026-08-01,Q2 within guidance; Q3-Q4 implied
MOMO-P4-1144,MOMO,P4,forecast,estimate,company,Hello Group,quarterly_revenue,2026Q4,quarterly,Global,bull,2724.0239999999994,,,RMB mn,RMB,E,medium,1,quarterly,Q1 actual/P4 reverse fit,https://www.sec.gov/Archives/edgar/data/1610601/000119312526252519/d80576dex991.htm,2026-06-02,2026-08-01,Q2 within guidance; Q3-Q4 implied
MOMO-P4-1145,MOMO,P4,monitor_trigger,assumption,company,Hello Group,group_revenue_fit,P4,point_in_time,Global,not_applicable,Green at/above base; yellow bear-base; red below bear,,,text,N/A,H,medium,1,quarterly,P4 monitoring,,2026-08-01,2026-08-01,Metric: Quarterly group revenue; affected: Revenue
MOMO-P4-1146,MOMO,P4,monitor_trigger,assumption,company,Hello Group,china_revenue_decline,P4,point_in_time,Global,not_applicable,Green >-8%; yellow -8% to -15%; red <-15% twice,,,text,N/A,H,medium,1,quarterly,P4 monitoring,,2026-08-01,2026-08-01,Metric: China revenue YoY; affected: Domestic
MOMO-P4-1147,MOMO,P4,monitor_trigger,assumption,company,Hello Group,momo_payers,P4,point_in_time,Global,not_applicable,Green Q4>=3.7m; yellow3.2-3.7m; red<3.2m,,,text,N/A,H,medium,1,quarterly,P4 monitoring,,2026-08-01,2026-08-01,Metric: Momo payers; affected: Domestic Momo
MOMO-P4-1148,MOMO,P4,monitor_trigger,assumption,company,Hello Group,tantan_payers,P4,point_in_time,Global,not_applicable,Green>=0.7m; yellow0.5-0.7m; red<0.5m,,,text,N/A,H,medium,1,quarterly,P4 monitoring,,2026-08-01,2026-08-01,Metric: Tantan payers; affected: Tantan
MOMO-P4-1149,MOMO,P4,monitor_trigger,assumption,company,Hello Group,overseas_revenue_growth,P4,point_in_time,Global,not_applicable,Green>25%; yellow15%-25%; red<15%,,,text,N/A,H,medium,1,quarterly,P4 monitoring,,2026-08-01,2026-08-01,Metric: Overseas revenue YoY; affected: Overseas
MOMO-P4-1150,MOMO,P4,monitor_trigger,assumption,company,Hello Group,overseas_revenue_share,P4,point_in_time,Global,not_applicable,Green>30%; yellow25%-30%; red<25% after 2026,,,text,N/A,H,medium,1,quarterly,P4 monitoring,,2026-08-01,2026-08-01,Metric: Overseas share; affected: Mix
MOMO-P4-1151,MOMO,P4,monitor_trigger,assumption,company,Hello Group,overseas_margin_proxy,P4,point_in_time,Global,not_applicable,Green>=0%; yellow -5% to0%; red<-5%,,,text,N/A,H,medium,1,quarterly,P4 monitoring,,2026-08-01,2026-08-01,Metric: Other Subsidiaries margin proxy; affected: Profitability
MOMO-P4-1152,MOMO,P4,monitor_trigger,assumption,company,Hello Group,sales_marketing_efficiency,P4,point_in_time,Global,not_applicable,Green <=16% & growth>25%; red >18% & growth<20%,,,text,N/A,H,medium,1,quarterly,P4 monitoring,,2026-08-01,2026-08-01,Metric: S&M ratio/overseas growth; affected: Unit economics
MOMO-P4-1153,MOMO,P4,monitor_trigger,assumption,company,Hello Group,operating_margin,P4,point_in_time,Global,not_applicable,Green>=13%; yellow10%-13%; red<10%,,,text,N/A,H,medium,1,quarterly,P4 monitoring,,2026-08-01,2026-08-01,Metric: Group operating margin; affected: Profitability
MOMO-P4-1154,MOMO,P4,monitor_trigger,assumption,company,Hello Group,core_owner_earnings,P4,point_in_time,Global,not_applicable,Green>=RMB0.95bn; yellow0.70-0.95bn; red<0.70bn,,,text,N/A,H,medium,1,quarterly,P4 monitoring,,2026-08-01,2026-08-01,Metric: Annualized core OE; affected: OE
MOMO-P4-1155,MOMO,P4,monitor_trigger,assumption,company,Hello Group,share_count,P4,point_in_time,Global,not_applicable,Green declines>5%; yellow flat to -5%; red increases,,,text,N/A,H,medium,1,quarterly,P4 monitoring,,2026-08-01,2026-08-01,Metric: Period-end ADS; affected: Per-share
MOMO-P4-1156,MOMO,P4,monitor_trigger,assumption,company,Hello Group,app_pipeline_regulation,P4,point_in_time,Global,not_applicable,Red if two apps -40% or removals expand,,,text,N/A,H,medium,1,quarterly,P4 monitoring,,2026-08-01,2026-08-01,Metric: Tier1/2 app and regulation; affected: Growth probability
MOMO-P4-1157,MOMO,P4,conclusion,conclusion,company,Hello Group,2026_revenue_range,P4,point_in_time,Global,not_applicable,2026E集团收入悲观/基准/乐观约RMB94.5/98.8/103.1亿元,,,text,N/A,H,medium,1,quarterly,P4 synthesis,,2026-08-01,2026-08-01,基准同比-4.7%，不要求H2异常加速
MOMO-P4-1158,MOMO,P4,conclusion,conclusion,company,Hello Group,2026_owner_earnings,P4,point_in_time,Global,not_applicable,2026E核心所有者收益约RMB7.12/9.05/10.87亿元,,,text,N/A,H,medium,1,quarterly,P4 synthesis,,2026-08-01,2026-08-01,基准较2025下降约8%
MOMO-P4-1159,MOMO,P4,conclusion,conclusion,company,Hello Group,overseas_margin_revision,P4,point_in_time,Global,not_applicable,2026海外组合更可能小幅亏损而非已实现5%利润率,,,text,N/A,H,medium,1,quarterly,P4 synthesis,,2026-08-01,2026-08-01,2025代理-8.9%；2026约-6.9%/-2.9%/+1.3%
MOMO-P4-1160,MOMO,P4,conclusion,conclusion,company,Hello Group,base_revenue_path,P4,point_in_time,Global,not_applicable,基准收入2027继续下降，2028-2030逐步稳定,,,text,N/A,H,medium,1,quarterly,P4 synthesis,,2026-08-01,2026-08-01,2030集团收入约RMB96.9亿元
MOMO-P4-1161,MOMO,P4,conclusion,conclusion,company,Hello Group,base_owner_earnings_path,P4,point_in_time,Global,not_applicable,基准核心OE 2027触底后缓慢恢复,,,text,N/A,H,medium,1,quarterly,P4 synthesis,,2026-08-01,2026-08-01,2030约RMB9.70亿元，2035约RMB10.01亿元
MOMO-P4-1162,MOMO,P4,conclusion,conclusion,company,Hello Group,long_term_growth,P4,point_in_time,Global,not_applicable,2031-35集团CAGR约0%/1%/2%,,,text,N/A,H,medium,1,quarterly,P4 synthesis,,2026-08-01,2026-08-01,由海外增长抵消国内下降
MOMO-P4-1163,MOMO,P4,conclusion,conclusion,company,Hello Group,share_count_path,P4,point_in_time,Global,not_applicable,基准期末ADS 2026约138.2m、2030约125.9m、2035约112.9m,,,text,N/A,H,medium,1,quarterly,P4 synthesis,,2026-08-01,2026-08-01,需持续以约25% OE回购
MOMO-P4-1164,MOMO,P4,conclusion,conclusion,company,Hello Group,cash_path,P4,point_in_time,Global,not_applicable,基准NDC 2030约RMB61.9亿元,,,text,N/A,H,medium,1,quarterly,P4 synthesis,,2026-08-01,2026-08-01,取决于战略资本使用控制在收入约2.5%
MOMO-P4-1165,MOMO,P4,conclusion,conclusion,company,Hello Group,bear_case,P4,point_in_time,Global,not_applicable,悲观风险是OE衰减、股本回升和现金消耗,,,text,N/A,H,medium,1,quarterly,P4 synthesis,,2026-08-01,2026-08-01,2030收入约RMB69.1亿元、OE约RMB2.86亿元
MOMO-P4-1166,MOMO,P4,conclusion,conclusion,company,Hello Group,bull_case,P4,point_in_time,Global,not_applicable,乐观需海外盈利、国内稳定和资本纪律同时兑现,,,text,N/A,H,medium,1,quarterly,P4 synthesis,,2026-08-01,2026-08-01,2030收入约RMB126.5亿元、OE约RMB16.90亿元
MOMO-P5-0001,MOMO,P5,research_plan,conclusion,company,Hello Group,P5_operating_assumptions_lock,P5,point_in_time,Global,not_applicable,P5不修改P4收入、利润率、现金和股本路径,,,text,N/A,H,high,1,annual,Framework V3.1 + G4 review,/mnt/data/MOMO_JOYY_WB_低估互联网公司投资调研框架_V3.1_单文件上传版(1).md,2026-08-01,2026-08-01,防止用目标价倒推经营假设
MOMO-P5-0002,MOMO,P5,research_plan,conclusion,company,Hello Group,cash_double_count_rule,P5,point_in_time,Global,not_applicable,经营DCF不包含现金利息，当前净可分配现金只加一次,,,text,N/A,H,high,1,annual,Framework V3.1 + G4 review,/mnt/data/MOMO_JOYY_WB_低估互联网公司投资调研框架_V3.1_单文件上传版(1).md,2026-08-01,2026-08-01,避免现金、利息和投资资产重复估值
MOMO-P5-0003,MOMO,P5,research_plan,conclusion,company,Hello Group,strategic_use_sensitivity,P5,point_in_time,Global,not_applicable,主DCF使用所有者收益，严格FCFE另扣战略资本使用,,,text,N/A,H,high,1,annual,Framework V3.1 + G4 review,/mnt/data/MOMO_JOYY_WB_低估互联网公司投资调研框架_V3.1_单文件上传版(1).md,2026-08-01,2026-08-01,主口径遵循框架；严格口径检验增长投入与资本配置风险
MOMO-P5-0004,MOMO,P5,research_plan,conclusion,company,Hello Group,governance_application,P5,point_in_time,Global,not_applicable,净可分配现金不重复折价，经营价值和折价投资应用治理折价,,,text,N/A,H,high,1,annual,Framework V3.1 + G4 review,/mnt/data/MOMO_JOYY_WB_低估互联网公司投资调研框架_V3.1_单文件上传版(1).md,2026-08-01,2026-08-01,沿用G3规则
MOMO-P5-0005,MOMO,P5,research_plan,conclusion,company,Hello Group,buyback_IRR_interpretation,P5,point_in_time,Global,not_applicable,分红+回购IRR为经济等价股东收益率，实际持有者回购收益体现在终值每股增厚,,,text,N/A,H,high,1,annual,Framework V3.1 + G4 review,/mnt/data/MOMO_JOYY_WB_低估互联网公司投资调研框架_V3.1_单文件上传版(1).md,2026-08-01,2026-08-01,避免把回购现金误当作直接收到的股息
MOMO-P5-0006,MOMO,P5,research_plan,conclusion,company,Hello Group,probability_weights,P5,point_in_time,Global,not_applicable,悲观30%、基准55%、乐观15%,,,text,N/A,H,high,1,annual,Framework V3.1 + G4 review,/mnt/data/MOMO_JOYY_WB_低估互联网公司投资调研框架_V3.1_单文件上传版(1).md,2026-08-01,2026-08-01,低护城河、海外仍亏损使乐观情景不宜高权重
MOMO-P5-0007,MOMO,P5,valuation,fact,company,Hello Group,share_price,2026-08-01,point_in_time,Global,not_applicable,5.99,,,USD/ADS,USD,P,high,1,annual,Nasdaq / company filing / framework,https://www.nasdaq.com/market-activity/stocks/momo,2026-08-01,2026-08-01,Latest market reference at valuation date
MOMO-P5-0008,MOMO,P5,valuation,fact,company,Hello Group,diluted_ADS,2026-08-01,point_in_time,Global,not_applicable,160.661344,,,mn ADS,N/A,A,high,1,annual,Nasdaq / company filing / framework,https://www.sec.gov/Archives/edgar/data/1610601/000119312526252519/d80576dex991.htm,2026-08-01,2026-08-01,Conservative Q1 diluted weighted-average ADS
MOMO-P5-0009,MOMO,P5,valuation,fact,company,Hello Group,FX_rate,2026-08-01,point_in_time,Global,not_applicable,6.898,,,RMB/USD,RMB,A,high,1,annual,Nasdaq / company filing / framework,https://www.sec.gov/Archives/edgar/data/1610601/000119312526252519/d80576dex991.htm,2026-08-01,2026-08-01,Company Q1 release translation rate
MOMO-P5-0010,MOMO,P5,valuation,assumption,company,Hello Group,discount_rate,2026-08-01,point_in_time,Global,not_applicable,0.11,,,%,N/A,H,high,1,annual,Nasdaq / company filing / framework,/mnt/data/MOMO_JOYY_WB_低估互联网公司投资调研框架_V3.1_单文件上传版(1).md,2026-08-01,2026-08-01,Primary owner return requirement
MOMO-P5-0011,MOMO,P5,valuation,assumption,company,Hello Group,scenario_probability,P5,annual,Global,bear,0.3,,,%,N/A,H,medium,1,annual,P5 valuation model,,2026-08-01,2026-08-01,Subjective probability used only for probability-weighted fair value
MOMO-P5-0012,MOMO,P5,valuation,assumption,company,Hello Group,governance_discount,P5,annual,Global,bear,0.25,,,%,N/A,H,medium,1,annual,P5 valuation model,,2026-08-01,2026-08-01,"Applied to operating value and discounted investments, not mobility-adjusted cash"
MOMO-P5-0013,MOMO,P5,valuation,assumption,company,Hello Group,terminal_growth,P5,annual,Global,bear,0.0,,,%,N/A,H,medium,1,annual,P5 valuation model,,2026-08-01,2026-08-01,Matches G4 long-term scenario
MOMO-P5-0014,MOMO,P5,valuation,assumption,company,Hello Group,earnings_capitalization_multiple,P5,annual,Global,bear,6.5,,,x,N/A,H,medium,1,annual,P5 valuation model,,2026-08-01,2026-08-01,"Effective multiple already reflects weak moat, decline and governance"
MOMO-P5-0015,MOMO,P5,valuation,assumption,company,Hello Group,SOTP_dom_multiple,P5,annual,Global,bear,4.0,,,x,N/A,H,medium,0,annual,P5 valuation model,,2026-08-01,2026-08-01,SOTP operating multiple
MOMO-P5-0016,MOMO,P5,valuation,assumption,company,Hello Group,SOTP_tantan_revenue_multiple,P5,annual,Global,bear,0.0,,,x revenue,N/A,H,medium,0,annual,P5 valuation model,,2026-08-01,2026-08-01,SOTP operating multiple
MOMO-P5-0017,MOMO,P5,valuation,assumption,company,Hello Group,SOTP_social_multiple,P5,annual,Global,bear,0.0,,,x,N/A,H,medium,0,annual,P5 valuation model,,2026-08-01,2026-08-01,SOTP operating multiple
MOMO-P5-0018,MOMO,P5,valuation,assumption,company,Hello Group,SOTP_dating_multiple,P5,annual,Global,bear,0.0,,,x,N/A,H,medium,0,annual,P5 valuation model,,2026-08-01,2026-08-01,SOTP operating multiple
MOMO-P5-0019,MOMO,P5,valuation,assumption,company,Hello Group,scenario_probability,P5,annual,Global,base,0.55,,,%,N/A,H,medium,1,annual,P5 valuation model,,2026-08-01,2026-08-01,Subjective probability used only for probability-weighted fair value
MOMO-P5-0020,MOMO,P5,valuation,assumption,company,Hello Group,governance_discount,P5,annual,Global,base,0.18,,,%,N/A,H,medium,1,annual,P5 valuation model,,2026-08-01,2026-08-01,"Applied to operating value and discounted investments, not mobility-adjusted cash"
MOMO-P5-0021,MOMO,P5,valuation,assumption,company,Hello Group,terminal_growth,P5,annual,Global,base,0.01,,,%,N/A,H,medium,1,annual,P5 valuation model,,2026-08-01,2026-08-01,Matches G4 long-term scenario
MOMO-P5-0022,MOMO,P5,valuation,assumption,company,Hello Group,earnings_capitalization_multiple,P5,annual,Global,base,8.0,,,x,N/A,H,medium,1,annual,P5 valuation model,,2026-08-01,2026-08-01,"Effective multiple already reflects weak moat, decline and governance"
MOMO-P5-0023,MOMO,P5,valuation,assumption,company,Hello Group,SOTP_dom_multiple,P5,annual,Global,base,6.0,,,x,N/A,H,medium,0,annual,P5 valuation model,,2026-08-01,2026-08-01,SOTP operating multiple
MOMO-P5-0024,MOMO,P5,valuation,assumption,company,Hello Group,SOTP_tantan_revenue_multiple,P5,annual,Global,base,0.2,,,x revenue,N/A,H,medium,0,annual,P5 valuation model,,2026-08-01,2026-08-01,SOTP operating multiple
MOMO-P5-0025,MOMO,P5,valuation,assumption,company,Hello Group,SOTP_social_multiple,P5,annual,Global,base,10.0,,,x,N/A,H,medium,0,annual,P5 valuation model,,2026-08-01,2026-08-01,SOTP operating multiple
MOMO-P5-0026,MOMO,P5,valuation,assumption,company,Hello Group,SOTP_dating_multiple,P5,annual,Global,base,8.0,,,x,N/A,H,medium,0,annual,P5 valuation model,,2026-08-01,2026-08-01,SOTP operating multiple
MOMO-P5-0027,MOMO,P5,valuation,assumption,company,Hello Group,scenario_probability,P5,annual,Global,bull,0.15,,,%,N/A,H,medium,1,annual,P5 valuation model,,2026-08-01,2026-08-01,Subjective probability used only for probability-weighted fair value
MOMO-P5-0028,MOMO,P5,valuation,assumption,company,Hello Group,governance_discount,P5,annual,Global,bull,0.1,,,%,N/A,H,medium,1,annual,P5 valuation model,,2026-08-01,2026-08-01,"Applied to operating value and discounted investments, not mobility-adjusted cash"
MOMO-P5-0029,MOMO,P5,valuation,assumption,company,Hello Group,terminal_growth,P5,annual,Global,bull,0.02,,,%,N/A,H,medium,1,annual,P5 valuation model,,2026-08-01,2026-08-01,Matches G4 long-term scenario
MOMO-P5-0030,MOMO,P5,valuation,assumption,company,Hello Group,earnings_capitalization_multiple,P5,annual,Global,bull,10.0,,,x,N/A,H,medium,1,annual,P5 valuation model,,2026-08-01,2026-08-01,"Effective multiple already reflects weak moat, decline and governance"
MOMO-P5-0031,MOMO,P5,valuation,assumption,company,Hello Group,SOTP_dom_multiple,P5,annual,Global,bull,8.0,,,x,N/A,H,medium,0,annual,P5 valuation model,,2026-08-01,2026-08-01,SOTP operating multiple
MOMO-P5-0032,MOMO,P5,valuation,assumption,company,Hello Group,SOTP_tantan_revenue_multiple,P5,annual,Global,bull,0.5,,,x revenue,N/A,H,medium,0,annual,P5 valuation model,,2026-08-01,2026-08-01,SOTP operating multiple
MOMO-P5-0033,MOMO,P5,valuation,assumption,company,Hello Group,SOTP_social_multiple,P5,annual,Global,bull,12.0,,,x,N/A,H,medium,0,annual,P5 valuation model,,2026-08-01,2026-08-01,SOTP operating multiple
MOMO-P5-0034,MOMO,P5,valuation,assumption,company,Hello Group,SOTP_dating_multiple,P5,annual,Global,bull,10.0,,,x,N/A,H,medium,0,annual,P5 valuation model,,2026-08-01,2026-08-01,SOTP operating multiple
MOMO-P5-0035,MOMO,P5,valuation,estimate,company,Hello Group,current_fair_price_DCF_OE,2026-08-01,point_in_time,Global,bear,6.057615879685515,,,USD/ADS,USD,E,medium,1,event_driven,P5 valuation model,,2026-08-01,2026-08-01,11% owner-earnings DCF; current NDC plus governance-adjusted investments
MOMO-P5-0036,MOMO,P5,valuation,estimate,company,Hello Group,current_fair_price_DCF_strict,2026-08-01,point_in_time,Global,bear,4.424475007126436,,,USD/ADS,USD,E,medium,1,event_driven,P5 valuation model,,2026-08-01,2026-08-01,DCF after deducting P4 strategic capital use from owner earnings
MOMO-P5-0037,MOMO,P5,valuation,estimate,company,Hello Group,current_fair_price_SOTP,2026-08-01,point_in_time,Global,bear,6.6065447116262215,,,USD/ADS,USD,E,medium,1,event_driven,P5 valuation model,,2026-08-01,2026-08-01,Domestic current earnings plus discounted 2030 overseas earnings and adjusted assets
MOMO-P5-0038,MOMO,P5,valuation,estimate,company,Hello Group,current_fair_price_EarningsCap,2026-08-01,point_in_time,Global,bear,8.182889385150508,,,USD/ADS,USD,E,medium,1,event_driven,P5 valuation model,,2026-08-01,2026-08-01,2026 owner earnings at quality-adjusted multiple plus assets
MOMO-P5-0039,MOMO,P5,valuation,estimate,company,Hello Group,current_fair_price_HardAsset,2026-08-01,point_in_time,Global,bear,4.009458400616737,,,USD/ADS,USD,E,medium,1,event_driven,P5 valuation model,,2026-08-01,2026-08-01,NDC plus governance-adjusted discounted investments; zero operating value
MOMO-P5-0040,MOMO,P5,valuation,estimate,company,Hello Group,current_fair_price_CashflowFloor,2026-08-01,point_in_time,Global,bear,5.454107587570735,,,USD/ADS,USD,E,medium,1,event_driven,P5 valuation model,,2026-08-01,2026-08-01,Hard assets plus low multiple on 2026 owner earnings
MOMO-P5-0041,MOMO,P5,valuation,estimate,company,Hello Group,current_fair_price_Triangulated,2026-08-01,point_in_time,Global,bear,6.214457380575659,,,USD/ADS,USD,E,medium,1,event_driven,P5 valuation model,,2026-08-01,2026-08-01,35% DCF OE + 20% strict DCF + 30% SOTP + 15% earnings capitalization
MOMO-P5-0042,MOMO,P5,fair_price,estimate,company,Hello Group,fair_price,2026-08-01,point_in_time,Global,bear,6.214457380575659,,,USD/ADS,USD,E,medium,1,event_driven,P5 valuation triangulation,,2026-08-01,2026-08-01,Upside versus US$5.99: 3.7%
MOMO-P5-0043,MOMO,P5,valuation,estimate,company,Hello Group,current_fair_price_DCF_OE,2026-08-01,point_in_time,Global,base,11.932132935570307,,,USD/ADS,USD,E,medium,1,event_driven,P5 valuation model,,2026-08-01,2026-08-01,11% owner-earnings DCF; current NDC plus governance-adjusted investments
MOMO-P5-0044,MOMO,P5,valuation,estimate,company,Hello Group,current_fair_price_DCF_strict,2026-08-01,point_in_time,Global,base,10.190746284808586,,,USD/ADS,USD,E,medium,1,event_driven,P5 valuation model,,2026-08-01,2026-08-01,DCF after deducting P4 strategic capital use from owner earnings
MOMO-P5-0045,MOMO,P5,valuation,estimate,company,Hello Group,current_fair_price_SOTP,2026-08-01,point_in_time,Global,base,11.468657274293227,,,USD/ADS,USD,E,medium,1,event_driven,P5 valuation model,,2026-08-01,2026-08-01,Domestic current earnings plus discounted 2030 overseas earnings and adjusted assets
MOMO-P5-0046,MOMO,P5,valuation,estimate,company,Hello Group,current_fair_price_EarningsCap,2026-08-01,point_in_time,Global,base,11.733108954406699,,,USD/ADS,USD,E,medium,1,event_driven,P5 valuation model,,2026-08-01,2026-08-01,2026 owner earnings at quality-adjusted multiple plus assets
MOMO-P5-0047,MOMO,P5,valuation,estimate,company,Hello Group,current_fair_price_HardAsset,2026-08-01,point_in_time,Global,base,5.20214921954149,,,USD/ADS,USD,E,medium,1,event_driven,P5 valuation model,,2026-08-01,2026-08-01,NDC plus governance-adjusted discounted investments; zero operating value
MOMO-P5-0048,MOMO,P5,valuation,estimate,company,Hello Group,current_fair_price_CashflowFloor,2026-08-01,point_in_time,Global,base,7.879842710836226,,,USD/ADS,USD,E,medium,1,event_driven,P5 valuation model,,2026-08-01,2026-08-01,Hard assets plus low multiple on 2026 owner earnings
MOMO-P5-0049,MOMO,P5,valuation,estimate,company,Hello Group,current_fair_price_Triangulated,2026-08-01,point_in_time,Global,base,11.414959309860297,,,USD/ADS,USD,E,medium,1,event_driven,P5 valuation model,,2026-08-01,2026-08-01,35% DCF OE + 20% strict DCF + 30% SOTP + 15% earnings capitalization
MOMO-P5-0050,MOMO,P5,fair_price,estimate,company,Hello Group,fair_price,2026-08-01,point_in_time,Global,base,11.414959309860297,,,USD/ADS,USD,E,medium,1,event_driven,P5 valuation triangulation,,2026-08-01,2026-08-01,Upside versus US$5.99: 90.6%
MOMO-P5-0051,MOMO,P5,valuation,estimate,company,Hello Group,current_fair_price_DCF_OE,2026-08-01,point_in_time,Global,bull,19.745198793976726,,,USD/ADS,USD,E,medium,1,event_driven,P5 valuation model,,2026-08-01,2026-08-01,11% owner-earnings DCF; current NDC plus governance-adjusted investments
MOMO-P5-0052,MOMO,P5,valuation,estimate,company,Hello Group,current_fair_price_DCF_strict,2026-08-01,point_in_time,Global,bull,17.220545164460447,,,USD/ADS,USD,E,medium,1,event_driven,P5 valuation model,,2026-08-01,2026-08-01,DCF after deducting P4 strategic capital use from owner earnings
MOMO-P5-0053,MOMO,P5,valuation,estimate,company,Hello Group,current_fair_price_SOTP,2026-08-01,point_in_time,Global,bull,18.310818563535438,,,USD/ADS,USD,E,medium,1,event_driven,P5 valuation model,,2026-08-01,2026-08-01,Domestic current earnings plus discounted 2030 overseas earnings and adjusted assets
MOMO-P5-0054,MOMO,P5,valuation,estimate,company,Hello Group,current_fair_price_EarningsCap,2026-08-01,point_in_time,Global,bull,16.18791751854023,,,USD/ADS,USD,E,medium,1,event_driven,P5 valuation model,,2026-08-01,2026-08-01,2026 owner earnings at quality-adjusted multiple plus assets
MOMO-P5-0055,MOMO,P5,valuation,estimate,company,Hello Group,current_fair_price_HardAsset,2026-08-01,point_in_time,Global,bull,6.382631513072609,,,USD/ADS,USD,E,medium,1,event_driven,P5 valuation model,,2026-08-01,2026-08-01,NDC plus governance-adjusted discounted investments; zero operating value
MOMO-P5-0056,MOMO,P5,valuation,estimate,company,Hello Group,current_fair_price_CashflowFloor,2026-08-01,point_in_time,Global,bull,10.79501021553304,,,USD/ADS,USD,E,medium,1,event_driven,P5 valuation model,,2026-08-01,2026-08-01,Hard assets plus low multiple on 2026 owner earnings
MOMO-P5-0057,MOMO,P5,valuation,estimate,company,Hello Group,current_fair_price_Triangulated,2026-08-01,point_in_time,Global,bull,18.27636180762561,,,USD/ADS,USD,E,medium,1,event_driven,P5 valuation model,,2026-08-01,2026-08-01,35% DCF OE + 20% strict DCF + 30% SOTP + 15% earnings capitalization
MOMO-P5-0058,MOMO,P5,fair_price,estimate,company,Hello Group,fair_price,2026-08-01,point_in_time,Global,bull,18.27636180762561,,,USD/ADS,USD,E,medium,1,event_driven,P5 valuation triangulation,,2026-08-01,2026-08-01,Upside versus US$5.99: 205.1%
MOMO-P5-0059,MOMO,P5,fair_price,estimate,company,Hello Group,probability_weighted_fair_price,2026-08-01,point_in_time,Global,probability_weighted,10.884019105739704,,,USD/ADS,USD,E,medium,1,event_driven,P5 probability weighting,,2026-08-01,2026-08-01,30% bear + 55% base + 15% bull
MOMO-P5-0060,MOMO,P5,fair_price,estimate,company,Hello Group,probability_weighted_upside,2026-08-01,point_in_time,Global,probability_weighted,0.817031570240351,,,%,N/A,E,medium,1,event_driven,P5 probability weighting,,2026-08-01,2026-08-01,Probability-weighted fair price versus current reference price
MOMO-P5-0061,MOMO,P5,valuation,estimate,company,Hello Group,DCF_OE_9%_terminal_0%,2026-08-01,point_in_time,Global,bear,6.37884030047712,,,USD/ADS,USD,E,medium,0,event_driven,P5 DCF sensitivity,,2026-08-01,2026-08-01,Owner-earnings DCF sensitivity; includes current NDC and adjusted investments
MOMO-P5-0062,MOMO,P5,valuation,estimate,company,Hello Group,DCF_OE_9%_terminal_1%,2026-08-01,point_in_time,Global,bear,6.469642305293343,,,USD/ADS,USD,E,medium,0,event_driven,P5 DCF sensitivity,,2026-08-01,2026-08-01,Owner-earnings DCF sensitivity; includes current NDC and adjusted investments
MOMO-P5-0063,MOMO,P5,valuation,estimate,company,Hello Group,DCF_OE_9%_terminal_2%,2026-08-01,point_in_time,Global,bear,6.58638774005706,,,USD/ADS,USD,E,medium,0,event_driven,P5 DCF sensitivity,,2026-08-01,2026-08-01,Owner-earnings DCF sensitivity; includes current NDC and adjusted investments
MOMO-P5-0064,MOMO,P5,valuation,estimate,company,Hello Group,DCF_OE_11%_terminal_0%,2026-08-01,point_in_time,Global,bear,6.057615879685515,,,USD/ADS,USD,E,medium,0,event_driven,P5 DCF sensitivity,,2026-08-01,2026-08-01,Owner-earnings DCF sensitivity; includes current NDC and adjusted investments
MOMO-P5-0065,MOMO,P5,valuation,estimate,company,Hello Group,DCF_OE_11%_terminal_1%,2026-08-01,point_in_time,Global,bear,6.10807816573169,,,USD/ADS,USD,E,medium,0,event_driven,P5 DCF sensitivity,,2026-08-01,2026-08-01,Owner-earnings DCF sensitivity; includes current NDC and adjusted investments
MOMO-P5-0066,MOMO,P5,valuation,estimate,company,Hello Group,DCF_OE_11%_terminal_2%,2026-08-01,point_in_time,Global,bear,6.16975429312146,,,USD/ADS,USD,E,medium,0,event_driven,P5 DCF sensitivity,,2026-08-01,2026-08-01,Owner-earnings DCF sensitivity; includes current NDC and adjusted investments
MOMO-P5-0067,MOMO,P5,valuation,estimate,company,Hello Group,DCF_OE_13%_terminal_0%,2026-08-01,point_in_time,Global,bear,5.827412468358525,,,USD/ADS,USD,E,medium,0,event_driven,P5 DCF sensitivity,,2026-08-01,2026-08-01,Owner-earnings DCF sensitivity; includes current NDC and adjusted investments
MOMO-P5-0068,MOMO,P5,valuation,estimate,company,Hello Group,DCF_OE_13%_terminal_1%,2026-08-01,point_in_time,Global,bear,5.8577119937351565,,,USD/ADS,USD,E,medium,0,event_driven,P5 DCF sensitivity,,2026-08-01,2026-08-01,Owner-earnings DCF sensitivity; includes current NDC and adjusted investments
MOMO-P5-0069,MOMO,P5,valuation,estimate,company,Hello Group,DCF_OE_13%_terminal_2%,2026-08-01,point_in_time,Global,bear,5.893520523725723,,,USD/ADS,USD,E,medium,0,event_driven,P5 DCF sensitivity,,2026-08-01,2026-08-01,Owner-earnings DCF sensitivity; includes current NDC and adjusted investments
MOMO-P5-0070,MOMO,P5,valuation,estimate,company,Hello Group,DCF_OE_9%_terminal_0%,2026-08-01,point_in_time,Global,base,13.151532394831815,,,USD/ADS,USD,E,medium,0,event_driven,P5 DCF sensitivity,,2026-08-01,2026-08-01,Owner-earnings DCF sensitivity; includes current NDC and adjusted investments
MOMO-P5-0071,MOMO,P5,valuation,estimate,company,Hello Group,DCF_OE_9%_terminal_1%,2026-08-01,point_in_time,Global,base,13.625179298115691,,,USD/ADS,USD,E,medium,0,event_driven,P5 DCF sensitivity,,2026-08-01,2026-08-01,Owner-earnings DCF sensitivity; includes current NDC and adjusted investments
MOMO-P5-0072,MOMO,P5,valuation,estimate,company,Hello Group,DCF_OE_9%_terminal_2%,2026-08-01,point_in_time,Global,base,14.234153888052106,,,USD/ADS,USD,E,medium,0,event_driven,P5 DCF sensitivity,,2026-08-01,2026-08-01,Owner-earnings DCF sensitivity; includes current NDC and adjusted investments
MOMO-P5-0073,MOMO,P5,valuation,estimate,company,Hello Group,DCF_OE_11%_terminal_0%,2026-08-01,point_in_time,Global,base,11.668908510440374,,,USD/ADS,USD,E,medium,0,event_driven,P5 DCF sensitivity,,2026-08-01,2026-08-01,Owner-earnings DCF sensitivity; includes current NDC and adjusted investments
MOMO-P5-0074,MOMO,P5,valuation,estimate,company,Hello Group,DCF_OE_11%_terminal_1%,2026-08-01,point_in_time,Global,base,11.932132935570307,,,USD/ADS,USD,E,medium,0,event_driven,P5 DCF sensitivity,,2026-08-01,2026-08-01,Owner-earnings DCF sensitivity; includes current NDC and adjusted investments
MOMO-P5-0075,MOMO,P5,valuation,estimate,company,Hello Group,DCF_OE_11%_terminal_2%,2026-08-01,point_in_time,Global,base,12.253851677395781,,,USD/ADS,USD,E,medium,0,event_driven,P5 DCF sensitivity,,2026-08-01,2026-08-01,Owner-earnings DCF sensitivity; includes current NDC and adjusted investments
MOMO-P5-0076,MOMO,P5,valuation,estimate,company,Hello Group,DCF_OE_13%_terminal_0%,2026-08-01,point_in_time,Global,base,10.645574262654623,,,USD/ADS,USD,E,medium,0,event_driven,P5 DCF sensitivity,,2026-08-01,2026-08-01,Owner-earnings DCF sensitivity; includes current NDC and adjusted investments
MOMO-P5-0077,MOMO,P5,valuation,estimate,company,Hello Group,DCF_OE_13%_terminal_1%,2026-08-01,point_in_time,Global,base,10.803624477456147,,,USD/ADS,USD,E,medium,0,event_driven,P5 DCF sensitivity,,2026-08-01,2026-08-01,Owner-earnings DCF sensitivity; includes current NDC and adjusted investments
MOMO-P5-0078,MOMO,P5,valuation,estimate,company,Hello Group,DCF_OE_13%_terminal_2%,2026-08-01,point_in_time,Global,base,10.99041109494885,,,USD/ADS,USD,E,medium,0,event_driven,P5 DCF sensitivity,,2026-08-01,2026-08-01,Owner-earnings DCF sensitivity; includes current NDC and adjusted investments
MOMO-P5-0079,MOMO,P5,valuation,estimate,company,Hello Group,DCF_OE_9%_terminal_0%,2026-08-01,point_in_time,Global,bull,21.54377792160433,,,USD/ADS,USD,E,medium,0,event_driven,P5 DCF sensitivity,,2026-08-01,2026-08-01,Owner-earnings DCF sensitivity; includes current NDC and adjusted investments
MOMO-P5-0080,MOMO,P5,valuation,estimate,company,Hello Group,DCF_OE_9%_terminal_1%,2026-08-01,point_in_time,Global,bull,22.52312689869218,,,USD/ADS,USD,E,medium,0,event_driven,P5 DCF sensitivity,,2026-08-01,2026-08-01,Owner-earnings DCF sensitivity; includes current NDC and adjusted investments
MOMO-P5-0081,MOMO,P5,valuation,estimate,company,Hello Group,DCF_OE_9%_terminal_2%,2026-08-01,point_in_time,Global,bull,23.782289869233708,,,USD/ADS,USD,E,medium,0,event_driven,P5 DCF sensitivity,,2026-08-01,2026-08-01,Owner-earnings DCF sensitivity; includes current NDC and adjusted investments
MOMO-P5-0082,MOMO,P5,valuation,estimate,company,Hello Group,DCF_OE_11%_terminal_0%,2026-08-01,point_in_time,Global,bull,18.535725052587217,,,USD/ADS,USD,E,medium,0,event_driven,P5 DCF sensitivity,,2026-08-01,2026-08-01,Owner-earnings DCF sensitivity; includes current NDC and adjusted investments
MOMO-P5-0083,MOMO,P5,valuation,estimate,company,Hello Group,DCF_OE_11%_terminal_1%,2026-08-01,point_in_time,Global,bull,19.079988236212497,,,USD/ADS,USD,E,medium,0,event_driven,P5 DCF sensitivity,,2026-08-01,2026-08-01,Owner-earnings DCF sensitivity; includes current NDC and adjusted investments
MOMO-P5-0084,MOMO,P5,valuation,estimate,company,Hello Group,DCF_OE_11%_terminal_2%,2026-08-01,point_in_time,Global,bull,19.745198793976726,,,USD/ADS,USD,E,medium,0,event_driven,P5 DCF sensitivity,,2026-08-01,2026-08-01,Owner-earnings DCF sensitivity; includes current NDC and adjusted investments
MOMO-P5-0085,MOMO,P5,valuation,estimate,company,Hello Group,DCF_OE_13%_terminal_0%,2026-08-01,point_in_time,Global,bull,16.472683991497764,,,USD/ADS,USD,E,medium,0,event_driven,P5 DCF sensitivity,,2026-08-01,2026-08-01,Owner-earnings DCF sensitivity; includes current NDC and adjusted investments
MOMO-P5-0086,MOMO,P5,valuation,estimate,company,Hello Group,DCF_OE_13%_terminal_1%,2026-08-01,point_in_time,Global,bull,16.799480841896706,,,USD/ADS,USD,E,medium,0,event_driven,P5 DCF sensitivity,,2026-08-01,2026-08-01,Owner-earnings DCF sensitivity; includes current NDC and adjusted investments
MOMO-P5-0087,MOMO,P5,valuation,estimate,company,Hello Group,DCF_OE_13%_terminal_2%,2026-08-01,point_in_time,Global,bull,17.1856953014591,,,USD/ADS,USD,E,medium,0,event_driven,P5 DCF sensitivity,,2026-08-01,2026-08-01,Owner-earnings DCF sensitivity; includes current NDC and adjusted investments
MOMO-P5-0088,MOMO,P5,fair_price,estimate,company,Hello Group,year_end_fair_price,2026E,annual,Global,bear,6.779259386747763,,,USD/ADS,USD,E,medium,1,annual,P5 dynamic valuation,,2026-08-01,2026-08-01,"Year-end triangulated value using locked P4 operations, year-end cash/investments and period-end ADS"
MOMO-P5-0089,MOMO,P5,fair_price,estimate,company,Hello Group,year_end_fair_price,2026E,annual,Global,base,13.31393356907172,,,USD/ADS,USD,E,medium,1,annual,P5 dynamic valuation,,2026-08-01,2026-08-01,"Year-end triangulated value using locked P4 operations, year-end cash/investments and period-end ADS"
MOMO-P5-0090,MOMO,P5,fair_price,estimate,company,Hello Group,year_end_fair_price,2026E,annual,Global,bull,22.099548947081384,,,USD/ADS,USD,E,medium,1,annual,P5 dynamic valuation,,2026-08-01,2026-08-01,"Year-end triangulated value using locked P4 operations, year-end cash/investments and period-end ADS"
MOMO-P5-0091,MOMO,P5,fair_price,estimate,company,Hello Group,probability_weighted_year_end_fair_price,2026E,annual,Global,probability_weighted,12.671373621075983,,,USD/ADS,USD,E,medium,1,annual,P5 probability weighting,,2026-08-01,2026-08-01,30% bear + 55% base + 15% bull
MOMO-P5-0092,MOMO,P5,fair_price,estimate,company,Hello Group,year_end_fair_price,2027E,annual,Global,bear,6.378260157268865,,,USD/ADS,USD,E,medium,1,annual,P5 dynamic valuation,,2026-08-01,2026-08-01,"Year-end triangulated value using locked P4 operations, year-end cash/investments and period-end ADS"
MOMO-P5-0093,MOMO,P5,fair_price,estimate,company,Hello Group,year_end_fair_price,2027E,annual,Global,base,13.787050122332596,,,USD/ADS,USD,E,medium,1,annual,P5 dynamic valuation,,2026-08-01,2026-08-01,"Year-end triangulated value using locked P4 operations, year-end cash/investments and period-end ADS"
MOMO-P5-0094,MOMO,P5,fair_price,estimate,company,Hello Group,year_end_fair_price,2027E,annual,Global,bull,24.120139499531597,,,USD/ADS,USD,E,medium,1,annual,P5 dynamic valuation,,2026-08-01,2026-08-01,"Year-end triangulated value using locked P4 operations, year-end cash/investments and period-end ADS"
MOMO-P5-0095,MOMO,P5,fair_price,estimate,company,Hello Group,probability_weighted_year_end_fair_price,2027E,annual,Global,probability_weighted,13.114376539393328,,,USD/ADS,USD,E,medium,1,annual,P5 probability weighting,,2026-08-01,2026-08-01,30% bear + 55% base + 15% bull
MOMO-P5-0096,MOMO,P5,fair_price,estimate,company,Hello Group,year_end_fair_price,2028E,annual,Global,bear,6.079037469431351,,,USD/ADS,USD,E,medium,1,annual,P5 dynamic valuation,,2026-08-01,2026-08-01,"Year-end triangulated value using locked P4 operations, year-end cash/investments and period-end ADS"
MOMO-P5-0097,MOMO,P5,fair_price,estimate,company,Hello Group,year_end_fair_price,2028E,annual,Global,base,14.411504385584518,,,USD/ADS,USD,E,medium,1,annual,P5 dynamic valuation,,2026-08-01,2026-08-01,"Year-end triangulated value using locked P4 operations, year-end cash/investments and period-end ADS"
MOMO-P5-0098,MOMO,P5,fair_price,estimate,company,Hello Group,year_end_fair_price,2028E,annual,Global,bull,26.40888567191046,,,USD/ADS,USD,E,medium,1,annual,P5 dynamic valuation,,2026-08-01,2026-08-01,"Year-end triangulated value using locked P4 operations, year-end cash/investments and period-end ADS"
MOMO-P5-0099,MOMO,P5,fair_price,estimate,company,Hello Group,probability_weighted_year_end_fair_price,2028E,annual,Global,probability_weighted,13.71137150368746,,,USD/ADS,USD,E,medium,1,annual,P5 probability weighting,,2026-08-01,2026-08-01,30% bear + 55% base + 15% bull
MOMO-P5-0100,MOMO,P5,fair_price,estimate,company,Hello Group,year_end_fair_price,2029E,annual,Global,bear,5.8120746097407405,,,USD/ADS,USD,E,medium,1,annual,P5 dynamic valuation,,2026-08-01,2026-08-01,"Year-end triangulated value using locked P4 operations, year-end cash/investments and period-end ADS"
MOMO-P5-0101,MOMO,P5,fair_price,estimate,company,Hello Group,year_end_fair_price,2029E,annual,Global,base,15.161310994971966,,,USD/ADS,USD,E,medium,1,annual,P5 dynamic valuation,,2026-08-01,2026-08-01,"Year-end triangulated value using locked P4 operations, year-end cash/investments and period-end ADS"
MOMO-P5-0102,MOMO,P5,fair_price,estimate,company,Hello Group,year_end_fair_price,2029E,annual,Global,bull,29.196096961222903,,,USD/ADS,USD,E,medium,1,annual,P5 dynamic valuation,,2026-08-01,2026-08-01,"Year-end triangulated value using locked P4 operations, year-end cash/investments and period-end ADS"
MOMO-P5-0103,MOMO,P5,fair_price,estimate,company,Hello Group,probability_weighted_year_end_fair_price,2029E,annual,Global,probability_weighted,14.46175797434024,,,USD/ADS,USD,E,medium,1,annual,P5 probability weighting,,2026-08-01,2026-08-01,30% bear + 55% base + 15% bull
MOMO-P5-0104,MOMO,P5,fair_price,estimate,company,Hello Group,year_end_fair_price,2030E,annual,Global,bear,5.566300805980271,,,USD/ADS,USD,E,medium,1,annual,P5 dynamic valuation,,2026-08-01,2026-08-01,"Year-end triangulated value using locked P4 operations, year-end cash/investments and period-end ADS"
MOMO-P5-0105,MOMO,P5,fair_price,estimate,company,Hello Group,year_end_fair_price,2030E,annual,Global,base,15.99209699431871,,,USD/ADS,USD,E,medium,1,annual,P5 dynamic valuation,,2026-08-01,2026-08-01,"Year-end triangulated value using locked P4 operations, year-end cash/investments and period-end ADS"
MOMO-P5-0106,MOMO,P5,fair_price,estimate,company,Hello Group,year_end_fair_price,2030E,annual,Global,bull,32.42448191981881,,,USD/ADS,USD,E,medium,1,annual,P5 dynamic valuation,,2026-08-01,2026-08-01,"Year-end triangulated value using locked P4 operations, year-end cash/investments and period-end ADS"
MOMO-P5-0107,MOMO,P5,fair_price,estimate,company,Hello Group,probability_weighted_year_end_fair_price,2030E,annual,Global,probability_weighted,15.329215876642193,,,USD/ADS,USD,E,medium,1,annual,P5 probability weighting,,2026-08-01,2026-08-01,30% bear + 55% base + 15% bull
MOMO-P5-0108,MOMO,P5,fair_price,estimate,company,Hello Group,year_end_fair_price,2031E,annual,Global,bear,5.413516979661951,,,USD/ADS,USD,E,low,1,annual,P5 dynamic valuation,,2026-08-01,2026-08-01,"Year-end triangulated value using locked P4 operations, year-end cash/investments and period-end ADS"
MOMO-P5-0109,MOMO,P5,fair_price,estimate,company,Hello Group,year_end_fair_price,2031E,annual,Global,base,16.89165062526103,,,USD/ADS,USD,E,low,1,annual,P5 dynamic valuation,,2026-08-01,2026-08-01,"Year-end triangulated value using locked P4 operations, year-end cash/investments and period-end ADS"
MOMO-P5-0110,MOMO,P5,fair_price,estimate,company,Hello Group,year_end_fair_price,2031E,annual,Global,bull,35.83150997753957,,,USD/ADS,USD,E,low,1,annual,P5 dynamic valuation,,2026-08-01,2026-08-01,"Year-end triangulated value using locked P4 operations, year-end cash/investments and period-end ADS"
MOMO-P5-0111,MOMO,P5,fair_price,estimate,company,Hello Group,probability_weighted_year_end_fair_price,2031E,annual,Global,probability_weighted,16.289189434423086,,,USD/ADS,USD,E,low,1,annual,P5 probability weighting,,2026-08-01,2026-08-01,30% bear + 55% base + 15% bull
MOMO-P5-0112,MOMO,P5,fair_price,estimate,company,Hello Group,year_end_fair_price,2032E,annual,Global,bear,5.277136329752462,,,USD/ADS,USD,E,low,1,annual,P5 dynamic valuation,,2026-08-01,2026-08-01,"Year-end triangulated value using locked P4 operations, year-end cash/investments and period-end ADS"
MOMO-P5-0113,MOMO,P5,fair_price,estimate,company,Hello Group,year_end_fair_price,2032E,annual,Global,base,17.750197593924458,,,USD/ADS,USD,E,low,1,annual,P5 dynamic valuation,,2026-08-01,2026-08-01,"Year-end triangulated value using locked P4 operations, year-end cash/investments and period-end ADS"
MOMO-P5-0114,MOMO,P5,fair_price,estimate,company,Hello Group,year_end_fair_price,2032E,annual,Global,bull,39.23099146163362,,,USD/ADS,USD,E,low,1,annual,P5 dynamic valuation,,2026-08-01,2026-08-01,"Year-end triangulated value using locked P4 operations, year-end cash/investments and period-end ADS"
MOMO-P5-0115,MOMO,P5,fair_price,estimate,company,Hello Group,probability_weighted_year_end_fair_price,2032E,annual,Global,probability_weighted,17.230398294829236,,,USD/ADS,USD,E,low,1,annual,P5 probability weighting,,2026-08-01,2026-08-01,30% bear + 55% base + 15% bull
MOMO-P5-0116,MOMO,P5,fair_price,estimate,company,Hello Group,year_end_fair_price,2033E,annual,Global,bear,5.13949149631833,,,USD/ADS,USD,E,low,1,annual,P5 dynamic valuation,,2026-08-01,2026-08-01,"Year-end triangulated value using locked P4 operations, year-end cash/investments and period-end ADS"
MOMO-P5-0117,MOMO,P5,fair_price,estimate,company,Hello Group,year_end_fair_price,2033E,annual,Global,base,18.639379521482066,,,USD/ADS,USD,E,low,1,annual,P5 dynamic valuation,,2026-08-01,2026-08-01,"Year-end triangulated value using locked P4 operations, year-end cash/investments and period-end ADS"
MOMO-P5-0118,MOMO,P5,fair_price,estimate,company,Hello Group,year_end_fair_price,2033E,annual,Global,bull,42.92972595810227,,,USD/ADS,USD,E,low,1,annual,P5 dynamic valuation,,2026-08-01,2026-08-01,"Year-end triangulated value using locked P4 operations, year-end cash/investments and period-end ADS"
MOMO-P5-0119,MOMO,P5,fair_price,estimate,company,Hello Group,probability_weighted_year_end_fair_price,2033E,annual,Global,probability_weighted,18.232965079425977,,,USD/ADS,USD,E,low,1,annual,P5 probability weighting,,2026-08-01,2026-08-01,30% bear + 55% base + 15% bull
MOMO-P5-0120,MOMO,P5,fair_price,estimate,company,Hello Group,year_end_fair_price,2034E,annual,Global,bear,5.000526042459783,,,USD/ADS,USD,E,low,1,annual,P5 dynamic valuation,,2026-08-01,2026-08-01,"Year-end triangulated value using locked P4 operations, year-end cash/investments and period-end ADS"
MOMO-P5-0121,MOMO,P5,fair_price,estimate,company,Hello Group,year_end_fair_price,2034E,annual,Global,base,19.560052205164048,,,USD/ADS,USD,E,low,1,annual,P5 dynamic valuation,,2026-08-01,2026-08-01,"Year-end triangulated value using locked P4 operations, year-end cash/investments and period-end ADS"
MOMO-P5-0122,MOMO,P5,fair_price,estimate,company,Hello Group,year_end_fair_price,2034E,annual,Global,bull,46.95053836290322,,,USD/ADS,USD,E,low,1,annual,P5 dynamic valuation,,2026-08-01,2026-08-01,"Year-end triangulated value using locked P4 operations, year-end cash/investments and period-end ADS"
MOMO-P5-0123,MOMO,P5,fair_price,estimate,company,Hello Group,probability_weighted_year_end_fair_price,2034E,annual,Global,probability_weighted,19.300767280013645,,,USD/ADS,USD,E,low,1,annual,P5 probability weighting,,2026-08-01,2026-08-01,30% bear + 55% base + 15% bull
MOMO-P5-0124,MOMO,P5,fair_price,estimate,company,Hello Group,year_end_fair_price,2035E,annual,Global,bear,4.860238116512792,,,USD/ADS,USD,E,low,1,annual,P5 dynamic valuation,,2026-08-01,2026-08-01,"Year-end triangulated value using locked P4 operations, year-end cash/investments and period-end ADS"
MOMO-P5-0125,MOMO,P5,fair_price,estimate,company,Hello Group,year_end_fair_price,2035E,annual,Global,base,20.513117131544625,,,USD/ADS,USD,E,low,1,annual,P5 dynamic valuation,,2026-08-01,2026-08-01,"Year-end triangulated value using locked P4 operations, year-end cash/investments and period-end ADS"
MOMO-P5-0126,MOMO,P5,fair_price,estimate,company,Hello Group,year_end_fair_price,2035E,annual,Global,bull,51.31746288347733,,,USD/ADS,USD,E,low,1,annual,P5 dynamic valuation,,2026-08-01,2026-08-01,"Year-end triangulated value using locked P4 operations, year-end cash/investments and period-end ADS"
MOMO-P5-0127,MOMO,P5,fair_price,estimate,company,Hello Group,probability_weighted_year_end_fair_price,2035E,annual,Global,probability_weighted,20.437905289824982,,,USD/ADS,USD,E,low,1,annual,P5 probability weighting,,2026-08-01,2026-08-01,30% bear + 55% base + 15% bull
MOMO-P5-0128,MOMO,P5,irr,estimate,company,Hello Group,dividend_only_IRR,2026-2027,annual,Global,bear,0.018276156195212723,,,%,N/A,E,medium,1,annual,P5 IRR model,,2026-08-01,2026-08-01,Forecast dividends plus unchanged US$5.99 terminal price
MOMO-P5-0129,MOMO,P5,irr,estimate,company,Hello Group,dividend_plus_buyback_equivalent_IRR,2026-2027,annual,Global,bear,0.027414234292819195,,,%,N/A,E,medium,1,annual,P5 IRR model,,2026-08-01,2026-08-01,Treats buyback cash/average ADS as economic-equivalent shareholder distribution; not direct holder cash
MOMO-P5-0130,MOMO,P5,irr,estimate,company,Hello Group,full_shareholder_IRR,2026-2027,annual,Global,bear,0.08309421250053228,,,%,N/A,E,medium,1,annual,P5 IRR model,,2026-08-01,2026-08-01,Actual dividends plus scenario year-end triangulated fair price; buyback benefit embedded in share count
MOMO-P5-0131,MOMO,P5,irr,estimate,company,Hello Group,terminal_fair_price,2027E,annual,Global,bear,6.378260157268865,,,USD/ADS,USD,E,medium,0,annual,P5 IRR model,,2026-08-01,2026-08-01,Terminal price used in full shareholder IRR
MOMO-P5-0132,MOMO,P5,irr,estimate,company,Hello Group,dividend_only_IRR,2026-2027,annual,Global,base,0.046362957648600656,,,%,N/A,E,medium,1,annual,P5 IRR model,,2026-08-01,2026-08-01,Forecast dividends plus unchanged US$5.99 terminal price
MOMO-P5-0133,MOMO,P5,irr,estimate,company,Hello Group,dividend_plus_buyback_equivalent_IRR,2026-2027,annual,Global,base,0.08499875568910098,,,%,N/A,E,medium,1,annual,P5 IRR model,,2026-08-01,2026-08-01,Treats buyback cash/average ADS as economic-equivalent shareholder distribution; not direct holder cash
MOMO-P5-0134,MOMO,P5,irr,estimate,company,Hello Group,full_shareholder_IRR,2026-2027,annual,Global,base,1.3480407743986165,,,%,N/A,E,medium,1,annual,P5 IRR model,,2026-08-01,2026-08-01,Actual dividends plus scenario year-end triangulated fair price; buyback benefit embedded in share count
MOMO-P5-0135,MOMO,P5,irr,estimate,company,Hello Group,terminal_fair_price,2027E,annual,Global,base,13.787050122332596,,,USD/ADS,USD,E,medium,0,annual,P5 IRR model,,2026-08-01,2026-08-01,Terminal price used in full shareholder IRR
MOMO-P5-0136,MOMO,P5,irr,estimate,company,Hello Group,dividend_only_IRR,2026-2027,annual,Global,bull,0.07713380890867083,,,%,N/A,E,medium,1,annual,P5 IRR model,,2026-08-01,2026-08-01,Forecast dividends plus unchanged US$5.99 terminal price
MOMO-P5-0137,MOMO,P5,irr,estimate,company,Hello Group,dividend_plus_buyback_equivalent_IRR,2026-2027,annual,Global,bull,0.14324850225896024,,,%,N/A,E,medium,1,annual,P5 IRR model,,2026-08-01,2026-08-01,Treats buyback cash/average ADS as economic-equivalent shareholder distribution; not direct holder cash
MOMO-P5-0138,MOMO,P5,irr,estimate,company,Hello Group,full_shareholder_IRR,2026-2027,annual,Global,bull,3.1038682829540125,,,%,N/A,E,medium,1,annual,P5 IRR model,,2026-08-01,2026-08-01,Actual dividends plus scenario year-end triangulated fair price; buyback benefit embedded in share count
MOMO-P5-0139,MOMO,P5,irr,estimate,company,Hello Group,terminal_fair_price,2027E,annual,Global,bull,24.120139499531597,,,USD/ADS,USD,E,medium,0,annual,P5 IRR model,,2026-08-01,2026-08-01,Terminal price used in full shareholder IRR
MOMO-P5-0140,MOMO,P5,irr,estimate,company,Hello Group,probability_weighted_dividend_only_IRR,2026-2027,annual,Global,probability_weighted,0.04255254490159488,,,%,N/A,E,medium,1,annual,P5 probability-weighted IRR,,2026-08-01,2026-08-01,Probability-weighted scenario cash flows
MOMO-P5-0141,MOMO,P5,irr,estimate,company,Hello Group,probability_weighted_dividend_plus_buyback_equivalent_IRR,2026-2027,annual,Global,probability_weighted,0.07646086125569518,,,%,N/A,E,medium,1,annual,P5 probability-weighted IRR,,2026-08-01,2026-08-01,Probability-weighted scenario cash flows
MOMO-P5-0142,MOMO,P5,irr,estimate,company,Hello Group,probability_weighted_full_shareholder_IRR,2026-2027,annual,Global,probability_weighted,1.2319309321125007,,,%,N/A,E,medium,1,annual,P5 probability-weighted IRR,,2026-08-01,2026-08-01,Probability-weighted scenario cash flows
MOMO-P5-0143,MOMO,P5,irr,estimate,company,Hello Group,dividend_only_IRR,2026-2028,annual,Global,bear,0.016615078366827074,,,%,N/A,E,medium,1,annual,P5 IRR model,,2026-08-01,2026-08-01,Forecast dividends plus unchanged US$5.99 terminal price
MOMO-P5-0144,MOMO,P5,irr,estimate,company,Hello Group,dividend_plus_buyback_equivalent_IRR,2026-2028,annual,Global,bear,0.024932852311752907,,,%,N/A,E,medium,1,annual,P5 IRR model,,2026-08-01,2026-08-01,Treats buyback cash/average ADS as economic-equivalent shareholder distribution; not direct holder cash
MOMO-P5-0145,MOMO,P5,irr,estimate,company,Hello Group,full_shareholder_IRR,2026-2028,annual,Global,bear,0.023965284192462022,,,%,N/A,E,medium,1,annual,P5 IRR model,,2026-08-01,2026-08-01,Actual dividends plus scenario year-end triangulated fair price; buyback benefit embedded in share count
MOMO-P5-0146,MOMO,P5,irr,estimate,company,Hello Group,terminal_fair_price,2028E,annual,Global,bear,6.079037469431351,,,USD/ADS,USD,E,medium,0,annual,P5 IRR model,,2026-08-01,2026-08-01,Terminal price used in full shareholder IRR
MOMO-P5-0147,MOMO,P5,irr,estimate,company,Hello Group,dividend_only_IRR,2026-2028,annual,Global,base,0.047362493535145544,,,%,N/A,E,medium,1,annual,P5 IRR model,,2026-08-01,2026-08-01,Forecast dividends plus unchanged US$5.99 terminal price
MOMO-P5-0148,MOMO,P5,irr,estimate,company,Hello Group,dividend_plus_buyback_equivalent_IRR,2026-2028,annual,Global,base,0.08679660979635861,,,%,N/A,E,medium,1,annual,P5 IRR model,,2026-08-01,2026-08-01,Treats buyback cash/average ADS as economic-equivalent shareholder distribution; not direct holder cash
MOMO-P5-0149,MOMO,P5,irr,estimate,company,Hello Group,full_shareholder_IRR,2026-2028,annual,Global,base,0.589985240399292,,,%,N/A,E,medium,1,annual,P5 IRR model,,2026-08-01,2026-08-01,Actual dividends plus scenario year-end triangulated fair price; buyback benefit embedded in share count
MOMO-P5-0150,MOMO,P5,irr,estimate,company,Hello Group,terminal_fair_price,2028E,annual,Global,base,14.411504385584518,,,USD/ADS,USD,E,medium,0,annual,P5 IRR model,,2026-08-01,2026-08-01,Terminal price used in full shareholder IRR
MOMO-P5-0151,MOMO,P5,irr,estimate,company,Hello Group,dividend_only_IRR,2026-2028,annual,Global,bull,0.08293928331550982,,,%,N/A,E,medium,1,annual,P5 IRR model,,2026-08-01,2026-08-01,Forecast dividends plus unchanged US$5.99 terminal price
MOMO-P5-0152,MOMO,P5,irr,estimate,company,Hello Group,dividend_plus_buyback_equivalent_IRR,2026-2028,annual,Global,bull,0.1536759800464529,,,%,N/A,E,medium,1,annual,P5 IRR model,,2026-08-01,2026-08-01,Treats buyback cash/average ADS as economic-equivalent shareholder distribution; not direct holder cash
MOMO-P5-0153,MOMO,P5,irr,estimate,company,Hello Group,full_shareholder_IRR,2026-2028,annual,Global,bull,1.1597794490545446,,,%,N/A,E,medium,1,annual,P5 IRR model,,2026-08-01,2026-08-01,Actual dividends plus scenario year-end triangulated fair price; buyback benefit embedded in share count
MOMO-P5-0154,MOMO,P5,irr,estimate,company,Hello Group,terminal_fair_price,2028E,annual,Global,bull,26.40888567191046,,,USD/ADS,USD,E,medium,0,annual,P5 IRR model,,2026-08-01,2026-08-01,Terminal price used in full shareholder IRR
MOMO-P5-0155,MOMO,P5,irr,estimate,company,Hello Group,probability_weighted_dividend_only_IRR,2026-2028,annual,Global,probability_weighted,0.04349918975127531,,,%,N/A,E,medium,1,annual,P5 probability-weighted IRR,,2026-08-01,2026-08-01,Probability-weighted scenario cash flows
MOMO-P5-0156,MOMO,P5,irr,estimate,company,Hello Group,probability_weighted_dividend_plus_buyback_equivalent_IRR,2026-2028,annual,Global,probability_weighted,0.07834922889138252,,,%,N/A,E,medium,1,annual,P5 probability-weighted IRR,,2026-08-01,2026-08-01,Probability-weighted scenario cash flows
MOMO-P5-0157,MOMO,P5,irr,estimate,company,Hello Group,probability_weighted_full_shareholder_IRR,2026-2028,annual,Global,probability_weighted,0.5490142569767409,,,%,N/A,E,medium,1,annual,P5 probability-weighted IRR,,2026-08-01,2026-08-01,Probability-weighted scenario cash flows
MOMO-P5-0158,MOMO,P5,irr,estimate,company,Hello Group,dividend_only_IRR,2026-2029,annual,Global,bear,0.015119626644418238,,,%,N/A,E,medium,1,annual,P5 IRR model,,2026-08-01,2026-08-01,Forecast dividends plus unchanged US$5.99 terminal price
MOMO-P5-0159,MOMO,P5,irr,estimate,company,Hello Group,dividend_plus_buyback_equivalent_IRR,2026-2029,annual,Global,bear,0.02270256677486371,,,%,N/A,E,medium,1,annual,P5 IRR model,,2026-08-01,2026-08-01,Treats buyback cash/average ADS as economic-equivalent shareholder distribution; not direct holder cash
MOMO-P5-0160,MOMO,P5,irr,estimate,company,Hello Group,full_shareholder_IRR,2026-2029,annual,Global,bear,0.005249941466999308,,,%,N/A,E,medium,1,annual,P5 IRR model,,2026-08-01,2026-08-01,Actual dividends plus scenario year-end triangulated fair price; buyback benefit embedded in share count
MOMO-P5-0161,MOMO,P5,irr,estimate,company,Hello Group,terminal_fair_price,2029E,annual,Global,bear,5.8120746097407405,,,USD/ADS,USD,E,medium,0,annual,P5 IRR model,,2026-08-01,2026-08-01,Terminal price used in full shareholder IRR
MOMO-P5-0162,MOMO,P5,irr,estimate,company,Hello Group,dividend_only_IRR,2026-2029,annual,Global,base,0.04879331450480384,,,%,N/A,E,medium,1,annual,P5 IRR model,,2026-08-01,2026-08-01,Forecast dividends plus unchanged US$5.99 terminal price
MOMO-P5-0163,MOMO,P5,irr,estimate,company,Hello Group,dividend_plus_buyback_equivalent_IRR,2026-2029,annual,Global,base,0.08932782319561272,,,%,N/A,E,medium,1,annual,P5 IRR model,,2026-08-01,2026-08-01,Treats buyback cash/average ADS as economic-equivalent shareholder distribution; not direct holder cash
MOMO-P5-0164,MOMO,P5,irr,estimate,company,Hello Group,full_shareholder_IRR,2026-2029,annual,Global,base,0.39958201916609726,,,%,N/A,E,medium,1,annual,P5 IRR model,,2026-08-01,2026-08-01,Actual dividends plus scenario year-end triangulated fair price; buyback benefit embedded in share count
MOMO-P5-0165,MOMO,P5,irr,estimate,company,Hello Group,terminal_fair_price,2029E,annual,Global,base,15.161310994971966,,,USD/ADS,USD,E,medium,0,annual,P5 IRR model,,2026-08-01,2026-08-01,Terminal price used in full shareholder IRR
MOMO-P5-0166,MOMO,P5,irr,estimate,company,Hello Group,dividend_only_IRR,2026-2029,annual,Global,bull,0.0899969325801584,,,%,N/A,E,medium,1,annual,P5 IRR model,,2026-08-01,2026-08-01,Forecast dividends plus unchanged US$5.99 terminal price
MOMO-P5-0167,MOMO,P5,irr,estimate,company,Hello Group,dividend_plus_buyback_equivalent_IRR,2026-2029,annual,Global,bull,0.1659453241134774,,,%,N/A,E,medium,1,annual,P5 IRR model,,2026-08-01,2026-08-01,Treats buyback cash/average ADS as economic-equivalent shareholder distribution; not direct holder cash
MOMO-P5-0168,MOMO,P5,irr,estimate,company,Hello Group,full_shareholder_IRR,2026-2029,annual,Global,bull,0.7514998219152609,,,%,N/A,E,medium,1,annual,P5 IRR model,,2026-08-01,2026-08-01,Actual dividends plus scenario year-end triangulated fair price; buyback benefit embedded in share count
MOMO-P5-0169,MOMO,P5,irr,estimate,company,Hello Group,terminal_fair_price,2029E,annual,Global,bull,29.196096961222903,,,USD/ADS,USD,E,medium,0,annual,P5 IRR model,,2026-08-01,2026-08-01,Terminal price used in full shareholder IRR
MOMO-P5-0170,MOMO,P5,irr,estimate,company,Hello Group,probability_weighted_dividend_only_IRR,2026-2029,annual,Global,probability_weighted,0.044954246577331824,,,%,N/A,E,medium,1,annual,P5 probability-weighted IRR,,2026-08-01,2026-08-01,Probability-weighted scenario cash flows
MOMO-P5-0171,MOMO,P5,irr,estimate,company,Hello Group,probability_weighted_dividend_plus_buyback_equivalent_IRR,2026-2029,annual,Global,probability_weighted,0.08109917057537586,,,%,N/A,E,medium,1,annual,P5 probability-weighted IRR,,2026-08-01,2026-08-01,Probability-weighted scenario cash flows
MOMO-P5-0172,MOMO,P5,irr,estimate,company,Hello Group,probability_weighted_full_shareholder_IRR,2026-2029,annual,Global,probability_weighted,0.3757967545165719,,,%,N/A,E,medium,1,annual,P5 probability-weighted IRR,,2026-08-01,2026-08-01,Probability-weighted scenario cash flows
MOMO-P5-0173,MOMO,P5,irr,estimate,company,Hello Group,dividend_only_IRR,2026-2030,annual,Global,bear,0.013741144274392436,,,%,N/A,E,medium,1,annual,P5 IRR model,,2026-08-01,2026-08-01,Forecast dividends plus unchanged US$5.99 terminal price
MOMO-P5-0174,MOMO,P5,irr,estimate,company,Hello Group,dividend_plus_buyback_equivalent_IRR,2026-2030,annual,Global,bear,0.020648912889087656,,,%,N/A,E,medium,1,annual,P5 IRR model,,2026-08-01,2026-08-01,Treats buyback cash/average ADS as economic-equivalent shareholder distribution; not direct holder cash
MOMO-P5-0175,MOMO,P5,irr,estimate,company,Hello Group,full_shareholder_IRR,2026-2030,annual,Global,bear,-0.0041169088886966465,,,%,N/A,E,medium,1,annual,P5 IRR model,,2026-08-01,2026-08-01,Actual dividends plus scenario year-end triangulated fair price; buyback benefit embedded in share count
MOMO-P5-0176,MOMO,P5,irr,estimate,company,Hello Group,terminal_fair_price,2030E,annual,Global,bear,5.566300805980271,,,USD/ADS,USD,E,medium,0,annual,P5 IRR model,,2026-08-01,2026-08-01,Terminal price used in full shareholder IRR
MOMO-P5-0177,MOMO,P5,irr,estimate,company,Hello Group,dividend_only_IRR,2026-2030,annual,Global,base,0.050288308509585544,,,%,N/A,E,medium,1,annual,P5 IRR model,,2026-08-01,2026-08-01,Forecast dividends plus unchanged US$5.99 terminal price
MOMO-P5-0178,MOMO,P5,irr,estimate,company,Hello Group,dividend_plus_buyback_equivalent_IRR,2026-2030,annual,Global,base,0.09192962176867958,,,%,N/A,E,medium,1,annual,P5 IRR model,,2026-08-01,2026-08-01,Treats buyback cash/average ADS as economic-equivalent shareholder distribution; not direct holder cash
MOMO-P5-0179,MOMO,P5,irr,estimate,company,Hello Group,full_shareholder_IRR,2026-2030,annual,Global,base,0.31409694639253427,,,%,N/A,E,medium,1,annual,P5 IRR model,,2026-08-01,2026-08-01,Actual dividends plus scenario year-end triangulated fair price; buyback benefit embedded in share count
MOMO-P5-0180,MOMO,P5,irr,estimate,company,Hello Group,terminal_fair_price,2030E,annual,Global,base,15.99209699431871,,,USD/ADS,USD,E,medium,0,annual,P5 IRR model,,2026-08-01,2026-08-01,Terminal price used in full shareholder IRR
MOMO-P5-0181,MOMO,P5,irr,estimate,company,Hello Group,dividend_only_IRR,2026-2030,annual,Global,bull,0.09750136190588465,,,%,N/A,E,medium,1,annual,P5 IRR model,,2026-08-01,2026-08-01,Forecast dividends plus unchanged US$5.99 terminal price
MOMO-P5-0182,MOMO,P5,irr,estimate,company,Hello Group,dividend_plus_buyback_equivalent_IRR,2026-2030,annual,Global,bull,0.1784907012553869,,,%,N/A,E,medium,1,annual,P5 IRR model,,2026-08-01,2026-08-01,Treats buyback cash/average ADS as economic-equivalent shareholder distribution; not direct holder cash
MOMO-P5-0183,MOMO,P5,irr,estimate,company,Hello Group,full_shareholder_IRR,2026-2030,annual,Global,bull,0.5800457430879162,,,%,N/A,E,medium,1,annual,P5 IRR model,,2026-08-01,2026-08-01,Actual dividends plus scenario year-end triangulated fair price; buyback benefit embedded in share count
MOMO-P5-0184,MOMO,P5,irr,estimate,company,Hello Group,terminal_fair_price,2030E,annual,Global,bull,32.42448191981881,,,USD/ADS,USD,E,medium,0,annual,P5 IRR model,,2026-08-01,2026-08-01,Terminal price used in full shareholder IRR
MOMO-P5-0185,MOMO,P5,irr,estimate,company,Hello Group,probability_weighted_dividend_only_IRR,2026-2030,annual,Global,probability_weighted,0.04658964365128404,,,%,N/A,E,medium,1,annual,P5 probability-weighted IRR,,2026-08-01,2026-08-01,Probability-weighted scenario cash flows
MOMO-P5-0186,MOMO,P5,irr,estimate,company,Hello Group,probability_weighted_dividend_plus_buyback_equivalent_IRR,2026-2030,annual,Global,probability_weighted,0.08411063658045892,,,%,N/A,E,medium,1,annual,P5 probability-weighted IRR,,2026-08-01,2026-08-01,Probability-weighted scenario cash flows
MOMO-P5-0187,MOMO,P5,irr,estimate,company,Hello Group,probability_weighted_full_shareholder_IRR,2026-2030,annual,Global,probability_weighted,0.29835164846779527,,,%,N/A,E,medium,1,annual,P5 probability-weighted IRR,,2026-08-01,2026-08-01,Probability-weighted scenario cash flows
MOMO-P5-0188,MOMO,P5,irr,estimate,company,Hello Group,dividend_only_IRR,2026-2031,annual,Global,bear,0.012856123590987423,,,%,N/A,E,low,1,annual,P5 IRR model,,2026-08-01,2026-08-01,Forecast dividends plus unchanged US$5.99 terminal price
MOMO-P5-0189,MOMO,P5,irr,estimate,company,Hello Group,dividend_plus_buyback_equivalent_IRR,2026-2031,annual,Global,bear,0.019329377257911506,,,%,N/A,E,low,1,annual,P5 IRR model,,2026-08-01,2026-08-01,Treats buyback cash/average ADS as economic-equivalent shareholder distribution; not direct holder cash
MOMO-P5-0190,MOMO,P5,irr,estimate,company,Hello Group,full_shareholder_IRR,2026-2031,annual,Global,bear,-0.006745617370921386,,,%,N/A,E,low,1,annual,P5 IRR model,,2026-08-01,2026-08-01,Actual dividends plus scenario year-end triangulated fair price; buyback benefit embedded in share count
MOMO-P5-0191,MOMO,P5,irr,estimate,company,Hello Group,terminal_fair_price,2031E,annual,Global,bear,5.413516979661951,,,USD/ADS,USD,E,low,0,annual,P5 IRR model,,2026-08-01,2026-08-01,Terminal price used in full shareholder IRR
MOMO-P5-0192,MOMO,P5,irr,estimate,company,Hello Group,dividend_only_IRR,2026-2031,annual,Global,base,0.05155772604106179,,,%,N/A,E,low,1,annual,P5 IRR model,,2026-08-01,2026-08-01,Forecast dividends plus unchanged US$5.99 terminal price
MOMO-P5-0193,MOMO,P5,irr,estimate,company,Hello Group,dividend_plus_buyback_equivalent_IRR,2026-2031,annual,Global,base,0.09410645730793843,,,%,N/A,E,low,1,annual,P5 IRR model,,2026-08-01,2026-08-01,Treats buyback cash/average ADS as economic-equivalent shareholder distribution; not direct holder cash
MOMO-P5-0194,MOMO,P5,irr,estimate,company,Hello Group,full_shareholder_IRR,2026-2031,annual,Global,base,0.26563366827725576,,,%,N/A,E,low,1,annual,P5 IRR model,,2026-08-01,2026-08-01,Actual dividends plus scenario year-end triangulated fair price; buyback benefit embedded in share count
MOMO-P5-0195,MOMO,P5,irr,estimate,company,Hello Group,terminal_fair_price,2031E,annual,Global,base,16.89165062526103,,,USD/ADS,USD,E,low,0,annual,P5 IRR model,,2026-08-01,2026-08-01,Terminal price used in full shareholder IRR
MOMO-P5-0196,MOMO,P5,irr,estimate,company,Hello Group,dividend_only_IRR,2026-2031,annual,Global,bull,0.1040122440273703,,,%,N/A,E,low,1,annual,P5 IRR model,,2026-08-01,2026-08-01,Forecast dividends plus unchanged US$5.99 terminal price
MOMO-P5-0197,MOMO,P5,irr,estimate,company,Hello Group,dividend_plus_buyback_equivalent_IRR,2026-2031,annual,Global,bull,0.1889454302243374,,,%,N/A,E,low,1,annual,P5 IRR model,,2026-08-01,2026-08-01,Treats buyback cash/average ADS as economic-equivalent shareholder distribution; not direct holder cash
MOMO-P5-0198,MOMO,P5,irr,estimate,company,Hello Group,full_shareholder_IRR,2026-2031,annual,Global,bull,0.48434043151515604,,,%,N/A,E,low,1,annual,P5 IRR model,,2026-08-01,2026-08-01,Actual dividends plus scenario year-end triangulated fair price; buyback benefit embedded in share count
MOMO-P5-0199,MOMO,P5,irr,estimate,company,Hello Group,terminal_fair_price,2031E,annual,Global,bull,35.83150997753957,,,USD/ADS,USD,E,low,0,annual,P5 IRR model,,2026-08-01,2026-08-01,Terminal price used in full shareholder IRR
MOMO-P5-0200,MOMO,P5,irr,estimate,company,Hello Group,probability_weighted_dividend_only_IRR,2026-2031,annual,Global,probability_weighted,0.048118093512803384,,,%,N/A,E,low,1,annual,P5 probability-weighted IRR,,2026-08-01,2026-08-01,Probability-weighted scenario cash flows
MOMO-P5-0201,MOMO,P5,irr,estimate,company,Hello Group,probability_weighted_dividend_plus_buyback_equivalent_IRR,2026-2031,annual,Global,probability_weighted,0.08684371035943239,,,%,N/A,E,low,1,annual,P5 probability-weighted IRR,,2026-08-01,2026-08-01,Probability-weighted scenario cash flows
MOMO-P5-0202,MOMO,P5,irr,estimate,company,Hello Group,probability_weighted_full_shareholder_IRR,2026-2031,annual,Global,probability_weighted,0.2546209433768576,,,%,N/A,E,low,1,annual,P5 probability-weighted IRR,,2026-08-01,2026-08-01,Probability-weighted scenario cash flows
MOMO-P5-0203,MOMO,P5,irr,estimate,company,Hello Group,dividend_only_IRR,2026-2032,annual,Global,bear,0.012155547869203476,,,%,N/A,E,low,1,annual,P5 IRR model,,2026-08-01,2026-08-01,Forecast dividends plus unchanged US$5.99 terminal price
MOMO-P5-0204,MOMO,P5,irr,estimate,company,Hello Group,dividend_plus_buyback_equivalent_IRR,2026-2032,annual,Global,bear,0.01828526976468403,,,%,N/A,E,low,1,annual,P5 IRR model,,2026-08-01,2026-08-01,Treats buyback cash/average ADS as economic-equivalent shareholder distribution; not direct holder cash
MOMO-P5-0205,MOMO,P5,irr,estimate,company,Hello Group,full_shareholder_IRR,2026-2032,annual,Global,bear,-0.008206002954997071,,,%,N/A,E,low,1,annual,P5 IRR model,,2026-08-01,2026-08-01,Actual dividends plus scenario year-end triangulated fair price; buyback benefit embedded in share count
MOMO-P5-0206,MOMO,P5,irr,estimate,company,Hello Group,terminal_fair_price,2032E,annual,Global,bear,5.277136329752462,,,USD/ADS,USD,E,low,0,annual,P5 IRR model,,2026-08-01,2026-08-01,Terminal price used in full shareholder IRR
MOMO-P5-0207,MOMO,P5,irr,estimate,company,Hello Group,dividend_only_IRR,2026-2032,annual,Global,base,0.05261651291350877,,,%,N/A,E,low,1,annual,P5 IRR model,,2026-08-01,2026-08-01,Forecast dividends plus unchanged US$5.99 terminal price
MOMO-P5-0208,MOMO,P5,irr,estimate,company,Hello Group,dividend_plus_buyback_equivalent_IRR,2026-2032,annual,Global,base,0.09589471339109479,,,%,N/A,E,low,1,annual,P5 IRR model,,2026-08-01,2026-08-01,Treats buyback cash/average ADS as economic-equivalent shareholder distribution; not direct holder cash
MOMO-P5-0209,MOMO,P5,irr,estimate,company,Hello Group,full_shareholder_IRR,2026-2032,annual,Global,base,0.23327106657160623,,,%,N/A,E,low,1,annual,P5 IRR model,,2026-08-01,2026-08-01,Actual dividends plus scenario year-end triangulated fair price; buyback benefit embedded in share count
MOMO-P5-0210,MOMO,P5,irr,estimate,company,Hello Group,terminal_fair_price,2032E,annual,Global,base,17.750197593924458,,,USD/ADS,USD,E,low,0,annual,P5 IRR model,,2026-08-01,2026-08-01,Terminal price used in full shareholder IRR
MOMO-P5-0211,MOMO,P5,irr,estimate,company,Hello Group,dividend_only_IRR,2026-2032,annual,Global,bull,0.1095545645255116,,,%,N/A,E,low,1,annual,P5 IRR model,,2026-08-01,2026-08-01,Forecast dividends plus unchanged US$5.99 terminal price
MOMO-P5-0212,MOMO,P5,irr,estimate,company,Hello Group,dividend_plus_buyback_equivalent_IRR,2026-2032,annual,Global,bull,0.19746160046736017,,,%,N/A,E,low,1,annual,P5 IRR model,,2026-08-01,2026-08-01,Treats buyback cash/average ADS as economic-equivalent shareholder distribution; not direct holder cash
MOMO-P5-0213,MOMO,P5,irr,estimate,company,Hello Group,full_shareholder_IRR,2026-2032,annual,Global,bull,0.42193308348441705,,,%,N/A,E,low,1,annual,P5 IRR model,,2026-08-01,2026-08-01,Actual dividends plus scenario year-end triangulated fair price; buyback benefit embedded in share count
MOMO-P5-0214,MOMO,P5,irr,estimate,company,Hello Group,terminal_fair_price,2032E,annual,Global,bull,39.23099146163362,,,USD/ADS,USD,E,low,0,annual,P5 IRR model,,2026-08-01,2026-08-01,Terminal price used in full shareholder IRR
MOMO-P5-0215,MOMO,P5,irr,estimate,company,Hello Group,probability_weighted_dividend_only_IRR,2026-2032,annual,Global,probability_weighted,0.0494566684908202,,,%,N/A,E,low,1,annual,P5 probability-weighted IRR,,2026-08-01,2026-08-01,Probability-weighted scenario cash flows
MOMO-P5-0216,MOMO,P5,irr,estimate,company,Hello Group,probability_weighted_dividend_plus_buyback_equivalent_IRR,2026-2032,annual,Global,probability_weighted,0.08919248795146895,,,%,N/A,E,low,1,annual,P5 probability-weighted IRR,,2026-08-01,2026-08-01,Probability-weighted scenario cash flows
MOMO-P5-0217,MOMO,P5,irr,estimate,company,Hello Group,probability_weighted_full_shareholder_IRR,2026-2032,annual,Global,probability_weighted,0.22538365030949015,,,%,N/A,E,low,1,annual,P5 probability-weighted IRR,,2026-08-01,2026-08-01,Probability-weighted scenario cash flows
MOMO-P5-0218,MOMO,P5,irr,estimate,company,Hello Group,dividend_only_IRR,2026-2033,annual,Global,bear,0.011564671200103405,,,%,N/A,E,low,1,annual,P5 IRR model,,2026-08-01,2026-08-01,Forecast dividends plus unchanged US$5.99 terminal price
MOMO-P5-0219,MOMO,P5,irr,estimate,company,Hello Group,dividend_plus_buyback_equivalent_IRR,2026-2033,annual,Global,bear,0.017405189313125513,,,%,N/A,E,low,1,annual,P5 IRR model,,2026-08-01,2026-08-01,Treats buyback cash/average ADS as economic-equivalent shareholder distribution; not direct holder cash
MOMO-P5-0220,MOMO,P5,irr,estimate,company,Hello Group,full_shareholder_IRR,2026-2033,annual,Global,bear,-0.009441411149294976,,,%,N/A,E,low,1,annual,P5 IRR model,,2026-08-01,2026-08-01,Actual dividends plus scenario year-end triangulated fair price; buyback benefit embedded in share count
MOMO-P5-0221,MOMO,P5,irr,estimate,company,Hello Group,terminal_fair_price,2033E,annual,Global,bear,5.13949149631833,,,USD/ADS,USD,E,low,0,annual,P5 IRR model,,2026-08-01,2026-08-01,Terminal price used in full shareholder IRR
MOMO-P5-0222,MOMO,P5,irr,estimate,company,Hello Group,dividend_only_IRR,2026-2033,annual,Global,base,0.053555800430358236,,,%,N/A,E,low,1,annual,P5 IRR model,,2026-08-01,2026-08-01,Forecast dividends plus unchanged US$5.99 terminal price
MOMO-P5-0223,MOMO,P5,irr,estimate,company,Hello Group,dividend_plus_buyback_equivalent_IRR,2026-2033,annual,Global,base,0.09745266909218153,,,%,N/A,E,low,1,annual,P5 IRR model,,2026-08-01,2026-08-01,Treats buyback cash/average ADS as economic-equivalent shareholder distribution; not direct holder cash
MOMO-P5-0224,MOMO,P5,irr,estimate,company,Hello Group,full_shareholder_IRR,2026-2033,annual,Global,base,0.21049809143320197,,,%,N/A,E,low,1,annual,P5 IRR model,,2026-08-01,2026-08-01,Actual dividends plus scenario year-end triangulated fair price; buyback benefit embedded in share count
MOMO-P5-0225,MOMO,P5,irr,estimate,company,Hello Group,terminal_fair_price,2033E,annual,Global,base,18.639379521482066,,,USD/ADS,USD,E,low,0,annual,P5 IRR model,,2026-08-01,2026-08-01,Terminal price used in full shareholder IRR
MOMO-P5-0226,MOMO,P5,irr,estimate,company,Hello Group,dividend_only_IRR,2026-2033,annual,Global,bull,0.11450948248411486,,,%,N/A,E,low,1,annual,P5 IRR model,,2026-08-01,2026-08-01,Forecast dividends plus unchanged US$5.99 terminal price
MOMO-P5-0227,MOMO,P5,irr,estimate,company,Hello Group,dividend_plus_buyback_equivalent_IRR,2026-2033,annual,Global,bull,0.20469884325489995,,,%,N/A,E,low,1,annual,P5 IRR model,,2026-08-01,2026-08-01,Treats buyback cash/average ADS as economic-equivalent shareholder distribution; not direct holder cash
MOMO-P5-0228,MOMO,P5,irr,estimate,company,Hello Group,full_shareholder_IRR,2026-2033,annual,Global,bull,0.37897764167584436,,,%,N/A,E,low,1,annual,P5 IRR model,,2026-08-01,2026-08-01,Actual dividends plus scenario year-end triangulated fair price; buyback benefit embedded in share count
MOMO-P5-0229,MOMO,P5,irr,estimate,company,Hello Group,terminal_fair_price,2033E,annual,Global,bull,42.92972595810227,,,USD/ADS,USD,E,low,0,annual,P5 IRR model,,2026-08-01,2026-08-01,Terminal price used in full shareholder IRR
MOMO-P5-0230,MOMO,P5,irr,estimate,company,Hello Group,probability_weighted_dividend_only_IRR,2026-2033,annual,Global,probability_weighted,0.050696488722266286,,,%,N/A,E,low,1,annual,P5 probability-weighted IRR,,2026-08-01,2026-08-01,Probability-weighted scenario cash flows
MOMO-P5-0231,MOMO,P5,irr,estimate,company,Hello Group,probability_weighted_dividend_plus_buyback_equivalent_IRR,2026-2033,annual,Global,probability_weighted,0.09132195177599733,,,%,N/A,E,low,1,annual,P5 probability-weighted IRR,,2026-08-01,2026-08-01,Probability-weighted scenario cash flows
MOMO-P5-0232,MOMO,P5,irr,estimate,company,Hello Group,probability_weighted_full_shareholder_IRR,2026-2033,annual,Global,probability_weighted,0.20494995783367553,,,%,N/A,E,low,1,annual,P5 probability-weighted IRR,,2026-08-01,2026-08-01,Probability-weighted scenario cash flows
MOMO-P5-0233,MOMO,P5,irr,estimate,company,Hello Group,dividend_only_IRR,2026-2034,annual,Global,bear,0.011045854795833199,,,%,N/A,E,low,1,annual,P5 IRR model,,2026-08-01,2026-08-01,Forecast dividends plus unchanged US$5.99 terminal price
MOMO-P5-0234,MOMO,P5,irr,estimate,company,Hello Group,dividend_plus_buyback_equivalent_IRR,2026-2034,annual,Global,bear,0.016632961189543938,,,%,N/A,E,low,1,annual,P5 IRR model,,2026-08-01,2026-08-01,Treats buyback cash/average ADS as economic-equivalent shareholder distribution; not direct holder cash
MOMO-P5-0235,MOMO,P5,irr,estimate,company,Hello Group,full_shareholder_IRR,2026-2034,annual,Global,bear,-0.010542580997337514,,,%,N/A,E,low,1,annual,P5 IRR model,,2026-08-01,2026-08-01,Actual dividends plus scenario year-end triangulated fair price; buyback benefit embedded in share count
MOMO-P5-0236,MOMO,P5,irr,estimate,company,Hello Group,terminal_fair_price,2034E,annual,Global,bear,5.000526042459783,,,USD/ADS,USD,E,low,0,annual,P5 IRR model,,2026-08-01,2026-08-01,Terminal price used in full shareholder IRR
MOMO-P5-0237,MOMO,P5,irr,estimate,company,Hello Group,dividend_only_IRR,2026-2034,annual,Global,base,0.05442112543267896,,,%,N/A,E,low,1,annual,P5 IRR model,,2026-08-01,2026-08-01,Forecast dividends plus unchanged US$5.99 terminal price
MOMO-P5-0238,MOMO,P5,irr,estimate,company,Hello Group,dividend_plus_buyback_equivalent_IRR,2026-2034,annual,Global,base,0.09885884141462098,,,%,N/A,E,low,1,annual,P5 IRR model,,2026-08-01,2026-08-01,Treats buyback cash/average ADS as economic-equivalent shareholder distribution; not direct holder cash
MOMO-P5-0239,MOMO,P5,irr,estimate,company,Hello Group,full_shareholder_IRR,2026-2034,annual,Global,base,0.1935581301251641,,,%,N/A,E,low,1,annual,P5 IRR model,,2026-08-01,2026-08-01,Actual dividends plus scenario year-end triangulated fair price; buyback benefit embedded in share count
MOMO-P5-0240,MOMO,P5,irr,estimate,company,Hello Group,terminal_fair_price,2034E,annual,Global,base,19.560052205164048,,,USD/ADS,USD,E,low,0,annual,P5 IRR model,,2026-08-01,2026-08-01,Terminal price used in full shareholder IRR
MOMO-P5-0241,MOMO,P5,irr,estimate,company,Hello Group,dividend_only_IRR,2026-2034,annual,Global,bull,0.11905487022983441,,,%,N/A,E,low,1,annual,P5 IRR model,,2026-08-01,2026-08-01,Forecast dividends plus unchanged US$5.99 terminal price
MOMO-P5-0242,MOMO,P5,irr,estimate,company,Hello Group,dividend_plus_buyback_equivalent_IRR,2026-2034,annual,Global,bull,0.2109766812052445,,,%,N/A,E,low,1,annual,P5 IRR model,,2026-08-01,2026-08-01,Treats buyback cash/average ADS as economic-equivalent shareholder distribution; not direct holder cash
MOMO-P5-0243,MOMO,P5,irr,estimate,company,Hello Group,full_shareholder_IRR,2026-2034,annual,Global,bull,0.3475961697389385,,,%,N/A,E,low,1,annual,P5 IRR model,,2026-08-01,2026-08-01,Actual dividends plus scenario year-end triangulated fair price; buyback benefit embedded in share count
MOMO-P5-0244,MOMO,P5,irr,estimate,company,Hello Group,terminal_fair_price,2034E,annual,Global,bull,46.95053836290322,,,USD/ADS,USD,E,low,0,annual,P5 IRR model,,2026-08-01,2026-08-01,Terminal price used in full shareholder IRR
MOMO-P5-0245,MOMO,P5,irr,estimate,company,Hello Group,probability_weighted_dividend_only_IRR,2026-2034,annual,Global,probability_weighted,0.05188248764944259,,,%,N/A,E,low,1,annual,P5 probability-weighted IRR,,2026-08-01,2026-08-01,Probability-weighted scenario cash flows
MOMO-P5-0246,MOMO,P5,irr,estimate,company,Hello Group,probability_weighted_dividend_plus_buyback_equivalent_IRR,2026-2034,annual,Global,probability_weighted,0.09331178601292534,,,%,N/A,E,low,1,annual,P5 probability-weighted IRR,,2026-08-01,2026-08-01,Probability-weighted scenario cash flows
MOMO-P5-0247,MOMO,P5,irr,estimate,company,Hello Group,probability_weighted_full_shareholder_IRR,2026-2034,annual,Global,probability_weighted,0.18987047694435133,,,%,N/A,E,low,1,annual,P5 probability-weighted IRR,,2026-08-01,2026-08-01,Probability-weighted scenario cash flows
MOMO-P5-0248,MOMO,P5,irr,estimate,company,Hello Group,dividend_only_IRR,2026-2035,annual,Global,bear,0.010577989342135385,,,%,N/A,E,low,1,annual,P5 IRR model,,2026-08-01,2026-08-01,Forecast dividends plus unchanged US$5.99 terminal price
MOMO-P5-0249,MOMO,P5,irr,estimate,company,Hello Group,dividend_plus_buyback_equivalent_IRR,2026-2035,annual,Global,bear,0.0159370334964124,,,%,N/A,E,low,1,annual,P5 IRR model,,2026-08-01,2026-08-01,Treats buyback cash/average ADS as economic-equivalent shareholder distribution; not direct holder cash
MOMO-P5-0250,MOMO,P5,irr,estimate,company,Hello Group,full_shareholder_IRR,2026-2035,annual,Global,bear,-0.011559599805449072,,,%,N/A,E,low,1,annual,P5 IRR model,,2026-08-01,2026-08-01,Actual dividends plus scenario year-end triangulated fair price; buyback benefit embedded in share count
MOMO-P5-0251,MOMO,P5,irr,estimate,company,Hello Group,terminal_fair_price,2035E,annual,Global,bear,4.860238116512792,,,USD/ADS,USD,E,low,0,annual,P5 IRR model,,2026-08-01,2026-08-01,Terminal price used in full shareholder IRR
MOMO-P5-0252,MOMO,P5,irr,estimate,company,Hello Group,dividend_only_IRR,2026-2035,annual,Global,base,0.055237780202191056,,,%,N/A,E,low,1,annual,P5 IRR model,,2026-08-01,2026-08-01,Forecast dividends plus unchanged US$5.99 terminal price
MOMO-P5-0253,MOMO,P5,irr,estimate,company,Hello Group,dividend_plus_buyback_equivalent_IRR,2026-2035,annual,Global,base,0.10015642612209374,,,%,N/A,E,low,1,annual,P5 IRR model,,2026-08-01,2026-08-01,Treats buyback cash/average ADS as economic-equivalent shareholder distribution; not direct holder cash
MOMO-P5-0254,MOMO,P5,irr,estimate,company,Hello Group,full_shareholder_IRR,2026-2035,annual,Global,base,0.18043297014156767,,,%,N/A,E,low,1,annual,P5 IRR model,,2026-08-01,2026-08-01,Actual dividends plus scenario year-end triangulated fair price; buyback benefit embedded in share count
MOMO-P5-0255,MOMO,P5,irr,estimate,company,Hello Group,terminal_fair_price,2035E,annual,Global,base,20.513117131544625,,,USD/ADS,USD,E,low,0,annual,P5 IRR model,,2026-08-01,2026-08-01,Terminal price used in full shareholder IRR
MOMO-P5-0256,MOMO,P5,irr,estimate,company,Hello Group,dividend_only_IRR,2026-2035,annual,Global,bull,0.12328015928062941,,,%,N/A,E,low,1,annual,P5 IRR model,,2026-08-01,2026-08-01,Forecast dividends plus unchanged US$5.99 terminal price
MOMO-P5-0257,MOMO,P5,irr,estimate,company,Hello Group,dividend_plus_buyback_equivalent_IRR,2026-2035,annual,Global,bull,0.2164727979887513,,,%,N/A,E,low,1,annual,P5 IRR model,,2026-08-01,2026-08-01,Treats buyback cash/average ADS as economic-equivalent shareholder distribution; not direct holder cash
MOMO-P5-0258,MOMO,P5,irr,estimate,company,Hello Group,full_shareholder_IRR,2026-2035,annual,Global,bull,0.32365367622090346,,,%,N/A,E,low,1,annual,P5 IRR model,,2026-08-01,2026-08-01,Actual dividends plus scenario year-end triangulated fair price; buyback benefit embedded in share count
MOMO-P5-0259,MOMO,P5,irr,estimate,company,Hello Group,terminal_fair_price,2035E,annual,Global,bull,51.31746288347733,,,USD/ADS,USD,E,low,0,annual,P5 IRR model,,2026-08-01,2026-08-01,Terminal price used in full shareholder IRR
MOMO-P5-0260,MOMO,P5,irr,estimate,company,Hello Group,probability_weighted_dividend_only_IRR,2026-2035,annual,Global,probability_weighted,0.05303900757550206,,,%,N/A,E,low,1,annual,P5 probability-weighted IRR,,2026-08-01,2026-08-01,Probability-weighted scenario cash flows
MOMO-P5-0261,MOMO,P5,irr,estimate,company,Hello Group,probability_weighted_dividend_plus_buyback_equivalent_IRR,2026-2035,annual,Global,probability_weighted,0.09520384318402075,,,%,N/A,E,low,1,annual,P5 probability-weighted IRR,,2026-08-01,2026-08-01,Probability-weighted scenario cash flows
MOMO-P5-0262,MOMO,P5,irr,estimate,company,Hello Group,probability_weighted_full_shareholder_IRR,2026-2035,annual,Global,probability_weighted,0.1782886350836721,,,%,N/A,E,low,1,annual,P5 probability-weighted IRR,,2026-08-01,2026-08-01,Probability-weighted scenario cash flows
MOMO-P5-0263,MOMO,P5,reverse_valuation,estimate,company,Hello Group,adjusted_asset_value,2026-08-01,point_in_time,Global,bear,4443.45,,,RMB mn,RMB,E,medium,1,event_driven,P5 reverse valuation,,2026-08-01,2026-08-01,NDC plus governance-adjusted investment assets
MOMO-P5-0264,MOMO,P5,reverse_valuation,estimate,company,Hello Group,market_implied_operating_value,2026-08-01,point_in_time,Global,bear,2194.91928596288,,,RMB mn,RMB,E,medium,1,event_driven,P5 reverse valuation,,2026-08-01,2026-08-01,Current market cap less adjusted assets
MOMO-P5-0265,MOMO,P5,reverse_valuation,estimate,company,Hello Group,implied_operating_value_to_2026_OE,2026-08-01,point_in_time,Global,bear,3.0846371830992085,,,x,N/A,E,medium,1,event_driven,P5 reverse valuation,,2026-08-01,2026-08-01,Residual operating value divided by 2026 scenario owner earnings
MOMO-P5-0266,MOMO,P5,reverse_valuation,estimate,company,Hello Group,implied_operating_value_to_strict_FCFE,2026-08-01,point_in_time,Global,bear,5.333107221399605,,,x,N/A,E,medium,1,event_driven,P5 reverse valuation,,2026-08-01,2026-08-01,Residual operating value divided by 2026 owner earnings less strategic capital use
MOMO-P5-0267,MOMO,P5,reverse_valuation,estimate,company,Hello Group,implied_constant_strict_FCFE_years,2026-08-01,point_in_time,Global,bear,8.47831315417521,,,years,N/A,E,medium,1,event_driven,P5 reverse valuation,,2026-08-01,2026-08-01,Years of constant strict FCFE discounted at 11% needed to equal residual value
MOMO-P5-0268,MOMO,P5,reverse_valuation,estimate,company,Hello Group,adjusted_asset_value,2026-08-01,point_in_time,Global,base,5765.24,,,RMB mn,RMB,E,medium,1,event_driven,P5 reverse valuation,,2026-08-01,2026-08-01,NDC plus governance-adjusted investment assets
MOMO-P5-0269,MOMO,P5,reverse_valuation,estimate,company,Hello Group,market_implied_operating_value,2026-08-01,point_in_time,Global,base,873.1292859628802,,,RMB mn,RMB,E,medium,1,event_driven,P5 reverse valuation,,2026-08-01,2026-08-01,Current market cap less adjusted assets
MOMO-P5-0270,MOMO,P5,reverse_valuation,estimate,company,Hello Group,implied_operating_value_to_2026_OE,2026-08-01,point_in_time,Global,base,0.9650658554853513,,,x,N/A,E,medium,1,event_driven,P5 reverse valuation,,2026-08-01,2026-08-01,Residual operating value divided by 2026 scenario owner earnings
MOMO-P5-0271,MOMO,P5,reverse_valuation,estimate,company,Hello Group,implied_operating_value_to_strict_FCFE,2026-08-01,point_in_time,Global,base,1.3335604372447214,,,x,N/A,E,medium,1,event_driven,P5 reverse valuation,,2026-08-01,2026-08-01,Residual operating value divided by 2026 owner earnings less strategic capital use
MOMO-P5-0272,MOMO,P5,reverse_valuation,estimate,company,Hello Group,implied_constant_strict_FCFE_years,2026-08-01,point_in_time,Global,base,1.533079814729221,,,years,N/A,E,medium,1,event_driven,P5 reverse valuation,,2026-08-01,2026-08-01,Years of constant strict FCFE discounted at 11% needed to equal residual value
MOMO-P5-0273,MOMO,P5,reverse_valuation,estimate,company,Hello Group,adjusted_asset_value,2026-08-01,point_in_time,Global,bull,7073.5,,,RMB mn,RMB,E,medium,1,event_driven,P5 reverse valuation,,2026-08-01,2026-08-01,NDC plus governance-adjusted investment assets
MOMO-P5-0274,MOMO,P5,reverse_valuation,estimate,company,Hello Group,market_implied_operating_value,2026-08-01,point_in_time,Global,bull,-435.13071403712,,,RMB mn,RMB,E,medium,1,event_driven,P5 reverse valuation,,2026-08-01,2026-08-01,Current market cap less adjusted assets
MOMO-P5-0275,MOMO,P5,reverse_valuation,estimate,company,Hello Group,implied_operating_value_to_2026_OE,2026-08-01,point_in_time,Global,bull,-0.40042841468741575,,,x,N/A,E,medium,1,event_driven,P5 reverse valuation,,2026-08-01,2026-08-01,Residual operating value divided by 2026 scenario owner earnings
MOMO-P5-0276,MOMO,P5,reverse_valuation,estimate,company,Hello Group,implied_operating_value_to_strict_FCFE,2026-08-01,point_in_time,Global,bull,-0.4907509942162529,,,x,N/A,E,medium,1,event_driven,P5 reverse valuation,,2026-08-01,2026-08-01,Residual operating value divided by 2026 owner earnings less strategic capital use
MOMO-P5-0277,MOMO,P5,reverse_valuation,estimate,company,Hello Group,implied_constant_strict_FCFE_years,2026-08-01,point_in_time,Global,bull,N/A,,,years,N/A,E,medium,1,event_driven,P5 reverse valuation,,2026-08-01,2026-08-01,Years of constant strict FCFE discounted at 11% needed to equal residual value
MOMO-P5-0278,MOMO,P5,irr,estimate,company,Hello Group,2035_cumulative_dividend_contribution,2026-2035,annual,Global,bear,0.5652818527058553,,,USD/ADS,USD,E,low,0,annual,P5 return decomposition,,2026-08-01,2026-08-01,Cumulative dividends received
MOMO-P5-0279,MOMO,P5,irr,estimate,company,Hello Group,2035_buyback_per_share_accretion,2026-2035,annual,Global,bear,0.38900421640573235,,,USD/ADS,USD,E,low,0,annual,P5 return decomposition,,2026-08-01,2026-08-01,Terminal fair price with buybacks less counterfactual no-buyback price
MOMO-P5-0280,MOMO,P5,irr,estimate,company,Hello Group,2035_operating_asset_repricing_contribution,2026-2035,annual,Global,bear,-1.5187660998929404,,,USD/ADS,USD,E,low,0,annual,P5 return decomposition,,2026-08-01,2026-08-01,Counterfactual no-buyback terminal price less current price
MOMO-P5-0281,MOMO,P5,irr,estimate,company,Hello Group,2035_total_gain_per_ADS,2026-2035,annual,Global,bear,-0.5644800307813531,,,USD/ADS,USD,E,low,0,annual,P5 return decomposition,,2026-08-01,2026-08-01,Terminal fair price plus dividends less current price
MOMO-P5-0282,MOMO,P5,irr,estimate,company,Hello Group,2035_cumulative_dividend_contribution,2026-2035,annual,Global,base,3.020234243605295,,,USD/ADS,USD,E,low,0,annual,P5 return decomposition,,2026-08-01,2026-08-01,Cumulative dividends received
MOMO-P5-0283,MOMO,P5,irr,estimate,company,Hello Group,2035_buyback_per_share_accretion,2026-2035,annual,Global,base,6.165118693863031,,,USD/ADS,USD,E,low,0,annual,P5 return decomposition,,2026-08-01,2026-08-01,Terminal fair price with buybacks less counterfactual no-buyback price
MOMO-P5-0284,MOMO,P5,irr,estimate,company,Hello Group,2035_operating_asset_repricing_contribution,2026-2035,annual,Global,base,8.357998437681594,,,USD/ADS,USD,E,low,0,annual,P5 return decomposition,,2026-08-01,2026-08-01,Counterfactual no-buyback terminal price less current price
MOMO-P5-0285,MOMO,P5,irr,estimate,company,Hello Group,2035_total_gain_per_ADS,2026-2035,annual,Global,base,17.543351375149918,,,USD/ADS,USD,E,low,0,annual,P5 return decomposition,,2026-08-01,2026-08-01,Terminal fair price plus dividends less current price
MOMO-P5-0286,MOMO,P5,irr,estimate,company,Hello Group,2035_dividend_gain_share,2026-2035,annual,Global,base,0.17215833959088592,,,%,N/A,E,low,0,annual,P5 return decomposition,,2026-08-01,2026-08-01,Share of total positive gain
MOMO-P5-0287,MOMO,P5,irr,estimate,company,Hello Group,2035_buyback_gain_share,2026-2035,annual,Global,base,0.3514219468120495,,,%,N/A,E,low,0,annual,P5 return decomposition,,2026-08-01,2026-08-01,Share of total positive gain
MOMO-P5-0288,MOMO,P5,irr,estimate,company,Hello Group,2035_repricing_gain_share,2026-2035,annual,Global,base,0.47641971359706464,,,%,N/A,E,low,0,annual,P5 return decomposition,,2026-08-01,2026-08-01,Share of total positive gain
MOMO-P5-0289,MOMO,P5,irr,estimate,company,Hello Group,2035_cumulative_dividend_contribution,2026-2035,annual,Global,bull,7.210753002864556,,,USD/ADS,USD,E,low,0,annual,P5 return decomposition,,2026-08-01,2026-08-01,Cumulative dividends received
MOMO-P5-0290,MOMO,P5,irr,estimate,company,Hello Group,2035_buyback_per_share_accretion,2026-2035,annual,Global,bull,24.348063642955655,,,USD/ADS,USD,E,low,0,annual,P5 return decomposition,,2026-08-01,2026-08-01,Terminal fair price with buybacks less counterfactual no-buyback price
MOMO-P5-0291,MOMO,P5,irr,estimate,company,Hello Group,2035_operating_asset_repricing_contribution,2026-2035,annual,Global,bull,20.97939924052168,,,USD/ADS,USD,E,low,0,annual,P5 return decomposition,,2026-08-01,2026-08-01,Counterfactual no-buyback terminal price less current price
MOMO-P5-0292,MOMO,P5,irr,estimate,company,Hello Group,2035_total_gain_per_ADS,2026-2035,annual,Global,bull,52.53821588634189,,,USD/ADS,USD,E,low,0,annual,P5 return decomposition,,2026-08-01,2026-08-01,Terminal fair price plus dividends less current price
MOMO-P5-0293,MOMO,P5,irr,estimate,company,Hello Group,2035_dividend_gain_share,2026-2035,annual,Global,bull,0.1372477706221292,,,%,N/A,E,low,0,annual,P5 return decomposition,,2026-08-01,2026-08-01,Share of total positive gain
MOMO-P5-0294,MOMO,P5,irr,estimate,company,Hello Group,2035_buyback_gain_share,2026-2035,annual,Global,bull,0.4634352962351983,,,%,N/A,E,low,0,annual,P5 return decomposition,,2026-08-01,2026-08-01,Share of total positive gain
MOMO-P5-0295,MOMO,P5,irr,estimate,company,Hello Group,2035_repricing_gain_share,2026-2035,annual,Global,bull,0.3993169331426725,,,%,N/A,E,low,0,annual,P5 return decomposition,,2026-08-01,2026-08-01,Share of total positive gain
MOMO-P5-0296,MOMO,P5,final_score,score,company,Hello Group,existing_stability,P5,annual,Global,not_applicable,2.5,,,score/5,N/A,H,medium,1,annual,P5 final quality assessment,,2026-08-01,2026-08-01,Weight 20%. 国内现金牛仍有利润，但收入和付费用户结构性下降
MOMO-P5-0297,MOMO,P5,final_score,score,company,Hello Group,growth_authenticity,P5,annual,Global,not_applicable,3.0,,,score/5,N/A,H,medium,1,annual,P5 final quality assessment,,2026-08-01,2026-08-01,Weight 20%. 海外组合增长真实，多App利润复制尚未验证
MOMO-P5-0298,MOMO,P5,final_score,score,company,Hello Group,moat,P5,annual,Global,not_applicable,2.1,,,score/5,N/A,H,medium,1,annual,P5 final quality assessment,,2026-08-01,2026-08-01,Weight 15%. 运营和本地化强于用户锁定，切换成本低
MOMO-P5-0299,MOMO,P5,final_score,score,company,Hello Group,financial_cash,P5,annual,Global,not_applicable,3.5,,,score/5,N/A,H,medium,1,annual,P5 final quality assessment,,2026-08-01,2026-08-01,Weight 15%. 现金和股东回报真实，部分资产与汇出能力需折价
MOMO-P5-0300,MOMO,P5,final_score,score,company,Hello Group,management,P5,annual,Global,not_applicable,2.68,,,score/5,N/A,H,medium,1,annual,P5 final quality assessment,,2026-08-01,2026-08-01,Weight 15%. 海外执行及回购分红加分，国内执行和投资透明度扣分
MOMO-P5-0301,MOMO,P5,final_score,score,company,Hello Group,valuation_realization,P5,annual,Global,not_applicable,4.0,,,score/5,N/A,H,medium,1,annual,P5 final quality assessment,,2026-08-01,2026-08-01,Weight 15%. 当前价格隐含经营价值极低，但兑现依赖资本纪律
MOMO-P5-0302,MOMO,P5,final_score,score,company,Hello Group,weighted_company_quality_score,P5,annual,Global,not_applicable,2.942,,,score/5,N/A,H,medium,1,annual,P5 final quality assessment,,2026-08-01,2026-08-01,Weighted by framework dimensions
MOMO-P5-0303,MOMO,P5,final_conclusion,conclusion,company,Hello Group,investment_classification,P5,point_in_time,Global,not_applicable,可兑现困境价值与现金牛期权组合，不是高质量长期复利平台,,,text,N/A,H,medium,1,quarterly,P5 final synthesis,,2026-08-01,2026-08-01,当前价格几乎没有为基准经营业务支付价值，但资产并非全部可立即分配
MOMO-P5-0304,MOMO,P5,final_conclusion,conclusion,company,Hello Group,one_sentence_conclusion,P5,point_in_time,Global,not_applicable,US$5.99具有较高预期回报，但回报依赖现金兑现、持续回购和海外亏损收窄，不能按无风险净现金套利持有,,,text,N/A,H,medium,1,quarterly,P5 final synthesis,,2026-08-01,2026-08-01,硬资产底线约US$4.0，基准合理价值约US$11.4
MOMO-P5-0305,MOMO,P5,final_conclusion,conclusion,company,Hello Group,recommended_fair_value_range,P5,point_in_time,Global,not_applicable,悲观US$6.2、基准US$11.4、乐观US$18.3，概率加权约US$10.9,,,text,N/A,H,medium,1,quarterly,P5 final synthesis,,2026-08-01,2026-08-01,当前价格上行空间大，但情景分布宽
MOMO-P5-0306,MOMO,P5,final_conclusion,conclusion,company,Hello Group,required_return_test,P5,point_in_time,Global,not_applicable,基准情景仅靠分红和回购经济等价收益到2035约10.0%，不能稳定达到11%,,,text,N/A,H,medium,1,quarterly,P5 final synthesis,,2026-08-01,2026-08-01,达到11%以上仍需要经营稳定或估值对资产/现金流给予正常定价
MOMO-P5-0307,MOMO,P5,final_conclusion,conclusion,company,Hello Group,strongest_bull_case,P5,point_in_time,Global,not_applicable,基准可兑现资产已接近当前市值，国内现金牛仍有约RMB9亿元级所有者收益，海外增长已真实且回购降低股本,,,text,N/A,H,medium,1,quarterly,P5 final synthesis,,2026-08-01,2026-08-01,市场隐含经营价值只有约1倍基准2026所有者收益
MOMO-P5-0308,MOMO,P5,final_conclusion,conclusion,company,Hello Group,strongest_bear_case,P5,point_in_time,Global,not_applicable,国内衰退快于降本、海外长期亏损、现金被并购和不透明投资消耗，股本在回购能力下降后重新上升,,,text,N/A,H,medium,1,quarterly,P5 final synthesis,,2026-08-01,2026-08-01,悲观长期合理价格逐步下降至2035约US$4.9
MOMO-P5-0309,MOMO,P5,final_conclusion,conclusion,company,Hello Group,positioning,P5,point_in_time,Global,not_applicable,适合以资产保护和催化剂为基础的价值仓位，不适合作为无需跟踪的核心复利仓位,,,text,N/A,H,medium,1,quarterly,P5 final synthesis,,2026-08-01,2026-08-01,需要季度检查海外收入、Other Subsidiaries利润代理、现金和ADS
MOMO-P5-0310,MOMO,P5,risk_trigger,assumption,company,Hello Group,domestic_red,P5,point_in_time,Global,not_applicable,中国收入连续两个季度同比下降超过15%，或Momo付费用户低于320万,,,text,N/A,H,high,1,quarterly,P5 risk control,,2026-08-01,2026-08-01,下调国内利润和终值
MOMO-P5-0311,MOMO,P5,risk_trigger,assumption,company,Hello Group,overseas_red,P5,point_in_time,Global,not_applicable,海外收入增速低于15%，同时Other Subsidiaries利润代理低于-5%,,,text,N/A,H,high,1,quarterly,P5 risk control,,2026-08-01,2026-08-01,下调海外收入倍数和成功概率
MOMO-P5-0312,MOMO,P5,risk_trigger,assumption,company,Hello Group,cash_red,P5,point_in_time,Global,not_applicable,净可分配现金连续两个报告期下降，且主要原因是并购、贷款或未上市投资,,,text,N/A,H,high,1,quarterly,P5 risk control,,2026-08-01,2026-08-01,直接下调资产价值和治理评分
MOMO-P5-0313,MOMO,P5,risk_trigger,assumption,company,Hello Group,share_count_red,P5,point_in_time,Global,not_applicable,期末ADS同比上升，SBC抵消回购,,,text,N/A,H,high,1,quarterly,P5 risk control,,2026-08-01,2026-08-01,取消每股回购增厚假设
MOMO-P5-0314,MOMO,P5,risk_trigger,assumption,company,Hello Group,regulatory_red,P5,point_in_time,Global,not_applicable,土耳其或其他核心国家下架范围扩大至两个以上Tier 1/2 App,,,text,N/A,H,high,1,quarterly,P5 risk control,,2026-08-01,2026-08-01,提高悲观概率
MOMO-P5-0315,MOMO,P5,risk_trigger,assumption,company,Hello Group,disclosure_red,P5,point_in_time,Global,not_applicable,公司停止披露海外收入、回购实际执行或现金结构,,,text,N/A,H,high,1,quarterly,P5 risk control,,2026-08-01,2026-08-01,提高治理折价
