record_id,company,phase,module,record_type,entity_type,entity_name,metric,period,frequency,geography,scenario,value,value_low,value_high,unit,currency,data_tag,confidence,key_flag,update_frequency,source_name,source_url,source_date,collected_date,note
WB-P1-0001,WB,P1,company,fact,company,Weibo Corporation,legal_name,2026-08-01,point_in_time,Global,actual,Weibo Corporation,,,text,N/A,A,high,0,event_driven,2025 Form 20-F,https://www.sec.gov/Archives/edgar/data/1595761/000110465926047217/0001104659-26-047217-index.htm,2026-04-23,2026-08-01,
WB-P1-0002,WB,P1,company,fact,security,NASDAQ ADS,ticker,2026-08-01,point_in_time,Global,actual,WB,,,text,N/A,A,high,1,event_driven,2025 Form 20-F,https://www.sec.gov/Archives/edgar/data/1595761/000110465926047217/R1.htm,2026-04-23,2026-08-01,
WB-P1-0003,WB,P1,company,fact,security,HKEX Class A ordinary share,ticker,2026-08-01,point_in_time,Global,actual,9898,,,text,N/A,A,high,0,event_driven,2025 Form 20-F,https://www.sec.gov/Archives/edgar/data/1595761/000110465926047217/R1.htm,2026-04-23,2026-08-01,
WB-P1-0004,WB,P1,company,fact,security,NASDAQ ADS,ADS_to_Class_A_ratio,2026-08-01,point_in_time,Global,actual,1,,,Class A share per ADS,N/A,A,high,1,event_driven,2025 Form 20-F XBRL entity information,https://www.sec.gov/Archives/edgar/data/1595761/000110465926047217/R1.htm,2026-04-23,2026-08-01,
WB-P1-0005,WB,P1,company,fact,company,Weibo Corporation,reporting_currency,2025A,point_in_time,Global,actual,USD,,,text,USD,A,high,1,event_driven,2025 Form 20-F accounting policies,https://www.sec.gov/Archives/edgar/data/1595761/000110465926047217/R9.htm,2026-04-23,2026-08-01,
WB-P1-0006,WB,P1,company,fact,company,Weibo Corporation,accounting_standard,2025A,point_in_time,Global,actual,U.S. GAAP,,,text,N/A,A,high,1,event_driven,2025 Form 20-F accounting policies,https://www.sec.gov/Archives/edgar/data/1595761/000110465926047217/R9.htm,2026-04-23,2026-08-01,
WB-P1-0007,WB,P1,company,fact,company,Weibo Corporation,fiscal_year_end,2025A,point_in_time,Global,actual,December 31,,,text,N/A,A,high,1,event_driven,2025 Form 20-F,https://www.sec.gov/Archives/edgar/data/1595761/000110465926047217/0001104659-26-047217-index.htm,2026-04-23,2026-08-01,
WB-P1-0008,WB,P1,company,fact,security,Class A ordinary shares,votes_per_share,2026-08-01,point_in_time,Global,actual,1,,,vote,N/A,A,high,1,event_driven,2025 AGM / articles,https://ir.weibo.com/static-files/28d8e57e-31bb-4203-afef-6815d46c62bb,2025-04-11,2026-08-01,
WB-P1-0009,WB,P1,company,fact,security,Class B ordinary shares,votes_per_share,2026-08-01,point_in_time,Global,actual,3,,,votes,N/A,A,high,1,event_driven,2025 AGM / articles,https://ir.weibo.com/static-files/28d8e57e-31bb-4203-afef-6815d46c62bb,2025-04-11,2026-08-01,
WB-P1-0010,WB,P1,company,fact,shareholder,SINA Corporation,Class_B_shares,2025-03-31,point_in_time,Global,actual,87822024,,,shares,N/A,A,medium,1,event_driven,2024 annual report / latest indexed ownership disclosure,https://www.sec.gov/Archives/edgar/data/1595761/000141057825000730/wb-20241231x20f.htm,2025-04-15,2026-08-01,Latest P1 accessible ownership disclosure; 2025 annual report table should be rechecked in P3. SINA's Class B stake provides control through 3 votes/share.
WB-P1-0011,WB,P1,company,fact,shareholder,SINA Corporation,economic_ownership_pct,2025-03-31,point_in_time,Global,actual,36.1,,,%,N/A,A,medium,1,event_driven,2024 annual report,https://www1.hkexnews.hk/listedco/listconews/sehk/2025/0415/2025041501121.pdf,2025-04-15,2026-08-01,Approximate; verify against 2025 annual report current issued share count.
WB-P1-0012,WB,P1,company,fact,shareholder,SINA Corporation,voting_power_pct,2025-03-31,point_in_time,Global,actual,62.9,,,%,N/A,A,medium,1,event_driven,2024 annual report,https://www1.hkexnews.hk/listedco/listconews/sehk/2025/0415/2025041501121.pdf,2025-04-15,2026-08-01,Approximate; controlled ultimately by Charles Chao through New Wave. Verify current 2025 annual table in P3.
WB-P1-0013,WB,P1,company,fact,shareholder,Ali WB Investment Holding Limited,Class_A_shares,2023-03-31,point_in_time,Global,actual,67883086,,,shares,N/A,A,medium,1,event_driven,2022 annual report ownership table,https://www1.hkexnews.hk/listedco/listconews/sehk/2023/0427/2023042703161.pdf,2023-04-27,2026-08-01,Last exact share count retrieved in P1. Current economic percentage must be verified in P3; Alibaba remains disclosed as strategic partner/significant shareholder in 2025 related-party tables.
WB-P1-0014,WB,P1,company,fact,shareholder,Alibaba,relationship,2025A,point_in_time,Global,actual,Strategic partner and significant shareholder,,,text,N/A,A,high,1,event_driven,2025 Form 20-F related parties,https://www.sec.gov/Archives/edgar/data/1595761/000110465926047217/R40.htm,2026-04-23,2026-08-01,
WB-P1-0015,WB,P1,company,fact,entity,"Beijing Weimeng Internet Technology Co., Ltd.",structure,2025A,point_in_time,Global,actual,Primary VIE / operating entity for regulated internet business,,,text,N/A,A,high,1,event_driven,2025 Form 20-F and App Store developer,https://www.sec.gov/Archives/edgar/data/1595761/000110465926047217/0001104659-26-047217-index.htm,2026-04-23,2026-08-01,"The consolidated financial statements include wholly-owned subsidiaries, VIEs and VIE subsidiaries; detailed contractual structure to be mapped in P3."
WB-P1-0016,WB,P1,company,fact,company,Weibo Corporation,latest_reported_financial_period,2026-08-01,point_in_time,Global,actual,2026Q1,,,text,N/A,A,high,1,event_driven,Q1 2026 results,https://ir.weibo.com/news-releases/news-release-details/weibo-announces-first-quarter-2026-unaudited-financial-results/,2026-05-28,2026-08-01,
WB-P1-0017,WB,P1,company,fact,company,Weibo Corporation,next_scheduled_results,2026-08-01,point_in_time,Global,actual,2026Q2 results scheduled 2026-08-19,,,text,N/A,A,high,0,event_driven,Company IR event notice,https://ir.weibo.com/,2026-07-30,2026-08-01,
WB-P1-0018,WB,P1,company,fact,security,NASDAQ ADS,share_price,2026-08-01,point_in_time,Global,actual,8.15,,,USD/ADS,USD,A,high,1,event_driven,Current market data,,2026-08-01,2026-08-01,Latest trade supplied by market data tool; use a refreshed price at every valuation gate.
WB-P1-0019,WB,P1,company,fact,security,Weibo equity,market_cap,2026-08-01,point_in_time,Global,actual,1977.0,,,USD mn,USD,A,high,1,event_driven,Current market data,,2026-08-01,2026-08-01,
WB-P1-0020,WB,P1,company,estimate,security,NASDAQ ADS,trailing_dividend_yield,2026-08-01,point_in_time,Global,actual,7.48,,,%,N/A,E,high,1,event_driven,Current market price + FY2025 dividend,https://ir.weibo.com/news-releases/news-release-details/weibo-announces-fourth-quarter-and-fiscal-year-2025-unaudited/,2026-08-01,2026-08-01,Arithmetic only; $0.61 FY2025 dividend divided by $8.15 ADS price. Future dividend is not guaranteed.
WB-P1-0021,WB,P1,product,fact,product,Weibo main platform,description,2026-08-01,point_in_time,Global,actual,"Core social-media feed, public discussion, hot search, creator/content ecosystem",,,text,N/A,A,high,0,event_driven,Company disclosures and app stores,https://play.google.com/store/apps/details?id=com.sina.weibo,2026-08-01,2026-08-01,
WB-P1-0022,WB,P1,product,score,product,Weibo main platform,tier,2026-08-01,point_in_time,Global,actual,Tier 1,,,text,N/A,H,medium,1,event_driven,P1 research classification,WB_P1_研究边界产品身份与数据底座.md,2026-08-01,2026-08-01,Initial classification; financial mapping: Advertising & marketing; VAS; lifecycle/state: Core.
WB-P1-0023,WB,P1,product,fact,product,Weibo main platform,financial_mapping,2026-08-01,point_in_time,Global,actual,Advertising & marketing; VAS,,,text,N/A,A,medium,0,event_driven,Company disclosures / P1 mapping,https://ir.weibo.com/financial-information/quarterly-results,2026-08-01,2026-08-01,
WB-P1-0024,WB,P1,product,fact,product,Weibo Intelligent Search / Weibo Smart Search,description,2026-08-01,point_in_time,Global,actual,AI-enhanced search embedded in main platform,,,text,N/A,A,medium,0,event_driven,Company disclosures and app stores,https://ir.weibo.com/financial-information/quarterly-results,2026-08-01,2026-08-01,
WB-P1-0025,WB,P1,product,score,product,Weibo Intelligent Search / Weibo Smart Search,tier,2026-08-01,point_in_time,Global,actual,Tier 2,,,text,N/A,H,medium,1,event_driven,P1 research classification,WB_P1_研究边界产品身份与数据底座.md,2026-08-01,2026-08-01,Initial classification; financial mapping: Supports engagement and advertising conversion; no separate revenue disclosure; lifecycle/state: Growth feature.
WB-P1-0026,WB,P1,product,fact,product,Weibo Intelligent Search / Weibo Smart Search,financial_mapping,2026-08-01,point_in_time,Global,actual,Supports engagement and advertising conversion; no separate revenue disclosure,,,text,N/A,A,medium,0,event_driven,Company disclosures / P1 mapping,https://ir.weibo.com/financial-information/quarterly-results,2026-08-01,2026-08-01,
WB-P1-0027,WB,P1,product,fact,product,Weibo Super Topic (超话),description,2026-08-01,point_in_time,Global,actual,Interest-based community embedded in main platform; also standalone iOS app,,,text,N/A,A,medium,0,event_driven,Company disclosures and app stores,https://ir.weibo.com/financial-information/quarterly-results,2026-08-01,2026-08-01,
WB-P1-0028,WB,P1,product,score,product,Weibo Super Topic (超话),tier,2026-08-01,point_in_time,Global,actual,Tier 2,,,text,N/A,H,medium,1,event_driven,P1 research classification,WB_P1_研究边界产品身份与数据底座.md,2026-08-01,2026-08-01,Initial classification; financial mapping: Advertising/engagement/VAS support; no separate disclosure; lifecycle/state: Growth/retention feature.
WB-P1-0029,WB,P1,product,fact,product,Weibo Super Topic (超话),financial_mapping,2026-08-01,point_in_time,Global,actual,Advertising/engagement/VAS support; no separate disclosure,,,text,N/A,A,medium,0,event_driven,Company disclosures / P1 mapping,https://ir.weibo.com/financial-information/quarterly-results,2026-08-01,2026-08-01,
WB-P1-0030,WB,P1,product,fact,product,Weibo Membership,description,2026-08-01,point_in_time,Global,actual,Subscription privileges and user services,,,text,N/A,A,high,0,event_driven,Company disclosures and app stores,https://ir.weibo.com/financial-information/quarterly-results,2026-08-01,2026-08-01,
WB-P1-0031,WB,P1,product,score,product,Weibo Membership,tier,2026-08-01,point_in_time,Global,actual,Tier 2,,,text,N/A,H,medium,1,event_driven,P1 research classification,WB_P1_研究边界产品身份与数据底座.md,2026-08-01,2026-08-01,Initial classification; financial mapping: VAS; lifecycle/state: Monetized feature.
WB-P1-0032,WB,P1,product,fact,product,Weibo Membership,financial_mapping,2026-08-01,point_in_time,Global,actual,VAS,,,text,N/A,A,medium,0,event_driven,Company disclosures / P1 mapping,https://ir.weibo.com/financial-information/quarterly-results,2026-08-01,2026-08-01,
WB-P1-0033,WB,P1,product,fact,product,Weibo Live / video,description,2026-08-01,point_in_time,Global,actual,Live and short-video content inside main platform,,,text,N/A,A,medium,0,event_driven,Company disclosures and app stores,https://ir.weibo.com/financial-information/quarterly-results,2026-08-01,2026-08-01,
WB-P1-0034,WB,P1,product,score,product,Weibo Live / video,tier,2026-08-01,point_in_time,Global,actual,Tier 2,,,text,N/A,H,medium,1,event_driven,P1 research classification,WB_P1_研究边界产品身份与数据底座.md,2026-08-01,2026-08-01,"Initial classification; financial mapping: Advertising, virtual goods and VAS; lifecycle/state: Feature."
WB-P1-0035,WB,P1,product,fact,product,Weibo Live / video,financial_mapping,2026-08-01,point_in_time,Global,actual,"Advertising, virtual goods and VAS",,,text,N/A,A,medium,0,event_driven,Company disclosures / P1 mapping,https://ir.weibo.com/financial-information/quarterly-results,2026-08-01,2026-08-01,
WB-P1-0036,WB,P1,product,fact,product,Weibo International,description,2026-08-01,point_in_time,Global,actual,International client authorized by Weibo and powered by Weico on Android; iOS seller is Beijing Weimeng,,,text,N/A,A,high,0,event_driven,Company disclosures and app stores,https://ir.weibo.com/financial-information/quarterly-results,2026-08-01,2026-08-01,
WB-P1-0037,WB,P1,product,score,product,Weibo International,tier,2026-08-01,point_in_time,Global,actual,Tier 3,,,text,N/A,H,medium,0,event_driven,P1 research classification,WB_P1_研究边界产品身份与数据底座.md,2026-08-01,2026-08-01,Initial classification; financial mapping: Membership/IAP; group contribution undisclosed; lifecycle/state: Regional client.
WB-P1-0038,WB,P1,product,fact,product,Weibo International,financial_mapping,2026-08-01,point_in_time,Global,actual,Membership/IAP; group contribution undisclosed,,,text,N/A,A,medium,0,event_driven,Company disclosures / P1 mapping,https://ir.weibo.com/financial-information/quarterly-results,2026-08-01,2026-08-01,
WB-P1-0039,WB,P1,product,fact,product,Weibo Lite / 极速版,description,2026-08-01,point_in_time,Global,actual,Lightweight client listed under Beijing Weimeng developer account,,,text,N/A,A,medium,0,event_driven,Company disclosures and app stores,https://ir.weibo.com/financial-information/quarterly-results,2026-08-01,2026-08-01,
WB-P1-0040,WB,P1,product,score,product,Weibo Lite / 极速版,tier,2026-08-01,point_in_time,Global,actual,Tier 3,,,text,N/A,H,medium,0,event_driven,P1 research classification,WB_P1_研究边界产品身份与数据底座.md,2026-08-01,2026-08-01,Initial classification; financial mapping: Advertising/engagement; contribution undisclosed; lifecycle/state: Experiment/secondary client.
WB-P1-0041,WB,P1,product,fact,product,Weibo Lite / 极速版,financial_mapping,2026-08-01,point_in_time,Global,actual,Advertising/engagement; contribution undisclosed,,,text,N/A,A,medium,0,event_driven,Company disclosures / P1 mapping,https://ir.weibo.com/financial-information/quarterly-results,2026-08-01,2026-08-01,
WB-P1-0042,WB,P1,product,fact,product,Weibo Large Font / 大字版,description,2026-08-01,point_in_time,Global,actual,Accessibility-oriented client listed under Beijing Weimeng developer account,,,text,N/A,A,medium,0,event_driven,Company disclosures and app stores,https://ir.weibo.com/financial-information/quarterly-results,2026-08-01,2026-08-01,
WB-P1-0043,WB,P1,product,score,product,Weibo Large Font / 大字版,tier,2026-08-01,point_in_time,Global,actual,Watchlist,,,text,N/A,H,medium,0,event_driven,P1 research classification,WB_P1_研究边界产品身份与数据底座.md,2026-08-01,2026-08-01,Initial classification; financial mapping: Undisclosed; lifecycle/state: Niche client.
WB-P1-0044,WB,P1,product,fact,product,Weibo Large Font / 大字版,financial_mapping,2026-08-01,point_in_time,Global,actual,Undisclosed,,,text,N/A,A,medium,0,event_driven,Company disclosures / P1 mapping,https://ir.weibo.com/financial-information/quarterly-results,2026-08-01,2026-08-01,
WB-P1-0045,WB,P1,product,fact,product,Oasis / 绿洲,description,2026-08-01,point_in_time,Global,actual,Lifestyle/image social app associated with Weibo ecosystem,,,text,N/A,A,medium,0,event_driven,Company disclosures and app stores,https://ir.weibo.com/financial-information/quarterly-results,2026-08-01,2026-08-01,
WB-P1-0046,WB,P1,product,score,product,Oasis / 绿洲,tier,2026-08-01,point_in_time,Global,actual,Watchlist,,,text,N/A,H,medium,0,event_driven,P1 research classification,WB_P1_研究边界产品身份与数据底座.md,2026-08-01,2026-08-01,Initial classification; financial mapping: Undisclosed; lifecycle/state: Non-core/uncertain current scale.
WB-P1-0047,WB,P1,product,fact,product,Oasis / 绿洲,financial_mapping,2026-08-01,point_in_time,Global,actual,Undisclosed,,,text,N/A,A,medium,0,event_driven,Company disclosures / P1 mapping,https://ir.weibo.com/financial-information/quarterly-results,2026-08-01,2026-08-01,
WB-P1-0048,WB,P1,product,fact,product,JM Tech game business,description,2026-08-01,point_in_time,Global,actual,Shanghai Jiamian Information Technology consolidated since 2020,,,text,N/A,A,high,0,event_driven,Company disclosures and app stores,https://ir.weibo.com/financial-information/quarterly-results,2026-08-01,2026-08-01,
WB-P1-0049,WB,P1,product,score,product,JM Tech game business,tier,2026-08-01,point_in_time,Global,actual,Tier 3,,,text,N/A,H,medium,0,event_driven,P1 research classification,WB_P1_研究边界产品身份与数据底座.md,2026-08-01,2026-08-01,Initial classification; financial mapping: Game-related VAS; lifecycle/state: Non-core subsidiary.
WB-P1-0050,WB,P1,product,fact,product,JM Tech game business,financial_mapping,2026-08-01,point_in_time,Global,actual,Game-related VAS,,,text,N/A,A,medium,0,event_driven,Company disclosures / P1 mapping,https://ir.weibo.com/financial-information/quarterly-results,2026-08-01,2026-08-01,
WB-P1-0051,WB,P1,product,fact,app,Weibo,android_package_id,2026-08-01,point_in_time,Global,actual,com.sina.weibo,,,text,N/A,A,high,1,event_driven,Google Play,https://play.google.com/store/apps/details?id=com.sina.weibo,2026-07-26,2026-08-01,
WB-P1-0052,WB,P1,product,proxy,app,Weibo,google_play_installs_floor,2026-08-01,point_in_time,Global,actual,10,,,mn+ installs,N/A,P,medium,0,event_driven,Google Play,https://play.google.com/store/apps/details?id=com.sina.weibo,2026-07-26,2026-08-01,Google Play is not representative of mainland China distribution; use only as an overseas Android floor.
WB-P1-0053,WB,P1,product,proxy,app,Weibo,google_play_rating,2026-08-01,point_in_time,Global,actual,3.7,,,score / 5,N/A,P,medium,0,event_driven,Google Play,https://play.google.com/store/apps/details?id=com.sina.weibo,2026-07-26,2026-08-01,
WB-P1-0054,WB,P1,product,proxy,app,Weibo,google_play_rating_count,2026-08-01,point_in_time,Global,actual,320000,,,ratings,N/A,P,medium,0,event_driven,Google Play,https://play.google.com/store/apps/details?id=com.sina.weibo,2026-07-26,2026-08-01,
WB-P1-0055,WB,P1,product,fact,app,Weibo,google_play_last_update,2026-08-01,point_in_time,Global,actual,2026-07-26,,,date,N/A,A,high,0,event_driven,Google Play,https://play.google.com/store/apps/details?id=com.sina.weibo,2026-07-26,2026-08-01,
WB-P1-0056,WB,P1,product,fact,app,Weibo International,android_package_id,2026-08-01,point_in_time,Global,actual,com.weico.international,,,text,N/A,A,high,0,event_driven,Google Play,https://play.google.com/store/apps/details?id=com.weico.international,2026-07-10,2026-08-01,"Store states 'Authorized by Weibo, powered by Weico'; ownership/economic-sharing contract is not publicly quantified."
WB-P1-0057,WB,P1,product,fact,app,Weibo International,ios_app_id,2026-08-01,point_in_time,Global,actual,1215210046,,,text,N/A,A,high,0,event_driven,Apple App Store,https://apps.apple.com/us/app/weibo-intl/id1215210046,2026-08-01,2026-08-01,
WB-P1-0058,WB,P1,product,fact,app,Weibo International,ios_seller,2026-08-01,point_in_time,Global,actual,"Beijing Weimeng Internet Technology Co., Ltd.",,,text,N/A,A,high,0,event_driven,Apple App Store,https://apps.apple.com/us/app/weibo-intl/id1215210046,2026-08-01,2026-08-01,
WB-P1-0059,WB,P1,product,conclusion,app,Weibo International,ownership_confidence,2026-08-01,point_in_time,Global,actual,Medium,,,text,N/A,H,medium,0,event_driven,P1 identity audit,https://apps.apple.com/us/app/weibo-intl/id1215210046,2026-08-01,2026-08-01,iOS seller is the Weibo VIE; Android is operated by Weico under authorization. Treat as Tier 3 until revenue/MAU and economics are verified.
WB-P1-0060,WB,P1,product,conclusion,app,Weibo app ecosystem,third_party_data_limit,2026-08-01,point_in_time,Global,actual,No paid Sensor Tower/Similarweb/AppMagic history available in this run; public stores provide only snapshots and are weak for mainland China.,,,text,N/A,H,high,1,event_driven,P1 data-access audit,WB_P1_研究边界产品身份与数据底座.md,2026-08-01,2026-08-01,
WB-P1-0061,WB,P1,financial,fact,company,Weibo consolidated,revenue,2020A,annual,Global,actual,1690.0,,,USD mn,USD,A,high,1,annual,FY2020 earnings release,https://ir.weibo.com/financial-information/quarterly-results,2021-03-18,2026-08-01,Rounded company-reported figure.
WB-P1-0062,WB,P1,financial,fact,company,Weibo consolidated,ad_revenue,2020A,annual,Global,actual,1490.0,,,USD mn,USD,A,high,1,annual,FY2020 earnings release,https://ir.weibo.com/financial-information/quarterly-results,2021-03-18,2026-08-01,Rounded company-reported figure.
WB-P1-0063,WB,P1,financial,fact,company,Weibo consolidated,vas_revenue,2020A,annual,Global,actual,203.8,,,USD mn,USD,A,high,0,annual,FY2020 earnings release,https://ir.weibo.com/financial-information/quarterly-results,2021-03-18,2026-08-01,Rounded company-reported figure.
WB-P1-0064,WB,P1,financial,fact,company,Weibo consolidated,operating_income,2020A,annual,Global,actual,506.8,,,USD mn,USD,A,high,1,annual,FY2020 earnings release,https://ir.weibo.com/financial-information/quarterly-results,2021-03-18,2026-08-01,Rounded company-reported figure.
WB-P1-0065,WB,P1,financial,fact,company,Weibo consolidated,gaap_net_income,2020A,annual,Global,actual,313.4,,,USD mn,USD,A,high,0,annual,FY2020 earnings release,https://ir.weibo.com/financial-information/quarterly-results,2021-03-18,2026-08-01,Rounded company-reported figure.
WB-P1-0066,WB,P1,financial,fact,company,Weibo consolidated,non_gaap_operating_income,2020A,annual,Global,actual,579.6,,,USD mn,USD,A,high,0,annual,FY2020 earnings release,https://ir.weibo.com/financial-information/quarterly-results,2021-03-18,2026-08-01,Rounded company-reported figure.
WB-P1-0067,WB,P1,financial,fact,company,Weibo consolidated,non_gaap_net_income,2020A,annual,Global,actual,547.5,,,USD mn,USD,A,high,0,annual,FY2020 earnings release,https://ir.weibo.com/financial-information/quarterly-results,2021-03-18,2026-08-01,Rounded company-reported figure.
WB-P1-0068,WB,P1,financial,fact,company,Weibo consolidated,operating_cash_flow,2020A,annual,Global,actual,741.6,,,USD mn,USD,A,high,1,annual,FY2020 earnings release,https://ir.weibo.com/financial-information/quarterly-results,2021-03-18,2026-08-01,Rounded company-reported figure.
WB-P1-0069,WB,P1,financial,fact,company,Weibo consolidated,capex,2020A,annual,Global,actual,34.8,,,USD mn,USD,A,high,1,annual,FY2020 earnings release,https://ir.weibo.com/financial-information/quarterly-results,2021-03-18,2026-08-01,Rounded company-reported figure.
WB-P1-0070,WB,P1,financial,fact,company,Weibo consolidated,cash_and_short_term_investments,2020A,annual,Global,actual,3500.0,,,USD mn,USD,A,high,1,annual,FY2020 earnings release,https://ir.weibo.com/financial-information/quarterly-results,2021-03-18,2026-08-01,Rounded company-reported figure.
WB-P1-0071,WB,P1,financial,estimate,company,Weibo consolidated,free_cash_flow_proxy,2020A,annual,Global,actual,706.8,,,USD mn,USD,E,high,1,annual,Derived from FY2020 earnings release,https://ir.weibo.com/financial-information/quarterly-results,2021-03-18,2026-08-01,"Simple proxy = operating cash flow - total capital expenditure; not yet normalized for working capital, SBC or maintenance/growth capex."
WB-P1-0072,WB,P1,financial,estimate,company,Weibo consolidated,gaap_operating_margin,2020A,annual,Global,actual,29.99,,,%,N/A,E,high,1,annual,Derived from FY2020 earnings release,https://ir.weibo.com/financial-information/quarterly-results,2021-03-18,2026-08-01,
WB-P1-0073,WB,P1,financial,fact,company,Weibo consolidated,revenue,2021A,annual,Global,actual,2260.0,,,USD mn,USD,A,high,1,annual,FY2021 earnings release,https://ir.weibo.com/financial-information/quarterly-results,2022-03-03,2026-08-01,Rounded company-reported figure.
WB-P1-0074,WB,P1,financial,fact,company,Weibo consolidated,ad_revenue,2021A,annual,Global,actual,1980.0,,,USD mn,USD,A,high,1,annual,FY2021 earnings release,https://ir.weibo.com/financial-information/quarterly-results,2022-03-03,2026-08-01,Rounded company-reported figure.
WB-P1-0075,WB,P1,financial,fact,company,Weibo consolidated,vas_revenue,2021A,annual,Global,actual,276.3,,,USD mn,USD,A,high,0,annual,FY2021 earnings release,https://ir.weibo.com/financial-information/quarterly-results,2022-03-03,2026-08-01,Rounded company-reported figure.
WB-P1-0076,WB,P1,financial,fact,company,Weibo consolidated,operating_income,2021A,annual,Global,actual,697.4,,,USD mn,USD,A,high,1,annual,FY2021 earnings release,https://ir.weibo.com/financial-information/quarterly-results,2022-03-03,2026-08-01,Rounded company-reported figure.
WB-P1-0077,WB,P1,financial,fact,company,Weibo consolidated,gaap_net_income,2021A,annual,Global,actual,428.3,,,USD mn,USD,A,high,0,annual,FY2021 earnings release,https://ir.weibo.com/financial-information/quarterly-results,2022-03-03,2026-08-01,Rounded company-reported figure.
WB-P1-0078,WB,P1,financial,fact,company,Weibo consolidated,non_gaap_operating_income,2021A,annual,Global,actual,829.2,,,USD mn,USD,A,high,0,annual,FY2021 earnings release,https://ir.weibo.com/financial-information/quarterly-results,2022-03-03,2026-08-01,Rounded company-reported figure.
WB-P1-0079,WB,P1,financial,fact,company,Weibo consolidated,non_gaap_net_income,2021A,annual,Global,actual,718.5,,,USD mn,USD,A,high,0,annual,FY2021 earnings release,https://ir.weibo.com/financial-information/quarterly-results,2022-03-03,2026-08-01,Rounded company-reported figure.
WB-P1-0080,WB,P1,financial,fact,company,Weibo consolidated,operating_cash_flow,2021A,annual,Global,actual,814.0,,,USD mn,USD,A,high,1,annual,FY2021 earnings release,https://ir.weibo.com/financial-information/quarterly-results,2022-03-03,2026-08-01,Rounded company-reported figure.
WB-P1-0081,WB,P1,financial,fact,company,Weibo consolidated,capex,2021A,annual,Global,actual,35.1,,,USD mn,USD,A,high,1,annual,FY2021 earnings release,https://ir.weibo.com/financial-information/quarterly-results,2022-03-03,2026-08-01,Rounded company-reported figure.
WB-P1-0082,WB,P1,financial,fact,company,Weibo consolidated,cash_and_short_term_investments,2021A,annual,Global,actual,3130.0,,,USD mn,USD,A,high,1,annual,FY2021 earnings release,https://ir.weibo.com/financial-information/quarterly-results,2022-03-03,2026-08-01,Rounded company-reported figure.
WB-P1-0083,WB,P1,financial,estimate,company,Weibo consolidated,free_cash_flow_proxy,2021A,annual,Global,actual,778.9,,,USD mn,USD,E,high,1,annual,Derived from FY2021 earnings release,https://ir.weibo.com/financial-information/quarterly-results,2022-03-03,2026-08-01,"Simple proxy = operating cash flow - total capital expenditure; not yet normalized for working capital, SBC or maintenance/growth capex."
WB-P1-0084,WB,P1,financial,estimate,company,Weibo consolidated,gaap_operating_margin,2021A,annual,Global,actual,30.86,,,%,N/A,E,high,1,annual,Derived from FY2021 earnings release,https://ir.weibo.com/financial-information/quarterly-results,2022-03-03,2026-08-01,
WB-P1-0085,WB,P1,financial,fact,company,Weibo consolidated,revenue,2022A,annual,Global,actual,1840.0,,,USD mn,USD,A,high,1,annual,FY2022 earnings release,https://ir.weibo.com/financial-information/quarterly-results,2023-03-01,2026-08-01,Rounded company-reported figure.
WB-P1-0086,WB,P1,financial,fact,company,Weibo consolidated,ad_revenue,2022A,annual,Global,actual,1600.0,,,USD mn,USD,A,high,1,annual,FY2022 earnings release,https://ir.weibo.com/financial-information/quarterly-results,2023-03-01,2026-08-01,Rounded company-reported figure.
WB-P1-0087,WB,P1,financial,fact,company,Weibo consolidated,vas_revenue,2022A,annual,Global,actual,239.7,,,USD mn,USD,A,high,0,annual,FY2022 earnings release,https://ir.weibo.com/financial-information/quarterly-results,2023-03-01,2026-08-01,Rounded company-reported figure.
WB-P1-0088,WB,P1,financial,fact,company,Weibo consolidated,operating_income,2022A,annual,Global,actual,480.5,,,USD mn,USD,A,high,1,annual,FY2022 earnings release,https://ir.weibo.com/financial-information/quarterly-results,2023-03-01,2026-08-01,Rounded company-reported figure.
WB-P1-0089,WB,P1,financial,fact,company,Weibo consolidated,gaap_net_income,2022A,annual,Global,actual,85.6,,,USD mn,USD,A,high,0,annual,FY2022 earnings release,https://ir.weibo.com/financial-information/quarterly-results,2023-03-01,2026-08-01,Rounded company-reported figure.
WB-P1-0090,WB,P1,financial,fact,company,Weibo consolidated,non_gaap_operating_income,2022A,annual,Global,actual,601.1,,,USD mn,USD,A,high,0,annual,FY2022 earnings release,https://ir.weibo.com/financial-information/quarterly-results,2023-03-01,2026-08-01,Rounded company-reported figure.
WB-P1-0091,WB,P1,financial,fact,company,Weibo consolidated,non_gaap_net_income,2022A,annual,Global,actual,540.1,,,USD mn,USD,A,high,0,annual,FY2022 earnings release,https://ir.weibo.com/financial-information/quarterly-results,2023-03-01,2026-08-01,Rounded company-reported figure.
WB-P1-0092,WB,P1,financial,fact,company,Weibo consolidated,operating_cash_flow,2022A,annual,Global,actual,564.1,,,USD mn,USD,A,high,1,annual,FY2022 earnings release,https://ir.weibo.com/financial-information/quarterly-results,2023-03-01,2026-08-01,Rounded company-reported figure.
WB-P1-0093,WB,P1,financial,fact,company,Weibo consolidated,capex,2022A,annual,Global,actual,43.1,,,USD mn,USD,A,high,1,annual,FY2022 earnings release,https://ir.weibo.com/financial-information/quarterly-results,2023-03-01,2026-08-01,Rounded company-reported figure.
WB-P1-0094,WB,P1,financial,fact,company,Weibo consolidated,cash_and_short_term_investments,2022A,annual,Global,actual,3170.0,,,USD mn,USD,A,high,1,annual,FY2022 earnings release,https://ir.weibo.com/financial-information/quarterly-results,2023-03-01,2026-08-01,Rounded company-reported figure.
WB-P1-0095,WB,P1,financial,estimate,company,Weibo consolidated,free_cash_flow_proxy,2022A,annual,Global,actual,521.0,,,USD mn,USD,E,high,1,annual,Derived from FY2022 earnings release,https://ir.weibo.com/financial-information/quarterly-results,2023-03-01,2026-08-01,"Simple proxy = operating cash flow - total capital expenditure; not yet normalized for working capital, SBC or maintenance/growth capex."
WB-P1-0096,WB,P1,financial,estimate,company,Weibo consolidated,gaap_operating_margin,2022A,annual,Global,actual,26.11,,,%,N/A,E,high,1,annual,Derived from FY2022 earnings release,https://ir.weibo.com/financial-information/quarterly-results,2023-03-01,2026-08-01,
WB-P1-0097,WB,P1,financial,fact,company,Weibo consolidated,revenue,2023A,annual,Global,actual,1760.0,,,USD mn,USD,A,high,1,annual,FY2023 earnings release,https://ir.weibo.com/financial-information/quarterly-results,2024-03-14,2026-08-01,Rounded company-reported figure.
WB-P1-0098,WB,P1,financial,fact,company,Weibo consolidated,ad_revenue,2023A,annual,Global,actual,1530.0,,,USD mn,USD,A,high,1,annual,FY2023 earnings release,https://ir.weibo.com/financial-information/quarterly-results,2024-03-14,2026-08-01,Rounded company-reported figure.
WB-P1-0099,WB,P1,financial,fact,company,Weibo consolidated,vas_revenue,2023A,annual,Global,actual,225.8,,,USD mn,USD,A,high,0,annual,FY2023 earnings release,https://ir.weibo.com/financial-information/quarterly-results,2024-03-14,2026-08-01,Rounded company-reported figure.
WB-P1-0100,WB,P1,financial,fact,company,Weibo consolidated,operating_income,2023A,annual,Global,actual,472.9,,,USD mn,USD,A,high,1,annual,FY2023 earnings release,https://ir.weibo.com/financial-information/quarterly-results,2024-03-14,2026-08-01,Rounded company-reported figure.
WB-P1-0101,WB,P1,financial,fact,company,Weibo consolidated,gaap_net_income,2023A,annual,Global,actual,342.6,,,USD mn,USD,A,high,0,annual,FY2023 earnings release,https://ir.weibo.com/financial-information/quarterly-results,2024-03-14,2026-08-01,Rounded company-reported figure.
WB-P1-0102,WB,P1,financial,fact,company,Weibo consolidated,non_gaap_operating_income,2023A,annual,Global,actual,592.1,,,USD mn,USD,A,high,0,annual,FY2023 earnings release,https://ir.weibo.com/financial-information/quarterly-results,2024-03-14,2026-08-01,Rounded company-reported figure.
WB-P1-0103,WB,P1,financial,fact,company,Weibo consolidated,non_gaap_net_income,2023A,annual,Global,actual,450.6,,,USD mn,USD,A,high,0,annual,FY2023 earnings release,https://ir.weibo.com/financial-information/quarterly-results,2024-03-14,2026-08-01,Rounded company-reported figure.
WB-P1-0104,WB,P1,financial,fact,company,Weibo consolidated,operating_cash_flow,2023A,annual,Global,actual,672.8,,,USD mn,USD,A,high,1,annual,FY2023 earnings release,https://ir.weibo.com/financial-information/quarterly-results,2024-03-14,2026-08-01,Rounded company-reported figure.
WB-P1-0105,WB,P1,financial,fact,company,Weibo consolidated,capex,2023A,annual,Global,actual,36.8,,,USD mn,USD,A,high,1,annual,FY2023 earnings release,https://ir.weibo.com/financial-information/quarterly-results,2024-03-14,2026-08-01,Rounded company-reported figure.
WB-P1-0106,WB,P1,financial,fact,company,Weibo consolidated,cash_and_short_term_investments,2023A,annual,Global,actual,3200.0,,,USD mn,USD,A,high,1,annual,FY2023 earnings release,https://ir.weibo.com/financial-information/quarterly-results,2024-03-14,2026-08-01,Rounded company-reported figure.
WB-P1-0107,WB,P1,financial,estimate,company,Weibo consolidated,free_cash_flow_proxy,2023A,annual,Global,actual,636.0,,,USD mn,USD,E,high,1,annual,Derived from FY2023 earnings release,https://ir.weibo.com/financial-information/quarterly-results,2024-03-14,2026-08-01,"Simple proxy = operating cash flow - total capital expenditure; not yet normalized for working capital, SBC or maintenance/growth capex."
WB-P1-0108,WB,P1,financial,estimate,company,Weibo consolidated,gaap_operating_margin,2023A,annual,Global,actual,26.87,,,%,N/A,E,high,1,annual,Derived from FY2023 earnings release,https://ir.weibo.com/financial-information/quarterly-results,2024-03-14,2026-08-01,
WB-P1-0109,WB,P1,financial,fact,company,Weibo consolidated,revenue,2024A,annual,Global,actual,1754.677,,,USD mn,USD,A,high,1,annual,FY2024 earnings release,https://ir.weibo.com/financial-information/quarterly-results,2025-03-13,2026-08-01,Company-reported figure.
WB-P1-0110,WB,P1,financial,fact,company,Weibo consolidated,ad_revenue,2024A,annual,Global,actual,1498.693,,,USD mn,USD,A,high,1,annual,FY2024 earnings release,https://ir.weibo.com/financial-information/quarterly-results,2025-03-13,2026-08-01,Company-reported figure.
WB-P1-0111,WB,P1,financial,fact,company,Weibo consolidated,non_ali_ad_revenue,2024A,annual,Global,actual,1381.908,,,USD mn,USD,A,high,1,annual,FY2024 earnings release,https://ir.weibo.com/financial-information/quarterly-results,2025-03-13,2026-08-01,Company-reported figure.
WB-P1-0112,WB,P1,financial,fact,company,Weibo consolidated,alibaba_ad_revenue,2024A,annual,Global,actual,116.785,,,USD mn,USD,A,high,0,annual,FY2024 earnings release,https://ir.weibo.com/financial-information/quarterly-results,2025-03-13,2026-08-01,Company-reported figure.
WB-P1-0113,WB,P1,financial,fact,company,Weibo consolidated,vas_revenue,2024A,annual,Global,actual,255.984,,,USD mn,USD,A,high,0,annual,FY2024 earnings release,https://ir.weibo.com/financial-information/quarterly-results,2025-03-13,2026-08-01,Company-reported figure.
WB-P1-0114,WB,P1,financial,fact,company,Weibo consolidated,operating_income,2024A,annual,Global,actual,494.324,,,USD mn,USD,A,high,1,annual,FY2024 earnings release,https://ir.weibo.com/financial-information/quarterly-results,2025-03-13,2026-08-01,Company-reported figure.
WB-P1-0115,WB,P1,financial,fact,company,Weibo consolidated,gaap_net_income,2024A,annual,Global,actual,300.801,,,USD mn,USD,A,high,0,annual,FY2024 earnings release,https://ir.weibo.com/financial-information/quarterly-results,2025-03-13,2026-08-01,Company-reported figure.
WB-P1-0116,WB,P1,financial,fact,company,Weibo consolidated,non_gaap_operating_income,2024A,annual,Global,actual,584.094,,,USD mn,USD,A,high,0,annual,FY2024 earnings release,https://ir.weibo.com/financial-information/quarterly-results,2025-03-13,2026-08-01,Company-reported figure.
WB-P1-0117,WB,P1,financial,fact,company,Weibo consolidated,non_gaap_net_income,2024A,annual,Global,actual,478.637,,,USD mn,USD,A,high,0,annual,FY2024 earnings release,https://ir.weibo.com/financial-information/quarterly-results,2025-03-13,2026-08-01,Company-reported figure.
WB-P1-0118,WB,P1,financial,fact,company,Weibo consolidated,operating_cash_flow,2024A,annual,Global,actual,639.9,,,USD mn,USD,A,high,1,annual,FY2024 earnings release,https://ir.weibo.com/financial-information/quarterly-results,2025-03-13,2026-08-01,Company-reported figure.
WB-P1-0119,WB,P1,financial,fact,company,Weibo consolidated,capex,2024A,annual,Global,actual,61.5,,,USD mn,USD,A,high,1,annual,FY2024 earnings release,https://ir.weibo.com/financial-information/quarterly-results,2025-03-13,2026-08-01,Company-reported figure.
WB-P1-0120,WB,P1,financial,fact,company,Weibo consolidated,cash_and_short_term_investments,2024A,annual,Global,actual,2350.484,,,USD mn,USD,A,high,1,annual,FY2024 earnings release,https://ir.weibo.com/financial-information/quarterly-results,2025-03-13,2026-08-01,Company-reported figure.
WB-P1-0121,WB,P1,financial,estimate,company,Weibo consolidated,free_cash_flow_proxy,2024A,annual,Global,actual,578.4,,,USD mn,USD,E,high,1,annual,Derived from FY2024 earnings release,https://ir.weibo.com/financial-information/quarterly-results,2025-03-13,2026-08-01,"Simple proxy = operating cash flow - total capital expenditure; not yet normalized for working capital, SBC or maintenance/growth capex."
WB-P1-0122,WB,P1,financial,estimate,company,Weibo consolidated,gaap_operating_margin,2024A,annual,Global,actual,28.17,,,%,N/A,E,high,1,annual,Derived from FY2024 earnings release,https://ir.weibo.com/financial-information/quarterly-results,2025-03-13,2026-08-01,
WB-P1-0123,WB,P1,financial,fact,company,Weibo consolidated,revenue,2025A,annual,Global,actual,1757.216,,,USD mn,USD,A,high,1,annual,FY2025 earnings release,https://ir.weibo.com/news-releases/news-release-details/weibo-announces-fourth-quarter-and-fiscal-year-2025-unaudited/,2026-03-18,2026-08-01,Company-reported figure.
WB-P1-0124,WB,P1,financial,fact,company,Weibo consolidated,ad_revenue,2025A,annual,Global,actual,1501.63,,,USD mn,USD,A,high,1,annual,FY2025 earnings release,https://ir.weibo.com/news-releases/news-release-details/weibo-announces-fourth-quarter-and-fiscal-year-2025-unaudited/,2026-03-18,2026-08-01,Company-reported figure.
WB-P1-0125,WB,P1,financial,fact,company,Weibo consolidated,non_ali_ad_revenue,2025A,annual,Global,actual,1327.796,,,USD mn,USD,A,high,1,annual,FY2025 earnings release,https://ir.weibo.com/news-releases/news-release-details/weibo-announces-fourth-quarter-and-fiscal-year-2025-unaudited/,2026-03-18,2026-08-01,Company-reported figure.
WB-P1-0126,WB,P1,financial,fact,company,Weibo consolidated,alibaba_ad_revenue,2025A,annual,Global,actual,173.834,,,USD mn,USD,A,high,0,annual,FY2025 earnings release,https://ir.weibo.com/news-releases/news-release-details/weibo-announces-fourth-quarter-and-fiscal-year-2025-unaudited/,2026-03-18,2026-08-01,Company-reported figure.
WB-P1-0127,WB,P1,financial,fact,company,Weibo consolidated,vas_revenue,2025A,annual,Global,actual,255.586,,,USD mn,USD,A,high,0,annual,FY2025 earnings release,https://ir.weibo.com/news-releases/news-release-details/weibo-announces-fourth-quarter-and-fiscal-year-2025-unaudited/,2026-03-18,2026-08-01,Company-reported figure.
WB-P1-0128,WB,P1,financial,fact,company,Weibo consolidated,operating_income,2025A,annual,Global,actual,464.825,,,USD mn,USD,A,high,1,annual,FY2025 earnings release,https://ir.weibo.com/news-releases/news-release-details/weibo-announces-fourth-quarter-and-fiscal-year-2025-unaudited/,2026-03-18,2026-08-01,Company-reported figure.
WB-P1-0129,WB,P1,financial,fact,company,Weibo consolidated,gaap_net_income,2025A,annual,Global,actual,449.02,,,USD mn,USD,A,high,0,annual,FY2025 earnings release,https://ir.weibo.com/news-releases/news-release-details/weibo-announces-fourth-quarter-and-fiscal-year-2025-unaudited/,2026-03-18,2026-08-01,Company-reported figure.
WB-P1-0130,WB,P1,financial,fact,company,Weibo consolidated,non_gaap_operating_income,2025A,annual,Global,actual,523.619,,,USD mn,USD,A,high,0,annual,FY2025 earnings release,https://ir.weibo.com/news-releases/news-release-details/weibo-announces-fourth-quarter-and-fiscal-year-2025-unaudited/,2026-03-18,2026-08-01,Company-reported figure.
WB-P1-0131,WB,P1,financial,fact,company,Weibo consolidated,non_gaap_net_income,2025A,annual,Global,actual,439.846,,,USD mn,USD,A,high,0,annual,FY2025 earnings release,https://ir.weibo.com/news-releases/news-release-details/weibo-announces-fourth-quarter-and-fiscal-year-2025-unaudited/,2026-03-18,2026-08-01,Company-reported figure.
WB-P1-0132,WB,P1,financial,fact,company,Weibo consolidated,operating_cash_flow,2025A,annual,Global,actual,519.5,,,USD mn,USD,A,high,1,annual,FY2025 earnings release,https://ir.weibo.com/news-releases/news-release-details/weibo-announces-fourth-quarter-and-fiscal-year-2025-unaudited/,2026-03-18,2026-08-01,Company-reported figure.
WB-P1-0133,WB,P1,financial,fact,company,Weibo consolidated,capex,2025A,annual,Global,actual,42.4,,,USD mn,USD,A,high,1,annual,FY2025 earnings release,https://ir.weibo.com/news-releases/news-release-details/weibo-announces-fourth-quarter-and-fiscal-year-2025-unaudited/,2026-03-18,2026-08-01,Company-reported figure.
WB-P1-0134,WB,P1,financial,fact,company,Weibo consolidated,cash_and_short_term_investments,2025A,annual,Global,actual,2405.08,,,USD mn,USD,A,high,1,annual,FY2025 earnings release,https://ir.weibo.com/news-releases/news-release-details/weibo-announces-fourth-quarter-and-fiscal-year-2025-unaudited/,2026-03-18,2026-08-01,Company-reported figure.
WB-P1-0135,WB,P1,financial,estimate,company,Weibo consolidated,free_cash_flow_proxy,2025A,annual,Global,actual,477.1,,,USD mn,USD,E,high,1,annual,Derived from FY2025 earnings release,https://ir.weibo.com/news-releases/news-release-details/weibo-announces-fourth-quarter-and-fiscal-year-2025-unaudited/,2026-03-18,2026-08-01,"Simple proxy = operating cash flow - total capital expenditure; not yet normalized for working capital, SBC or maintenance/growth capex."
WB-P1-0136,WB,P1,financial,estimate,company,Weibo consolidated,gaap_operating_margin,2025A,annual,Global,actual,26.45,,,%,N/A,E,high,1,annual,Derived from FY2025 earnings release,https://ir.weibo.com/news-releases/news-release-details/weibo-announces-fourth-quarter-and-fiscal-year-2025-unaudited/,2026-03-18,2026-08-01,
WB-P1-0137,WB,P1,financial,fact,company,Weibo consolidated,revenue,2023Q2,quarterly,Global,actual,440.2,,,USD mn,USD,A,high,1,quarterly,2023Q2 earnings release,https://ir.weibo.com/financial-information/quarterly-results,2023-08-24,2026-08-01,
WB-P1-0138,WB,P1,financial,fact,company,Weibo consolidated,ad_revenue,2023Q2,quarterly,Global,actual,385.7,,,USD mn,USD,A,high,1,quarterly,2023Q2 earnings release,https://ir.weibo.com/financial-information/quarterly-results,2023-08-24,2026-08-01,
WB-P1-0139,WB,P1,financial,fact,company,Weibo consolidated,non_ali_ad_revenue,2023Q2,quarterly,Global,actual,358.9,,,USD mn,USD,A,high,1,quarterly,2023Q2 earnings release,https://ir.weibo.com/financial-information/quarterly-results,2023-08-24,2026-08-01,
WB-P1-0140,WB,P1,financial,fact,company,Weibo consolidated,vas_revenue,2023Q2,quarterly,Global,actual,54.6,,,USD mn,USD,A,high,0,quarterly,2023Q2 earnings release,https://ir.weibo.com/financial-information/quarterly-results,2023-08-24,2026-08-01,
WB-P1-0141,WB,P1,financial,fact,company,Weibo consolidated,operating_income,2023Q2,quarterly,Global,actual,123.5,,,USD mn,USD,A,high,1,quarterly,2023Q2 earnings release,https://ir.weibo.com/financial-information/quarterly-results,2023-08-24,2026-08-01,
WB-P1-0142,WB,P1,financial,fact,company,Weibo consolidated,gaap_net_income,2023Q2,quarterly,Global,actual,81.4,,,USD mn,USD,A,high,0,quarterly,2023Q2 earnings release,https://ir.weibo.com/financial-information/quarterly-results,2023-08-24,2026-08-01,
WB-P1-0143,WB,P1,financial,fact,company,Weibo consolidated,non_gaap_operating_income,2023Q2,quarterly,Global,actual,153.8,,,USD mn,USD,A,high,0,quarterly,2023Q2 earnings release,https://ir.weibo.com/financial-information/quarterly-results,2023-08-24,2026-08-01,
WB-P1-0144,WB,P1,financial,fact,company,Weibo consolidated,non_gaap_net_income,2023Q2,quarterly,Global,actual,126.4,,,USD mn,USD,A,high,0,quarterly,2023Q2 earnings release,https://ir.weibo.com/financial-information/quarterly-results,2023-08-24,2026-08-01,
WB-P1-0145,WB,P1,financial,fact,company,Weibo consolidated,mau,2023Q2,quarterly,Global,actual,599,,,users mn,N/A,A,high,1,quarterly,2023Q2 earnings release,https://ir.weibo.com/financial-information/quarterly-results,2023-08-24,2026-08-01,
WB-P1-0146,WB,P1,financial,fact,company,Weibo consolidated,dau,2023Q2,quarterly,Global,actual,258,,,users mn,N/A,A,high,1,quarterly,2023Q2 earnings release,https://ir.weibo.com/financial-information/quarterly-results,2023-08-24,2026-08-01,
WB-P1-0147,WB,P1,financial,fact,company,Weibo consolidated,cash_and_short_term_investments,2023Q2,quarterly,Global,actual,2800.0,,,USD mn,USD,A,high,0,quarterly,2023Q2 earnings release,https://ir.weibo.com/financial-information/quarterly-results,2023-08-24,2026-08-01,
WB-P1-0148,WB,P1,financial,fact,company,Weibo consolidated,operating_cash_flow,2023Q2,quarterly,Global,actual,142.5,,,USD mn,USD,A,high,1,quarterly,2023Q2 earnings release,https://ir.weibo.com/financial-information/quarterly-results,2023-08-24,2026-08-01,
WB-P1-0149,WB,P1,financial,fact,company,Weibo consolidated,capex,2023Q2,quarterly,Global,actual,3.3,,,USD mn,USD,A,high,0,quarterly,2023Q2 earnings release,https://ir.weibo.com/financial-information/quarterly-results,2023-08-24,2026-08-01,
WB-P1-0150,WB,P1,financial,estimate,company,Weibo consolidated,alibaba_ad_revenue,2023Q2,quarterly,Global,actual,26.8,,,USD mn,USD,E,high,0,quarterly,2023Q2 earnings release,https://ir.weibo.com/financial-information/quarterly-results,2023-08-24,2026-08-01,Derived as total advertising revenue minus non-Alibaba advertising revenue.
WB-P1-0151,WB,P1,financial,estimate,company,Weibo consolidated,dau_mau_ratio,2023Q2,quarterly,Global,actual,43.07,,,%,N/A,E,high,1,quarterly,Derived from 2023Q2 earnings release,https://ir.weibo.com/financial-information/quarterly-results,2023-08-24,2026-08-01,
WB-P1-0152,WB,P1,financial,estimate,company,Weibo consolidated,quarterly_fcf_proxy,2023Q2,quarterly,Global,actual,139.2,,,USD mn,USD,E,high,1,quarterly,Derived from 2023Q2 earnings release,https://ir.weibo.com/financial-information/quarterly-results,2023-08-24,2026-08-01,Operating cash flow minus capex; quarterly working-capital volatility can be large.
WB-P1-0153,WB,P1,financial,fact,company,Weibo consolidated,revenue,2023Q3,quarterly,Global,actual,442.2,,,USD mn,USD,A,high,1,quarterly,2023Q3 earnings release,https://ir.weibo.com/financial-information/quarterly-results,2023-11-09,2026-08-01,
WB-P1-0154,WB,P1,financial,fact,company,Weibo consolidated,ad_revenue,2023Q3,quarterly,Global,actual,389.3,,,USD mn,USD,A,high,1,quarterly,2023Q3 earnings release,https://ir.weibo.com/financial-information/quarterly-results,2023-11-09,2026-08-01,
WB-P1-0155,WB,P1,financial,fact,company,Weibo consolidated,non_ali_ad_revenue,2023Q3,quarterly,Global,actual,367.6,,,USD mn,USD,A,high,1,quarterly,2023Q3 earnings release,https://ir.weibo.com/financial-information/quarterly-results,2023-11-09,2026-08-01,
WB-P1-0156,WB,P1,financial,fact,company,Weibo consolidated,vas_revenue,2023Q3,quarterly,Global,actual,52.9,,,USD mn,USD,A,high,0,quarterly,2023Q3 earnings release,https://ir.weibo.com/financial-information/quarterly-results,2023-11-09,2026-08-01,
WB-P1-0157,WB,P1,financial,fact,company,Weibo consolidated,operating_income,2023Q3,quarterly,Global,actual,134.0,,,USD mn,USD,A,high,1,quarterly,2023Q3 earnings release,https://ir.weibo.com/financial-information/quarterly-results,2023-11-09,2026-08-01,
WB-P1-0158,WB,P1,financial,fact,company,Weibo consolidated,gaap_net_income,2023Q3,quarterly,Global,actual,77.5,,,USD mn,USD,A,high,0,quarterly,2023Q3 earnings release,https://ir.weibo.com/financial-information/quarterly-results,2023-11-09,2026-08-01,
WB-P1-0159,WB,P1,financial,fact,company,Weibo consolidated,non_gaap_operating_income,2023Q3,quarterly,Global,actual,163.9,,,USD mn,USD,A,high,0,quarterly,2023Q3 earnings release,https://ir.weibo.com/financial-information/quarterly-results,2023-11-09,2026-08-01,
WB-P1-0160,WB,P1,financial,fact,company,Weibo consolidated,non_gaap_net_income,2023Q3,quarterly,Global,actual,136.6,,,USD mn,USD,A,high,0,quarterly,2023Q3 earnings release,https://ir.weibo.com/financial-information/quarterly-results,2023-11-09,2026-08-01,
WB-P1-0161,WB,P1,financial,fact,company,Weibo consolidated,mau,2023Q3,quarterly,Global,actual,605,,,users mn,N/A,A,high,1,quarterly,2023Q3 earnings release,https://ir.weibo.com/financial-information/quarterly-results,2023-11-09,2026-08-01,
WB-P1-0162,WB,P1,financial,fact,company,Weibo consolidated,dau,2023Q3,quarterly,Global,actual,260,,,users mn,N/A,A,high,1,quarterly,2023Q3 earnings release,https://ir.weibo.com/financial-information/quarterly-results,2023-11-09,2026-08-01,
WB-P1-0163,WB,P1,financial,fact,company,Weibo consolidated,cash_and_short_term_investments,2023Q3,quarterly,Global,actual,2800.0,,,USD mn,USD,A,high,0,quarterly,2023Q3 earnings release,https://ir.weibo.com/financial-information/quarterly-results,2023-11-09,2026-08-01,
WB-P1-0164,WB,P1,financial,fact,company,Weibo consolidated,operating_cash_flow,2023Q3,quarterly,Global,actual,131.6,,,USD mn,USD,A,high,1,quarterly,2023Q3 earnings release,https://ir.weibo.com/financial-information/quarterly-results,2023-11-09,2026-08-01,
WB-P1-0165,WB,P1,financial,fact,company,Weibo consolidated,capex,2023Q3,quarterly,Global,actual,7.8,,,USD mn,USD,A,high,0,quarterly,2023Q3 earnings release,https://ir.weibo.com/financial-information/quarterly-results,2023-11-09,2026-08-01,
WB-P1-0166,WB,P1,financial,estimate,company,Weibo consolidated,alibaba_ad_revenue,2023Q3,quarterly,Global,actual,21.7,,,USD mn,USD,E,high,0,quarterly,2023Q3 earnings release,https://ir.weibo.com/financial-information/quarterly-results,2023-11-09,2026-08-01,Derived as total advertising revenue minus non-Alibaba advertising revenue.
WB-P1-0167,WB,P1,financial,estimate,company,Weibo consolidated,dau_mau_ratio,2023Q3,quarterly,Global,actual,42.98,,,%,N/A,E,high,1,quarterly,Derived from 2023Q3 earnings release,https://ir.weibo.com/financial-information/quarterly-results,2023-11-09,2026-08-01,
WB-P1-0168,WB,P1,financial,estimate,company,Weibo consolidated,quarterly_fcf_proxy,2023Q3,quarterly,Global,actual,123.8,,,USD mn,USD,E,high,1,quarterly,Derived from 2023Q3 earnings release,https://ir.weibo.com/financial-information/quarterly-results,2023-11-09,2026-08-01,Operating cash flow minus capex; quarterly working-capital volatility can be large.
WB-P1-0169,WB,P1,financial,fact,company,Weibo consolidated,revenue,2023Q4,quarterly,Global,actual,463.7,,,USD mn,USD,A,high,1,quarterly,2023Q4 earnings release,https://ir.weibo.com/financial-information/quarterly-results,2024-03-14,2026-08-01,
WB-P1-0170,WB,P1,financial,fact,company,Weibo consolidated,ad_revenue,2023Q4,quarterly,Global,actual,403.7,,,USD mn,USD,A,high,1,quarterly,2023Q4 earnings release,https://ir.weibo.com/financial-information/quarterly-results,2024-03-14,2026-08-01,
WB-P1-0171,WB,P1,financial,fact,company,Weibo consolidated,non_ali_ad_revenue,2023Q4,quarterly,Global,actual,358.8,,,USD mn,USD,A,high,1,quarterly,2023Q4 earnings release,https://ir.weibo.com/financial-information/quarterly-results,2024-03-14,2026-08-01,
WB-P1-0172,WB,P1,financial,fact,company,Weibo consolidated,vas_revenue,2023Q4,quarterly,Global,actual,59.9,,,USD mn,USD,A,high,0,quarterly,2023Q4 earnings release,https://ir.weibo.com/financial-information/quarterly-results,2024-03-14,2026-08-01,
WB-P1-0173,WB,P1,financial,fact,company,Weibo consolidated,operating_income,2023Q4,quarterly,Global,actual,119.0,,,USD mn,USD,A,high,1,quarterly,2023Q4 earnings release,https://ir.weibo.com/financial-information/quarterly-results,2024-03-14,2026-08-01,
WB-P1-0174,WB,P1,financial,fact,company,Weibo consolidated,gaap_net_income,2023Q4,quarterly,Global,actual,83.2,,,USD mn,USD,A,high,0,quarterly,2023Q4 earnings release,https://ir.weibo.com/financial-information/quarterly-results,2024-03-14,2026-08-01,
WB-P1-0175,WB,P1,financial,fact,company,Weibo consolidated,non_gaap_operating_income,2023Q4,quarterly,Global,actual,145.9,,,USD mn,USD,A,high,0,quarterly,2023Q4 earnings release,https://ir.weibo.com/financial-information/quarterly-results,2024-03-14,2026-08-01,
WB-P1-0176,WB,P1,financial,fact,company,Weibo consolidated,non_gaap_net_income,2023Q4,quarterly,Global,actual,76.4,,,USD mn,USD,A,high,0,quarterly,2023Q4 earnings release,https://ir.weibo.com/financial-information/quarterly-results,2024-03-14,2026-08-01,
WB-P1-0177,WB,P1,financial,fact,company,Weibo consolidated,mau,2023Q4,quarterly,Global,actual,598,,,users mn,N/A,A,high,1,quarterly,2023Q4 earnings release,https://ir.weibo.com/financial-information/quarterly-results,2024-03-14,2026-08-01,
WB-P1-0178,WB,P1,financial,fact,company,Weibo consolidated,dau,2023Q4,quarterly,Global,actual,257,,,users mn,N/A,A,high,1,quarterly,2023Q4 earnings release,https://ir.weibo.com/financial-information/quarterly-results,2024-03-14,2026-08-01,
WB-P1-0179,WB,P1,financial,fact,company,Weibo consolidated,cash_and_short_term_investments,2023Q4,quarterly,Global,actual,3200.0,,,USD mn,USD,A,high,0,quarterly,2023Q4 earnings release,https://ir.weibo.com/financial-information/quarterly-results,2024-03-14,2026-08-01,
WB-P1-0180,WB,P1,financial,fact,company,Weibo consolidated,operating_cash_flow,2023Q4,quarterly,Global,actual,218.2,,,USD mn,USD,A,high,1,quarterly,2023Q4 earnings release,https://ir.weibo.com/financial-information/quarterly-results,2024-03-14,2026-08-01,
WB-P1-0181,WB,P1,financial,fact,company,Weibo consolidated,capex,2023Q4,quarterly,Global,actual,7.5,,,USD mn,USD,A,high,0,quarterly,2023Q4 earnings release,https://ir.weibo.com/financial-information/quarterly-results,2024-03-14,2026-08-01,
WB-P1-0182,WB,P1,financial,estimate,company,Weibo consolidated,alibaba_ad_revenue,2023Q4,quarterly,Global,actual,44.9,,,USD mn,USD,E,high,0,quarterly,2023Q4 earnings release,https://ir.weibo.com/financial-information/quarterly-results,2024-03-14,2026-08-01,Derived as total advertising revenue minus non-Alibaba advertising revenue.
WB-P1-0183,WB,P1,financial,estimate,company,Weibo consolidated,dau_mau_ratio,2023Q4,quarterly,Global,actual,42.98,,,%,N/A,E,high,1,quarterly,Derived from 2023Q4 earnings release,https://ir.weibo.com/financial-information/quarterly-results,2024-03-14,2026-08-01,
WB-P1-0184,WB,P1,financial,estimate,company,Weibo consolidated,quarterly_fcf_proxy,2023Q4,quarterly,Global,actual,210.7,,,USD mn,USD,E,high,1,quarterly,Derived from 2023Q4 earnings release,https://ir.weibo.com/financial-information/quarterly-results,2024-03-14,2026-08-01,Operating cash flow minus capex; quarterly working-capital volatility can be large.
WB-P1-0185,WB,P1,financial,fact,company,Weibo consolidated,revenue,2024Q1,quarterly,Global,actual,395.5,,,USD mn,USD,A,high,1,quarterly,2024Q1 earnings release,https://ir.weibo.com/financial-information/quarterly-results,2024-05-23,2026-08-01,
WB-P1-0186,WB,P1,financial,fact,company,Weibo consolidated,ad_revenue,2024Q1,quarterly,Global,actual,339.0,,,USD mn,USD,A,high,1,quarterly,2024Q1 earnings release,https://ir.weibo.com/financial-information/quarterly-results,2024-05-23,2026-08-01,
WB-P1-0187,WB,P1,financial,fact,company,Weibo consolidated,non_ali_ad_revenue,2024Q1,quarterly,Global,actual,316.4,,,USD mn,USD,A,high,1,quarterly,2024Q1 earnings release,https://ir.weibo.com/financial-information/quarterly-results,2024-05-23,2026-08-01,
WB-P1-0188,WB,P1,financial,fact,company,Weibo consolidated,vas_revenue,2024Q1,quarterly,Global,actual,56.5,,,USD mn,USD,A,high,0,quarterly,2024Q1 earnings release,https://ir.weibo.com/financial-information/quarterly-results,2024-05-23,2026-08-01,
WB-P1-0189,WB,P1,financial,fact,company,Weibo consolidated,operating_income,2024Q1,quarterly,Global,actual,99.7,,,USD mn,USD,A,high,1,quarterly,2024Q1 earnings release,https://ir.weibo.com/financial-information/quarterly-results,2024-05-23,2026-08-01,
WB-P1-0190,WB,P1,financial,fact,company,Weibo consolidated,gaap_net_income,2024Q1,quarterly,Global,actual,49.4,,,USD mn,USD,A,high,0,quarterly,2024Q1 earnings release,https://ir.weibo.com/financial-information/quarterly-results,2024-05-23,2026-08-01,
WB-P1-0191,WB,P1,financial,fact,company,Weibo consolidated,non_gaap_operating_income,2024Q1,quarterly,Global,actual,125.8,,,USD mn,USD,A,high,0,quarterly,2024Q1 earnings release,https://ir.weibo.com/financial-information/quarterly-results,2024-05-23,2026-08-01,
WB-P1-0192,WB,P1,financial,fact,company,Weibo consolidated,non_gaap_net_income,2024Q1,quarterly,Global,actual,106.6,,,USD mn,USD,A,high,0,quarterly,2024Q1 earnings release,https://ir.weibo.com/financial-information/quarterly-results,2024-05-23,2026-08-01,
WB-P1-0193,WB,P1,financial,fact,company,Weibo consolidated,mau,2024Q1,quarterly,Global,actual,588,,,users mn,N/A,A,high,1,quarterly,2024Q1 earnings release,https://ir.weibo.com/financial-information/quarterly-results,2024-05-23,2026-08-01,
WB-P1-0194,WB,P1,financial,fact,company,Weibo consolidated,dau,2024Q1,quarterly,Global,actual,255,,,users mn,N/A,A,high,1,quarterly,2024Q1 earnings release,https://ir.weibo.com/financial-information/quarterly-results,2024-05-23,2026-08-01,
WB-P1-0195,WB,P1,financial,fact,company,Weibo consolidated,cash_and_short_term_investments,2024Q1,quarterly,Global,actual,3300.0,,,USD mn,USD,A,high,0,quarterly,2024Q1 earnings release,https://ir.weibo.com/financial-information/quarterly-results,2024-05-23,2026-08-01,
WB-P1-0196,WB,P1,financial,fact,company,Weibo consolidated,operating_cash_flow,2024Q1,quarterly,Global,actual,139.6,,,USD mn,USD,A,high,1,quarterly,2024Q1 earnings release,https://ir.weibo.com/financial-information/quarterly-results,2024-05-23,2026-08-01,
WB-P1-0197,WB,P1,financial,fact,company,Weibo consolidated,capex,2024Q1,quarterly,Global,actual,21.7,,,USD mn,USD,A,high,0,quarterly,2024Q1 earnings release,https://ir.weibo.com/financial-information/quarterly-results,2024-05-23,2026-08-01,
WB-P1-0198,WB,P1,financial,estimate,company,Weibo consolidated,alibaba_ad_revenue,2024Q1,quarterly,Global,actual,22.6,,,USD mn,USD,E,high,0,quarterly,2024Q1 earnings release,https://ir.weibo.com/financial-information/quarterly-results,2024-05-23,2026-08-01,Derived as total advertising revenue minus non-Alibaba advertising revenue.
WB-P1-0199,WB,P1,financial,estimate,company,Weibo consolidated,dau_mau_ratio,2024Q1,quarterly,Global,actual,43.37,,,%,N/A,E,high,1,quarterly,Derived from 2024Q1 earnings release,https://ir.weibo.com/financial-information/quarterly-results,2024-05-23,2026-08-01,
WB-P1-0200,WB,P1,financial,estimate,company,Weibo consolidated,quarterly_fcf_proxy,2024Q1,quarterly,Global,actual,117.9,,,USD mn,USD,E,high,1,quarterly,Derived from 2024Q1 earnings release,https://ir.weibo.com/financial-information/quarterly-results,2024-05-23,2026-08-01,Operating cash flow minus capex; quarterly working-capital volatility can be large.
WB-P1-0201,WB,P1,financial,fact,company,Weibo consolidated,revenue,2024Q2,quarterly,Global,actual,437.9,,,USD mn,USD,A,high,1,quarterly,2024Q2 earnings release,https://ir.weibo.com/financial-information/quarterly-results,2024-08-22,2026-08-01,
WB-P1-0202,WB,P1,financial,fact,company,Weibo consolidated,ad_revenue,2024Q2,quarterly,Global,actual,375.3,,,USD mn,USD,A,high,1,quarterly,2024Q2 earnings release,https://ir.weibo.com/financial-information/quarterly-results,2024-08-22,2026-08-01,
WB-P1-0203,WB,P1,financial,fact,company,Weibo consolidated,non_ali_ad_revenue,2024Q2,quarterly,Global,actual,342.9,,,USD mn,USD,A,high,1,quarterly,2024Q2 earnings release,https://ir.weibo.com/financial-information/quarterly-results,2024-08-22,2026-08-01,
WB-P1-0204,WB,P1,financial,fact,company,Weibo consolidated,vas_revenue,2024Q2,quarterly,Global,actual,62.6,,,USD mn,USD,A,high,0,quarterly,2024Q2 earnings release,https://ir.weibo.com/financial-information/quarterly-results,2024-08-22,2026-08-01,
WB-P1-0205,WB,P1,financial,fact,company,Weibo consolidated,operating_income,2024Q2,quarterly,Global,actual,135.4,,,USD mn,USD,A,high,1,quarterly,2024Q2 earnings release,https://ir.weibo.com/financial-information/quarterly-results,2024-08-22,2026-08-01,
WB-P1-0206,WB,P1,financial,fact,company,Weibo consolidated,gaap_net_income,2024Q2,quarterly,Global,actual,111.9,,,USD mn,USD,A,high,0,quarterly,2024Q2 earnings release,https://ir.weibo.com/financial-information/quarterly-results,2024-08-22,2026-08-01,
WB-P1-0207,WB,P1,financial,fact,company,Weibo consolidated,non_gaap_operating_income,2024Q2,quarterly,Global,actual,157.6,,,USD mn,USD,A,high,0,quarterly,2024Q2 earnings release,https://ir.weibo.com/financial-information/quarterly-results,2024-08-22,2026-08-01,
WB-P1-0208,WB,P1,financial,fact,company,Weibo consolidated,non_gaap_net_income,2024Q2,quarterly,Global,actual,126.3,,,USD mn,USD,A,high,0,quarterly,2024Q2 earnings release,https://ir.weibo.com/financial-information/quarterly-results,2024-08-22,2026-08-01,
WB-P1-0209,WB,P1,financial,fact,company,Weibo consolidated,mau,2024Q2,quarterly,Global,actual,583,,,users mn,N/A,A,high,1,quarterly,2024Q2 earnings release,https://ir.weibo.com/financial-information/quarterly-results,2024-08-22,2026-08-01,
WB-P1-0210,WB,P1,financial,fact,company,Weibo consolidated,dau,2024Q2,quarterly,Global,actual,256,,,users mn,N/A,A,high,1,quarterly,2024Q2 earnings release,https://ir.weibo.com/financial-information/quarterly-results,2024-08-22,2026-08-01,
WB-P1-0211,WB,P1,financial,fact,company,Weibo consolidated,cash_and_short_term_investments,2024Q2,quarterly,Global,actual,2800.0,,,USD mn,USD,A,high,0,quarterly,2024Q2 earnings release,https://ir.weibo.com/financial-information/quarterly-results,2024-08-22,2026-08-01,
WB-P1-0212,WB,P1,financial,fact,company,Weibo consolidated,operating_cash_flow,2024Q2,quarterly,Global,actual,132.1,,,USD mn,USD,A,high,1,quarterly,2024Q2 earnings release,https://ir.weibo.com/financial-information/quarterly-results,2024-08-22,2026-08-01,
WB-P1-0213,WB,P1,financial,fact,company,Weibo consolidated,capex,2024Q2,quarterly,Global,actual,10.3,,,USD mn,USD,A,high,0,quarterly,2024Q2 earnings release,https://ir.weibo.com/financial-information/quarterly-results,2024-08-22,2026-08-01,
WB-P1-0214,WB,P1,financial,estimate,company,Weibo consolidated,alibaba_ad_revenue,2024Q2,quarterly,Global,actual,32.4,,,USD mn,USD,E,high,0,quarterly,2024Q2 earnings release,https://ir.weibo.com/financial-information/quarterly-results,2024-08-22,2026-08-01,Derived as total advertising revenue minus non-Alibaba advertising revenue.
WB-P1-0215,WB,P1,financial,estimate,company,Weibo consolidated,dau_mau_ratio,2024Q2,quarterly,Global,actual,43.91,,,%,N/A,E,high,1,quarterly,Derived from 2024Q2 earnings release,https://ir.weibo.com/financial-information/quarterly-results,2024-08-22,2026-08-01,
WB-P1-0216,WB,P1,financial,estimate,company,Weibo consolidated,quarterly_fcf_proxy,2024Q2,quarterly,Global,actual,121.8,,,USD mn,USD,E,high,1,quarterly,Derived from 2024Q2 earnings release,https://ir.weibo.com/financial-information/quarterly-results,2024-08-22,2026-08-01,Operating cash flow minus capex; quarterly working-capital volatility can be large.
WB-P1-0217,WB,P1,financial,fact,company,Weibo consolidated,revenue,2024Q3,quarterly,Global,actual,464.5,,,USD mn,USD,A,high,1,quarterly,2024Q3 earnings release,https://ir.weibo.com/financial-information/quarterly-results,2024-11-19,2026-08-01,
WB-P1-0218,WB,P1,financial,fact,company,Weibo consolidated,ad_revenue,2024Q3,quarterly,Global,actual,398.6,,,USD mn,USD,A,high,1,quarterly,2024Q3 earnings release,https://ir.weibo.com/financial-information/quarterly-results,2024-11-19,2026-08-01,
WB-P1-0219,WB,P1,financial,fact,company,Weibo consolidated,non_ali_ad_revenue,2024Q3,quarterly,Global,actual,377.1,,,USD mn,USD,A,high,1,quarterly,2024Q3 earnings release,https://ir.weibo.com/financial-information/quarterly-results,2024-11-19,2026-08-01,
WB-P1-0220,WB,P1,financial,fact,company,Weibo consolidated,vas_revenue,2024Q3,quarterly,Global,actual,65.9,,,USD mn,USD,A,high,0,quarterly,2024Q3 earnings release,https://ir.weibo.com/financial-information/quarterly-results,2024-11-19,2026-08-01,
WB-P1-0221,WB,P1,financial,fact,company,Weibo consolidated,operating_income,2024Q3,quarterly,Global,actual,141.3,,,USD mn,USD,A,high,1,quarterly,2024Q3 earnings release,https://ir.weibo.com/financial-information/quarterly-results,2024-11-19,2026-08-01,
WB-P1-0222,WB,P1,financial,fact,company,Weibo consolidated,gaap_net_income,2024Q3,quarterly,Global,actual,130.6,,,USD mn,USD,A,high,0,quarterly,2024Q3 earnings release,https://ir.weibo.com/financial-information/quarterly-results,2024-11-19,2026-08-01,
WB-P1-0223,WB,P1,financial,fact,company,Weibo consolidated,non_gaap_operating_income,2024Q3,quarterly,Global,actual,164.5,,,USD mn,USD,A,high,0,quarterly,2024Q3 earnings release,https://ir.weibo.com/financial-information/quarterly-results,2024-11-19,2026-08-01,
WB-P1-0224,WB,P1,financial,fact,company,Weibo consolidated,non_gaap_net_income,2024Q3,quarterly,Global,actual,139.2,,,USD mn,USD,A,high,0,quarterly,2024Q3 earnings release,https://ir.weibo.com/financial-information/quarterly-results,2024-11-19,2026-08-01,
WB-P1-0225,WB,P1,financial,fact,company,Weibo consolidated,mau,2024Q3,quarterly,Global,actual,587,,,users mn,N/A,A,high,1,quarterly,2024Q3 earnings release,https://ir.weibo.com/financial-information/quarterly-results,2024-11-19,2026-08-01,
WB-P1-0226,WB,P1,financial,fact,company,Weibo consolidated,dau,2024Q3,quarterly,Global,actual,257,,,users mn,N/A,A,high,1,quarterly,2024Q3 earnings release,https://ir.weibo.com/financial-information/quarterly-results,2024-11-19,2026-08-01,
WB-P1-0227,WB,P1,financial,fact,company,Weibo consolidated,cash_and_short_term_investments,2024Q3,quarterly,Global,actual,2200.0,,,USD mn,USD,A,high,0,quarterly,2024Q3 earnings release,https://ir.weibo.com/financial-information/quarterly-results,2024-11-19,2026-08-01,
WB-P1-0228,WB,P1,financial,fact,company,Weibo consolidated,operating_cash_flow,2024Q3,quarterly,Global,actual,124.2,,,USD mn,USD,A,high,1,quarterly,2024Q3 earnings release,https://ir.weibo.com/financial-information/quarterly-results,2024-11-19,2026-08-01,
WB-P1-0229,WB,P1,financial,fact,company,Weibo consolidated,capex,2024Q3,quarterly,Global,actual,11.8,,,USD mn,USD,A,high,0,quarterly,2024Q3 earnings release,https://ir.weibo.com/financial-information/quarterly-results,2024-11-19,2026-08-01,
WB-P1-0230,WB,P1,financial,estimate,company,Weibo consolidated,alibaba_ad_revenue,2024Q3,quarterly,Global,actual,21.5,,,USD mn,USD,E,high,0,quarterly,2024Q3 earnings release,https://ir.weibo.com/financial-information/quarterly-results,2024-11-19,2026-08-01,Derived as total advertising revenue minus non-Alibaba advertising revenue.
WB-P1-0231,WB,P1,financial,estimate,company,Weibo consolidated,dau_mau_ratio,2024Q3,quarterly,Global,actual,43.78,,,%,N/A,E,high,1,quarterly,Derived from 2024Q3 earnings release,https://ir.weibo.com/financial-information/quarterly-results,2024-11-19,2026-08-01,
WB-P1-0232,WB,P1,financial,estimate,company,Weibo consolidated,quarterly_fcf_proxy,2024Q3,quarterly,Global,actual,112.4,,,USD mn,USD,E,high,1,quarterly,Derived from 2024Q3 earnings release,https://ir.weibo.com/financial-information/quarterly-results,2024-11-19,2026-08-01,Operating cash flow minus capex; quarterly working-capital volatility can be large.
WB-P1-0233,WB,P1,financial,fact,company,Weibo consolidated,revenue,2024Q4,quarterly,Global,actual,456.827,,,USD mn,USD,A,high,1,quarterly,2024Q4 earnings release,https://ir.weibo.com/financial-information/quarterly-results,2025-03-13,2026-08-01,
WB-P1-0234,WB,P1,financial,fact,company,Weibo consolidated,ad_revenue,2024Q4,quarterly,Global,actual,385.85,,,USD mn,USD,A,high,1,quarterly,2024Q4 earnings release,https://ir.weibo.com/financial-information/quarterly-results,2025-03-13,2026-08-01,
WB-P1-0235,WB,P1,financial,fact,company,Weibo consolidated,non_ali_ad_revenue,2024Q4,quarterly,Global,actual,345.528,,,USD mn,USD,A,high,1,quarterly,2024Q4 earnings release,https://ir.weibo.com/financial-information/quarterly-results,2025-03-13,2026-08-01,
WB-P1-0236,WB,P1,financial,fact,company,Weibo consolidated,vas_revenue,2024Q4,quarterly,Global,actual,70.977,,,USD mn,USD,A,high,0,quarterly,2024Q4 earnings release,https://ir.weibo.com/financial-information/quarterly-results,2025-03-13,2026-08-01,
WB-P1-0237,WB,P1,financial,fact,company,Weibo consolidated,operating_income,2024Q4,quarterly,Global,actual,117.88,,,USD mn,USD,A,high,1,quarterly,2024Q4 earnings release,https://ir.weibo.com/financial-information/quarterly-results,2025-03-13,2026-08-01,
WB-P1-0238,WB,P1,financial,fact,company,Weibo consolidated,gaap_net_income,2024Q4,quarterly,Global,actual,8.865,,,USD mn,USD,A,high,0,quarterly,2024Q4 earnings release,https://ir.weibo.com/financial-information/quarterly-results,2025-03-13,2026-08-01,
WB-P1-0239,WB,P1,financial,fact,company,Weibo consolidated,non_gaap_operating_income,2024Q4,quarterly,Global,actual,136.151,,,USD mn,USD,A,high,0,quarterly,2024Q4 earnings release,https://ir.weibo.com/financial-information/quarterly-results,2025-03-13,2026-08-01,
WB-P1-0240,WB,P1,financial,fact,company,Weibo consolidated,non_gaap_net_income,2024Q4,quarterly,Global,actual,106.588,,,USD mn,USD,A,high,0,quarterly,2024Q4 earnings release,https://ir.weibo.com/financial-information/quarterly-results,2025-03-13,2026-08-01,
WB-P1-0241,WB,P1,financial,fact,company,Weibo consolidated,mau,2024Q4,quarterly,Global,actual,590,,,users mn,N/A,A,high,1,quarterly,2024Q4 earnings release,https://ir.weibo.com/financial-information/quarterly-results,2025-03-13,2026-08-01,
WB-P1-0242,WB,P1,financial,fact,company,Weibo consolidated,dau,2024Q4,quarterly,Global,actual,260,,,users mn,N/A,A,high,1,quarterly,2024Q4 earnings release,https://ir.weibo.com/financial-information/quarterly-results,2025-03-13,2026-08-01,
WB-P1-0243,WB,P1,financial,fact,company,Weibo consolidated,cash_and_short_term_investments,2024Q4,quarterly,Global,actual,2350.484,,,USD mn,USD,A,high,0,quarterly,2024Q4 earnings release,https://ir.weibo.com/financial-information/quarterly-results,2025-03-13,2026-08-01,
WB-P1-0244,WB,P1,financial,fact,company,Weibo consolidated,operating_cash_flow,2024Q4,quarterly,Global,actual,244.0,,,USD mn,USD,A,high,1,quarterly,2024Q4 earnings release,https://ir.weibo.com/financial-information/quarterly-results,2025-03-13,2026-08-01,
WB-P1-0245,WB,P1,financial,fact,company,Weibo consolidated,capex,2024Q4,quarterly,Global,actual,17.7,,,USD mn,USD,A,high,0,quarterly,2024Q4 earnings release,https://ir.weibo.com/financial-information/quarterly-results,2025-03-13,2026-08-01,
WB-P1-0246,WB,P1,financial,estimate,company,Weibo consolidated,alibaba_ad_revenue,2024Q4,quarterly,Global,actual,40.322,,,USD mn,USD,E,high,0,quarterly,2024Q4 earnings release,https://ir.weibo.com/financial-information/quarterly-results,2025-03-13,2026-08-01,Derived as total advertising revenue minus non-Alibaba advertising revenue.
WB-P1-0247,WB,P1,financial,estimate,company,Weibo consolidated,dau_mau_ratio,2024Q4,quarterly,Global,actual,44.07,,,%,N/A,E,high,1,quarterly,Derived from 2024Q4 earnings release,https://ir.weibo.com/financial-information/quarterly-results,2025-03-13,2026-08-01,
WB-P1-0248,WB,P1,financial,estimate,company,Weibo consolidated,quarterly_fcf_proxy,2024Q4,quarterly,Global,actual,226.3,,,USD mn,USD,E,high,1,quarterly,Derived from 2024Q4 earnings release,https://ir.weibo.com/financial-information/quarterly-results,2025-03-13,2026-08-01,Operating cash flow minus capex; quarterly working-capital volatility can be large.
WB-P1-0249,WB,P1,financial,fact,company,Weibo consolidated,revenue,2025Q1,quarterly,Global,actual,396.9,,,USD mn,USD,A,high,1,quarterly,2025Q1 earnings release,https://ir.weibo.com/financial-information/quarterly-results,2025-05-22,2026-08-01,
WB-P1-0250,WB,P1,financial,fact,company,Weibo consolidated,ad_revenue,2025Q1,quarterly,Global,actual,339.1,,,USD mn,USD,A,high,1,quarterly,2025Q1 earnings release,https://ir.weibo.com/financial-information/quarterly-results,2025-05-22,2026-08-01,
WB-P1-0251,WB,P1,financial,fact,company,Weibo consolidated,non_ali_ad_revenue,2025Q1,quarterly,Global,actual,296.5,,,USD mn,USD,A,high,1,quarterly,2025Q1 earnings release,https://ir.weibo.com/financial-information/quarterly-results,2025-05-22,2026-08-01,
WB-P1-0252,WB,P1,financial,fact,company,Weibo consolidated,vas_revenue,2025Q1,quarterly,Global,actual,57.7,,,USD mn,USD,A,high,0,quarterly,2025Q1 earnings release,https://ir.weibo.com/financial-information/quarterly-results,2025-05-22,2026-08-01,
WB-P1-0253,WB,P1,financial,fact,company,Weibo consolidated,operating_income,2025Q1,quarterly,Global,actual,110.3,,,USD mn,USD,A,high,1,quarterly,2025Q1 earnings release,https://ir.weibo.com/financial-information/quarterly-results,2025-05-22,2026-08-01,
WB-P1-0254,WB,P1,financial,fact,company,Weibo consolidated,gaap_net_income,2025Q1,quarterly,Global,actual,107.0,,,USD mn,USD,A,high,0,quarterly,2025Q1 earnings release,https://ir.weibo.com/financial-information/quarterly-results,2025-05-22,2026-08-01,
WB-P1-0255,WB,P1,financial,fact,company,Weibo consolidated,non_gaap_operating_income,2025Q1,quarterly,Global,actual,129.5,,,USD mn,USD,A,high,0,quarterly,2025Q1 earnings release,https://ir.weibo.com/financial-information/quarterly-results,2025-05-22,2026-08-01,
WB-P1-0256,WB,P1,financial,fact,company,Weibo consolidated,non_gaap_net_income,2025Q1,quarterly,Global,actual,119.5,,,USD mn,USD,A,high,0,quarterly,2025Q1 earnings release,https://ir.weibo.com/financial-information/quarterly-results,2025-05-22,2026-08-01,
WB-P1-0257,WB,P1,financial,fact,company,Weibo consolidated,mau,2025Q1,quarterly,Global,actual,591,,,users mn,N/A,A,high,1,quarterly,2025Q1 earnings release,https://ir.weibo.com/financial-information/quarterly-results,2025-05-22,2026-08-01,
WB-P1-0258,WB,P1,financial,fact,company,Weibo consolidated,dau,2025Q1,quarterly,Global,actual,261,,,users mn,N/A,A,high,1,quarterly,2025Q1 earnings release,https://ir.weibo.com/financial-information/quarterly-results,2025-05-22,2026-08-01,
WB-P1-0259,WB,P1,financial,fact,company,Weibo consolidated,cash_and_short_term_investments,2025Q1,quarterly,Global,actual,2080.0,,,USD mn,USD,A,high,0,quarterly,2025Q1 earnings release,https://ir.weibo.com/financial-information/quarterly-results,2025-05-22,2026-08-01,
WB-P1-0260,WB,P1,financial,fact,company,Weibo consolidated,operating_cash_flow,2025Q1,quarterly,Global,actual,113.2,,,USD mn,USD,A,high,1,quarterly,2025Q1 earnings release,https://ir.weibo.com/financial-information/quarterly-results,2025-05-22,2026-08-01,
WB-P1-0261,WB,P1,financial,fact,company,Weibo consolidated,capex,2025Q1,quarterly,Global,actual,9.4,,,USD mn,USD,A,high,0,quarterly,2025Q1 earnings release,https://ir.weibo.com/financial-information/quarterly-results,2025-05-22,2026-08-01,
WB-P1-0262,WB,P1,financial,estimate,company,Weibo consolidated,alibaba_ad_revenue,2025Q1,quarterly,Global,actual,42.6,,,USD mn,USD,E,high,0,quarterly,2025Q1 earnings release,https://ir.weibo.com/financial-information/quarterly-results,2025-05-22,2026-08-01,Derived as total advertising revenue minus non-Alibaba advertising revenue.
WB-P1-0263,WB,P1,financial,estimate,company,Weibo consolidated,dau_mau_ratio,2025Q1,quarterly,Global,actual,44.16,,,%,N/A,E,high,1,quarterly,Derived from 2025Q1 earnings release,https://ir.weibo.com/financial-information/quarterly-results,2025-05-22,2026-08-01,
WB-P1-0264,WB,P1,financial,estimate,company,Weibo consolidated,quarterly_fcf_proxy,2025Q1,quarterly,Global,actual,103.8,,,USD mn,USD,E,high,1,quarterly,Derived from 2025Q1 earnings release,https://ir.weibo.com/financial-information/quarterly-results,2025-05-22,2026-08-01,Operating cash flow minus capex; quarterly working-capital volatility can be large.
WB-P1-0265,WB,P1,financial,fact,company,Weibo consolidated,revenue,2025Q2,quarterly,Global,actual,444.8,,,USD mn,USD,A,high,1,quarterly,2025Q2 earnings release,https://ir.weibo.com/financial-information/quarterly-results,2025-08-21,2026-08-01,
WB-P1-0266,WB,P1,financial,fact,company,Weibo consolidated,ad_revenue,2025Q2,quarterly,Global,actual,383.4,,,USD mn,USD,A,high,1,quarterly,2025Q2 earnings release,https://ir.weibo.com/financial-information/quarterly-results,2025-08-21,2026-08-01,
WB-P1-0267,WB,P1,financial,fact,company,Weibo consolidated,non_ali_ad_revenue,2025Q2,quarterly,Global,actual,347.6,,,USD mn,USD,A,high,1,quarterly,2025Q2 earnings release,https://ir.weibo.com/financial-information/quarterly-results,2025-08-21,2026-08-01,
WB-P1-0268,WB,P1,financial,fact,company,Weibo consolidated,vas_revenue,2025Q2,quarterly,Global,actual,61.4,,,USD mn,USD,A,high,0,quarterly,2025Q2 earnings release,https://ir.weibo.com/financial-information/quarterly-results,2025-08-21,2026-08-01,
WB-P1-0269,WB,P1,financial,fact,company,Weibo consolidated,operating_income,2025Q2,quarterly,Global,actual,145.6,,,USD mn,USD,A,high,1,quarterly,2025Q2 earnings release,https://ir.weibo.com/financial-information/quarterly-results,2025-08-21,2026-08-01,
WB-P1-0270,WB,P1,financial,fact,company,Weibo consolidated,gaap_net_income,2025Q2,quarterly,Global,actual,125.7,,,USD mn,USD,A,high,0,quarterly,2025Q2 earnings release,https://ir.weibo.com/financial-information/quarterly-results,2025-08-21,2026-08-01,
WB-P1-0271,WB,P1,financial,fact,company,Weibo consolidated,non_gaap_operating_income,2025Q2,quarterly,Global,actual,161.8,,,USD mn,USD,A,high,0,quarterly,2025Q2 earnings release,https://ir.weibo.com/financial-information/quarterly-results,2025-08-21,2026-08-01,
WB-P1-0272,WB,P1,financial,fact,company,Weibo consolidated,non_gaap_net_income,2025Q2,quarterly,Global,actual,143.2,,,USD mn,USD,A,high,0,quarterly,2025Q2 earnings release,https://ir.weibo.com/financial-information/quarterly-results,2025-08-21,2026-08-01,
WB-P1-0273,WB,P1,financial,fact,company,Weibo consolidated,mau,2025Q2,quarterly,Global,actual,588,,,users mn,N/A,A,high,1,quarterly,2025Q2 earnings release,https://ir.weibo.com/financial-information/quarterly-results,2025-08-21,2026-08-01,
WB-P1-0274,WB,P1,financial,fact,company,Weibo consolidated,dau,2025Q2,quarterly,Global,actual,261,,,users mn,N/A,A,high,1,quarterly,2025Q2 earnings release,https://ir.weibo.com/financial-information/quarterly-results,2025-08-21,2026-08-01,
WB-P1-0275,WB,P1,financial,fact,company,Weibo consolidated,cash_and_short_term_investments,2025Q2,quarterly,Global,actual,2110.0,,,USD mn,USD,A,high,0,quarterly,2025Q2 earnings release,https://ir.weibo.com/financial-information/quarterly-results,2025-08-21,2026-08-01,
WB-P1-0276,WB,P1,financial,fact,company,Weibo consolidated,operating_cash_flow,2025Q2,quarterly,Global,actual,24.8,,,USD mn,USD,A,high,1,quarterly,2025Q2 earnings release,https://ir.weibo.com/financial-information/quarterly-results,2025-08-21,2026-08-01,
WB-P1-0277,WB,P1,financial,fact,company,Weibo consolidated,capex,2025Q2,quarterly,Global,actual,17.6,,,USD mn,USD,A,high,0,quarterly,2025Q2 earnings release,https://ir.weibo.com/financial-information/quarterly-results,2025-08-21,2026-08-01,
WB-P1-0278,WB,P1,financial,estimate,company,Weibo consolidated,alibaba_ad_revenue,2025Q2,quarterly,Global,actual,35.8,,,USD mn,USD,E,high,0,quarterly,2025Q2 earnings release,https://ir.weibo.com/financial-information/quarterly-results,2025-08-21,2026-08-01,Derived as total advertising revenue minus non-Alibaba advertising revenue.
WB-P1-0279,WB,P1,financial,estimate,company,Weibo consolidated,dau_mau_ratio,2025Q2,quarterly,Global,actual,44.39,,,%,N/A,E,high,1,quarterly,Derived from 2025Q2 earnings release,https://ir.weibo.com/financial-information/quarterly-results,2025-08-21,2026-08-01,
WB-P1-0280,WB,P1,financial,estimate,company,Weibo consolidated,quarterly_fcf_proxy,2025Q2,quarterly,Global,actual,7.2,,,USD mn,USD,E,high,1,quarterly,Derived from 2025Q2 earnings release,https://ir.weibo.com/financial-information/quarterly-results,2025-08-21,2026-08-01,Operating cash flow minus capex; quarterly working-capital volatility can be large.
WB-P1-0281,WB,P1,financial,fact,company,Weibo consolidated,revenue,2025Q3,quarterly,Global,actual,442.3,,,USD mn,USD,A,high,1,quarterly,2025Q3 earnings release,https://ir.weibo.com/financial-information/quarterly-results,2025-11-20,2026-08-01,
WB-P1-0282,WB,P1,financial,fact,company,Weibo consolidated,ad_revenue,2025Q3,quarterly,Global,actual,375.4,,,USD mn,USD,A,high,1,quarterly,2025Q3 earnings release,https://ir.weibo.com/financial-information/quarterly-results,2025-11-20,2026-08-01,
WB-P1-0283,WB,P1,financial,fact,company,Weibo consolidated,non_ali_ad_revenue,2025Q3,quarterly,Global,actual,329.9,,,USD mn,USD,A,high,1,quarterly,2025Q3 earnings release,https://ir.weibo.com/financial-information/quarterly-results,2025-11-20,2026-08-01,
WB-P1-0284,WB,P1,financial,fact,company,Weibo consolidated,vas_revenue,2025Q3,quarterly,Global,actual,66.9,,,USD mn,USD,A,high,0,quarterly,2025Q3 earnings release,https://ir.weibo.com/financial-information/quarterly-results,2025-11-20,2026-08-01,
WB-P1-0285,WB,P1,financial,fact,company,Weibo consolidated,operating_income,2025Q3,quarterly,Global,actual,117.3,,,USD mn,USD,A,high,1,quarterly,2025Q3 earnings release,https://ir.weibo.com/financial-information/quarterly-results,2025-11-20,2026-08-01,
WB-P1-0286,WB,P1,financial,fact,company,Weibo consolidated,gaap_net_income,2025Q3,quarterly,Global,actual,221.1,,,USD mn,USD,A,high,0,quarterly,2025Q3 earnings release,https://ir.weibo.com/financial-information/quarterly-results,2025-11-20,2026-08-01,
WB-P1-0287,WB,P1,financial,fact,company,Weibo consolidated,non_gaap_operating_income,2025Q3,quarterly,Global,actual,132.0,,,USD mn,USD,A,high,0,quarterly,2025Q3 earnings release,https://ir.weibo.com/financial-information/quarterly-results,2025-11-20,2026-08-01,
WB-P1-0288,WB,P1,financial,fact,company,Weibo consolidated,non_gaap_net_income,2025Q3,quarterly,Global,actual,110.7,,,USD mn,USD,A,high,0,quarterly,2025Q3 earnings release,https://ir.weibo.com/financial-information/quarterly-results,2025-11-20,2026-08-01,
WB-P1-0289,WB,P1,financial,fact,company,Weibo consolidated,mau,2025Q3,quarterly,Global,actual,578,,,users mn,N/A,A,high,1,quarterly,2025Q3 earnings release,https://ir.weibo.com/financial-information/quarterly-results,2025-11-20,2026-08-01,
WB-P1-0290,WB,P1,financial,fact,company,Weibo consolidated,dau,2025Q3,quarterly,Global,actual,257,,,users mn,N/A,A,high,1,quarterly,2025Q3 earnings release,https://ir.weibo.com/financial-information/quarterly-results,2025-11-20,2026-08-01,
WB-P1-0291,WB,P1,financial,fact,company,Weibo consolidated,cash_and_short_term_investments,2025Q3,quarterly,Global,actual,2040.0,,,USD mn,USD,A,high,0,quarterly,2025Q3 earnings release,https://ir.weibo.com/financial-information/quarterly-results,2025-11-20,2026-08-01,
WB-P1-0292,WB,P1,financial,fact,company,Weibo consolidated,operating_cash_flow,2025Q3,quarterly,Global,actual,200.0,,,USD mn,USD,A,high,1,quarterly,2025Q3 earnings release,https://ir.weibo.com/financial-information/quarterly-results,2025-11-20,2026-08-01,
WB-P1-0293,WB,P1,financial,fact,company,Weibo consolidated,capex,2025Q3,quarterly,Global,actual,5.1,,,USD mn,USD,A,high,0,quarterly,2025Q3 earnings release,https://ir.weibo.com/financial-information/quarterly-results,2025-11-20,2026-08-01,
WB-P1-0294,WB,P1,financial,estimate,company,Weibo consolidated,alibaba_ad_revenue,2025Q3,quarterly,Global,actual,45.5,,,USD mn,USD,E,high,0,quarterly,2025Q3 earnings release,https://ir.weibo.com/financial-information/quarterly-results,2025-11-20,2026-08-01,Derived as total advertising revenue minus non-Alibaba advertising revenue.
WB-P1-0295,WB,P1,financial,estimate,company,Weibo consolidated,dau_mau_ratio,2025Q3,quarterly,Global,actual,44.46,,,%,N/A,E,high,1,quarterly,Derived from 2025Q3 earnings release,https://ir.weibo.com/financial-information/quarterly-results,2025-11-20,2026-08-01,
WB-P1-0296,WB,P1,financial,estimate,company,Weibo consolidated,quarterly_fcf_proxy,2025Q3,quarterly,Global,actual,194.9,,,USD mn,USD,E,high,1,quarterly,Derived from 2025Q3 earnings release,https://ir.weibo.com/financial-information/quarterly-results,2025-11-20,2026-08-01,Operating cash flow minus capex; quarterly working-capital volatility can be large.
WB-P1-0297,WB,P1,financial,fact,company,Weibo consolidated,revenue,2025Q4,quarterly,Global,actual,473.258,,,USD mn,USD,A,high,1,quarterly,2025Q4 earnings release,https://ir.weibo.com/news-releases/news-release-details/weibo-announces-fourth-quarter-and-fiscal-year-2025-unaudited/,2026-03-18,2026-08-01,
WB-P1-0298,WB,P1,financial,fact,company,Weibo consolidated,ad_revenue,2025Q4,quarterly,Global,actual,403.799,,,USD mn,USD,A,high,1,quarterly,2025Q4 earnings release,https://ir.weibo.com/news-releases/news-release-details/weibo-announces-fourth-quarter-and-fiscal-year-2025-unaudited/,2026-03-18,2026-08-01,
WB-P1-0299,WB,P1,financial,fact,company,Weibo consolidated,non_ali_ad_revenue,2025Q4,quarterly,Global,actual,353.803,,,USD mn,USD,A,high,1,quarterly,2025Q4 earnings release,https://ir.weibo.com/news-releases/news-release-details/weibo-announces-fourth-quarter-and-fiscal-year-2025-unaudited/,2026-03-18,2026-08-01,
WB-P1-0300,WB,P1,financial,fact,company,Weibo consolidated,vas_revenue,2025Q4,quarterly,Global,actual,69.459,,,USD mn,USD,A,high,0,quarterly,2025Q4 earnings release,https://ir.weibo.com/news-releases/news-release-details/weibo-announces-fourth-quarter-and-fiscal-year-2025-unaudited/,2026-03-18,2026-08-01,
WB-P1-0301,WB,P1,financial,fact,company,Weibo consolidated,operating_income,2025Q4,quarterly,Global,actual,91.603,,,USD mn,USD,A,high,1,quarterly,2025Q4 earnings release,https://ir.weibo.com/news-releases/news-release-details/weibo-announces-fourth-quarter-and-fiscal-year-2025-unaudited/,2026-03-18,2026-08-01,
WB-P1-0302,WB,P1,financial,fact,company,Weibo consolidated,gaap_net_income,2025Q4,quarterly,Global,actual,-4.722,,,USD mn,USD,A,high,0,quarterly,2025Q4 earnings release,https://ir.weibo.com/news-releases/news-release-details/weibo-announces-fourth-quarter-and-fiscal-year-2025-unaudited/,2026-03-18,2026-08-01,
WB-P1-0303,WB,P1,financial,fact,company,Weibo consolidated,non_gaap_operating_income,2025Q4,quarterly,Global,actual,100.427,,,USD mn,USD,A,high,0,quarterly,2025Q4 earnings release,https://ir.weibo.com/news-releases/news-release-details/weibo-announces-fourth-quarter-and-fiscal-year-2025-unaudited/,2026-03-18,2026-08-01,
WB-P1-0304,WB,P1,financial,fact,company,Weibo consolidated,non_gaap_net_income,2025Q4,quarterly,Global,actual,66.401,,,USD mn,USD,A,high,0,quarterly,2025Q4 earnings release,https://ir.weibo.com/news-releases/news-release-details/weibo-announces-fourth-quarter-and-fiscal-year-2025-unaudited/,2026-03-18,2026-08-01,
WB-P1-0305,WB,P1,financial,fact,company,Weibo consolidated,mau,2025Q4,quarterly,Global,actual,567,,,users mn,N/A,A,high,1,quarterly,2025Q4 earnings release,https://ir.weibo.com/news-releases/news-release-details/weibo-announces-fourth-quarter-and-fiscal-year-2025-unaudited/,2026-03-18,2026-08-01,
WB-P1-0306,WB,P1,financial,fact,company,Weibo consolidated,dau,2025Q4,quarterly,Global,actual,252,,,users mn,N/A,A,high,1,quarterly,2025Q4 earnings release,https://ir.weibo.com/news-releases/news-release-details/weibo-announces-fourth-quarter-and-fiscal-year-2025-unaudited/,2026-03-18,2026-08-01,
WB-P1-0307,WB,P1,financial,fact,company,Weibo consolidated,cash_and_short_term_investments,2025Q4,quarterly,Global,actual,2405.08,,,USD mn,USD,A,high,0,quarterly,2025Q4 earnings release,https://ir.weibo.com/news-releases/news-release-details/weibo-announces-fourth-quarter-and-fiscal-year-2025-unaudited/,2026-03-18,2026-08-01,
WB-P1-0308,WB,P1,financial,fact,company,Weibo consolidated,operating_cash_flow,2025Q4,quarterly,Global,actual,181.4,,,USD mn,USD,A,high,1,quarterly,2025Q4 earnings release,https://ir.weibo.com/news-releases/news-release-details/weibo-announces-fourth-quarter-and-fiscal-year-2025-unaudited/,2026-03-18,2026-08-01,
WB-P1-0309,WB,P1,financial,fact,company,Weibo consolidated,capex,2025Q4,quarterly,Global,actual,10.4,,,USD mn,USD,A,high,0,quarterly,2025Q4 earnings release,https://ir.weibo.com/news-releases/news-release-details/weibo-announces-fourth-quarter-and-fiscal-year-2025-unaudited/,2026-03-18,2026-08-01,
WB-P1-0310,WB,P1,financial,estimate,company,Weibo consolidated,alibaba_ad_revenue,2025Q4,quarterly,Global,actual,49.996,,,USD mn,USD,E,high,0,quarterly,2025Q4 earnings release,https://ir.weibo.com/news-releases/news-release-details/weibo-announces-fourth-quarter-and-fiscal-year-2025-unaudited/,2026-03-18,2026-08-01,Derived as total advertising revenue minus non-Alibaba advertising revenue.
WB-P1-0311,WB,P1,financial,estimate,company,Weibo consolidated,dau_mau_ratio,2025Q4,quarterly,Global,actual,44.44,,,%,N/A,E,high,1,quarterly,Derived from 2025Q4 earnings release,https://ir.weibo.com/news-releases/news-release-details/weibo-announces-fourth-quarter-and-fiscal-year-2025-unaudited/,2026-03-18,2026-08-01,
WB-P1-0312,WB,P1,financial,estimate,company,Weibo consolidated,quarterly_fcf_proxy,2025Q4,quarterly,Global,actual,171.0,,,USD mn,USD,E,high,1,quarterly,Derived from 2025Q4 earnings release,https://ir.weibo.com/news-releases/news-release-details/weibo-announces-fourth-quarter-and-fiscal-year-2025-unaudited/,2026-03-18,2026-08-01,Operating cash flow minus capex; quarterly working-capital volatility can be large.
WB-P1-0313,WB,P1,financial,fact,company,Weibo consolidated,revenue,2026Q1,quarterly,Global,actual,421.3,,,USD mn,USD,A,high,1,quarterly,2026Q1 earnings release,https://ir.weibo.com/news-releases/news-release-details/weibo-announces-first-quarter-2026-unaudited-financial-results/,2026-05-28,2026-08-01,
WB-P1-0314,WB,P1,financial,fact,company,Weibo consolidated,ad_revenue,2026Q1,quarterly,Global,actual,369.8,,,USD mn,USD,A,high,1,quarterly,2026Q1 earnings release,https://ir.weibo.com/news-releases/news-release-details/weibo-announces-first-quarter-2026-unaudited-financial-results/,2026-05-28,2026-08-01,
WB-P1-0315,WB,P1,financial,fact,company,Weibo consolidated,non_ali_ad_revenue,2026Q1,quarterly,Global,actual,326.5,,,USD mn,USD,A,high,1,quarterly,2026Q1 earnings release,https://ir.weibo.com/news-releases/news-release-details/weibo-announces-first-quarter-2026-unaudited-financial-results/,2026-05-28,2026-08-01,
WB-P1-0316,WB,P1,financial,fact,company,Weibo consolidated,alibaba_ad_revenue,2026Q1,quarterly,Global,actual,43.3,,,USD mn,USD,A,high,0,quarterly,2026Q1 earnings release,https://ir.weibo.com/news-releases/news-release-details/weibo-announces-first-quarter-2026-unaudited-financial-results/,2026-05-28,2026-08-01,
WB-P1-0317,WB,P1,financial,fact,company,Weibo consolidated,vas_revenue,2026Q1,quarterly,Global,actual,51.6,,,USD mn,USD,A,high,0,quarterly,2026Q1 earnings release,https://ir.weibo.com/news-releases/news-release-details/weibo-announces-first-quarter-2026-unaudited-financial-results/,2026-05-28,2026-08-01,
WB-P1-0318,WB,P1,financial,fact,company,Weibo consolidated,operating_income,2026Q1,quarterly,Global,actual,110.9,,,USD mn,USD,A,high,1,quarterly,2026Q1 earnings release,https://ir.weibo.com/news-releases/news-release-details/weibo-announces-first-quarter-2026-unaudited-financial-results/,2026-05-28,2026-08-01,
WB-P1-0319,WB,P1,financial,fact,company,Weibo consolidated,gaap_net_income,2026Q1,quarterly,Global,actual,34.7,,,USD mn,USD,A,high,0,quarterly,2026Q1 earnings release,https://ir.weibo.com/news-releases/news-release-details/weibo-announces-first-quarter-2026-unaudited-financial-results/,2026-05-28,2026-08-01,
WB-P1-0320,WB,P1,financial,fact,company,Weibo consolidated,non_gaap_operating_income,2026Q1,quarterly,Global,actual,119.8,,,USD mn,USD,A,high,0,quarterly,2026Q1 earnings release,https://ir.weibo.com/news-releases/news-release-details/weibo-announces-first-quarter-2026-unaudited-financial-results/,2026-05-28,2026-08-01,
WB-P1-0321,WB,P1,financial,fact,company,Weibo consolidated,non_gaap_net_income,2026Q1,quarterly,Global,actual,91.9,,,USD mn,USD,A,high,0,quarterly,2026Q1 earnings release,https://ir.weibo.com/news-releases/news-release-details/weibo-announces-first-quarter-2026-unaudited-financial-results/,2026-05-28,2026-08-01,
WB-P1-0322,WB,P1,financial,fact,company,Weibo consolidated,mau,2026Q1,quarterly,Global,actual,562,,,users mn,N/A,A,high,1,quarterly,2026Q1 earnings release,https://ir.weibo.com/news-releases/news-release-details/weibo-announces-first-quarter-2026-unaudited-financial-results/,2026-05-28,2026-08-01,
WB-P1-0323,WB,P1,financial,fact,company,Weibo consolidated,dau,2026Q1,quarterly,Global,actual,254,,,users mn,N/A,A,high,1,quarterly,2026Q1 earnings release,https://ir.weibo.com/news-releases/news-release-details/weibo-announces-first-quarter-2026-unaudited-financial-results/,2026-05-28,2026-08-01,
WB-P1-0324,WB,P1,financial,fact,company,Weibo consolidated,cash_and_short_term_investments,2026Q1,quarterly,Global,actual,2590.0,,,USD mn,USD,A,high,0,quarterly,2026Q1 earnings release,https://ir.weibo.com/news-releases/news-release-details/weibo-announces-first-quarter-2026-unaudited-financial-results/,2026-05-28,2026-08-01,
WB-P1-0325,WB,P1,financial,fact,company,Weibo consolidated,operating_cash_flow,2026Q1,quarterly,Global,actual,164.0,,,USD mn,USD,A,high,1,quarterly,2026Q1 earnings release,https://ir.weibo.com/news-releases/news-release-details/weibo-announces-first-quarter-2026-unaudited-financial-results/,2026-05-28,2026-08-01,
WB-P1-0326,WB,P1,financial,fact,company,Weibo consolidated,capex,2026Q1,quarterly,Global,actual,11.9,,,USD mn,USD,A,high,0,quarterly,2026Q1 earnings release,https://ir.weibo.com/news-releases/news-release-details/weibo-announces-first-quarter-2026-unaudited-financial-results/,2026-05-28,2026-08-01,
WB-P1-0327,WB,P1,financial,fact,company,Weibo consolidated,basic_weighted_shares,2026Q1,quarterly,Global,actual,239.365,,,shares mn,N/A,A,high,0,quarterly,2026Q1 earnings release,https://ir.weibo.com/news-releases/news-release-details/weibo-announces-first-quarter-2026-unaudited-financial-results/,2026-05-28,2026-08-01,
WB-P1-0328,WB,P1,financial,fact,company,Weibo consolidated,gaap_diluted_weighted_shares,2026Q1,quarterly,Global,actual,270.121,,,shares mn,N/A,A,high,0,quarterly,2026Q1 earnings release,https://ir.weibo.com/news-releases/news-release-details/weibo-announces-first-quarter-2026-unaudited-financial-results/,2026-05-28,2026-08-01,
WB-P1-0329,WB,P1,financial,estimate,company,Weibo consolidated,dau_mau_ratio,2026Q1,quarterly,Global,actual,45.2,,,%,N/A,E,high,1,quarterly,Derived from 2026Q1 earnings release,https://ir.weibo.com/news-releases/news-release-details/weibo-announces-first-quarter-2026-unaudited-financial-results/,2026-05-28,2026-08-01,
WB-P1-0330,WB,P1,financial,estimate,company,Weibo consolidated,quarterly_fcf_proxy,2026Q1,quarterly,Global,actual,152.1,,,USD mn,USD,E,high,1,quarterly,Derived from 2026Q1 earnings release,https://ir.weibo.com/news-releases/news-release-details/weibo-announces-first-quarter-2026-unaudited-financial-results/,2026-05-28,2026-08-01,Operating cash flow minus capex; quarterly working-capital volatility can be large.
WB-P1-0331,WB,P1,financial,fact,asset,Weibo consolidated,cash_and_cash_equivalents,2025A,annual,Global,actual,2298.941,,,USD mn,USD,A,high,1,annual,FY2025 balance sheet,https://www.sec.gov/Archives/edgar/data/1595761/000110465926029771/tm268894d2_ex99-1.htm,2026-03-18,2026-08-01,
WB-P1-0332,WB,P1,financial,fact,asset,Weibo consolidated,short_term_investments,2025A,annual,Global,actual,106.139,,,USD mn,USD,A,high,1,annual,FY2025 balance sheet,https://www.sec.gov/Archives/edgar/data/1595761/000110465926029771/tm268894d2_ex99-1.htm,2026-03-18,2026-08-01,
WB-P1-0333,WB,P1,financial,fact,asset,Weibo consolidated,amount_due_from_SINA,2025A,annual,Global,actual,441.143,,,USD mn,USD,A,high,1,annual,FY2025 balance sheet,https://www.sec.gov/Archives/edgar/data/1595761/000110465926029771/tm268894d2_ex99-1.htm,2026-03-18,2026-08-01,
WB-P1-0334,WB,P1,financial,fact,asset,Weibo consolidated,long_term_investments,2025A,annual,Global,actual,1663.346,,,USD mn,USD,A,high,1,annual,FY2025 balance sheet,https://www.sec.gov/Archives/edgar/data/1595761/000110465926029771/tm268894d2_ex99-1.htm,2026-03-18,2026-08-01,
WB-P1-0335,WB,P1,financial,fact,liability,Weibo consolidated,convertible_senior_notes,2025A,annual,Global,actual,323.944,,,USD mn,USD,A,high,1,annual,FY2025 balance sheet,https://www.sec.gov/Archives/edgar/data/1595761/000110465926029771/tm268894d2_ex99-1.htm,2026-03-18,2026-08-01,
WB-P1-0336,WB,P1,financial,fact,liability,Weibo consolidated,unsecured_senior_notes,2025A,annual,Global,actual,745.63,,,USD mn,USD,A,high,1,annual,FY2025 balance sheet,https://www.sec.gov/Archives/edgar/data/1595761/000110465926029771/tm268894d2_ex99-1.htm,2026-03-18,2026-08-01,
WB-P1-0337,WB,P1,financial,fact,liability,Weibo consolidated,long_term_loans,2025A,annual,Global,actual,793.976,,,USD mn,USD,A,high,1,annual,FY2025 balance sheet,https://www.sec.gov/Archives/edgar/data/1595761/000110465926029771/tm268894d2_ex99-1.htm,2026-03-18,2026-08-01,
WB-P1-0338,WB,P1,financial,fact,liability,Weibo consolidated,total_liabilities,2025A,annual,Global,actual,3083.623,,,USD mn,USD,A,high,1,annual,FY2025 balance sheet,https://www.sec.gov/Archives/edgar/data/1595761/000110465926029771/tm268894d2_ex99-1.htm,2026-03-18,2026-08-01,
WB-P1-0339,WB,P1,financial,fact,asset,Weibo consolidated,weibo_shareholders_equity,2025A,annual,Global,actual,3920.729,,,USD mn,USD,A,high,1,annual,FY2025 balance sheet,https://www.sec.gov/Archives/edgar/data/1595761/000110465926029771/tm268894d2_ex99-1.htm,2026-03-18,2026-08-01,
WB-P1-0340,WB,P1,financial,fact,asset,Amount due from SINA,SINA_short_term_loans_and_interest_component,2025A,annual,Global,actual,401.9,,,USD mn,USD,A,high,1,annual,FY2025 balance sheet footnote,https://www.sec.gov/Archives/edgar/data/1595761/000110465926029771/tm268894d2_ex99-1.htm,2026-03-18,2026-08-01,Included in total amount due from SINA of $441.1m.
WB-P1-0341,WB,P1,financial,estimate,company,Weibo consolidated,gross_debt_proxy,2025A,annual,Global,actual,1863.55,,,USD mn,USD,E,high,1,annual,Derived from FY2025 balance sheet,https://www.sec.gov/Archives/edgar/data/1595761/000110465926029771/tm268894d2_ex99-1.htm,2026-03-18,2026-08-01,Convertible notes + unsecured senior notes + long-term loans; excludes lease and other liabilities.
WB-P1-0342,WB,P1,financial,estimate,company,Weibo consolidated,cash_short_investments_to_market_cap,2026-08-01,point_in_time,Global,actual,1.22,,,x,N/A,E,high,1,event_driven,Derived from FY2025 balance sheet and current market data,https://ir.weibo.com/news-releases/news-release-details/weibo-announces-fourth-quarter-and-fiscal-year-2025-unaudited/,2026-08-01,2026-08-01,"Gross ratio only; not a net-cash valuation and ignores debt, distribution limits, operating buffer and tax."
WB-P1-0343,WB,P1,governance,fact,asset,Amount due from SINA,year_end_balance,2025A,annual,Global,actual,441.143,,,USD mn,USD,A,high,1,annual,FY2025 balance sheet,https://www.sec.gov/Archives/edgar/data/1595761/000110465926029771/tm268894d2_ex99-1.htm,2026-03-18,2026-08-01,
WB-P1-0344,WB,P1,governance,fact,related_party,SINA Corporation,loan_drawdowns,2025A,annual,Global,actual,753.0,,,USD mn,USD,A,high,1,annual,2025 Form 20-F related party transactions,https://www.sec.gov/Archives/edgar/data/1595761/000110465926047217/R17.htm,2026-04-23,2026-08-01,
WB-P1-0345,WB,P1,governance,fact,related_party,SINA Corporation,loan_repayments,2025A,annual,Global,actual,773.5,,,USD mn,USD,A,high,1,annual,2025 Form 20-F related party transactions,https://www.sec.gov/Archives/edgar/data/1595761/000110465926047217/R17.htm,2026-04-23,2026-08-01,
WB-P1-0346,WB,P1,governance,fact,company,Weibo consolidated,RMB_share_of_cash_and_short_term_investments,2025A,annual,Global,actual,85,,,%,N/A,A,high,1,annual,2025 Form 20-F accounting policies,https://www.sec.gov/Archives/edgar/data/1595761/000110465926047217/R9.htm,2026-04-23,2026-08-01,"$2,039.6m of cash, cash equivalents and short-term investments was RMB-denominated."
WB-P1-0347,WB,P1,governance,conclusion,company,Weibo consolidated,cash_distributability_status,2025A,point_in_time,Global,actual,Unproven at P1,,,text,N/A,H,high,1,event_driven,P1 preliminary conclusion,WB_P1_研究边界产品身份与数据底座.md,2026-08-01,2026-08-01,"P3 must locate cash by entity, deduct debt/operating buffer/withholding, test VIE/WFOE remittance history, and discount related-party/opaque assets."
WB-P1-0348,WB,P1,capital_allocation,fact,capital_event,JM Tech consolidation,description,2020Q4,point_in_time,Global,actual,Shanghai Jiamian Information Technology became consolidated; game-related VAS and contingent payment accounting entered the group.,,,text,N/A,A,high,1,event_driven,Company disclosure,https://ir.weibo.com/financial-information/quarterly-results,2024-03-14,2026-08-01,
WB-P1-0349,WB,P1,capital_allocation,fact,capital_event,Hong Kong secondary listing,description,2021Q4,point_in_time,Global,actual,"Issued 11.0m Class A ordinary shares; gross proceeds approximately HK$1,500.4m.",,,text,N/A,A,high,1,event_driven,Company FY2021 results,https://ir.weibo.com/financial-information/quarterly-results,2022-03-03,2026-08-01,
WB-P1-0350,WB,P1,capital_allocation,fact,capital_event,Hong Kong secondary listing,announced_amount,2021Q4,point_in_time,Global,actual,1500.4,,,HKD mn,HKD,A,high,1,event_driven,Company FY2021 results,https://ir.weibo.com/financial-information/quarterly-results,2022-03-03,2026-08-01,
WB-P1-0351,WB,P1,capital_allocation,fact,capital_event,Share repurchase authorization,description,2022-03-31,point_in_time,Global,actual,Authorized up to $500m of ADS repurchases through 2023-03-31; authorization is not actual execution.,,,text,N/A,A,high,1,event_driven,Company announcement,https://ir.weibo.com/news-releases/news-release-details/weibo-announces-us500-million-share-repurchase-program,2022-03-31,2026-08-01,
WB-P1-0352,WB,P1,capital_allocation,fact,capital_event,Share repurchase authorization,announced_amount,2022-03-31,point_in_time,Global,actual,500.0,,,USD mn,USD,A,high,1,event_driven,Company announcement,https://ir.weibo.com/news-releases/news-release-details/weibo-announces-us500-million-share-repurchase-program,2022-03-31,2026-08-01,"For repurchase programs this is authorization, not actual cash spent."
WB-P1-0353,WB,P1,capital_allocation,fact,capital_event,Special dividend,description,2023-07,point_in_time,Global,actual,Special cash dividend of $0.85 per ADS / ordinary share; aggregate approximately $200m.,,,text,N/A,A,high,1,event_driven,Q2 2023 results,https://ir.weibo.com/financial-information/quarterly-results,2023-08-24,2026-08-01,
WB-P1-0354,WB,P1,capital_allocation,fact,capital_event,Special dividend,announced_amount,2023-07,point_in_time,Global,actual,200.0,,,USD mn,USD,A,high,1,event_driven,Q2 2023 results,https://ir.weibo.com/financial-information/quarterly-results,2023-08-24,2026-08-01,
WB-P1-0355,WB,P1,capital_allocation,fact,capital_event,Special dividend,description,2024-05,point_in_time,Global,actual,Special cash dividend of $0.82 per ADS / ordinary share; aggregate approximately $200m.,,,text,N/A,A,high,1,event_driven,FY2023 results,https://ir.weibo.com/financial-information/quarterly-results,2024-03-14,2026-08-01,
WB-P1-0356,WB,P1,capital_allocation,fact,capital_event,Special dividend,announced_amount,2024-05,point_in_time,Global,actual,200.0,,,USD mn,USD,A,high,1,event_driven,FY2023 results,https://ir.weibo.com/financial-information/quarterly-results,2024-03-14,2026-08-01,
WB-P1-0357,WB,P1,capital_allocation,fact,capital_event,Annual dividend policy and FY2024 dividend,description,2025-05,point_in_time,Global,actual,"Adopted annual dividend policy and paid/declared $0.82 per ADS, aggregate approximately $200m.",,,text,N/A,A,high,1,event_driven,FY2024 results,https://ir.weibo.com/financial-information/quarterly-results,2025-03-13,2026-08-01,
WB-P1-0358,WB,P1,capital_allocation,fact,capital_event,Annual dividend policy and FY2024 dividend,announced_amount,2025-05,point_in_time,Global,actual,200.0,,,USD mn,USD,A,high,1,event_driven,FY2024 results,https://ir.weibo.com/financial-information/quarterly-results,2025-03-13,2026-08-01,
WB-P1-0359,WB,P1,capital_allocation,fact,capital_event,$800m convertible note financing,description,2025-11,point_in_time,Global,actual,Issued convertible senior notes; debt and potential dilution must be included in share-count and net-cash analysis.,,,text,N/A,A,high,1,event_driven,Company financing disclosure,https://weibocorporation.gcs-web.com/news-releases/news-release-details/weibo-corporation-prices-offering-us800-million-convertible,2025-11-20,2026-08-01,
WB-P1-0360,WB,P1,capital_allocation,fact,capital_event,$800m convertible note financing,announced_amount,2025-11,point_in_time,Global,actual,800.0,,,USD mn,USD,A,high,1,event_driven,Company financing disclosure,https://weibocorporation.gcs-web.com/news-releases/news-release-details/weibo-corporation-prices-offering-us800-million-convertible,2025-11-20,2026-08-01,
WB-P1-0361,WB,P1,capital_allocation,fact,capital_event,Share repurchase authorization,description,2025-12-31,point_in_time,Global,actual,Authorized up to $200m of shares/ADS repurchases over 12 months ending 2026-12-31; actual repurchase must be separately verified.,,,text,N/A,A,high,1,event_driven,Company announcement,https://www.hkexnews.hk/listedco/listconews/sehk/2025/1231/2025123101939.pdf,2025-12-31,2026-08-01,
WB-P1-0362,WB,P1,capital_allocation,fact,capital_event,Share repurchase authorization,announced_amount,2025-12-31,point_in_time,Global,actual,200.0,,,USD mn,USD,A,high,1,event_driven,Company announcement,https://www.hkexnews.hk/listedco/listconews/sehk/2025/1231/2025123101939.pdf,2025-12-31,2026-08-01,"For repurchase programs this is authorization, not actual cash spent."
WB-P1-0363,WB,P1,capital_allocation,fact,capital_event,FY2025 annual dividend,description,2026-05,point_in_time,Global,actual,"$0.61 per ADS / ordinary share, aggregate approximately $150m.",,,text,N/A,A,high,1,event_driven,FY2025 results / subsequent events,https://ir.weibo.com/news-releases/news-release-details/weibo-announces-fourth-quarter-and-fiscal-year-2025-unaudited/,2026-03-18,2026-08-01,
WB-P1-0364,WB,P1,capital_allocation,fact,capital_event,FY2025 annual dividend,announced_amount,2026-05,point_in_time,Global,actual,150.0,,,USD mn,USD,A,high,1,event_driven,FY2025 results / subsequent events,https://ir.weibo.com/news-releases/news-release-details/weibo-announces-fourth-quarter-and-fiscal-year-2025-unaudited/,2026-03-18,2026-08-01,
WB-P1-0365,WB,P1,capital_allocation,conclusion,company,Weibo capital allocation,2016_to_2026_actual_repurchase_ledger_status,2026-08-01,point_in_time,Global,actual,"Incomplete in P1; authorization data found, but actual purchases/cancellations and net share-count impact require P3 cash-flow and equity roll-forward reconciliation.",,,text,N/A,H,high,1,event_driven,P1 data gap,WB_P1_研究边界产品身份与数据底座.md,2026-08-01,2026-08-01,
WB-P1-0366,WB,P1,management_promise,fact,manager,Gaofei Wang,promise,2023A,point_in_time,Global,actual,"Improve product competitiveness, content ecosystem and operating efficiency; advertising gradually recovered.",,,text,N/A,A,high,1,event_driven,2023A company results,https://ir.weibo.com/financial-information/quarterly-results,2026-03-18,2026-08-01,"Initial outcome check: Check 2024 user quality strategy, margin and ad trend."
WB-P1-0367,WB,P1,management_promise,fact,manager,Gaofei Wang,promise,2024A,point_in_time,Global,actual,"Focus on high-quality users, vertical content and AI-empowered content ecosystem; advertising stabilized; enhance shareholder return.",,,text,N/A,A,high,1,event_driven,2024A company results,https://ir.weibo.com/financial-information/quarterly-results,2026-03-18,2026-08-01,"Initial outcome check: 2025 ex-Alibaba ads fell 4%, MAU fell to 567m, dividend fell to $150m; mixed."
WB-P1-0368,WB,P1,management_promise,fact,manager,Gaofei Wang,promise,2025A,point_in_time,Global,actual,"Strengthen social features, recommendation ecosystem, intelligent search and advertising efficiency; keep shareholder return commitment.",,,text,N/A,A,high,1,event_driven,2025A company results,https://ir.weibo.com/financial-information/quarterly-results,2026-03-18,2026-08-01,"Initial outcome check: 2026Q1 reported ad growth and AI/search progress, but MAU fell to 562m and constant-currency total revenue grew only 1%."
WB-P1-0369,WB,P1,management_promise,fact,manager,Gaofei Wang,promise,2026Q1,point_in_time,Global,actual,Further optimize AI search/feed/content and improve ad conversion efficiency.,,,text,N/A,A,high,1,event_driven,2026Q1 company results,https://ir.weibo.com/news-releases/news-release-details/weibo-announces-first-quarter-2026-unaudited-financial-results/,2026-05-28,2026-08-01,Initial outcome check: To be tested over 2026Q2-Q4.
WB-P1-0370,WB,P1,company,fact,manager,Gaofei Wang,role,2026-08-01,point_in_time,Global,actual,Chief Executive Officer and director,,,text,N/A,A,high,1,event_driven,Company filings,https://www.sec.gov/Archives/edgar/data/1595761/000110465926047217/0001104659-26-047217-index.htm,2026-04-23,2026-08-01,
WB-P1-0371,WB,P1,company,fact,manager,Fei Cao,role,2026-08-01,point_in_time,Global,actual,Chief Financial Officer,,,text,N/A,A,high,0,event_driven,Company filings,https://www.sec.gov/Archives/edgar/data/1595761/000110465926047217/0001104659-26-047217-index.htm,2026-04-23,2026-08-01,
WB-P1-0372,WB,P1,data_access,conclusion,data_source,Company filings and earnings releases,priority,2026-08-01,point_in_time,Global,actual,MUST,,,text,N/A,H,high,0,event_driven,P1 data-access audit,WB_P1_研究边界产品身份与数据底座.md,2026-08-01,2026-08-01,"Available. Audited annuals, quarterly results, share structure, debt, related parties, VIE and governance."
WB-P1-0373,WB,P1,data_access,conclusion,data_source,HKEX filings,priority,2026-08-01,point_in_time,Global,actual,MUST,,,text,N/A,H,high,0,event_driven,P1 data-access audit,WB_P1_研究边界产品身份与数据底座.md,2026-08-01,2026-08-01,"Available. Annual reports, dividend/buyback announcements, WVR details."
WB-P1-0374,WB,P1,data_access,conclusion,data_source,Apple App Store / Google Play,priority,2026-08-01,point_in_time,Global,actual,MUST,,,text,N/A,H,high,0,event_driven,P1 data-access audit,WB_P1_研究边界产品身份与数据底座.md,2026-08-01,2026-08-01,"Available but snapshot-only. Identity, developer, version, public rating and overseas Android install floor; weak for China."
WB-P1-0375,WB,P1,data_access,conclusion,data_source,Sensor Tower / Similarweb App Intelligence,priority,2026-08-01,point_in_time,Global,actual,TRY,,,text,N/A,H,high,0,event_driven,P1 data-access audit,WB_P1_研究边界产品身份与数据底座.md,2026-08-01,2026-08-01,"Not available in this run. Needed for country/month downloads, MAU and usage trend; absence does not block WB because group MAU/DAU is disclosed."
WB-P1-0376,WB,P1,data_access,conclusion,data_source,AppMagic / Appfigures / AppTweak,priority,2026-08-01,point_in_time,Global,actual,TRY,,,text,N/A,H,high,0,event_driven,P1 data-access audit,WB_P1_研究边界产品身份与数据底座.md,2026-08-01,2026-08-01,Not available in this run. Potential cross-check for international clients and IAP; store revenue is not the core advertising model.
WB-P1-0377,WB,P1,data_access,conclusion,data_source,China Android stores / QuestMobile / DataEye,priority,2026-08-01,point_in_time,Global,actual,TRY,,,text,N/A,H,high,0,event_driven,P1 data-access audit,WB_P1_研究边界产品身份与数据底座.md,2026-08-01,2026-08-01,Not available in this run. More representative for mainland app distribution and usage; seek later if access exists.
WB-P1-0378,WB,P1,data_access,conclusion,data_source,Google Trends / Baidu Index,priority,2026-08-01,point_in_time,Global,actual,OPTIONAL,,,text,N/A,H,high,0,event_driven,P1 data-access audit,WB_P1_研究边界产品身份与数据底座.md,2026-08-01,2026-08-01,"Public trend proxies possible. Use only as direction check, not user/revenue substitute."
WB-P1-0379,WB,P1,initial_hypothesis,assumption,company,Weibo investment thesis,H1_core_ad_floor,2026-08-01,point_in_time,Global,actual,Non-Alibaba advertising can stabilize around the 2025 run-rate rather than compound down rapidly.,,,text,N/A,H,medium,1,event_driven,P1 research hypothesis,WB_P1_研究边界产品身份与数据底座.md,2026-08-01,2026-08-01,Status: Base hypothesis. Strongest disconfirming evidence: Two consecutive quarters of constant-currency non-Alibaba ad decline >10% would materially weaken it.
WB-P1-0380,WB,P1,initial_hypothesis,assumption,company,Weibo investment thesis,H2_owner_earnings_floor,2026-08-01,point_in_time,Global,actual,The mature platform can sustain normalized annual owner earnings/FCF proxy of at least $350m-$450m before shareholder distributions.,,,text,N/A,H,medium,1,event_driven,P1 research hypothesis,WB_P1_研究边界产品身份与数据底座.md,2026-08-01,2026-08-01,Status: Base hypothesis. Strongest disconfirming evidence: Annualized normalized FCF below $300m or structural margin below 20% would refute it.
WB-P1-0381,WB,P1,initial_hypothesis,assumption,company,Weibo investment thesis,H3_asset_conversion,2026-08-01,point_in_time,Global,actual,"At least 50%-65% of cash, short-term investments and reliably liquid investments net of debt/operating buffer can ultimately support ADS value.",,,text,N/A,H,medium,1,event_driven,P1 research hypothesis,WB_P1_研究边界产品身份与数据底座.md,2026-08-01,2026-08-01,"Status: Unproven. Strongest disconfirming evidence: Persistent growth of related-party receivables, opaque investments or inability to upstream cash would refute it."
WB-P1-0382,WB,P1,initial_hypothesis,assumption,company,Weibo investment thesis,H4_capital_return,2026-08-01,point_in_time,Global,actual,Annual dividends plus low-price repurchases can convert part of the discount into per-share return.,,,text,N/A,H,medium,1,event_driven,P1 research hypothesis,WB_P1_研究边界产品身份与数据底座.md,2026-08-01,2026-08-01,"Status: Unproven. Strongest disconfirming evidence: Dividend cuts without debt reduction or actual repurchases, while diluted ADS do not decline, would refute it."
WB-P1-0383,WB,P1,initial_hypothesis,assumption,company,Weibo investment thesis,H5_platform_survival,2026-08-01,point_in_time,Global,actual,Weibo remains a differentiated public-discussion/hot-topic platform with sufficient DAU and engagement to retain advertiser relevance through 2030.,,,text,N/A,H,medium,1,event_driven,P1 research hypothesis,WB_P1_研究边界产品身份与数据底座.md,2026-08-01,2026-08-01,"Status: Base hypothesis. Strongest disconfirming evidence: DAU below 245m for two quarters, worsening DAU/MAU and double-digit ad decline would refute it."
WB-P1-0384,WB,P1,initial_hypothesis,conclusion,risk_trigger,Weibo thesis,N1,2026-08-01,point_in_time,Global,actual,Non-Alibaba ad revenue declines >10% constant-currency for two consecutive quarters.,,,text,N/A,H,high,1,event_driven,P1 thesis falsification framework,WB_P1_研究边界产品身份与数据底座.md,2026-08-01,2026-08-01,
WB-P1-0385,WB,P1,initial_hypothesis,conclusion,risk_trigger,Weibo thesis,N2,2026-08-01,point_in_time,Global,actual,DAU falls below 245m for two consecutive quarters or DAU/MAU ratio declines materially.,,,text,N/A,H,high,1,event_driven,P1 thesis falsification framework,WB_P1_研究边界产品身份与数据底座.md,2026-08-01,2026-08-01,
WB-P1-0386,WB,P1,initial_hypothesis,conclusion,risk_trigger,Weibo thesis,N3,2026-08-01,point_in_time,Global,actual,Trailing-twelve-month normalized FCF falls below $300m without a credible temporary explanation.,,,text,N/A,H,high,1,event_driven,P1 thesis falsification framework,WB_P1_研究边界产品身份与数据底座.md,2026-08-01,2026-08-01,
WB-P1-0387,WB,P1,initial_hypothesis,conclusion,risk_trigger,Weibo thesis,N4,2026-08-01,point_in_time,Global,actual,Amount due from SINA / opaque investments rise while dividends and debt reduction weaken.,,,text,N/A,H,high,1,event_driven,P1 thesis falsification framework,WB_P1_研究边界产品身份与数据底座.md,2026-08-01,2026-08-01,
WB-P1-0388,WB,P1,initial_hypothesis,conclusion,risk_trigger,Weibo thesis,N5,2026-08-01,point_in_time,Global,actual,"Basic/diluted ADS fail to decline despite buybacks, due to SBC, convertibles or share lending; or dividend payout drops below $150m without balance-sheet improvement.",,,text,N/A,H,high,1,event_driven,P1 thesis falsification framework,WB_P1_研究边界产品身份与数据底座.md,2026-08-01,2026-08-01,
WB-P1-0389,WB,P1,monitoring,assumption,metric,Weibo monitoring dashboard,M01_Total advertising revenue,2026-08-01,point_in_time,Global,actual,Growth and absolute scale,,,text,N/A,H,high,1,event_driven,P1 monitoring design,WB_P1_研究边界产品身份与数据底座.md,2026-08-01,2026-08-01,Review frequency: quarterly.
WB-P1-0390,WB,P1,monitoring,assumption,metric,Weibo monitoring dashboard,M02_Non-Alibaba advertising revenue,2026-08-01,point_in_time,Global,actual,Core advertiser demand,,,text,N/A,H,high,1,event_driven,P1 monitoring design,WB_P1_研究边界产品身份与数据底座.md,2026-08-01,2026-08-01,Review frequency: quarterly.
WB-P1-0391,WB,P1,monitoring,assumption,metric,Weibo monitoring dashboard,M03_Alibaba advertising revenue,2026-08-01,point_in_time,Global,actual,Customer concentration and cyclicality,,,text,N/A,H,high,1,event_driven,P1 monitoring design,WB_P1_研究边界产品身份与数据底座.md,2026-08-01,2026-08-01,Review frequency: quarterly.
WB-P1-0392,WB,P1,monitoring,assumption,metric,Weibo monitoring dashboard,M04_MAU,2026-08-01,point_in_time,Global,actual,Reach,,,text,N/A,H,high,1,event_driven,P1 monitoring design,WB_P1_研究边界产品身份与数据底座.md,2026-08-01,2026-08-01,Review frequency: quarterly.
WB-P1-0393,WB,P1,monitoring,assumption,metric,Weibo monitoring dashboard,M05_DAU,2026-08-01,point_in_time,Global,actual,Core active utility,,,text,N/A,H,high,1,event_driven,P1 monitoring design,WB_P1_研究边界产品身份与数据底座.md,2026-08-01,2026-08-01,Review frequency: quarterly.
WB-P1-0394,WB,P1,monitoring,assumption,metric,Weibo monitoring dashboard,M06_DAU/MAU,2026-08-01,point_in_time,Global,actual,Engagement proxy,,,text,N/A,H,high,1,event_driven,P1 monitoring design,WB_P1_研究边界产品身份与数据底座.md,2026-08-01,2026-08-01,Review frequency: quarterly.
WB-P1-0395,WB,P1,monitoring,assumption,metric,Weibo monitoring dashboard,M07_GAAP and non-GAAP operating income/margin,2026-08-01,point_in_time,Global,actual,Earnings quality and cost discipline,,,text,N/A,H,high,1,event_driven,P1 monitoring design,WB_P1_研究边界产品身份与数据底座.md,2026-08-01,2026-08-01,Review frequency: quarterly.
WB-P1-0396,WB,P1,monitoring,assumption,metric,Weibo monitoring dashboard,M08_Operating cash flow minus capex,2026-08-01,point_in_time,Global,actual,Cash earnings floor,,,text,N/A,H,high,1,event_driven,P1 monitoring design,WB_P1_研究边界产品身份与数据底座.md,2026-08-01,2026-08-01,Review frequency: quarterly/TTM.
WB-P1-0397,WB,P1,monitoring,assumption,metric,Weibo monitoring dashboard,"M09_Cash, short/long-term investments and gross debt",2026-08-01,point_in_time,Global,actual,Asset protection and leverage,,,text,N/A,H,high,1,event_driven,P1 monitoring design,WB_P1_研究边界产品身份与数据底座.md,2026-08-01,2026-08-01,Review frequency: quarterly/annual.
WB-P1-0398,WB,P1,monitoring,assumption,metric,Weibo monitoring dashboard,M10_Amount due from SINA and related-party transactions,2026-08-01,point_in_time,Global,actual,Governance/asset recoverability,,,text,N/A,H,high,1,event_driven,P1 monitoring design,WB_P1_研究边界产品身份与数据底座.md,2026-08-01,2026-08-01,Review frequency: annual/event.
WB-P1-0399,WB,P1,monitoring,assumption,metric,Weibo monitoring dashboard,"M11_Dividend, actual repurchase and basic/diluted ADS",2026-08-01,point_in_time,Global,actual,Per-share value conversion,,,text,N/A,H,high,1,event_driven,P1 monitoring design,WB_P1_研究边界产品身份与数据底座.md,2026-08-01,2026-08-01,Review frequency: quarterly/annual.
WB-P1-0400,WB,P1,monitoring,assumption,metric,Weibo monitoring dashboard,"M12_Investment gains/losses, impairments and equity-method pickup",2026-08-01,point_in_time,Global,actual,GAAP net-income volatility,,,text,N/A,H,high,1,event_driven,P1 monitoring design,WB_P1_研究边界产品身份与数据底座.md,2026-08-01,2026-08-01,Review frequency: quarterly.
WB-P1-0401,WB,P1,conclusion,conclusion,company,Weibo Corporation,C1,2026-08-01,point_in_time,Global,actual,"WB should initially be classified as a profitable but stagnant advertising platform plus a financial-asset carrier, not a simple net-cash stock.",,,text,N/A,H,medium,1,event_driven,P1 preliminary synthesis,WB_P1_研究边界产品身份与数据底座.md,2026-08-01,2026-08-01,
WB-P1-0402,WB,P1,conclusion,conclusion,company,Weibo Corporation,C2,2026-08-01,point_in_time,Global,actual,Revenue peaked at about $2.26bn in 2021 and settled near $1.75-$1.76bn in 2023-2025; the business retained strong operating cash flow but 2025 margins and FCF proxy weakened.,,,text,N/A,H,medium,1,event_driven,P1 preliminary synthesis,WB_P1_研究边界产品身份与数据底座.md,2026-08-01,2026-08-01,
WB-P1-0403,WB,P1,conclusion,conclusion,company,Weibo Corporation,C3,2026-08-01,point_in_time,Global,actual,"2026Q1 showed reported ad recovery, especially ex-Alibaba, but total revenue grew only 1% on constant currency and MAU declined to 562m; one quarter is insufficient to call a turnaround.",,,text,N/A,H,medium,1,event_driven,P1 preliminary synthesis,WB_P1_研究边界产品身份与数据底座.md,2026-08-01,2026-08-01,
WB-P1-0404,WB,P1,conclusion,conclusion,company,Weibo Corporation,C4,2026-08-01,point_in_time,Global,actual,"2025 year-end cash and short-term investments of about $2.41bn exceeded current market cap, but gross debt proxy was about $1.86bn, long-term investments were $1.66bn and SINA receivable was $0.44bn; valuation must apply liquidity, remittance and governance discounts.",,,text,N/A,H,medium,1,event_driven,P1 preliminary synthesis,WB_P1_研究边界产品身份与数据底座.md,2026-08-01,2026-08-01,
WB-P1-0405,WB,P1,conclusion,conclusion,company,Weibo Corporation,C5,2026-08-01,point_in_time,Global,actual,"Current $0.61 annual dividend implies roughly 7.5% trailing yield at $8.15, but payout fell from $200m to $150m and therefore cannot be treated as a fixed coupon.",,,text,N/A,H,medium,1,event_driven,P1 preliminary synthesis,WB_P1_研究边界产品身份与数据底座.md,2026-08-01,2026-08-01,
WB-P1-0406,WB,P1,conclusion,conclusion,company,Weibo Corporation,C6,2026-08-01,point_in_time,Global,actual,"The product moat question is not whether Weibo has users, but whether its public-discussion/hot-topic role can preserve ad yield per active user while user scale slowly declines.",,,text,N/A,H,medium,1,event_driven,P1 preliminary synthesis,WB_P1_研究边界产品身份与数据底座.md,2026-08-01,2026-08-01,
WB-P1-0407,WB,P1,conclusion,conclusion,company,Weibo Corporation,C7,2026-08-01,point_in_time,Global,actual,P1 supports a 'cash-flow-backed deep value with governance and asset-conversion discount' hypothesis; it does not yet prove that the discount is realizable.,,,text,N/A,H,medium,1,event_driven,P1 preliminary synthesis,WB_P1_研究边界产品身份与数据底座.md,2026-08-01,2026-08-01,
WB-P2-0001,WB,P2,p2_review_update,conclusion,research_plan,P2修订计划,P2研究中心,P2,point_in_time,Global,not_applicable,主平台不可替代性、广告变现效率、核心用户与现金流底线,,,text,N/A,H,high,1,event_driven,WB P1 阶段报告,WB_P1_研究边界产品身份与数据底座.md,2026-08-01,2026-08-01,G1批准后将研究重心从小App转回主平台。
WB-P2-0002,WB,P2,p2_review_update,conclusion,research_plan,P2修订计划,用户指标拆分,P2,point_in_time,Global,not_applicable,覆盖面、核心活跃、粘性、单用户广告变现,,,text,N/A,H,high,1,event_driven,WB P1 阶段报告,WB_P1_研究边界产品身份与数据底座.md,2026-08-01,2026-08-01,MAU下降与DAU相对稳定必须分开解释。
WB-P2-0003,WB,P2,p2_review_update,conclusion,research_plan,P2修订计划,增长判定,P2,point_in_time,Global,not_applicable,AI、视频和搜索仅在带来活跃、广告收入或效率改善时计为增长,,,text,N/A,H,high,1,event_driven,WB P1 阶段报告,WB_P1_研究边界产品身份与数据底座.md,2026-08-01,2026-08-01,产品发布或管理层叙事不等于增长业务。
WB-P2-0004,WB,P2,p2_review_update,conclusion,research_plan,P2修订计划,竞品口径,P2,point_in_time,Global,not_applicable,用户规模×广告收入×增速×场景×闭环能力,,,text,N/A,H,high,1,event_driven,WB P1 阶段报告,WB_P1_研究边界产品身份与数据底座.md,2026-08-01,2026-08-01,不再只比较MAU或单季增速。
WB-P2-0005,WB,P2,p2_review_update,conclusion,research_plan,P2修订计划,App数据策略,P2,point_in_time,Global,not_applicable,公司MAU/DAU为主，海外商店为辅助代理,,,text,N/A,H,high,1,event_driven,WB P1 阶段报告,WB_P1_研究边界产品身份与数据底座.md,2026-08-01,2026-08-01,公开商店无法代表中国安卓生态，也不能替代公司收入。
WB-P2-0006,WB,P2,p2_review_update,conclusion,research_plan,P2修订计划,护城河口径,P2,point_in_time,Global,not_applicable,平台使用价值与ADS股东可获得经济价值分开评分,,,text,N/A,H,high,1,event_driven,WB P1 阶段报告,WB_P1_研究边界产品身份与数据底座.md,2026-08-01,2026-08-01,公共舆论场存在不代表资产必然回到少数股东。
WB-P2-0007,WB,P2,p2_review_update,conclusion,research_plan,P2修订计划,困境归因,P2,point_in_time,Global,not_applicable,结构竞争、管理执行、广告周期、监管、资本配置五类,,,text,N/A,H,high,1,event_driven,WB P1 阶段报告,WB_P1_研究边界产品身份与数据底座.md,2026-08-01,2026-08-01,贡献度为研究判断，不冒充公司披露。
WB-P2-0008,WB,P2,p2_review_update,conclusion,research_plan,P2修订计划,阶段边界,P2,point_in_time,Global,not_applicable,P2不重新估值现金和投资资产,,,text,N/A,H,high,1,event_driven,WB P1 阶段报告,WB_P1_研究边界产品身份与数据底座.md,2026-08-01,2026-08-01,资产可兑现性、治理折价留到P3。
WB-P2-0009,WB,P2,business_model,company,company,Weibo主平台,business_evolution_event,2009,point_in_time,China,not_applicable,新浪推出微博，核心形态为开放式关注、转发和实时公共讨论。,,,text,N/A,A,high,1,annual,WB P1 阶段报告,WB_P1_研究边界产品身份与数据底座.md,2026-08-01,2026-08-01,历史阶段划分服务于解释商业模式与停滞原因。
WB-P2-0010,WB,P2,business_model,estimate,company,Weibo主平台,business_evolution_event,2013,point_in_time,China,not_applicable,商业化由社交展示广告扩展到信息流推广；IPO前MAU约1.44亿、DAU约0.67亿，广告成为主要收入来源。,,,text,N/A,E,medium,1,annual,WB P1 阶段报告,WB_P1_研究边界产品身份与数据底座.md,2026-08-01,2026-08-01,历史阶段划分服务于解释商业模式与停滞原因。
WB-P2-0011,WB,P2,business_model,company,company,Weibo主平台,business_evolution_event,2014,point_in_time,China,not_applicable,WB在美国上市；阿里既是重要股东又是重要广告客户，商业化与关联关系并存。,,,text,N/A,A,high,1,annual,WB P1 阶段报告,WB_P1_研究边界产品身份与数据底座.md,2026-08-01,2026-08-01,历史阶段划分服务于解释商业模式与停滞原因。
WB-P2-0012,WB,P2,business_model,fact,company,Weibo主平台,business_evolution_event,2017,point_in_time,China,not_applicable,移动化、明星/KOL和中小广告主推动高速增长；FY2017收入11.5亿美元，Q4广告同比增长77%。,,,text,N/A,A,high,1,annual,Weibo FY2017 results,https://ir.weibo.com/news-releases/news-release-details/weibo-reports-fourth-quarter-and-fiscal-year-2017-unaudited/,2018-02-13,2026-08-01,历史阶段划分服务于解释商业模式与停滞原因。
WB-P2-0013,WB,P2,business_model,fact,company,Weibo主平台,business_evolution_event,2020,point_in_time,China,not_applicable,疫情放大突发事件与公共信息需求，2020年3月MAU约5.50亿；但广告预算受疫情冲击。,,,text,N/A,A,high,1,annual,Weibo Q1 2020 results,https://ir.weibo.com/news-releases/news-release-details/weibo-reports-first-quarter-2020-unaudited-financial-results,2020-05-19,2026-08-01,历史阶段划分服务于解释商业模式与停滞原因。
WB-P2-0014,WB,P2,business_model,fact,company,Weibo主平台,business_evolution_event,2021,point_in_time,China,not_applicable,收入达到约22.6亿美元阶段峰值，广告约19.8亿美元；随后未能维持峰值。,,,text,N/A,A,high,1,annual,WB P1 阶段报告,WB_P1_研究边界产品身份与数据底座.md,2026-08-01,2026-08-01,历史阶段划分服务于解释商业模式与停滞原因。
WB-P2-0015,WB,P2,business_model,fact,company,Weibo主平台,business_evolution_event,2022,point_in_time,China,not_applicable,疫情、宏观和广告需求冲击导致收入与广告收入约下降19%，平台进入收缩与效率优先阶段。,,,text,N/A,A,high,1,annual,WB P1 阶段报告,WB_P1_研究边界产品身份与数据底座.md,2026-08-01,2026-08-01,历史阶段划分服务于解释商业模式与停滞原因。
WB-P2-0016,WB,P2,business_model,fact,company,Weibo主平台,business_evolution_event,2023-2024,point_in_time,China,not_applicable,收入在17.5亿—17.6亿美元附近横盘，MAU/DAU趋于成熟，平台强调高质量用户与利润。,,,text,N/A,A,high,1,annual,WB P1 阶段报告,WB_P1_研究边界产品身份与数据底座.md,2026-08-01,2026-08-01,历史阶段划分服务于解释商业模式与停滞原因。
WB-P2-0017,WB,P2,business_model,fact,company,Weibo主平台,business_evolution_event,2025,point_in_time,China,not_applicable,总广告收入持平但非阿里广告下降4%，成本费用增长3%，营业利润率由28%降至26%。,,,text,N/A,A,high,1,annual,Weibo FY2025/Q4 results,https://www.sec.gov/Archives/edgar/data/1595761/000110465926029771/tm268894d2_ex99-1.htm,2026-03-18,2026-08-01,历史阶段划分服务于解释商业模式与停滞原因。
WB-P2-0018,WB,P2,business_model,fact,company,Weibo主平台,business_evolution_event,2026Q1,point_in_time,China,not_applicable,广告收入美元口径增长9%、固定汇率增长3%；MAU继续下降但DAU环比略回升，信息流、视频、AI搜索仍处优化期。,,,text,N/A,A,high,1,annual,Weibo Q1 2026 results,https://ir.weibo.com/news-releases/news-release-details/weibo-announces-first-quarter-2026-unaudited-financial-results,2026-05-28,2026-08-01,历史阶段划分服务于解释商业模式与停滞原因。
WB-P2-0019,WB,P2,business_model,score,user_need,突发事件与公共信息,importance_to_user,2026,point_in_time,China,not_applicable,5,,,score_0_5,N/A,H,medium,1,annual,Google Play — Weibo main app,https://play.google.com/store/apps/details?hl=zh&id=com.sina.weibo,2026-07-26,2026-08-01,热搜、转发链和认证账号使微博在事件发生初期仍具高聚合效率。
WB-P2-0020,WB,P2,business_model,score,user_need,娱乐热点与明星/KOL,importance_to_user,2026,point_in_time,China,not_applicable,5,,,score_0_5,N/A,H,medium,1,annual,Google Play — Weibo main app,https://play.google.com/store/apps/details?hl=zh&id=com.sina.weibo,2026-07-26,2026-08-01,明星、大V、影视综艺和粉丝讨论是长期强势场景。
WB-P2-0021,WB,P2,business_model,score,user_need,公共讨论与观点表达,importance_to_user,2026,point_in_time,China,not_applicable,4,,,score_0_5,N/A,H,medium,1,annual,Google Play — Weibo main app,https://play.google.com/store/apps/details?hl=zh&id=com.sina.weibo,2026-07-26,2026-08-01,开放式传播优于私域，但受内容治理和平台规则约束。
WB-P2-0022,WB,P2,business_model,score,user_need,兴趣社区/超话,importance_to_user,2026,point_in_time,China,not_applicable,3,,,score_0_5,N/A,H,medium,1,annual,Google Play — Weibo main app,https://play.google.com/store/apps/details?hl=zh&id=com.sina.weibo,2026-07-26,2026-08-01,能沉淀粉丝关系，但社区深度和内容时长弱于部分垂直平台。
WB-P2-0023,WB,P2,business_model,score,user_need,实时搜索与热点追踪,importance_to_user,2026,point_in_time,China,not_applicable,4,,,score_0_5,N/A,H,medium,1,annual,Google Play — Weibo main app,https://play.google.com/store/apps/details?hl=zh&id=com.sina.weibo,2026-07-26,2026-08-01,热搜与智搜强化事件发现，但生活决策搜索受小红书、抖音等替代。
WB-P2-0024,WB,P2,business_model,score,user_need,日常泛娱乐信息流,importance_to_user,2026,point_in_time,China,not_applicable,2,,,score_0_5,N/A,H,medium,1,annual,Google Play — Weibo main app,https://play.google.com/store/apps/details?hl=zh&id=com.sina.weibo,2026-07-26,2026-08-01,短视频平台在时长、推荐效率和内容供给上更强。
WB-P2-0025,WB,P2,business_model,conclusion,content_supplier,认证媒体与机构账号,supply_role,2026,point_in_time,China,not_applicable,即时信息、权威信源、议题设置,,,text,N/A,H,medium,1,annual,Google Play — Weibo main app,https://play.google.com/store/apps/details?hl=zh&id=com.sina.weibo,2026-07-26,2026-08-01,供给强度：高。认证体系与历史账号沉淀是差异化供给。
WB-P2-0026,WB,P2,business_model,conclusion,content_supplier,明星与娱乐产业,supply_role,2026,point_in_time,China,not_applicable,公告、互动、热搜、粉丝传播,,,text,N/A,H,medium,1,annual,Google Play — Weibo main app,https://play.google.com/store/apps/details?hl=zh&id=com.sina.weibo,2026-07-26,2026-08-01,供给强度：高。仍是微博最强商业内容资产之一。
WB-P2-0027,WB,P2,business_model,conclusion,content_supplier,垂直KOL与创作者,supply_role,2026,point_in_time,China,not_applicable,专业内容、品牌合作、视频与图文,,,text,N/A,H,medium,1,annual,Google Play — Weibo main app,https://play.google.com/store/apps/details?hl=zh&id=com.sina.weibo,2026-07-26,2026-08-01,供给强度：中。创作者普遍多平台经营，独占性弱。
WB-P2-0028,WB,P2,business_model,conclusion,content_supplier,普通用户,supply_role,2026,point_in_time,China,not_applicable,评论、转发、事件现场与舆情,,,text,N/A,H,medium,1,annual,Google Play — Weibo main app,https://play.google.com/store/apps/details?hl=zh&id=com.sina.weibo,2026-07-26,2026-08-01,供给强度：中高。开放传播形成事件密度，但低质量和营销内容需治理。
WB-P2-0029,WB,P2,business_model,conclusion,content_supplier,政府与公共服务账号,supply_role,2026,point_in_time,China,not_applicable,公共信息发布与回应,,,text,N/A,H,medium,1,annual,Google Play — Weibo main app,https://play.google.com/store/apps/details?hl=zh&id=com.sina.weibo,2026-07-26,2026-08-01,供给强度：高。形成公共事件场景的制度性供给。
WB-P2-0030,WB,P2,business_model,fact,revenue_stream,非阿里广告,monetization_model,2026,point_in_time,China,not_applicable,品牌曝光、热点/IP营销、信息流效果广告、搜索与话题广告,,,text,N/A,A,medium,1,annual,Weibo Q1 2026 results,https://ir.weibo.com/news-releases/news-release-details/weibo-announces-first-quarter-2026-unaudited-financial-results,2026-05-28,2026-08-01,付费者：广告主；判断：核心经营收入。
WB-P2-0031,WB,P2,business_model,fact,revenue_stream,阿里广告,monetization_model,2026,point_in_time,China,not_applicable,大促、产品推广和集团策略性投放,,,text,N/A,A,medium,1,annual,Weibo Q1 2026 results,https://ir.weibo.com/news-releases/news-release-details/weibo-announces-first-quarter-2026-unaudited-financial-results,2026-05-28,2026-08-01,付费者：关联大客户；判断：波动较大且与阿里策略相关。
WB-P2-0032,WB,P2,business_model,fact,revenue_stream,会员,monetization_model,2026,point_in_time,China,not_applicable,身份、装扮、功能增强与福利,,,text,N/A,A,medium,0,annual,Weibo Q1 2026 results,https://ir.weibo.com/news-releases/news-release-details/weibo-announces-first-quarter-2026-unaudited-financial-results,2026-05-28,2026-08-01,付费者：消费者；判断：稳定但规模有限。
WB-P2-0033,WB,P2,business_model,fact,revenue_stream,直播/游戏等VAS,monetization_model,2026,point_in_time,China,not_applicable,虚拟服务、游戏相关收入及其他增值服务,,,text,N/A,A,medium,0,annual,Weibo Q1 2026 results,https://ir.weibo.com/news-releases/news-release-details/weibo-announces-first-quarter-2026-unaudited-financial-results,2026-05-28,2026-08-01,付费者：消费者/合作方；判断：非核心且2026Q1下滑。
WB-P2-0034,WB,P2,user_ad_bridge,estimate,company,Weibo主平台,MAU_change_2023Q3_to_2026Q1,2025A,annual,China,not_applicable,-7.1074,,,%,N/A,E,high,1,quarterly,Weibo FY2025/Q4 results,https://www.sec.gov/Archives/edgar/data/1595761/000110465926029771/tm268894d2_ex99-1.htm,2026-03-18,2026-08-01,覆盖面明显收缩。
WB-P2-0035,WB,P2,user_ad_bridge,estimate,company,Weibo主平台,DAU_change_2023Q3_to_2026Q1,2025A,annual,China,not_applicable,-2.3077,,,%,N/A,E,high,1,quarterly,Weibo FY2025/Q4 results,https://www.sec.gov/Archives/edgar/data/1595761/000110465926029771/tm268894d2_ex99-1.htm,2026-03-18,2026-08-01,核心日活比MAU更有韧性。
WB-P2-0036,WB,P2,user_ad_bridge,estimate,company,Weibo主平台,DAU_MAU_change_2023Q3_to_2026Q1,2025A,annual,China,not_applicable,2.2205,,,percentage_point,N/A,E,high,1,quarterly,Weibo FY2025/Q4 results,https://www.sec.gov/Archives/edgar/data/1595761/000110465926029771/tm268894d2_ex99-1.htm,2026-03-18,2026-08-01,粘性比率改善主要来自MAU下降更快，不能单独视为增长。
WB-P2-0037,WB,P2,user_ad_bridge,estimate,company,Weibo主平台,2024_average_MAU,2025A,annual,China,not_applicable,587.0,,,users_mn,N/A,E,high,1,quarterly,Weibo FY2025/Q4 results,https://www.sec.gov/Archives/edgar/data/1595761/000110465926029771/tm268894d2_ex99-1.htm,2026-03-18,2026-08-01,四个季度末平均。
WB-P2-0038,WB,P2,user_ad_bridge,estimate,company,Weibo主平台,2025_average_MAU,2025A,annual,China,not_applicable,581.0,,,users_mn,N/A,E,high,1,quarterly,Weibo FY2025/Q4 results,https://www.sec.gov/Archives/edgar/data/1595761/000110465926029771/tm268894d2_ex99-1.htm,2026-03-18,2026-08-01,同比约下降1.0%。
WB-P2-0039,WB,P2,user_ad_bridge,estimate,company,Weibo主平台,2024_average_DAU,2025A,annual,China,not_applicable,257.0,,,users_mn,N/A,E,high,1,quarterly,Weibo FY2025/Q4 results,https://www.sec.gov/Archives/edgar/data/1595761/000110465926029771/tm268894d2_ex99-1.htm,2026-03-18,2026-08-01,四个季度末平均。
WB-P2-0040,WB,P2,user_ad_bridge,estimate,company,Weibo主平台,2025_average_DAU,2025A,annual,China,not_applicable,257.75,,,users_mn,N/A,E,high,1,quarterly,Weibo FY2025/Q4 results,https://www.sec.gov/Archives/edgar/data/1595761/000110465926029771/tm268894d2_ex99-1.htm,2026-03-18,2026-08-01,基本持平。
WB-P2-0041,WB,P2,user_ad_bridge,estimate,company,Weibo主平台,2024_ad_revenue_per_average_MAU,2025A,annual,China,not_applicable,2.5532,,,USD_per_user,N/A,E,high,1,quarterly,Weibo FY2025/Q4 results,https://www.sec.gov/Archives/edgar/data/1595761/000110465926029771/tm268894d2_ex99-1.htm,2026-03-18,2026-08-01,年度广告收入/平均MAU。
WB-P2-0042,WB,P2,user_ad_bridge,estimate,company,Weibo主平台,2025_ad_revenue_per_average_MAU,2025A,annual,China,not_applicable,2.5847,,,USD_per_user,N/A,E,high,1,quarterly,Weibo FY2025/Q4 results,https://www.sec.gov/Archives/edgar/data/1595761/000110465926029771/tm268894d2_ex99-1.htm,2026-03-18,2026-08-01,同比约提高1.2%。
WB-P2-0043,WB,P2,user_ad_bridge,estimate,company,Weibo主平台,2024_ad_revenue_per_average_DAU,2025A,annual,China,not_applicable,5.8317,,,USD_per_user,N/A,E,high,1,quarterly,Weibo FY2025/Q4 results,https://www.sec.gov/Archives/edgar/data/1595761/000110465926029771/tm268894d2_ex99-1.htm,2026-03-18,2026-08-01,年度广告收入/平均DAU。
WB-P2-0044,WB,P2,user_ad_bridge,estimate,company,Weibo主平台,2025_ad_revenue_per_average_DAU,2025A,annual,China,not_applicable,5.8262,,,USD_per_user,N/A,E,high,1,quarterly,Weibo FY2025/Q4 results,https://www.sec.gov/Archives/edgar/data/1595761/000110465926029771/tm268894d2_ex99-1.htm,2026-03-18,2026-08-01,几乎完全持平。
WB-P2-0045,WB,P2,user_ad_bridge,estimate,company,Weibo主平台,2024_non_Alibaba_ad_per_average_DAU,2025A,annual,China,not_applicable,5.3772,,,USD_per_user,N/A,E,high,1,quarterly,Weibo FY2025/Q4 results,https://www.sec.gov/Archives/edgar/data/1595761/000110465926029771/tm268894d2_ex99-1.htm,2026-03-18,2026-08-01,核心外部广告主变现。
WB-P2-0046,WB,P2,user_ad_bridge,estimate,company,Weibo主平台,2025_non_Alibaba_ad_per_average_DAU,2025A,annual,China,not_applicable,5.1515,,,USD_per_user,N/A,E,high,1,quarterly,Weibo FY2025/Q4 results,https://www.sec.gov/Archives/edgar/data/1595761/000110465926029771/tm268894d2_ex99-1.htm,2026-03-18,2026-08-01,同比下降约4.2%。
WB-P2-0047,WB,P2,user_ad_bridge,fact,company,Weibo主平台,2024_Alibaba_share_of_ad,2025A,annual,China,not_applicable,7.7946,,,%,N/A,E,high,1,quarterly,Weibo FY2025/Q4 results,https://www.sec.gov/Archives/edgar/data/1595761/000110465926029771/tm268894d2_ex99-1.htm,2026-03-18,2026-08-01,阿里占广告收入比例。
WB-P2-0048,WB,P2,user_ad_bridge,fact,company,Weibo主平台,2025_Alibaba_share_of_ad,2025A,annual,China,not_applicable,11.58,,,%,N/A,E,high,1,quarterly,Weibo FY2025/Q4 results,https://www.sec.gov/Archives/edgar/data/1595761/000110465926029771/tm268894d2_ex99-1.htm,2026-03-18,2026-08-01,总广告持平较多依赖阿里增量。
WB-P2-0049,WB,P2,user_ad_bridge,fact,company,Weibo主平台,2025_operating_margin,2025A,annual,China,not_applicable,26.4505,,,%,N/A,E,high,1,quarterly,Weibo FY2025/Q4 results,https://www.sec.gov/Archives/edgar/data/1595761/000110465926029771/tm268894d2_ex99-1.htm,2026-03-18,2026-08-01,季度汇总近似值，与年报26%一致。
WB-P2-0050,WB,P2,user_ad_bridge,fact,company,Weibo主平台,2025_FCF_proxy_margin,2025A,annual,China,not_applicable,27.1389,,,%,N/A,E,high,1,quarterly,Weibo FY2025/Q4 results,https://www.sec.gov/Archives/edgar/data/1595761/000110465926029771/tm268894d2_ex99-1.htm,2026-03-18,2026-08-01,OCF减总资本开支，不等同正常化所有者收益。
WB-P2-0051,WB,P2,user_ad_bridge,fact,company,Weibo主平台,2024_FCF_proxy_margin,2025A,annual,China,not_applicable,32.9624,,,%,N/A,E,high,1,quarterly,Weibo FY2025/Q4 results,https://www.sec.gov/Archives/edgar/data/1595761/000110465926029771/tm268894d2_ex99-1.htm,2026-03-18,2026-08-01,2025年现金转化明显下降。
WB-P2-0052,WB,P2,user_ad_bridge,fact,company,Weibo主平台,Q1_2026_ad_yoy,2026Q1,quarterly,China,not_applicable,9.0534,,,%,N/A,E,high,1,quarterly,Weibo Q1 2026 results,https://ir.weibo.com/news-releases/news-release-details/weibo-announces-first-quarter-2026-unaudited-financial-results,2026-05-28,2026-08-01,美元口径；固定汇率仅增长3%。
WB-P2-0053,WB,P2,user_ad_bridge,fact,company,Weibo主平台,Q1_2026_non_Alibaba_ad_yoy,2026Q1,quarterly,China,not_applicable,10.118,,,%,N/A,E,high,1,quarterly,Weibo Q1 2026 results,https://ir.weibo.com/news-releases/news-release-details/weibo-announces-first-quarter-2026-unaudited-financial-results,2026-05-28,2026-08-01,美元口径。
WB-P2-0054,WB,P2,user_ad_bridge,estimate,company,Weibo主平台,Q1_2026_ad_revenue_per_DAU_yoy,2026Q1,quarterly,China,not_applicable,12.0588,,,%,N/A,E,high,1,quarterly,Weibo Q1 2026 results,https://ir.weibo.com/news-releases/news-release-details/weibo-announces-first-quarter-2026-unaudited-financial-results,2026-05-28,2026-08-01,广告收入恢复快于DAU。
WB-P2-0055,WB,P2,user_ad_bridge,estimate,company,Weibo主平台,Q1_2026_non_Alibaba_ad_per_DAU_yoy,2026Q1,quarterly,China,not_applicable,13.1528,,,%,N/A,E,high,1,quarterly,Weibo Q1 2026 results,https://ir.weibo.com/news-releases/news-release-details/weibo-announces-first-quarter-2026-unaudited-financial-results,2026-05-28,2026-08-01,但受汇率和行业组合影响。
WB-P2-0056,WB,P2,user_ad_bridge,fact,company,Weibo主平台,Q1_2026_VAS_yoy,2026Q1,quarterly,China,not_applicable,-10.5719,,,%,N/A,E,high,1,quarterly,Weibo Q1 2026 results,https://ir.weibo.com/news-releases/news-release-details/weibo-announces-first-quarter-2026-unaudited-financial-results,2026-05-28,2026-08-01,主要受游戏相关收入下滑。
WB-P2-0057,WB,P2,user_ad_bridge,fact,company,Weibo主平台,Q1_2026_GAAP_operating_margin_change,2026Q1,quarterly,China,not_applicable,-1.4671,,,percentage_point,N/A,E,high,1,quarterly,Weibo Q1 2026 results,https://ir.weibo.com/news-releases/news-release-details/weibo-announces-first-quarter-2026-unaudited-financial-results,2026-05-28,2026-08-01,GAAP营业利润率同比下降。
WB-P2-0058,WB,P2,user_ad_bridge,fact,company,Weibo主平台,Q4_2025_ad_yoy,2025A,quarterly,China,not_applicable,4.6518,,,%,N/A,E,high,1,quarterly,Weibo FY2025/Q4 results,https://www.sec.gov/Archives/edgar/data/1595761/000110465926029771/tm268894d2_ex99-1.htm,2026-03-18,2026-08-01,美元口径。
WB-P2-0059,WB,P2,user_ad_bridge,fact,company,Weibo主平台,Q4_2025_non_Alibaba_ad_yoy,2025A,quarterly,China,not_applicable,2.3949,,,%,N/A,E,high,1,quarterly,Weibo FY2025/Q4 results,https://www.sec.gov/Archives/edgar/data/1595761/000110465926029771/tm268894d2_ex99-1.htm,2026-03-18,2026-08-01,恢复幅度有限。
WB-P2-0060,WB,P2,user_ad_bridge,fact,company,Weibo主平台,Q4_2025_GAAP_operating_margin_change,2025A,quarterly,China,not_applicable,-6.4483,,,percentage_point,N/A,E,high,1,quarterly,Weibo FY2025/Q4 results,https://www.sec.gov/Archives/edgar/data/1595761/000110465926029771/tm268894d2_ex99-1.htm,2026-03-18,2026-08-01,成本费用增长13%，利润率显著下降。
WB-P2-0061,WB,P2,user_ad_bridge,estimate,company,Weibo主平台,revenue_change_2021_to_2025,2025A,annual,China,not_applicable,-22.2471,,,%,N/A,E,high,1,quarterly,Weibo FY2025/Q4 results,https://www.sec.gov/Archives/edgar/data/1595761/000110465926029771/tm268894d2_ex99-1.htm,2026-03-18,2026-08-01,相对2021峰值。
WB-P2-0062,WB,P2,user_ad_bridge,estimate,company,Weibo主平台,ad_revenue_change_2021_to_2025,2025A,annual,China,not_applicable,-24.1601,,,%,N/A,E,high,1,quarterly,Weibo FY2025/Q4 results,https://www.sec.gov/Archives/edgar/data/1595761/000110465926029771/tm268894d2_ex99-1.htm,2026-03-18,2026-08-01,相对2021峰值。
WB-P2-0063,WB,P2,user_ad_bridge,estimate,company,Weibo主平台,FCF_proxy_change_2021_to_2025,2025A,annual,China,not_applicable,-38.747,,,%,N/A,E,high,1,quarterly,Weibo FY2025/Q4 results,https://www.sec.gov/Archives/edgar/data/1595761/000110465926029771/tm268894d2_ex99-1.htm,2026-03-18,2026-08-01,现金流收缩快于收入。
WB-P2-0064,WB,P2,user_ad_bridge,conclusion,company,Weibo主平台,reach_vs_core_users,P2,point_in_time,China,not_applicable,MAU收缩而DAU相对稳定，表明外围低频用户流失快于核心用户。,,,text,N/A,H,medium,1,annual,Weibo Q1 2026 earnings-call transcript proxy,https://www.alphaspread.com/security/hkex/9898/investor-relations/earnings-call/q1-2026,2026-05-28,2026-08-01,这支持现金流底线，但不支持用户增长故事。
WB-P2-0065,WB,P2,user_ad_bridge,conclusion,company,Weibo主平台,monetization_quality,P2,point_in_time,China,not_applicable,2025广告/DAU持平、非阿里广告/DAU下降，真正改善主要来自阿里投放和2026Q1阶段性恢复。,,,text,N/A,H,medium,1,annual,Weibo Q1 2026 earnings-call transcript proxy,https://www.alphaspread.com/security/hkex/9898/investor-relations/earnings-call/q1-2026,2026-05-28,2026-08-01,需要连续季度固定汇率增长验证。
WB-P2-0066,WB,P2,user_ad_bridge,conclusion,company,Weibo主平台,cost_of_recovery,P2,point_in_time,China,not_applicable,2025Q4与2026Q1广告恢复均伴随广告制作和营销费用上升。,,,text,N/A,H,medium,1,annual,Weibo Q1 2026 earnings-call transcript proxy,https://www.alphaspread.com/security/hkex/9898/investor-relations/earnings-call/q1-2026,2026-05-28,2026-08-01,若费用增速持续高于广告增速，恢复不具高质量。
WB-P2-0067,WB,P2,user_ad_bridge,conclusion,company,Weibo主平台,AI_role,P2,point_in_time,China,not_applicable,AI目前更像信息流、搜索、广告定向和创作工具，而非可单独估值的新业务。,,,text,N/A,H,medium,1,annual,Weibo Q1 2026 earnings-call transcript proxy,https://www.alphaspread.com/security/hkex/9898/investor-relations/earnings-call/q1-2026,2026-05-28,2026-08-01,只有当其提升留存、广告价格或费用效率时才进入经营预测。
WB-P2-0068,WB,P2,user_ad_bridge,conclusion,company,Weibo主平台,VAS_role,P2,point_in_time,China,not_applicable,VAS约占收入15%，不构成第二增长曲线。,,,text,N/A,H,medium,1,annual,Weibo Q1 2026 earnings-call transcript proxy,https://www.alphaspread.com/security/hkex/9898/investor-relations/earnings-call/q1-2026,2026-05-28,2026-08-01,2026Q1游戏相关收入下降进一步削弱其增长属性。
WB-P2-0069,WB,P2,app_summary,conclusion,app,微博主平台,真实用户增长判定,2026-08,point_in_time,China_dominant,not_applicable,不满足,,,text,N/A,H,medium,1,annual,Google Play — Weibo main app,https://play.google.com/store/apps/details?hl=zh&id=com.sina.weibo,2026-07-26,2026-08-01,分级：Tier 1。2026Q1 MAU同比及环比下降，DAU同比下降；只有DAU环比和粘性改善。
WB-P2-0070,WB,P2,app_summary,conclusion,app,微博主平台,经营状态,2026-08,point_in_time,China_dominant,not_applicable,覆盖面收缩、核心活跃稳定、变现阶段性修复,,,text,N/A,H,medium,1,annual,Google Play — Weibo main app,https://play.google.com/store/apps/details?hl=zh&id=com.sina.weibo,2026-07-26,2026-08-01,分级：Tier 1。不能把DAU/MAU提升误读为用户增长。
WB-P2-0071,WB,P2,app_summary,proxy,app,微博主平台,海外Google Play累计安装,2026-08,point_in_time,China_dominant,not_applicable,10M+安装档位,,,text,N/A,P,medium,1,annual,Google Play — Weibo main app,https://play.google.com/store/apps/details?hl=zh&id=com.sina.weibo,2026-07-26,2026-08-01,分级：Tier 1。仅是中国以外安卓商店下限，不代表中国规模或月度增速。
WB-P2-0072,WB,P2,app_summary,proxy,app,微博主平台,美国App Store评分,2026-08,point_in_time,China_dominant,not_applicable,2.3/5，约7.6K评分,,,text,N/A,P,medium,1,annual,Apple App Store US — Weibo main app,https://apps.apple.com/us/app/%E5%BE%AE%E5%8D%9A/id350962117,2026-08-01,2026-08-01,分级：Tier 1。海外用户评价偏弱；只能作为产品体验反证，不能外推中国用户。
WB-P2-0073,WB,P2,app_summary,proxy,app,Weibo International,Google Play累计安装,2026-08,point_in_time,Global,not_applicable,5M+安装档位,,,text,N/A,P,medium,1,annual,Google Play — Weibo International,https://play.google.com/store/apps/details?id=com.weico.international,2026-07-10,2026-08-01,分级：Tier 3。3.2星、约62.3K评论，2026-07-10更新。
WB-P2-0074,WB,P2,app_summary,conclusion,app,Weibo International,真实增长判定,2026-08,point_in_time,Global,not_applicable,证据不足,,,text,N/A,H,medium,1,annual,Google Play — Weibo International,https://play.google.com/store/apps/details?id=com.weico.international,2026-07-10,2026-08-01,分级：Tier 3。无月度下载、MAU、DAU或收入，不能升级为增长业务。
WB-P2-0075,WB,P2,app_summary,conclusion,app,独立小App,估值处理,2026-08,point_in_time,Global,not_applicable,零独立增长价值,,,text,N/A,H,high,1,annual,Google Play — Weibo main app,https://play.google.com/store/apps/details?hl=zh&id=com.sina.weibo,2026-07-26,2026-08-01,分级：Watchlist。P2没有发现能够改变集团收入与利润预测的独立App证据。
WB-P2-0076,WB,P2,competitor,fact,competitor,Weibo,MAU,2026Q1,point_in_time,China,not_applicable,562.0,,,users_mn,N/A,A,high,1,annual,Weibo Q1 2026 results,https://ir.weibo.com/news-releases/news-release-details/weibo-announces-first-quarter-2026-unaudited-financial-results,2026-05-28,2026-08-01,公司披露
WB-P2-0077,WB,P2,competitor,fact,competitor,Weibo,DAU,2026Q1,point_in_time,China,not_applicable,254.0,,,users_mn,N/A,A,high,1,annual,Weibo Q1 2026 results,https://ir.weibo.com/news-releases/news-release-details/weibo-announces-first-quarter-2026-unaudited-financial-results,2026-05-28,2026-08-01,公司披露
WB-P2-0078,WB,P2,competitor,fact,competitor,Weibo,Q4_ad_revenue,2025Q4,point_in_time,China,not_applicable,403.8,,,USD_mn,USD,A,high,1,annual,Weibo FY2025/Q4 results,https://www.sec.gov/Archives/edgar/data/1595761/000110465926029771/tm268894d2_ex99-1.htm,2026-03-18,2026-08-01,公司披露
WB-P2-0079,WB,P2,competitor,fact,competitor,Weibo,Q4_ad_growth,2025Q4,point_in_time,China,not_applicable,5.0,,,%,N/A,A,high,1,annual,Weibo FY2025/Q4 results,https://www.sec.gov/Archives/edgar/data/1595761/000110465926029771/tm268894d2_ex99-1.htm,2026-03-18,2026-08-01,美元口径
WB-P2-0080,WB,P2,competitor,proxy,competitor,Xiaohongshu,MAU,2025-2026,point_in_time,China,not_applicable,400.0,,,users_mn,N/A,P,medium,1,annual,Reuters — Xiaohongshu IPO and operating scale,https://www.reuters.com/legal/transactional/chinese-social-media-firm-xiaohongshu-taps-goldman-cicc-work-hong-kong-ipo-2026-06-16/,2026-06-16,2026-08-01,Reuters称自2025年以来超过4亿；私营公司数据。
WB-P2-0081,WB,P2,competitor,proxy,competitor,Xiaohongshu,projected_profit,2026E,point_in_time,China,not_applicable,3000.0,,,USD_mn,USD,P,medium,1,annual,Reuters — Xiaohongshu IPO and operating scale,https://www.reuters.com/legal/transactional/chinese-social-media-firm-xiaohongshu-taps-goldman-cicc-work-hong-kong-ipo-2026-06-16/,2026-06-16,2026-08-01,消息人士预测，不是审计实际值。
WB-P2-0082,WB,P2,competitor,fact,competitor,Kuaishou,average_DAU,2025A,point_in_time,China,not_applicable,410.2,,,users_mn,N/A,A,high,1,annual,Kuaishou FY2025/Q4 results,https://ir.kuaishou.com/news-releases/news-release-details/kuaishou-technology-announces-fourth-quarter-and-full-year-2025/,2026-03-25,2026-08-01,公司披露
WB-P2-0083,WB,P2,competitor,fact,competitor,Kuaishou,Q4_ad_revenue,2025Q4,point_in_time,China,not_applicable,23600.0,,,RMB_mn,RMB,A,high,1,annual,Kuaishou FY2025/Q4 results,https://ir.kuaishou.com/news-releases/news-release-details/kuaishou-technology-announces-fourth-quarter-and-full-year-2025/,2026-03-25,2026-08-01,公司披露
WB-P2-0084,WB,P2,competitor,fact,competitor,Kuaishou,Q4_ad_growth,2025Q4,point_in_time,China,not_applicable,14.5,,,%,N/A,A,high,1,annual,Kuaishou FY2025/Q4 results,https://ir.kuaishou.com/news-releases/news-release-details/kuaishou-technology-announces-fourth-quarter-and-full-year-2025/,2026-03-25,2026-08-01,公司披露
WB-P2-0085,WB,P2,competitor,fact,competitor,Bilibili,MAU,2025Q4,point_in_time,China,not_applicable,366.0,,,users_mn,N/A,A,high,1,annual,Bilibili FY2025/Q4 results,https://www.nasdaq.com/press-release/bilibili-inc-announces-fourth-quarter-and-fiscal-year-2025-financial-results-2026-03,2026-03-05,2026-08-01,公司披露
WB-P2-0086,WB,P2,competitor,fact,competitor,Bilibili,DAU,2025Q4,point_in_time,China,not_applicable,113.0,,,users_mn,N/A,A,high,1,annual,Bilibili FY2025/Q4 results,https://www.nasdaq.com/press-release/bilibili-inc-announces-fourth-quarter-and-fiscal-year-2025-financial-results-2026-03,2026-03-05,2026-08-01,公司披露
WB-P2-0087,WB,P2,competitor,fact,competitor,Bilibili,Q4_ad_revenue,2025Q4,point_in_time,China,not_applicable,435.0,,,USD_mn,USD,A,high,1,annual,Bilibili FY2025/Q4 results,https://www.nasdaq.com/press-release/bilibili-inc-announces-fourth-quarter-and-fiscal-year-2025-financial-results-2026-03,2026-03-05,2026-08-01,公司折算美元披露
WB-P2-0088,WB,P2,competitor,fact,competitor,Bilibili,Q4_ad_growth,2025Q4,point_in_time,China,not_applicable,27.0,,,%,N/A,A,high,1,annual,Bilibili FY2025/Q4 results,https://www.nasdaq.com/press-release/bilibili-inc-announces-fourth-quarter-and-fiscal-year-2025-financial-results-2026-03,2026-03-05,2026-08-01,公司披露
WB-P2-0089,WB,P2,competitor,fact,competitor,Weixin_WeChat,MAU,2025Q4,point_in_time,China,not_applicable,1418.0,,,users_mn,N/A,A,high,1,annual,Tencent FY2025/Q4 results,https://www.prnewswire.com/apac/news-releases/tencent-announces-2025-annual-and-fourth-quarter-results-302717280.html,2026-03-18,2026-08-01,公司披露
WB-P2-0090,WB,P2,competitor,fact,competitor,Tencent_Marketing_Services,Q4_revenue,2025Q4,point_in_time,China,not_applicable,41100.0,,,RMB_mn,RMB,A,high,1,annual,Tencent FY2025/Q4 results,https://www.prnewswire.com/apac/news-releases/tencent-announces-2025-annual-and-fourth-quarter-results-302717280.html,2026-03-18,2026-08-01,集团营销服务，非纯微信广告。
WB-P2-0091,WB,P2,competitor,fact,competitor,Tencent_Marketing_Services,Q4_growth,2025Q4,point_in_time,China,not_applicable,17.0,,,%,N/A,A,high,1,annual,Tencent FY2025/Q4 results,https://www.prnewswire.com/apac/news-releases/tencent-announces-2025-annual-and-fourth-quarter-results-302717280.html,2026-03-18,2026-08-01,公司披露
WB-P2-0092,WB,P2,competitor,proxy,competitor,Douyin,MAU,2026Q1,point_in_time,China,not_applicable,1009.0,,,users_mn,N/A,P,medium,1,annual,QuestMobile data relayed by Sina Finance — Douyin MAU,https://finance.sina.com.cn/tech/discovery/2026-04-29/doc-inhwckrh8029807.shtml,2026-04-29,2026-08-01,QuestMobile二手转述，低于公司披露可信度。
WB-P2-0093,WB,P2,competitor,estimate,company,Weibo相对规模,Weibo_MAU_as_percent_of_Xiaohongshu,2025Q4-2026Q1,point_in_time,China,not_applicable,140.5,,,%,N/A,E,medium,1,annual,WB P1 阶段报告,WB_P1_研究边界产品身份与数据底座.md,2026-08-01,2026-08-01,Weibo覆盖面仍大于小红书，但后者用户与商业化增长更强。
WB-P2-0094,WB,P2,competitor,estimate,company,Weibo相对规模,Weibo_DAU_as_percent_of_Kuaishou,2025Q4-2026Q1,point_in_time,China,not_applicable,61.9,,,%,N/A,E,medium,1,annual,WB P1 阶段报告,WB_P1_研究边界产品身份与数据底座.md,2026-08-01,2026-08-01,微博日活约为快手六成。
WB-P2-0095,WB,P2,competitor,estimate,company,Weibo相对规模,Weibo_MAU_as_percent_of_Bilibili,2025Q4-2026Q1,point_in_time,China,not_applicable,153.6,,,%,N/A,E,medium,1,annual,WB P1 阶段报告,WB_P1_研究边界产品身份与数据底座.md,2026-08-01,2026-08-01,微博MAU约为B站1.54倍。
WB-P2-0096,WB,P2,competitor,estimate,company,Weibo相对规模,Weibo_DAU_as_percent_of_Bilibili,2025Q4-2026Q1,point_in_time,China,not_applicable,224.8,,,%,N/A,E,medium,1,annual,WB P1 阶段报告,WB_P1_研究边界产品身份与数据底座.md,2026-08-01,2026-08-01,微博DAU约为B站2.25倍。
WB-P2-0097,WB,P2,competitor,estimate,company,Weibo相对规模,Weibo_Q4_ad_as_percent_of_Bilibili,2025Q4-2026Q1,point_in_time,China,not_applicable,92.8,,,%,N/A,E,medium,1,annual,WB P1 阶段报告,WB_P1_研究边界产品身份与数据底座.md,2026-08-01,2026-08-01,B站以更小DAU实现略高季度广告收入，场景和口径不同但商业化追赶明显。
WB-P2-0098,WB,P2,competitor,estimate,company,Weibo相对规模,Weibo_MAU_as_percent_of_Weixin_WeChat,2025Q4-2026Q1,point_in_time,China,not_applicable,39.6,,,%,N/A,E,medium,1,annual,WB P1 阶段报告,WB_P1_研究边界产品身份与数据底座.md,2026-08-01,2026-08-01,微信生态规模远大于微博。
WB-P2-0099,WB,P2,competitor,estimate,company,Weibo相对规模,Weibo_MAU_as_percent_of_Douyin_proxy,2025Q4-2026Q1,point_in_time,China,not_applicable,55.7,,,%,N/A,E,medium,1,annual,WB P1 阶段报告,WB_P1_研究边界产品身份与数据底座.md,2026-08-01,2026-08-01,抖音数据来自QuestMobile二手转述。
WB-P2-0100,WB,P2,competitor,estimate,company,Weibo相对规模,Weibo_Q4_ad_as_percent_of_Kuaishou_est,2025Q4-2026Q1,point_in_time,China,not_applicable,12.3,,,%,N/A,E,medium,1,annual,WB P1 阶段报告,WB_P1_研究边界产品身份与数据底座.md,2026-08-01,2026-08-01,按RMB7.18/USD将快手广告折算，属于模型估计。
WB-P2-0101,WB,P2,competitor,estimate,company,Weibo相对规模,Weibo_Q4_ad_as_percent_of_Tencent_marketing_est,2025Q4-2026Q1,point_in_time,China,not_applicable,7.1,,,%,N/A,E,medium,1,annual,WB P1 阶段报告,WB_P1_研究边界产品身份与数据底座.md,2026-08-01,2026-08-01,腾讯口径为集团Marketing Services，不是纯微信广告。
WB-P2-0102,WB,P2,competitor,conclusion,competitor,Xiaohongshu,primary_competitive_scene,2026,point_in_time,China,not_applicable,生活方式搜索、种草、消费决策,,,text,N/A,H,medium,1,annual,Reuters — Xiaohongshu IPO and operating scale,https://www.reuters.com/legal/transactional/chinese-social-media-firm-xiaohongshu-taps-goldman-cicc-work-hong-kong-ipo-2026-06-16/,2026-06-16,2026-08-01,对微博威胁：高替代。更接近购买意图和品牌转化闭环；微博更强于全社会热点。
WB-P2-0103,WB,P2,competitor,conclusion,competitor,Douyin,primary_competitive_scene,2026,point_in_time,China,not_applicable,短视频娱乐、热点发现、效果广告、电商,,,text,N/A,H,medium,1,annual,WB P1 阶段报告,WB_P1_研究边界产品身份与数据底座.md,2026-08-01,2026-08-01,对微博威胁：高替代。更强时长、推荐算法和交易闭环。
WB-P2-0104,WB,P2,competitor,conclusion,competitor,Kuaishou,primary_competitive_scene,2026,point_in_time,China,not_applicable,短视频社区、直播、电商、下沉市场,,,text,N/A,H,medium,1,annual,Kuaishou FY2025/Q4 results,https://ir.kuaishou.com/news-releases/news-release-details/kuaishou-technology-announces-fourth-quarter-and-full-year-2025/,2026-03-25,2026-08-01,对微博威胁：中高替代。强社区与交易闭环，广告规模远大于微博。
WB-P2-0105,WB,P2,competitor,conclusion,competitor,Bilibili,primary_competitive_scene,2026,point_in_time,China,not_applicable,年轻人深度内容、视频社区、IP营销,,,text,N/A,H,medium,1,annual,Bilibili FY2025/Q4 results,https://www.nasdaq.com/press-release/bilibili-inc-announces-fourth-quarter-and-fiscal-year-2025-financial-results-2026-03,2026-03-05,2026-08-01,对微博威胁：中等替代。用户更小但时长、内容深度与广告增速更强。
WB-P2-0106,WB,P2,competitor,conclusion,competitor,Weixin_WeChat,primary_competitive_scene,2026,point_in_time,China,not_applicable,私域、公众号、视频号、搜索、小程序交易,,,text,N/A,H,medium,1,annual,Tencent FY2025/Q4 results,https://www.prnewswire.com/apac/news-releases/tencent-announces-2025-annual-and-fourth-quarter-results-302717280.html,2026-03-18,2026-08-01,对微博威胁：高替代。社交关系、支付和闭环交易优势显著。
WB-P2-0107,WB,P2,competitor,conclusion,competitor,Zhihu,primary_competitive_scene,2026,point_in_time,China,not_applicable,知识问答与公共讨论,,,text,N/A,H,medium,1,annual,WB P1 阶段报告,WB_P1_研究边界产品身份与数据底座.md,2026-08-01,2026-08-01,对微博威胁：局部替代。规模较小但在专业问题与搜索意图上更集中。
WB-P2-0108,WB,P2,moat_score,score,moat_dimension,网络效应,current_strength,2026,point_in_time,China,not_applicable,3.5,,,score_0_5,N/A,H,medium,1,annual,WB P1 阶段报告,WB_P1_研究边界产品身份与数据底座.md,2026-08-01,2026-08-01,最强证据：认证账号、明星/KOL、热点和转发关系构成事件型网络效应。 最强反证：创作者和用户多平台经营，MAU持续下降。
WB-P2-0109,WB,P2,moat_score,score,moat_dimension,网络效应,ten_year_credibility,2035E,point_in_time,China,base,2.8,,,score_0_5,N/A,H,low,1,annual,WB P1 阶段报告,WB_P1_研究边界产品身份与数据底座.md,2026-08-01,2026-08-01,在不重新取得用户增长和闭环商业化能力的基准情景下。最强反证：创作者和用户多平台经营，MAU持续下降。
WB-P2-0110,WB,P2,moat_score,score,moat_dimension,切换成本,current_strength,2026,point_in_time,China,not_applicable,1.5,,,score_0_5,N/A,H,medium,1,annual,WB P1 阶段报告,WB_P1_研究边界产品身份与数据底座.md,2026-08-01,2026-08-01,最强证据：关注关系、历史内容和粉丝资产提供有限沉淀。 最强反证：用户与广告主可同时使用多个平台，缺乏支付或工作流锁定。
WB-P2-0111,WB,P2,moat_score,score,moat_dimension,切换成本,ten_year_credibility,2035E,point_in_time,China,base,1.2,,,score_0_5,N/A,H,low,1,annual,WB P1 阶段报告,WB_P1_研究边界产品身份与数据底座.md,2026-08-01,2026-08-01,在不重新取得用户增长和闭环商业化能力的基准情景下。最强反证：用户与广告主可同时使用多个平台，缺乏支付或工作流锁定。
WB-P2-0112,WB,P2,moat_score,score,moat_dimension,品牌与信任,current_strength,2026,point_in_time,China,not_applicable,3.2,,,score_0_5,N/A,H,medium,1,annual,WB P1 阶段报告,WB_P1_研究边界产品身份与数据底座.md,2026-08-01,2026-08-01,最强证据：微博热搜、明星动态和公共事件具强品牌心智。 最强反证：内容治理、广告负担和榜单可信度争议削弱信任。
WB-P2-0113,WB,P2,moat_score,score,moat_dimension,品牌与信任,ten_year_credibility,2035E,point_in_time,China,base,2.5,,,score_0_5,N/A,H,low,1,annual,WB P1 阶段报告,WB_P1_研究边界产品身份与数据底座.md,2026-08-01,2026-08-01,在不重新取得用户增长和闭环商业化能力的基准情景下。最强反证：内容治理、广告负担和榜单可信度争议削弱信任。
WB-P2-0114,WB,P2,moat_score,score,moat_dimension,规模、算法与数据,current_strength,2026,point_in_time,China,not_applicable,3.0,,,score_0_5,N/A,H,medium,1,annual,WB P1 阶段报告,WB_P1_研究边界产品身份与数据底座.md,2026-08-01,2026-08-01,最强证据：5.62亿MAU、2.54亿DAU仍提供大规模社交图谱和热点数据。 最强反证：抖音、微信规模更大，竞品AI与推荐投入更强。
WB-P2-0115,WB,P2,moat_score,score,moat_dimension,规模、算法与数据,ten_year_credibility,2035E,point_in_time,China,base,2.2,,,score_0_5,N/A,H,low,1,annual,WB P1 阶段报告,WB_P1_研究边界产品身份与数据底座.md,2026-08-01,2026-08-01,在不重新取得用户增长和闭环商业化能力的基准情景下。最强反证：抖音、微信规模更大，竞品AI与推荐投入更强。
WB-P2-0116,WB,P2,moat_score,score,moat_dimension,内容与创作者生态,current_strength,2026,point_in_time,China,not_applicable,3.5,,,score_0_5,N/A,H,medium,1,annual,WB P1 阶段报告,WB_P1_研究边界产品身份与数据底座.md,2026-08-01,2026-08-01,最强证据：媒体、政府、名人、娱乐产业和用户现场内容仍具组合优势。 最强反证：普通创作者与视频供给缺乏独占性，外流到短视频和生活方式平台。
WB-P2-0117,WB,P2,moat_score,score,moat_dimension,内容与创作者生态,ten_year_credibility,2035E,point_in_time,China,base,2.7,,,score_0_5,N/A,H,low,1,annual,WB P1 阶段报告,WB_P1_研究边界产品身份与数据底座.md,2026-08-01,2026-08-01,在不重新取得用户增长和闭环商业化能力的基准情景下。最强反证：普通创作者与视频供给缺乏独占性，外流到短视频和生活方式平台。
WB-P2-0118,WB,P2,moat_score,score,moat_dimension,定价与变现能力,current_strength,2026,point_in_time,China,not_applicable,2.5,,,score_0_5,N/A,H,medium,1,annual,WB P1 阶段报告,WB_P1_研究边界产品身份与数据底座.md,2026-08-01,2026-08-01,最强证据：成熟广告产品和较高经营利润率证明存量变现能力。 最强反证：2025非阿里广告下降、广告/DAU停滞、恢复需增加制作和营销成本。
WB-P2-0119,WB,P2,moat_score,score,moat_dimension,定价与变现能力,ten_year_credibility,2035E,point_in_time,China,base,2.0,,,score_0_5,N/A,H,low,1,annual,WB P1 阶段报告,WB_P1_研究边界产品身份与数据底座.md,2026-08-01,2026-08-01,在不重新取得用户增长和闭环商业化能力的基准情景下。最强反证：2025非阿里广告下降、广告/DAU停滞、恢复需增加制作和营销成本。
WB-P2-0120,WB,P2,moat_score,score,moat_dimension,抗替代能力,current_strength,2026,point_in_time,China,not_applicable,2.7,,,score_0_5,N/A,H,medium,1,annual,WB P1 阶段报告,WB_P1_研究边界产品身份与数据底座.md,2026-08-01,2026-08-01,最强证据：突发事件、全网热点和明星公告仍有明确使用理由。 最强反证：日常娱乐、消费搜索、私域和效果转化均被其他平台分流。
WB-P2-0121,WB,P2,moat_score,score,moat_dimension,抗替代能力,ten_year_credibility,2035E,point_in_time,China,base,2.1,,,score_0_5,N/A,H,low,1,annual,WB P1 阶段报告,WB_P1_研究边界产品身份与数据底座.md,2026-08-01,2026-08-01,在不重新取得用户增长和闭环商业化能力的基准情景下。最强反证：日常娱乐、消费搜索、私域和效果转化均被其他平台分流。
WB-P2-0122,WB,P2,moat_score,score,company,Weibo主平台,equal_weight_current_moat_score,2026,point_in_time,China,not_applicable,2.84,,,score_0_5,N/A,H,medium,1,annual,WB P1 阶段报告,WB_P1_研究边界产品身份与数据底座.md,2026-08-01,2026-08-01,等权汇总，仅作为研究框架评分。
WB-P2-0123,WB,P2,moat_score,score,company,Weibo主平台,equal_weight_ten_year_moat_score,2035E,point_in_time,China,base,2.21,,,score_0_5,N/A,H,low,1,annual,WB P1 阶段报告,WB_P1_研究边界产品身份与数据底座.md,2026-08-01,2026-08-01,长期可信度低于当前强度，反映场景型护城河持续受侵蚀。
WB-P2-0124,WB,P2,moat_score,conclusion,company,Weibo主平台,buffett_style_moat_classification,P2,point_in_time,China,not_applicable,窄而正在侵蚀的场景型护城河，不是宽阔且可提价的长期护城河,,,text,N/A,H,medium,1,annual,WB P1 阶段报告,WB_P1_研究边界产品身份与数据底座.md,2026-08-01,2026-08-01,平台有不可替代的事件场景，但切换成本、定价权和闭环能力偏弱。
WB-P2-0125,WB,P2,distress_cause,estimate,distress_category,结构性竞争,contribution_to_stagnation,P2,point_in_time,China,not_applicable,45,,,%,N/A,H,medium,1,annual,WB P1 阶段报告,WB_P1_研究边界产品身份与数据底座.md,2026-08-01,2026-08-01,可逆性：低至中；修复时间：3—8个季度只能稳定，重新夺回份额需多年。最强证据：竞品用户、广告收入和闭环效率继续增长；微博2025非阿里广告下降。 最强反证：DAU仍相对稳定，2026Q1广告固定汇率恢复增长。
WB-P2-0126,WB,P2,distress_cause,conclusion,distress_category,结构性竞争,reversibility,P2,point_in_time,China,not_applicable,低至中,,,text,N/A,H,medium,0,annual,WB P1 阶段报告,WB_P1_研究边界产品身份与数据底座.md,2026-08-01,2026-08-01,预计修复时间：3—8个季度只能稳定，重新夺回份额需多年
WB-P2-0127,WB,P2,distress_cause,conclusion,distress_category,结构性竞争,leading_indicator,P2,point_in_time,China,not_applicable,竞品用户、广告收入和闭环效率继续增长,,,text,N/A,H,medium,0,annual,WB P1 阶段报告,WB_P1_研究边界产品身份与数据底座.md,2026-08-01,2026-08-01,最强反证：DAU仍相对稳定，2026Q1广告固定汇率恢复增长。
WB-P2-0128,WB,P2,distress_cause,estimate,distress_category,产品与管理执行,contribution_to_stagnation,P2,point_in_time,China,not_applicable,20,,,%,N/A,H,medium,1,annual,WB P1 阶段报告,WB_P1_研究边界产品身份与数据底座.md,2026-08-01,2026-08-01,可逆性：中；修复时间：4—8个季度。最强证据：信息流改版、视频供给和广告技术升级较晚，恢复期费用上升。 最强反证：2026Q1管理层称核心用户留存、视频消费和广告匹配已有改善。
WB-P2-0129,WB,P2,distress_cause,conclusion,distress_category,产品与管理执行,reversibility,P2,point_in_time,China,not_applicable,中,,,text,N/A,H,medium,0,annual,WB P1 阶段报告,WB_P1_研究边界产品身份与数据底座.md,2026-08-01,2026-08-01,预计修复时间：4—8个季度
WB-P2-0130,WB,P2,distress_cause,conclusion,distress_category,产品与管理执行,leading_indicator,P2,point_in_time,China,not_applicable,信息流改版、视频供给和广告技术升级较晚，恢复期费用上升。,,,text,N/A,H,medium,0,annual,WB P1 阶段报告,WB_P1_研究边界产品身份与数据底座.md,2026-08-01,2026-08-01,最强反证：2026Q1管理层称核心用户留存、视频消费和广告匹配已有改善。
WB-P2-0131,WB,P2,distress_cause,estimate,distress_category,广告周期与宏观,contribution_to_stagnation,P2,point_in_time,China,not_applicable,15,,,%,N/A,H,medium,1,annual,WB P1 阶段报告,WB_P1_研究边界产品身份与数据底座.md,2026-08-01,2026-08-01,可逆性：高；修复时间：1—4个季度。最强证据：FMCG、游戏等预算受消费、发布周期和宏观信心影响。 最强反证：腾讯、快手、B站同期广告增速更高，说明不能仅归因宏观。
WB-P2-0132,WB,P2,distress_cause,conclusion,distress_category,广告周期与宏观,reversibility,P2,point_in_time,China,not_applicable,高,,,text,N/A,H,medium,0,annual,WB P1 阶段报告,WB_P1_研究边界产品身份与数据底座.md,2026-08-01,2026-08-01,预计修复时间：1—4个季度
WB-P2-0133,WB,P2,distress_cause,conclusion,distress_category,广告周期与宏观,leading_indicator,P2,point_in_time,China,not_applicable,FMCG、游戏等预算受消费、发布周期和宏观信心影响。,,,text,N/A,H,medium,0,annual,WB P1 阶段报告,WB_P1_研究边界产品身份与数据底座.md,2026-08-01,2026-08-01,最强反证：腾讯、快手、B站同期广告增速更高，说明不能仅归因宏观。
WB-P2-0134,WB,P2,distress_cause,estimate,distress_category,监管与内容治理,contribution_to_stagnation,P2,point_in_time,China,not_applicable,15,,,%,N/A,H,medium,1,annual,WB P1 阶段报告,WB_P1_研究边界产品身份与数据底座.md,2026-08-01,2026-08-01,可逆性：低；修复时间：持续性约束。最强证据：公共讨论平台需要更高审核成本，内容供给和用户表达受到约束。 最强反证：监管影响行业整体，不能完整解释微博相对份额流失。
WB-P2-0135,WB,P2,distress_cause,conclusion,distress_category,监管与内容治理,reversibility,P2,point_in_time,China,not_applicable,低,,,text,N/A,H,medium,0,annual,WB P1 阶段报告,WB_P1_研究边界产品身份与数据底座.md,2026-08-01,2026-08-01,预计修复时间：持续性约束
WB-P2-0136,WB,P2,distress_cause,conclusion,distress_category,监管与内容治理,leading_indicator,P2,point_in_time,China,not_applicable,公共讨论平台需要更高审核成本，内容供给和用户表达受到约束。,,,text,N/A,H,medium,0,annual,WB P1 阶段报告,WB_P1_研究边界产品身份与数据底座.md,2026-08-01,2026-08-01,最强反证：监管影响行业整体，不能完整解释微博相对份额流失。
WB-P2-0137,WB,P2,distress_cause,estimate,distress_category,资本配置与资产金融化,contribution_to_stagnation,P2,point_in_time,China,not_applicable,5,,,%,N/A,H,medium,1,annual,WB P1 阶段报告,WB_P1_研究边界产品身份与数据底座.md,2026-08-01,2026-08-01,可逆性：高但取决于治理；修复时间：事件驱动。最强证据：投资资产、关联应收和现金使用削弱股东对经营价值的信任。 最强反证：它主要影响估值兑现，而非主平台广告收入停滞的直接原因。
WB-P2-0138,WB,P2,distress_cause,conclusion,distress_category,资本配置与资产金融化,reversibility,P2,point_in_time,China,not_applicable,高但取决于治理,,,text,N/A,H,medium,0,annual,WB P1 阶段报告,WB_P1_研究边界产品身份与数据底座.md,2026-08-01,2026-08-01,预计修复时间：事件驱动
WB-P2-0139,WB,P2,distress_cause,conclusion,distress_category,资本配置与资产金融化,leading_indicator,P2,point_in_time,China,not_applicable,投资资产、关联应收和现金使用削弱股东对经营价值的信任。,,,text,N/A,H,medium,0,annual,WB P1 阶段报告,WB_P1_研究边界产品身份与数据底座.md,2026-08-01,2026-08-01,最强反证：它主要影响估值兑现，而非主平台广告收入停滞的直接原因。
WB-P2-0140,WB,P2,monitoring,assumption,monitor_trigger,非阿里广告固定汇率增速,green_threshold,2026-2028,point_in_time,China,not_applicable,连续2季≥5%,,,text,N/A,H,medium,1,quarterly,WB P1 阶段报告,WB_P1_研究边界产品身份与数据底座.md,2026-08-01,2026-08-01,黄色：-5%至5%；红色：连续2季≤-5%；触发后调整：核心广告收入路径。
WB-P2-0141,WB,P2,monitoring,assumption,monitor_trigger,MAU同比,green_threshold,2026-2028,point_in_time,China,not_applicable,≥0%,,,text,N/A,H,medium,1,quarterly,WB P1 阶段报告,WB_P1_研究边界产品身份与数据底座.md,2026-08-01,2026-08-01,黄色：-5%至0%；红色：连续2季<-5%；触发后调整：覆盖面衰减率。
WB-P2-0142,WB,P2,monitoring,assumption,monitor_trigger,DAU同比,green_threshold,2026-2028,point_in_time,China,not_applicable,≥0%,,,text,N/A,H,medium,1,quarterly,WB P1 阶段报告,WB_P1_研究边界产品身份与数据底座.md,2026-08-01,2026-08-01,黄色：-3%至0%；红色：连续2季<-3%；触发后调整：核心用户底线。
WB-P2-0143,WB,P2,monitoring,assumption,monitor_trigger,DAU/MAU同比变化,green_threshold,2026-2028,point_in_time,China,not_applicable,≥+0.5pct,,,text,N/A,H,medium,1,quarterly,WB P1 阶段报告,WB_P1_研究边界产品身份与数据底座.md,2026-08-01,2026-08-01,黄色：-0.5至+0.5pct；红色：连续2季<-0.5pct；触发后调整：用户粘性。
WB-P2-0144,WB,P2,monitoring,assumption,monitor_trigger,视频消费时长增速,green_threshold,2026-2028,point_in_time,China,not_applicable,连续双位数增长,,,text,N/A,H,medium,1,quarterly,WB P1 阶段报告,WB_P1_研究边界产品身份与数据底座.md,2026-08-01,2026-08-01,黄色：正增长；红色：转为负增长；触发后调整：留存与广告库存。
WB-P2-0145,WB,P2,monitoring,assumption,monitor_trigger,广告收入/DAU同比,green_threshold,2026-2028,point_in_time,China,not_applicable,固定汇率≥5%,,,text,N/A,H,medium,1,quarterly,WB P1 阶段报告,WB_P1_研究边界产品身份与数据底座.md,2026-08-01,2026-08-01,黄色：-5%至5%；红色：<-5%；触发后调整：变现效率。
WB-P2-0146,WB,P2,monitoring,assumption,monitor_trigger,费用增速减广告增速,green_threshold,2026-2028,point_in_time,China,not_applicable,≤0pct,,,text,N/A,H,medium,1,quarterly,WB P1 阶段报告,WB_P1_研究边界产品身份与数据底座.md,2026-08-01,2026-08-01,黄色：0至5pct；红色：连续2季>5pct；触发后调整：恢复成本。
WB-P2-0147,WB,P2,monitoring,assumption,monitor_trigger,GAAP营业利润率,green_threshold,2026-2028,point_in_time,China,not_applicable,≥28%,,,text,N/A,H,medium,1,quarterly,WB P1 阶段报告,WB_P1_研究边界产品身份与数据底座.md,2026-08-01,2026-08-01,黄色：24%至28%；红色：<24%；触发后调整：利润质量。
WB-P2-0148,WB,P2,monitoring,assumption,monitor_trigger,TTM FCF代理,green_threshold,2026-2028,point_in_time,China,not_applicable,≥450m美元,,,text,N/A,H,medium,1,quarterly,WB P1 阶段报告,WB_P1_研究边界产品身份与数据底座.md,2026-08-01,2026-08-01,黄色：300—450m美元；红色：<300m美元；触发后调整：现金流底线。
WB-P2-0149,WB,P2,monitoring,assumption,monitor_trigger,阿里广告占比,green_threshold,2026-2028,point_in_time,China,not_applicable,<12%且非阿里正增长,,,text,N/A,H,medium,1,quarterly,WB P1 阶段报告,WB_P1_研究边界产品身份与数据底座.md,2026-08-01,2026-08-01,黄色：12%—15%；红色：>15%且非阿里负增长；触发后调整：客户集中与质量。
WB-P2-0150,WB,P2,monitoring,assumption,monitor_trigger,VAS同比,green_threshold,2026-2028,point_in_time,China,not_applicable,≥0%,,,text,N/A,H,medium,1,quarterly,WB P1 阶段报告,WB_P1_研究边界产品身份与数据底座.md,2026-08-01,2026-08-01,黄色：-10%至0%；红色：<-10%持续2季；触发后调整：非广告业务底线。
WB-P2-0151,WB,P2,monitoring,assumption,monitor_trigger,AI/搜索/热点产品证据,green_threshold,2026-2028,point_in_time,China,not_applicable,活跃与广告效率同时改善,,,text,N/A,H,medium,1,quarterly,WB P1 阶段报告,WB_P1_研究边界产品身份与数据底座.md,2026-08-01,2026-08-01,黄色：只有使用量或管理层描述；红色：无外部或财务验证；触发后调整：AI是否进入预测。
WB-P2-0152,WB,P2,conclusion,conclusion,company,WB,core_business_state,P2,point_in_time,Global,not_applicable,仍有明确使用理由的成熟舆论与热点平台，但不是重新增长的社交平台。,,,text,N/A,H,medium,1,annual,WB P1 阶段报告,WB_P1_研究边界产品身份与数据底座.md,2026-08-01,2026-08-01,P2结论；不得在P5前直接转化为目标价。
WB-P2-0153,WB,P2,conclusion,conclusion,company,WB,user_quality,P2,point_in_time,Global,not_applicable,覆盖面收缩，核心日活和粘性相对稳定；现金流底线比MAU表面变化更重要。,,,text,N/A,H,medium,1,annual,WB P1 阶段报告,WB_P1_研究边界产品身份与数据底座.md,2026-08-01,2026-08-01,P2结论；不得在P5前直接转化为目标价。
WB-P2-0154,WB,P2,conclusion,conclusion,company,WB,advertising_quality,P2,point_in_time,Global,not_applicable,2026Q1变现改善真实存在，但固定汇率增幅有限且费用上升，尚未形成高质量经营杠杆。,,,text,N/A,H,medium,1,annual,WB P1 阶段报告,WB_P1_研究边界产品身份与数据底座.md,2026-08-01,2026-08-01,P2结论；不得在P5前直接转化为目标价。
WB-P2-0155,WB,P2,conclusion,conclusion,company,WB,competitive_position,P2,point_in_time,Global,not_applicable,微博在全网热点、明星与公共事件场景保持优势，在日常内容、生活搜索、短视频和交易闭环中处于劣势。,,,text,N/A,H,medium,1,annual,WB P1 阶段报告,WB_P1_研究边界产品身份与数据底座.md,2026-08-01,2026-08-01,P2结论；不得在P5前直接转化为目标价。
WB-P2-0156,WB,P2,conclusion,conclusion,company,WB,growth_business_authenticity,P2,point_in_time,Global,not_applicable,P2没有发现可独立支撑估值的新App或新业务；AI、视频和智搜属于主业防守与效率工具。,,,text,N/A,H,medium,1,annual,WB P1 阶段报告,WB_P1_研究边界产品身份与数据底座.md,2026-08-01,2026-08-01,P2结论；不得在P5前直接转化为目标价。
WB-P2-0157,WB,P2,conclusion,conclusion,company,WB,moat_judgment,P2,point_in_time,Global,not_applicable,当前护城河等权评分2.84/5，十年可信度2.21/5；属于窄且侵蚀中的场景型护城河。,,,text,N/A,H,medium,1,annual,WB P1 阶段报告,WB_P1_研究边界产品身份与数据底座.md,2026-08-01,2026-08-01,P2结论；不得在P5前直接转化为目标价。
WB-P2-0158,WB,P2,conclusion,conclusion,company,WB,distress_judgment,P2,point_in_time,Global,not_applicable,停滞以结构性竞争为主，管理执行和监管次之，广告周期只能解释一部分。,,,text,N/A,H,medium,1,annual,WB P1 阶段报告,WB_P1_研究边界产品身份与数据底座.md,2026-08-01,2026-08-01,P2结论；不得在P5前直接转化为目标价。
WB-P2-0159,WB,P2,conclusion,conclusion,company,WB,shareholder_economic_value,P2,point_in_time,Global,not_applicable,主业能够继续产生现金流的概率较高，但股东回报仍取决于P3对现金、投资、SINA应收和治理的折价。,,,text,N/A,H,medium,1,annual,WB P1 阶段报告,WB_P1_研究边界产品身份与数据底座.md,2026-08-01,2026-08-01,P2结论；不得在P5前直接转化为目标价。
WB-P2-0160,WB,P2,conclusion,conclusion,company,WB,P2_investment_classification,P2,point_in_time,Global,not_applicable,经营层面更接近可收缩的现金牛，而非高质量复苏；低估逻辑必须主要依赖现金流纪律和资产兑现。,,,text,N/A,H,medium,1,annual,WB P1 阶段报告,WB_P1_研究边界产品身份与数据底座.md,2026-08-01,2026-08-01,P2结论；不得在P5前直接转化为目标价。
WB-P3-0001,WB,P3,p3_review_update,conclusion,research_plan,P3修订计划,P3盈利锚,P3,point_in_time,Global,not_applicable,以GAAP营业利润为起点，而非GAAP净利润、Non-GAAP净利润或OCF减Capex,,,text,N/A,H,high,1,event_driven,WB P2 阶段报告,WB_P2_业务实质App规模竞争与护城河.md,2026-08-01,2026-08-01,投资、公允价值、利息和关联资产收益需要与经营业务分离，防止资产与收益重复计价。
WB-P3-0002,WB,P3,p3_review_update,conclusion,research_plan,P3修订计划,SBC处理,P3,point_in_time,Global,not_applicable,股权激励作为真实经营成本保留,,,text,N/A,H,high,1,event_driven,WB P2 阶段报告,WB_P2_业务实质App规模竞争与护城河.md,2026-08-01,2026-08-01,公司Non-GAAP会加回SBC；所有者收益不应把持续稀释当成免费。
WB-P3-0003,WB,P3,p3_review_update,conclusion,research_plan,P3修订计划,现金资产分层,P3,point_in_time,Global,not_applicable,现金/短投、长期理财、可识别投资、关联及第三方贷款分别折价,,,text,N/A,H,high,1,event_driven,WB P2 阶段报告,WB_P2_业务实质App规模竞争与护城河.md,2026-08-01,2026-08-01,不得把长期理财、投资和关联应收等同现金。
WB-P3-0004,WB,P3,p3_review_update,conclusion,research_plan,P3修订计划,控制人信用压力,P3,point_in_time,Global,not_applicable,新增SINA诉讼、股份质押和关联贷款联动检查,,,text,N/A,H,high,1,event_driven,WB P2 阶段报告,WB_P2_业务实质App规模竞争与护城河.md,2026-08-01,2026-08-01,资产回收风险与控制权风险在WB上相互强化。
WB-P3-0005,WB,P3,p3_review_update,conclusion,research_plan,P3修订计划,资本配置检验,P3,point_in_time,Global,not_applicable,从授权金额转向实际现金分配、实际回购和稀释股本,,,text,N/A,H,high,1,event_driven,WB P2 阶段报告,WB_P2_业务实质App规模竞争与护城河.md,2026-08-01,2026-08-01,回购授权不等于股东回报，必须看净ADS是否下降。
WB-P3-0006,WB,P3,p3_review_update,conclusion,research_plan,P3修订计划,双重折价边界,P3,point_in_time,Global,not_applicable,资产折价处理流动性/信用，治理折价处理控制权/资本配置,,,text,N/A,H,high,1,event_driven,WB P2 阶段报告,WB_P2_业务实质App规模竞争与护城河.md,2026-08-01,2026-08-01,P5不得对同一风险重复扣减。
WB-P3-0007,WB,P3,p3_review_update,conclusion,research_plan,P3修订计划,广告恢复成本,P3,point_in_time,Global,not_applicable,单列2025Q4—2026Q1费用增量与利润率下降,,,text,N/A,H,high,1,event_driven,WB P2 阶段报告,WB_P2_业务实质App规模竞争与护城河.md,2026-08-01,2026-08-01,判断收入恢复是否用更高制作和营销成本换取。
WB-P3-0008,WB,P3,p3_review_update,conclusion,research_plan,P3修订计划,Excel节点,P3,point_in_time,Global,not_applicable,按框架在G3批量重建五表Excel,,,text,N/A,H,high,1,event_driven,WB P2 阶段报告,WB_P2_业务实质App规模竞争与护城河.md,2026-08-01,2026-08-01,只展示历史、正常化盈利、资产桥、治理与假设；不提前做预测及目标价。
WB-P3-0009,WB,P3,financial_normalized,fact,company,WB,revenue,2023A,annual,Global,not_applicable,1759.836,,,USD_mn,USD,A,high,1,annual,Weibo 2025 Form 20-F XBRL tables,https://www.sec.gov/Archives/edgar/data/1595761/000110465926047217/R1.htm,2026-04-23,2026-08-01,"2025 Form 20-F consolidated US GAAP data; income statement, cash-flow or EPS table."
WB-P3-0010,WB,P3,financial_normalized,fact,company,WB,revenue,2024A,annual,Global,not_applicable,1754.677,,,USD_mn,USD,A,high,1,annual,Weibo 2025 Form 20-F XBRL tables,https://www.sec.gov/Archives/edgar/data/1595761/000110465926047217/R1.htm,2026-04-23,2026-08-01,"2025 Form 20-F consolidated US GAAP data; income statement, cash-flow or EPS table."
WB-P3-0011,WB,P3,financial_normalized,fact,company,WB,revenue,2025A,annual,Global,not_applicable,1757.216,,,USD_mn,USD,A,high,1,annual,Weibo 2025 Form 20-F XBRL tables,https://www.sec.gov/Archives/edgar/data/1595761/000110465926047217/R1.htm,2026-04-23,2026-08-01,"2025 Form 20-F consolidated US GAAP data; income statement, cash-flow or EPS table."
WB-P3-0012,WB,P3,financial_normalized,fact,company,WB,advertising_revenue,2023A,annual,Global,not_applicable,1534.014,,,USD_mn,USD,A,high,1,annual,Weibo 2025 Form 20-F XBRL tables,https://www.sec.gov/Archives/edgar/data/1595761/000110465926047217/R1.htm,2026-04-23,2026-08-01,"2025 Form 20-F consolidated US GAAP data; income statement, cash-flow or EPS table."
WB-P3-0013,WB,P3,financial_normalized,fact,company,WB,advertising_revenue,2024A,annual,Global,not_applicable,1498.693,,,USD_mn,USD,A,high,1,annual,Weibo 2025 Form 20-F XBRL tables,https://www.sec.gov/Archives/edgar/data/1595761/000110465926047217/R1.htm,2026-04-23,2026-08-01,"2025 Form 20-F consolidated US GAAP data; income statement, cash-flow or EPS table."
WB-P3-0014,WB,P3,financial_normalized,fact,company,WB,advertising_revenue,2025A,annual,Global,not_applicable,1501.63,,,USD_mn,USD,A,high,1,annual,Weibo 2025 Form 20-F XBRL tables,https://www.sec.gov/Archives/edgar/data/1595761/000110465926047217/R1.htm,2026-04-23,2026-08-01,"2025 Form 20-F consolidated US GAAP data; income statement, cash-flow or EPS table."
WB-P3-0015,WB,P3,financial_normalized,fact,company,WB,cost_of_revenues,2023A,annual,Global,not_applicable,374.279,,,USD_mn,USD,A,high,1,annual,Weibo 2025 Form 20-F XBRL tables,https://www.sec.gov/Archives/edgar/data/1595761/000110465926047217/R1.htm,2026-04-23,2026-08-01,"2025 Form 20-F consolidated US GAAP data; income statement, cash-flow or EPS table."
WB-P3-0016,WB,P3,financial_normalized,fact,company,WB,cost_of_revenues,2024A,annual,Global,not_applicable,369.521,,,USD_mn,USD,A,high,1,annual,Weibo 2025 Form 20-F XBRL tables,https://www.sec.gov/Archives/edgar/data/1595761/000110465926047217/R1.htm,2026-04-23,2026-08-01,"2025 Form 20-F consolidated US GAAP data; income statement, cash-flow or EPS table."
WB-P3-0017,WB,P3,financial_normalized,fact,company,WB,cost_of_revenues,2025A,annual,Global,not_applicable,421.837,,,USD_mn,USD,A,high,1,annual,Weibo 2025 Form 20-F XBRL tables,https://www.sec.gov/Archives/edgar/data/1595761/000110465926047217/R1.htm,2026-04-23,2026-08-01,"2025 Form 20-F consolidated US GAAP data; income statement, cash-flow or EPS table."
WB-P3-0018,WB,P3,financial_normalized,fact,company,WB,sales_and_marketing,2023A,annual,Global,not_applicable,461.421,,,USD_mn,USD,A,high,1,annual,Weibo 2025 Form 20-F XBRL tables,https://www.sec.gov/Archives/edgar/data/1595761/000110465926047217/R1.htm,2026-04-23,2026-08-01,"2025 Form 20-F consolidated US GAAP data; income statement, cash-flow or EPS table."
WB-P3-0019,WB,P3,financial_normalized,fact,company,WB,sales_and_marketing,2024A,annual,Global,not_applicable,480.791,,,USD_mn,USD,A,high,1,annual,Weibo 2025 Form 20-F XBRL tables,https://www.sec.gov/Archives/edgar/data/1595761/000110465926047217/R1.htm,2026-04-23,2026-08-01,"2025 Form 20-F consolidated US GAAP data; income statement, cash-flow or EPS table."
WB-P3-0020,WB,P3,financial_normalized,fact,company,WB,sales_and_marketing,2025A,annual,Global,not_applicable,490.434,,,USD_mn,USD,A,high,1,annual,Weibo 2025 Form 20-F XBRL tables,https://www.sec.gov/Archives/edgar/data/1595761/000110465926047217/R1.htm,2026-04-23,2026-08-01,"2025 Form 20-F consolidated US GAAP data; income statement, cash-flow or EPS table."
WB-P3-0021,WB,P3,financial_normalized,fact,company,WB,research_and_development,2023A,annual,Global,not_applicable,333.628,,,USD_mn,USD,A,high,1,annual,Weibo 2025 Form 20-F XBRL tables,https://www.sec.gov/Archives/edgar/data/1595761/000110465926047217/R1.htm,2026-04-23,2026-08-01,"2025 Form 20-F consolidated US GAAP data; income statement, cash-flow or EPS table."
WB-P3-0022,WB,P3,financial_normalized,fact,company,WB,research_and_development,2024A,annual,Global,not_applicable,308.747,,,USD_mn,USD,A,high,1,annual,Weibo 2025 Form 20-F XBRL tables,https://www.sec.gov/Archives/edgar/data/1595761/000110465926047217/R1.htm,2026-04-23,2026-08-01,"2025 Form 20-F consolidated US GAAP data; income statement, cash-flow or EPS table."
WB-P3-0023,WB,P3,financial_normalized,fact,company,WB,research_and_development,2025A,annual,Global,not_applicable,324.222,,,USD_mn,USD,A,high,1,annual,Weibo 2025 Form 20-F XBRL tables,https://www.sec.gov/Archives/edgar/data/1595761/000110465926047217/R1.htm,2026-04-23,2026-08-01,"2025 Form 20-F consolidated US GAAP data; income statement, cash-flow or EPS table."
WB-P3-0024,WB,P3,financial_normalized,fact,company,WB,general_and_administrative,2023A,annual,Global,not_applicable,117.574,,,USD_mn,USD,A,high,1,annual,Weibo 2025 Form 20-F XBRL tables,https://www.sec.gov/Archives/edgar/data/1595761/000110465926047217/R1.htm,2026-04-23,2026-08-01,"2025 Form 20-F consolidated US GAAP data; income statement, cash-flow or EPS table."
WB-P3-0025,WB,P3,financial_normalized,fact,company,WB,general_and_administrative,2024A,annual,Global,not_applicable,101.294,,,USD_mn,USD,A,high,1,annual,Weibo 2025 Form 20-F XBRL tables,https://www.sec.gov/Archives/edgar/data/1595761/000110465926047217/R1.htm,2026-04-23,2026-08-01,"2025 Form 20-F consolidated US GAAP data; income statement, cash-flow or EPS table."
WB-P3-0026,WB,P3,financial_normalized,fact,company,WB,general_and_administrative,2025A,annual,Global,not_applicable,55.898,,,USD_mn,USD,A,high,1,annual,Weibo 2025 Form 20-F XBRL tables,https://www.sec.gov/Archives/edgar/data/1595761/000110465926047217/R1.htm,2026-04-23,2026-08-01,"2025 Form 20-F consolidated US GAAP data; income statement, cash-flow or EPS table."
WB-P3-0027,WB,P3,financial_normalized,fact,company,WB,gaap_operating_income,2023A,annual,Global,not_applicable,472.934,,,USD_mn,USD,A,high,1,annual,Weibo 2025 Form 20-F XBRL tables,https://www.sec.gov/Archives/edgar/data/1595761/000110465926047217/R1.htm,2026-04-23,2026-08-01,"2025 Form 20-F consolidated US GAAP data; income statement, cash-flow or EPS table."
WB-P3-0028,WB,P3,financial_normalized,fact,company,WB,gaap_operating_income,2024A,annual,Global,not_applicable,494.324,,,USD_mn,USD,A,high,1,annual,Weibo 2025 Form 20-F XBRL tables,https://www.sec.gov/Archives/edgar/data/1595761/000110465926047217/R1.htm,2026-04-23,2026-08-01,"2025 Form 20-F consolidated US GAAP data; income statement, cash-flow or EPS table."
WB-P3-0029,WB,P3,financial_normalized,fact,company,WB,gaap_operating_income,2025A,annual,Global,not_applicable,464.825,,,USD_mn,USD,A,high,1,annual,Weibo 2025 Form 20-F XBRL tables,https://www.sec.gov/Archives/edgar/data/1595761/000110465926047217/R1.htm,2026-04-23,2026-08-01,"2025 Form 20-F consolidated US GAAP data; income statement, cash-flow or EPS table."
WB-P3-0030,WB,P3,financial_normalized,fact,company,WB,equity_method_income_loss,2023A,annual,Global,not_applicable,13.392,,,USD_mn,USD,A,high,1,annual,Weibo 2025 Form 20-F XBRL tables,https://www.sec.gov/Archives/edgar/data/1595761/000110465926047217/R1.htm,2026-04-23,2026-08-01,"2025 Form 20-F consolidated US GAAP data; income statement, cash-flow or EPS table."
WB-P3-0031,WB,P3,financial_normalized,fact,company,WB,equity_method_income_loss,2024A,annual,Global,not_applicable,-12.17,,,USD_mn,USD,A,high,1,annual,Weibo 2025 Form 20-F XBRL tables,https://www.sec.gov/Archives/edgar/data/1595761/000110465926047217/R1.htm,2026-04-23,2026-08-01,"2025 Form 20-F consolidated US GAAP data; income statement, cash-flow or EPS table."
WB-P3-0032,WB,P3,financial_normalized,fact,company,WB,equity_method_income_loss,2025A,annual,Global,not_applicable,76.666,,,USD_mn,USD,A,high,1,annual,Weibo 2025 Form 20-F XBRL tables,https://www.sec.gov/Archives/edgar/data/1595761/000110465926047217/R1.htm,2026-04-23,2026-08-01,"2025 Form 20-F consolidated US GAAP data; income statement, cash-flow or EPS table."
WB-P3-0033,WB,P3,financial_normalized,fact,company,WB,realized_investment_gain_loss,2023A,annual,Global,not_applicable,-0.766,,,USD_mn,USD,A,high,1,annual,Weibo 2025 Form 20-F XBRL tables,https://www.sec.gov/Archives/edgar/data/1595761/000110465926047217/R1.htm,2026-04-23,2026-08-01,"2025 Form 20-F consolidated US GAAP data; income statement, cash-flow or EPS table."
WB-P3-0034,WB,P3,financial_normalized,fact,company,WB,realized_investment_gain_loss,2024A,annual,Global,not_applicable,0.261,,,USD_mn,USD,A,high,1,annual,Weibo 2025 Form 20-F XBRL tables,https://www.sec.gov/Archives/edgar/data/1595761/000110465926047217/R1.htm,2026-04-23,2026-08-01,"2025 Form 20-F consolidated US GAAP data; income statement, cash-flow or EPS table."
WB-P3-0035,WB,P3,financial_normalized,fact,company,WB,realized_investment_gain_loss,2025A,annual,Global,not_applicable,0.506,,,USD_mn,USD,A,high,1,annual,Weibo 2025 Form 20-F XBRL tables,https://www.sec.gov/Archives/edgar/data/1595761/000110465926047217/R1.htm,2026-04-23,2026-08-01,"2025 Form 20-F consolidated US GAAP data; income statement, cash-flow or EPS table."
WB-P3-0036,WB,P3,financial_normalized,fact,company,WB,fair_value_gain_loss,2023A,annual,Global,not_applicable,43.002,,,USD_mn,USD,A,high,1,annual,Weibo 2025 Form 20-F XBRL tables,https://www.sec.gov/Archives/edgar/data/1595761/000110465926047217/R1.htm,2026-04-23,2026-08-01,"2025 Form 20-F consolidated US GAAP data; income statement, cash-flow or EPS table."
WB-P3-0037,WB,P3,financial_normalized,fact,company,WB,fair_value_gain_loss,2024A,annual,Global,not_applicable,18.564,,,USD_mn,USD,A,high,1,annual,Weibo 2025 Form 20-F XBRL tables,https://www.sec.gov/Archives/edgar/data/1595761/000110465926047217/R1.htm,2026-04-23,2026-08-01,"2025 Form 20-F consolidated US GAAP data; income statement, cash-flow or EPS table."
WB-P3-0038,WB,P3,financial_normalized,fact,company,WB,fair_value_gain_loss,2025A,annual,Global,not_applicable,21.258,,,USD_mn,USD,A,high,1,annual,Weibo 2025 Form 20-F XBRL tables,https://www.sec.gov/Archives/edgar/data/1595761/000110465926047217/R1.htm,2026-04-23,2026-08-01,"2025 Form 20-F consolidated US GAAP data; income statement, cash-flow or EPS table."
WB-P3-0039,WB,P3,financial_normalized,fact,company,WB,investment_impairment,2023A,annual,Global,not_applicable,-23.642,,,USD_mn,USD,A,high,1,annual,Weibo 2025 Form 20-F XBRL tables,https://www.sec.gov/Archives/edgar/data/1595761/000110465926047217/R1.htm,2026-04-23,2026-08-01,"2025 Form 20-F consolidated US GAAP data; income statement, cash-flow or EPS table."
WB-P3-0040,WB,P3,financial_normalized,fact,company,WB,investment_impairment,2024A,annual,Global,not_applicable,-93.382,,,USD_mn,USD,A,high,1,annual,Weibo 2025 Form 20-F XBRL tables,https://www.sec.gov/Archives/edgar/data/1595761/000110465926047217/R1.htm,2026-04-23,2026-08-01,"2025 Form 20-F consolidated US GAAP data; income statement, cash-flow or EPS table."
WB-P3-0041,WB,P3,financial_normalized,fact,company,WB,investment_impairment,2025A,annual,Global,not_applicable,-5.972,,,USD_mn,USD,A,high,1,annual,Weibo 2025 Form 20-F XBRL tables,https://www.sec.gov/Archives/edgar/data/1595761/000110465926047217/R1.htm,2026-04-23,2026-08-01,"2025 Form 20-F consolidated US GAAP data; income statement, cash-flow or EPS table."
WB-P3-0042,WB,P3,financial_normalized,fact,company,WB,interest_income,2023A,annual,Global,not_applicable,118.209,,,USD_mn,USD,A,high,1,annual,Weibo 2025 Form 20-F XBRL tables,https://www.sec.gov/Archives/edgar/data/1595761/000110465926047217/R1.htm,2026-04-23,2026-08-01,"2025 Form 20-F consolidated US GAAP data; income statement, cash-flow or EPS table."
WB-P3-0043,WB,P3,financial_normalized,fact,company,WB,interest_income,2024A,annual,Global,not_applicable,123.336,,,USD_mn,USD,A,high,1,annual,Weibo 2025 Form 20-F XBRL tables,https://www.sec.gov/Archives/edgar/data/1595761/000110465926047217/R1.htm,2026-04-23,2026-08-01,"2025 Form 20-F consolidated US GAAP data; income statement, cash-flow or EPS table."
WB-P3-0044,WB,P3,financial_normalized,fact,company,WB,interest_income,2025A,annual,Global,not_applicable,116.826,,,USD_mn,USD,A,high,1,annual,Weibo 2025 Form 20-F XBRL tables,https://www.sec.gov/Archives/edgar/data/1595761/000110465926047217/R1.htm,2026-04-23,2026-08-01,"2025 Form 20-F consolidated US GAAP data; income statement, cash-flow or EPS table."
WB-P3-0045,WB,P3,financial_normalized,fact,company,WB,interest_expense,2023A,annual,Global,not_applicable,-120.07,,,USD_mn,USD,A,high,1,annual,Weibo 2025 Form 20-F XBRL tables,https://www.sec.gov/Archives/edgar/data/1595761/000110465926047217/R1.htm,2026-04-23,2026-08-01,"2025 Form 20-F consolidated US GAAP data; income statement, cash-flow or EPS table."
WB-P3-0046,WB,P3,financial_normalized,fact,company,WB,interest_expense,2024A,annual,Global,not_applicable,-105.397,,,USD_mn,USD,A,high,1,annual,Weibo 2025 Form 20-F XBRL tables,https://www.sec.gov/Archives/edgar/data/1595761/000110465926047217/R1.htm,2026-04-23,2026-08-01,"2025 Form 20-F consolidated US GAAP data; income statement, cash-flow or EPS table."
WB-P3-0047,WB,P3,financial_normalized,fact,company,WB,interest_expense,2025A,annual,Global,not_applicable,-82.442,,,USD_mn,USD,A,high,1,annual,Weibo 2025 Form 20-F XBRL tables,https://www.sec.gov/Archives/edgar/data/1595761/000110465926047217/R1.htm,2026-04-23,2026-08-01,"2025 Form 20-F consolidated US GAAP data; income statement, cash-flow or EPS table."
WB-P3-0048,WB,P3,financial_normalized,fact,company,WB,other_nonoperating,2023A,annual,Global,not_applicable,-0.277,,,USD_mn,USD,A,high,1,annual,Weibo 2025 Form 20-F XBRL tables,https://www.sec.gov/Archives/edgar/data/1595761/000110465926047217/R1.htm,2026-04-23,2026-08-01,"2025 Form 20-F consolidated US GAAP data; income statement, cash-flow or EPS table."
WB-P3-0049,WB,P3,financial_normalized,fact,company,WB,other_nonoperating,2024A,annual,Global,not_applicable,-4.881,,,USD_mn,USD,A,high,1,annual,Weibo 2025 Form 20-F XBRL tables,https://www.sec.gov/Archives/edgar/data/1595761/000110465926047217/R1.htm,2026-04-23,2026-08-01,"2025 Form 20-F consolidated US GAAP data; income statement, cash-flow or EPS table."
WB-P3-0050,WB,P3,financial_normalized,fact,company,WB,other_nonoperating,2025A,annual,Global,not_applicable,13.929,,,USD_mn,USD,A,high,1,annual,Weibo 2025 Form 20-F XBRL tables,https://www.sec.gov/Archives/edgar/data/1595761/000110465926047217/R1.htm,2026-04-23,2026-08-01,"2025 Form 20-F consolidated US GAAP data; income statement, cash-flow or EPS table."
WB-P3-0051,WB,P3,financial_normalized,fact,company,WB,income_before_tax,2023A,annual,Global,not_applicable,502.782,,,USD_mn,USD,A,high,1,annual,Weibo 2025 Form 20-F XBRL tables,https://www.sec.gov/Archives/edgar/data/1595761/000110465926047217/R1.htm,2026-04-23,2026-08-01,"2025 Form 20-F consolidated US GAAP data; income statement, cash-flow or EPS table."
WB-P3-0052,WB,P3,financial_normalized,fact,company,WB,income_before_tax,2024A,annual,Global,not_applicable,420.655,,,USD_mn,USD,A,high,1,annual,Weibo 2025 Form 20-F XBRL tables,https://www.sec.gov/Archives/edgar/data/1595761/000110465926047217/R1.htm,2026-04-23,2026-08-01,"2025 Form 20-F consolidated US GAAP data; income statement, cash-flow or EPS table."
WB-P3-0053,WB,P3,financial_normalized,fact,company,WB,income_before_tax,2025A,annual,Global,not_applicable,605.596,,,USD_mn,USD,A,high,1,annual,Weibo 2025 Form 20-F XBRL tables,https://www.sec.gov/Archives/edgar/data/1595761/000110465926047217/R1.htm,2026-04-23,2026-08-01,"2025 Form 20-F consolidated US GAAP data; income statement, cash-flow or EPS table."
WB-P3-0054,WB,P3,financial_normalized,fact,company,WB,income_tax,2023A,annual,Global,not_applicable,145.287,,,USD_mn,USD,A,high,1,annual,Weibo 2025 Form 20-F XBRL tables,https://www.sec.gov/Archives/edgar/data/1595761/000110465926047217/R1.htm,2026-04-23,2026-08-01,"2025 Form 20-F consolidated US GAAP data; income statement, cash-flow or EPS table."
WB-P3-0055,WB,P3,financial_normalized,fact,company,WB,income_tax,2024A,annual,Global,not_applicable,110.55,,,USD_mn,USD,A,high,1,annual,Weibo 2025 Form 20-F XBRL tables,https://www.sec.gov/Archives/edgar/data/1595761/000110465926047217/R1.htm,2026-04-23,2026-08-01,"2025 Form 20-F consolidated US GAAP data; income statement, cash-flow or EPS table."
WB-P3-0056,WB,P3,financial_normalized,fact,company,WB,income_tax,2025A,annual,Global,not_applicable,144.521,,,USD_mn,USD,A,high,1,annual,Weibo 2025 Form 20-F XBRL tables,https://www.sec.gov/Archives/edgar/data/1595761/000110465926047217/R1.htm,2026-04-23,2026-08-01,"2025 Form 20-F consolidated US GAAP data; income statement, cash-flow or EPS table."
WB-P3-0057,WB,P3,financial_normalized,fact,company,WB,net_income_attributable,2023A,annual,Global,not_applicable,342.598,,,USD_mn,USD,A,high,1,annual,Weibo 2025 Form 20-F XBRL tables,https://www.sec.gov/Archives/edgar/data/1595761/000110465926047217/R1.htm,2026-04-23,2026-08-01,"2025 Form 20-F consolidated US GAAP data; income statement, cash-flow or EPS table."
WB-P3-0058,WB,P3,financial_normalized,fact,company,WB,net_income_attributable,2024A,annual,Global,not_applicable,300.801,,,USD_mn,USD,A,high,1,annual,Weibo 2025 Form 20-F XBRL tables,https://www.sec.gov/Archives/edgar/data/1595761/000110465926047217/R1.htm,2026-04-23,2026-08-01,"2025 Form 20-F consolidated US GAAP data; income statement, cash-flow or EPS table."
WB-P3-0059,WB,P3,financial_normalized,fact,company,WB,net_income_attributable,2025A,annual,Global,not_applicable,449.02,,,USD_mn,USD,A,high,1,annual,Weibo 2025 Form 20-F XBRL tables,https://www.sec.gov/Archives/edgar/data/1595761/000110465926047217/R1.htm,2026-04-23,2026-08-01,"2025 Form 20-F consolidated US GAAP data; income statement, cash-flow or EPS table."
WB-P3-0060,WB,P3,financial_normalized,fact,company,WB,non_gaap_net_income,2023A,annual,Global,not_applicable,450.6,,,USD_mn,USD,A,high,1,annual,Weibo 2025 Form 20-F XBRL tables,https://www.sec.gov/Archives/edgar/data/1595761/000110465926047217/R1.htm,2026-04-23,2026-08-01,"2025 Form 20-F consolidated US GAAP data; income statement, cash-flow or EPS table."
WB-P3-0061,WB,P3,financial_normalized,fact,company,WB,non_gaap_net_income,2024A,annual,Global,not_applicable,478.637,,,USD_mn,USD,A,high,1,annual,Weibo 2025 Form 20-F XBRL tables,https://www.sec.gov/Archives/edgar/data/1595761/000110465926047217/R1.htm,2026-04-23,2026-08-01,"2025 Form 20-F consolidated US GAAP data; income statement, cash-flow or EPS table."
WB-P3-0062,WB,P3,financial_normalized,fact,company,WB,non_gaap_net_income,2025A,annual,Global,not_applicable,439.846,,,USD_mn,USD,A,high,1,annual,Weibo 2025 Form 20-F XBRL tables,https://www.sec.gov/Archives/edgar/data/1595761/000110465926047217/R1.htm,2026-04-23,2026-08-01,"2025 Form 20-F consolidated US GAAP data; income statement, cash-flow or EPS table."
WB-P3-0063,WB,P3,financial_normalized,fact,company,WB,operating_cash_flow,2023A,annual,Global,not_applicable,672.82,,,USD_mn,USD,A,high,1,annual,Weibo 2025 Form 20-F XBRL tables,https://www.sec.gov/Archives/edgar/data/1595761/000110465926047217/R1.htm,2026-04-23,2026-08-01,"2025 Form 20-F consolidated US GAAP data; income statement, cash-flow or EPS table."
WB-P3-0064,WB,P3,financial_normalized,fact,company,WB,operating_cash_flow,2024A,annual,Global,not_applicable,639.898,,,USD_mn,USD,A,high,1,annual,Weibo 2025 Form 20-F XBRL tables,https://www.sec.gov/Archives/edgar/data/1595761/000110465926047217/R1.htm,2026-04-23,2026-08-01,"2025 Form 20-F consolidated US GAAP data; income statement, cash-flow or EPS table."
WB-P3-0065,WB,P3,financial_normalized,fact,company,WB,operating_cash_flow,2025A,annual,Global,not_applicable,519.479,,,USD_mn,USD,A,high,1,annual,Weibo 2025 Form 20-F XBRL tables,https://www.sec.gov/Archives/edgar/data/1595761/000110465926047217/R1.htm,2026-04-23,2026-08-01,"2025 Form 20-F consolidated US GAAP data; income statement, cash-flow or EPS table."
WB-P3-0066,WB,P3,financial_normalized,fact,company,WB,capital_expenditure,2023A,annual,Global,not_applicable,36.772,,,USD_mn,USD,A,high,1,annual,Weibo 2025 Form 20-F XBRL tables,https://www.sec.gov/Archives/edgar/data/1595761/000110465926047217/R1.htm,2026-04-23,2026-08-01,"2025 Form 20-F consolidated US GAAP data; income statement, cash-flow or EPS table."
WB-P3-0067,WB,P3,financial_normalized,fact,company,WB,capital_expenditure,2024A,annual,Global,not_applicable,61.469,,,USD_mn,USD,A,high,1,annual,Weibo 2025 Form 20-F XBRL tables,https://www.sec.gov/Archives/edgar/data/1595761/000110465926047217/R1.htm,2026-04-23,2026-08-01,"2025 Form 20-F consolidated US GAAP data; income statement, cash-flow or EPS table."
WB-P3-0068,WB,P3,financial_normalized,fact,company,WB,capital_expenditure,2025A,annual,Global,not_applicable,42.368,,,USD_mn,USD,A,high,1,annual,Weibo 2025 Form 20-F XBRL tables,https://www.sec.gov/Archives/edgar/data/1595761/000110465926047217/R1.htm,2026-04-23,2026-08-01,"2025 Form 20-F consolidated US GAAP data; income statement, cash-flow or EPS table."
WB-P3-0069,WB,P3,financial_normalized,fact,company,WB,depreciation_and_amortization,2023A,annual,Global,not_applicable,58.509,,,USD_mn,USD,A,high,1,annual,Weibo 2025 Form 20-F XBRL tables,https://www.sec.gov/Archives/edgar/data/1595761/000110465926047217/R1.htm,2026-04-23,2026-08-01,"2025 Form 20-F consolidated US GAAP data; income statement, cash-flow or EPS table."
WB-P3-0070,WB,P3,financial_normalized,fact,company,WB,depreciation_and_amortization,2024A,annual,Global,not_applicable,58.137,,,USD_mn,USD,A,high,1,annual,Weibo 2025 Form 20-F XBRL tables,https://www.sec.gov/Archives/edgar/data/1595761/000110465926047217/R1.htm,2026-04-23,2026-08-01,"2025 Form 20-F consolidated US GAAP data; income statement, cash-flow or EPS table."
WB-P3-0071,WB,P3,financial_normalized,fact,company,WB,depreciation_and_amortization,2025A,annual,Global,not_applicable,59.088,,,USD_mn,USD,A,high,1,annual,Weibo 2025 Form 20-F XBRL tables,https://www.sec.gov/Archives/edgar/data/1595761/000110465926047217/R1.htm,2026-04-23,2026-08-01,"2025 Form 20-F consolidated US GAAP data; income statement, cash-flow or EPS table."
WB-P3-0072,WB,P3,financial_normalized,fact,company,WB,stock_based_compensation,2023A,annual,Global,not_applicable,101.131,,,USD_mn,USD,A,high,1,annual,Weibo 2025 Form 20-F XBRL tables,https://www.sec.gov/Archives/edgar/data/1595761/000110465926047217/R1.htm,2026-04-23,2026-08-01,"2025 Form 20-F consolidated US GAAP data; income statement, cash-flow or EPS table."
WB-P3-0073,WB,P3,financial_normalized,fact,company,WB,stock_based_compensation,2024A,annual,Global,not_applicable,69.714,,,USD_mn,USD,A,high,1,annual,Weibo 2025 Form 20-F XBRL tables,https://www.sec.gov/Archives/edgar/data/1595761/000110465926047217/R1.htm,2026-04-23,2026-08-01,"2025 Form 20-F consolidated US GAAP data; income statement, cash-flow or EPS table."
WB-P3-0074,WB,P3,financial_normalized,fact,company,WB,stock_based_compensation,2025A,annual,Global,not_applicable,42.067,,,USD_mn,USD,A,high,1,annual,Weibo 2025 Form 20-F XBRL tables,https://www.sec.gov/Archives/edgar/data/1595761/000110465926047217/R1.htm,2026-04-23,2026-08-01,"2025 Form 20-F consolidated US GAAP data; income statement, cash-flow or EPS table."
WB-P3-0075,WB,P3,financial_normalized,fact,company,WB,basic_shares,2023A,annual,Global,not_applicable,235.56,,,shares_mn,N/A,A,high,1,annual,Weibo 2025 Form 20-F XBRL tables,https://www.sec.gov/Archives/edgar/data/1595761/000110465926047217/R1.htm,2026-04-23,2026-08-01,"2025 Form 20-F consolidated US GAAP data; income statement, cash-flow or EPS table."
WB-P3-0076,WB,P3,financial_normalized,fact,company,WB,basic_shares,2024A,annual,Global,not_applicable,237.324,,,shares_mn,N/A,A,high,1,annual,Weibo 2025 Form 20-F XBRL tables,https://www.sec.gov/Archives/edgar/data/1595761/000110465926047217/R1.htm,2026-04-23,2026-08-01,"2025 Form 20-F consolidated US GAAP data; income statement, cash-flow or EPS table."
WB-P3-0077,WB,P3,financial_normalized,fact,company,WB,basic_shares,2025A,annual,Global,not_applicable,238.787,,,shares_mn,N/A,A,high,1,annual,Weibo 2025 Form 20-F XBRL tables,https://www.sec.gov/Archives/edgar/data/1595761/000110465926047217/R1.htm,2026-04-23,2026-08-01,"2025 Form 20-F consolidated US GAAP data; income statement, cash-flow or EPS table."
WB-P3-0078,WB,P3,financial_normalized,fact,company,WB,diluted_shares,2023A,annual,Global,not_applicable,239.974,,,shares_mn,N/A,A,high,1,annual,Weibo 2025 Form 20-F XBRL tables,https://www.sec.gov/Archives/edgar/data/1595761/000110465926047217/R1.htm,2026-04-23,2026-08-01,"2025 Form 20-F consolidated US GAAP data; income statement, cash-flow or EPS table."
WB-P3-0079,WB,P3,financial_normalized,fact,company,WB,diluted_shares,2024A,annual,Global,not_applicable,265.241,,,shares_mn,N/A,A,high,1,annual,Weibo 2025 Form 20-F XBRL tables,https://www.sec.gov/Archives/edgar/data/1595761/000110465926047217/R1.htm,2026-04-23,2026-08-01,"2025 Form 20-F consolidated US GAAP data; income statement, cash-flow or EPS table."
WB-P3-0080,WB,P3,financial_normalized,fact,company,WB,diluted_shares,2025A,annual,Global,not_applicable,268.56,,,shares_mn,N/A,A,high,1,annual,Weibo 2025 Form 20-F XBRL tables,https://www.sec.gov/Archives/edgar/data/1595761/000110465926047217/R1.htm,2026-04-23,2026-08-01,"2025 Form 20-F consolidated US GAAP data; income statement, cash-flow or EPS table."
WB-P3-0081,WB,P3,financial_normalized,estimate,company,WB,gaap_operating_margin,2023A,annual,Global,not_applicable,26.8737,,,%,N/A,E,high,1,annual,Weibo 2025 Form 20-F,https://www.sec.gov/Archives/edgar/data/1595761/000110465926047217/wb-20251231x20f.htm,2026-04-23,2026-08-01,营业利润/收入。
WB-P3-0082,WB,P3,financial_normalized,estimate,company,WB,gaap_operating_margin,2024A,annual,Global,not_applicable,28.1718,,,%,N/A,E,high,1,annual,Weibo 2025 Form 20-F,https://www.sec.gov/Archives/edgar/data/1595761/000110465926047217/wb-20251231x20f.htm,2026-04-23,2026-08-01,营业利润/收入。
WB-P3-0083,WB,P3,financial_normalized,estimate,company,WB,gaap_operating_margin,2025A,annual,Global,not_applicable,26.4529,,,%,N/A,E,high,1,annual,Weibo 2025 Form 20-F,https://www.sec.gov/Archives/edgar/data/1595761/000110465926047217/wb-20251231x20f.htm,2026-04-23,2026-08-01,营业利润/收入。
WB-P3-0084,WB,P3,financial_normalized,estimate,company,WB,fcf_proxy,2023A,annual,Global,not_applicable,636.048,,,USD_mn,USD,E,high,1,annual,Weibo 2025 Form 20-F,https://www.sec.gov/Archives/edgar/data/1595761/000110465926047217/wb-20251231x20f.htm,2026-04-23,2026-08-01,经营现金流减总资本开支；不是所有者收益。
WB-P3-0085,WB,P3,financial_normalized,estimate,company,WB,fcf_proxy,2024A,annual,Global,not_applicable,578.429,,,USD_mn,USD,E,high,1,annual,Weibo 2025 Form 20-F,https://www.sec.gov/Archives/edgar/data/1595761/000110465926047217/wb-20251231x20f.htm,2026-04-23,2026-08-01,经营现金流减总资本开支；不是所有者收益。
WB-P3-0086,WB,P3,financial_normalized,estimate,company,WB,fcf_proxy,2025A,annual,Global,not_applicable,477.111,,,USD_mn,USD,E,high,1,annual,Weibo 2025 Form 20-F,https://www.sec.gov/Archives/edgar/data/1595761/000110465926047217/wb-20251231x20f.htm,2026-04-23,2026-08-01,经营现金流减总资本开支；不是所有者收益。
WB-P3-0087,WB,P3,financial_normalized,estimate,company,WB,fcf_proxy_margin,2023A,annual,Global,not_applicable,36.1425,,,%,N/A,E,high,1,annual,Weibo 2025 Form 20-F,https://www.sec.gov/Archives/edgar/data/1595761/000110465926047217/wb-20251231x20f.htm,2026-04-23,2026-08-01,FCF代理/收入。
WB-P3-0088,WB,P3,financial_normalized,estimate,company,WB,fcf_proxy_margin,2024A,annual,Global,not_applicable,32.963,,,%,N/A,E,high,1,annual,Weibo 2025 Form 20-F,https://www.sec.gov/Archives/edgar/data/1595761/000110465926047217/wb-20251231x20f.htm,2026-04-23,2026-08-01,FCF代理/收入。
WB-P3-0089,WB,P3,financial_normalized,estimate,company,WB,fcf_proxy_margin,2025A,annual,Global,not_applicable,27.1519,,,%,N/A,E,high,1,annual,Weibo 2025 Form 20-F,https://www.sec.gov/Archives/edgar/data/1595761/000110465926047217/wb-20251231x20f.htm,2026-04-23,2026-08-01,FCF代理/收入。
WB-P3-0090,WB,P3,financial_normalized,estimate,company,WB,net_nonoperating_income,2025A,annual,Global,not_applicable,140.771,,,USD_mn,USD,E,high,1,annual,Weibo 2025 Form 20-F,https://www.sec.gov/Archives/edgar/data/1595761/000110465926047217/wb-20251231x20f.htm,2026-04-23,2026-08-01,权益法、投资、公允价值、利息和其他非经营项目的合计近似。
WB-P3-0091,WB,P3,financial_normalized,estimate,company,WB,gaap_net_income_minus_operating_after_tax_proxy,2025A,annual,Global,not_applicable,100.401,,,USD_mn,USD,E,high,1,annual,Weibo 2025 Form 20-F,https://www.sec.gov/Archives/edgar/data/1595761/000110465926047217/wb-20251231x20f.htm,2026-04-23,2026-08-01,用于说明GAAP净利润被非经营收益显著抬高，不是正式会计调整。
WB-P3-0092,WB,P3,owner_earnings,estimate,company,WB,normalized_operating_tax_rate,2023A,annual,Global,not_applicable,25.0,,,%,N/A,H,medium,1,annual,WB P2 阶段报告,WB_P2_业务实质App规模竞争与护城河.md,2026-08-01,2026-08-01,统一按25%税率估算持续经营税负；P4可结合地域、预提税和实际税率再校准。
WB-P3-0093,WB,P3,owner_earnings,estimate,company,WB,after_tax_normalized_operating_profit,2023A,annual,Global,not_applicable,354.701,,,USD_mn,USD,E,medium,1,annual,Weibo 2025 Form 20-F,https://www.sec.gov/Archives/edgar/data/1595761/000110465926047217/wb-20251231x20f.htm,2026-04-23,2026-08-01,GAAP营业利润×(1-25%)；SBC已包含在营业费用中，未加回。
WB-P3-0094,WB,P3,owner_earnings,estimate,company,WB,maintenance_capex_proxy,2023A,annual,Global,not_applicable,36.772,,,USD_mn,USD,H,medium,1,annual,Weibo 2025 Form 20-F,https://www.sec.gov/Archives/edgar/data/1595761/000110465926047217/wb-20251231x20f.htm,2026-04-23,2026-08-01,暂以全部资本开支作为维持性资本开支，属于保守口径。
WB-P3-0095,WB,P3,owner_earnings,estimate,company,WB,normalized_working_capital_increase,2023A,annual,Global,not_applicable,0.0,,,USD_mn,USD,H,low,0,annual,WB P2 阶段报告,WB_P2_业务实质App规模竞争与护城河.md,2026-08-01,2026-08-01,周期正常化假设为0；不以单年营运资本释放抬高所有者收益。
WB-P3-0096,WB,P3,owner_earnings,estimate,company,WB,normalized_owner_earnings,2023A,annual,Global,not_applicable,376.438,,,USD_mn,USD,E,medium,1,annual,Weibo 2025 Form 20-F,https://www.sec.gov/Archives/edgar/data/1595761/000110465926047217/wb-20251231x20f.htm,2026-04-23,2026-08-01,GAAP营业利润税后 + D&A - 维持性Capex - 正常化营运资本增加；本期D&A=58.509。
WB-P3-0097,WB,P3,owner_earnings,estimate,company,WB,normalized_operating_tax_rate,2024A,annual,Global,not_applicable,25.0,,,%,N/A,H,medium,1,annual,WB P2 阶段报告,WB_P2_业务实质App规模竞争与护城河.md,2026-08-01,2026-08-01,统一按25%税率估算持续经营税负；P4可结合地域、预提税和实际税率再校准。
WB-P3-0098,WB,P3,owner_earnings,estimate,company,WB,after_tax_normalized_operating_profit,2024A,annual,Global,not_applicable,370.743,,,USD_mn,USD,E,medium,1,annual,Weibo 2025 Form 20-F,https://www.sec.gov/Archives/edgar/data/1595761/000110465926047217/wb-20251231x20f.htm,2026-04-23,2026-08-01,GAAP营业利润×(1-25%)；SBC已包含在营业费用中，未加回。
WB-P3-0099,WB,P3,owner_earnings,estimate,company,WB,maintenance_capex_proxy,2024A,annual,Global,not_applicable,61.469,,,USD_mn,USD,H,medium,1,annual,Weibo 2025 Form 20-F,https://www.sec.gov/Archives/edgar/data/1595761/000110465926047217/wb-20251231x20f.htm,2026-04-23,2026-08-01,暂以全部资本开支作为维持性资本开支，属于保守口径。
WB-P3-0100,WB,P3,owner_earnings,estimate,company,WB,normalized_working_capital_increase,2024A,annual,Global,not_applicable,0.0,,,USD_mn,USD,H,low,0,annual,WB P2 阶段报告,WB_P2_业务实质App规模竞争与护城河.md,2026-08-01,2026-08-01,周期正常化假设为0；不以单年营运资本释放抬高所有者收益。
WB-P3-0101,WB,P3,owner_earnings,estimate,company,WB,normalized_owner_earnings,2024A,annual,Global,not_applicable,367.411,,,USD_mn,USD,E,medium,1,annual,Weibo 2025 Form 20-F,https://www.sec.gov/Archives/edgar/data/1595761/000110465926047217/wb-20251231x20f.htm,2026-04-23,2026-08-01,GAAP营业利润税后 + D&A - 维持性Capex - 正常化营运资本增加；本期D&A=58.137。
WB-P3-0102,WB,P3,owner_earnings,estimate,company,WB,normalized_operating_tax_rate,2025A,annual,Global,not_applicable,25.0,,,%,N/A,H,medium,1,annual,WB P2 阶段报告,WB_P2_业务实质App规模竞争与护城河.md,2026-08-01,2026-08-01,统一按25%税率估算持续经营税负；P4可结合地域、预提税和实际税率再校准。
WB-P3-0103,WB,P3,owner_earnings,estimate,company,WB,after_tax_normalized_operating_profit,2025A,annual,Global,not_applicable,348.619,,,USD_mn,USD,E,medium,1,annual,Weibo 2025 Form 20-F,https://www.sec.gov/Archives/edgar/data/1595761/000110465926047217/wb-20251231x20f.htm,2026-04-23,2026-08-01,GAAP营业利润×(1-25%)；SBC已包含在营业费用中，未加回。
WB-P3-0104,WB,P3,owner_earnings,estimate,company,WB,maintenance_capex_proxy,2025A,annual,Global,not_applicable,42.368,,,USD_mn,USD,H,medium,1,annual,Weibo 2025 Form 20-F,https://www.sec.gov/Archives/edgar/data/1595761/000110465926047217/wb-20251231x20f.htm,2026-04-23,2026-08-01,暂以全部资本开支作为维持性资本开支，属于保守口径。
WB-P3-0105,WB,P3,owner_earnings,estimate,company,WB,normalized_working_capital_increase,2025A,annual,Global,not_applicable,0.0,,,USD_mn,USD,H,low,0,annual,WB P2 阶段报告,WB_P2_业务实质App规模竞争与护城河.md,2026-08-01,2026-08-01,周期正常化假设为0；不以单年营运资本释放抬高所有者收益。
WB-P3-0106,WB,P3,owner_earnings,estimate,company,WB,normalized_owner_earnings,2025A,annual,Global,not_applicable,365.339,,,USD_mn,USD,E,medium,1,annual,Weibo 2025 Form 20-F,https://www.sec.gov/Archives/edgar/data/1595761/000110465926047217/wb-20251231x20f.htm,2026-04-23,2026-08-01,GAAP营业利润税后 + D&A - 维持性Capex - 正常化营运资本增加；本期D&A=59.088。
WB-P3-0107,WB,P3,owner_earnings,estimate,company,WB,three_year_average_owner_earnings,2023A-2025A,point_in_time,Global,not_applicable,369.729,,,USD_mn,USD,E,medium,1,annual,Weibo 2025 Form 20-F,https://www.sec.gov/Archives/edgar/data/1595761/000110465926047217/wb-20251231x20f.htm,2026-04-23,2026-08-01,三年营业利润稳定性高于GAAP净利润；作为P4经营预测的初始中枢。
WB-P3-0108,WB,P3,owner_earnings,assumption,company,WB,sustainable_owner_earnings_anchor,P3,point_in_time,Global,bear,330.0,,,USD_mn,USD,H,low,1,annual,WB P2 阶段报告,WB_P2_业务实质App规模竞争与护城河.md,2026-08-01,2026-08-01,利润率下滑、维持性投入和税费压力加大。
WB-P3-0109,WB,P3,owner_earnings,estimate,company,WB,owner_earnings_per_diluted_ADS,P3,point_in_time,Global,bear,1.2288,,,USD_per_ADS,USD,E,low,1,annual,Weibo 2025 Form 20-F,https://www.sec.gov/Archives/edgar/data/1595761/000110465926047217/wb-20251231x20f.htm,2026-04-23,2026-08-01,使用2025 diluted shares 268.560m；仅为盈利锚，不是估值。
WB-P3-0110,WB,P3,owner_earnings,assumption,company,WB,sustainable_owner_earnings_anchor,P3,point_in_time,Global,base,370.0,,,USD_mn,USD,H,medium,1,annual,WB P2 阶段报告,WB_P2_业务实质App规模竞争与护城河.md,2026-08-01,2026-08-01,接近2023—2025三年平均。
WB-P3-0111,WB,P3,owner_earnings,estimate,company,WB,owner_earnings_per_diluted_ADS,P3,point_in_time,Global,base,1.3777,,,USD_per_ADS,USD,E,medium,1,annual,Weibo 2025 Form 20-F,https://www.sec.gov/Archives/edgar/data/1595761/000110465926047217/wb-20251231x20f.htm,2026-04-23,2026-08-01,使用2025 diluted shares 268.560m；仅为盈利锚，不是估值。
WB-P3-0112,WB,P3,owner_earnings,assumption,company,WB,sustainable_owner_earnings_anchor,P3,point_in_time,Global,bull,410.0,,,USD_mn,USD,H,low,1,annual,WB P2 阶段报告,WB_P2_业务实质App规模竞争与护城河.md,2026-08-01,2026-08-01,广告效率恢复但不假设重新高增长。
WB-P3-0113,WB,P3,owner_earnings,estimate,company,WB,owner_earnings_per_diluted_ADS,P3,point_in_time,Global,bull,1.5267,,,USD_per_ADS,USD,E,low,1,annual,Weibo 2025 Form 20-F,https://www.sec.gov/Archives/edgar/data/1595761/000110465926047217/wb-20251231x20f.htm,2026-04-23,2026-08-01,使用2025 diluted shares 268.560m；仅为盈利锚，不是估值。
WB-P3-0114,WB,P3,owner_earnings,estimate,company,WB,2025_FCF_proxy_minus_base_owner_earnings,2025A,point_in_time,Global,not_applicable,107.111,,,USD_mn,USD,E,medium,1,annual,Weibo 2025 Form 20-F,https://www.sec.gov/Archives/edgar/data/1595761/000110465926047217/wb-20251231x20f.htm,2026-04-23,2026-08-01,477.111m FCF代理减370m所有者收益中枢；差异包括SBC加回、营运资本、利息及其他资产收益等。
WB-P3-0115,WB,P3,owner_earnings,conclusion,company,WB,non_GAAP_limitation,P3,point_in_time,Global,not_applicable,公司Non-GAAP净利润不等于所有者收益,,,text,N/A,H,high,1,annual,Weibo FY2025/Q4 results,https://www.sec.gov/Archives/edgar/data/1595761/000110465926029771/tm268894d2_ex99-1.htm,2026-03-18,2026-08-01,Non-GAAP加回SBC与收购摊销，且仍混入利息和投资相关项目；不能直接资本化后再加投资资产。
WB-P3-0116,WB,P3,cash_adjustment,fact,asset,liquid_cash,cash_and_cash_equivalents,2025A,point_in_time,Global,not_applicable,2298.941,,,USD_mn,USD,A,high,1,annual,Weibo 2025 Form 20-F,https://www.sec.gov/Archives/edgar/data/1595761/000110465926047217/wb-20251231x20f.htm,2026-04-23,2026-08-01,现金，但85%的现金及短投为人民币口径，存在汇出与税费限制。
WB-P3-0117,WB,P3,cash_adjustment,fact,asset,liquid_cash,short_term_investments,2025A,point_in_time,Global,not_applicable,106.139,,,USD_mn,USD,A,high,1,annual,Weibo 2025 Form 20-F,https://www.sec.gov/Archives/edgar/data/1595761/000110465926047217/wb-20251231x20f.htm,2026-04-23,2026-08-01,与现金合计24.051亿美元。
WB-P3-0118,WB,P3,cash_adjustment,fact,asset,quasi_liquid,long_term_wealth_management_products,2025A,point_in_time,Global,not_applicable,620.459,,,USD_mn,USD,A,high,1,annual,Weibo 2025 Form 20-F,https://www.sec.gov/Archives/edgar/data/1595761/000110465926047217/wb-20251231x20f.htm,2026-04-23,2026-08-01,部分按公允价值、部分按摊余成本，不等于现金。
WB-P3-0119,WB,P3,cash_adjustment,fact,asset,investment_asset,long_term_investments_total,2025A,point_in_time,Global,not_applicable,1663.346,,,USD_mn,USD,A,high,1,annual,Weibo 2025 Form 20-F,https://www.sec.gov/Archives/edgar/data/1595761/000110465926047217/wb-20251231x20f.htm,2026-04-23,2026-08-01,包括权益法、无可观察公允价值投资及滴滴。
WB-P3-0120,WB,P3,cash_adjustment,fact,asset,investment_asset,equity_method_investments,2025A,point_in_time,Global,not_applicable,1213.564,,,USD_mn,USD,A,high,1,annual,Weibo 2025 Form 20-F,https://www.sec.gov/Archives/edgar/data/1595761/000110465926047217/wb-20251231x20f.htm,2026-04-23,2026-08-01,绝对金额最大，流动性及可出售性不透明。
WB-P3-0121,WB,P3,cash_adjustment,fact,asset,investment_asset,investments_without_readily_determinable_fair_value,2025A,point_in_time,Global,not_applicable,291.692,,,USD_mn,USD,A,high,1,annual,Weibo 2025 Form 20-F,https://www.sec.gov/Archives/edgar/data/1595761/000110465926047217/wb-20251231x20f.htm,2026-04-23,2026-08-01,初始成本与历史下调差异较大，需重折价。
WB-P3-0122,WB,P3,cash_adjustment,fact,asset,investment_asset,Didi_marketable_investment,2025A,point_in_time,Global,not_applicable,158.09,,,USD_mn,USD,A,high,1,annual,Weibo 2025 Form 20-F,https://www.sec.gov/Archives/edgar/data/1595761/000110465926047217/wb-20251231x20f.htm,2026-04-23,2026-08-01,可观察市场价格，但仍需考虑处置与税费。
WB-P3-0123,WB,P3,cash_adjustment,fact,asset,related_receivable,amount_due_from_SINA,2025A,point_in_time,Global,not_applicable,441.143,,,USD_mn,USD,A,high,1,annual,Weibo 2025 Form 20-F,https://www.sec.gov/Archives/edgar/data/1595761/000110465926047217/wb-20251231x20f.htm,2026-04-23,2026-08-01,其中贷款及利息约401.9m，短期滚动。
WB-P3-0124,WB,P3,cash_adjustment,fact,asset,related_receivable,loans_to_other_related_parties_current,2025A,point_in_time,Global,not_applicable,105.658,,,USD_mn,USD,A,high,1,annual,Weibo 2025 Form 20-F,https://www.sec.gov/Archives/edgar/data/1595761/000110465926047217/wb-20251231x20f.htm,2026-04-23,2026-08-01,其他关联方贷款。
WB-P3-0125,WB,P3,cash_adjustment,fact,asset,related_receivable,loans_to_other_related_parties_noncurrent,2025A,point_in_time,Global,not_applicable,438.47,,,USD_mn,USD,A,high,1,annual,Weibo 2025 Form 20-F,https://www.sec.gov/Archives/edgar/data/1595761/000110465926047217/wb-20251231x20f.htm,2026-04-23,2026-08-01,含房地产相关借款，期限最长约5年并可能展期。
WB-P3-0126,WB,P3,cash_adjustment,fact,asset,loan_receivable,third_party_loans_current,2025A,point_in_time,Global,not_applicable,133.55,,,USD_mn,USD,A,high,1,annual,Weibo 2025 Form 20-F,https://www.sec.gov/Archives/edgar/data/1595761/000110465926047217/wb-20251231x20f.htm,2026-04-23,2026-08-01,第三方贷款，回收性高于关联贷款但非现金。
WB-P3-0127,WB,P3,cash_adjustment,fact,asset,other_asset,investment_deposits,2025A,point_in_time,Global,not_applicable,33.247,,,USD_mn,USD,A,high,1,annual,Weibo 2025 Form 20-F,https://www.sec.gov/Archives/edgar/data/1595761/000110465926047217/wb-20251231x20f.htm,2026-04-23,2026-08-01,投资相关保证金/存款。
WB-P3-0128,WB,P3,cash_adjustment,fact,debt,debt,convertible_senior_notes_carrying,2025A,point_in_time,Global,not_applicable,323.944,,,USD_mn,USD,A,high,1,annual,Weibo 2025 Form 20-F,https://www.sec.gov/Archives/edgar/data/1595761/000110465926047217/wb-20251231x20f.htm,2026-04-23,2026-08-01,1.375%可转债2030到期，首次put date为2027年12月。
WB-P3-0129,WB,P3,cash_adjustment,fact,debt,debt,unsecured_senior_notes_carrying,2025A,point_in_time,Global,not_applicable,745.63,,,USD_mn,USD,A,high,1,annual,Weibo 2025 Form 20-F,https://www.sec.gov/Archives/edgar/data/1595761/000110465926047217/wb-20251231x20f.htm,2026-04-23,2026-08-01,3.375%票据2030到期。
WB-P3-0130,WB,P3,cash_adjustment,fact,debt,debt,long_term_loans_carrying,2025A,point_in_time,Global,not_applicable,793.976,,,USD_mn,USD,A,high,1,annual,Weibo 2025 Form 20-F,https://www.sec.gov/Archives/edgar/data/1595761/000110465926047217/wb-20251231x20f.htm,2026-04-23,2026-08-01,2027 term loan，SOFR+约1.28%。
WB-P3-0131,WB,P3,cash_adjustment,fact,debt,debt,gross_debt_carrying,2025A,point_in_time,Global,not_applicable,1863.55,,,USD_mn,USD,A,high,1,annual,Weibo 2025 Form 20-F,https://www.sec.gov/Archives/edgar/data/1595761/000110465926047217/wb-20251231x20f.htm,2026-04-23,2026-08-01,三类有息债务账面合计。
WB-P3-0132,WB,P3,cash_adjustment,fact,restriction,restriction,restricted_net_assets,2025A,point_in_time,Global,not_applicable,728.3,,,USD_mn,USD,A,high,1,annual,Weibo 2025 Form 20-F,https://www.sec.gov/Archives/edgar/data/1595761/000110465926047217/wb-20251231x20f.htm,2026-04-23,2026-08-01,约占合并净资产18.2%，影响上游分配自由度。
WB-P3-0133,WB,P3,cash_adjustment,fact,restriction,restriction,PRC_statutory_general_reserves,2025A,point_in_time,Global,not_applicable,145.9,,,USD_mn,USD,A,high,1,annual,Weibo 2025 Form 20-F,https://www.sec.gov/Archives/edgar/data/1595761/000110465926047217/wb-20251231x20f.htm,2026-04-23,2026-08-01,法定及一般储备不可直接分配。
WB-P3-0134,WB,P3,cash_adjustment,fact,restriction,restriction,RMB_cash_and_short_term_investments,2025A,point_in_time,Global,not_applicable,2039.6,,,USD_mn,USD,A,high,1,annual,Weibo 2025 Form 20-F,https://www.sec.gov/Archives/edgar/data/1595761/000110465926047217/wb-20251231x20f.htm,2026-04-23,2026-08-01,约占现金及短投85%。
WB-P3-0135,WB,P3,data_correction,conclusion,debt,历史债务口径,P1_debt_label_correction,2025A,point_in_time,Global,not_applicable,P1中出现的“2025-11 800m convertible”不应作为当前债务；当前主要债务为2027 term loan、2030 notes和2030 convertible,,,text,N/A,A,high,1,annual,Weibo 2025 Form 20-F,https://www.sec.gov/Archives/edgar/data/1595761/000110465926047217/wb-20251231x20f.htm,2026-04-23,2026-08-01,旧2022可转债和2024票据均已偿还；P3起以2025 Form 20-F债务附注为准。
WB-P3-0136,WB,P3,cash_adjustment,fact,company,PRC_to_HK_cash_remittance,WFOE_dividend_to_Weibo_HK,2023A,annual,Global,not_applicable,406.1,,,USD_mn,USD,A,high,1,annual,Weibo 2025 Form 20-F,https://www.sec.gov/Archives/edgar/data/1595761/000110465926047217/wb-20251231x20f.htm,2026-04-23,2026-08-01,证明境内利润并非绝对不可汇出。
WB-P3-0137,WB,P3,cash_adjustment,fact,company,PRC_to_HK_cash_remittance,WFOE_dividend_to_Weibo_HK,2024A,annual,Global,not_applicable,401.6,,,USD_mn,USD,A,high,1,annual,Weibo 2025 Form 20-F,https://www.sec.gov/Archives/edgar/data/1595761/000110465926047217/wb-20251231x20f.htm,2026-04-23,2026-08-01,证明境内利润并非绝对不可汇出。
WB-P3-0138,WB,P3,cash_adjustment,fact,company,PRC_to_HK_cash_remittance,withholding_tax_on_WFOE_dividend,2023A,annual,Global,not_applicable,20.5,,,USD_mn,USD,A,high,1,annual,Weibo 2025 Form 20-F,https://www.sec.gov/Archives/edgar/data/1595761/000110465926047217/wb-20251231x20f.htm,2026-04-23,2026-08-01,约5%预提税。
WB-P3-0139,WB,P3,cash_adjustment,fact,company,PRC_to_HK_cash_remittance,withholding_tax_on_WFOE_dividend,2024A,annual,Global,not_applicable,20.1,,,USD_mn,USD,A,high,1,annual,Weibo 2025 Form 20-F,https://www.sec.gov/Archives/edgar/data/1595761/000110465926047217/wb-20251231x20f.htm,2026-04-23,2026-08-01,约5%预提税。
WB-P3-0140,WB,P3,cash_adjustment,fact,company,PRC_to_HK_cash_remittance,withholding_tax_accrual_for_future_remittance,2025A,annual,Global,not_applicable,41.9,,,USD_mn,USD,A,high,1,annual,Weibo 2025 Form 20-F,https://www.sec.gov/Archives/edgar/data/1595761/000110465926047217/wb-20251231x20f.htm,2026-04-23,2026-08-01,公司为未来汇出需求计提相关预提税。
WB-P3-0141,WB,P3,cash_adjustment,assumption,scenario,资产回收情景,long_term_WMP_recovery_rate,P3,point_in_time,Global,bear,70.0,,,%,N/A,H,low,1,annual,WB P2 阶段报告,WB_P2_业务实质App规模竞争与护城河.md,2026-08-01,2026-08-01,长期理财回收率假设。
WB-P3-0142,WB,P3,cash_adjustment,assumption,scenario,资产回收情景,operating_cash_buffer,P3,point_in_time,Global,bear,600.0,,,USD_mn,USD,H,low,1,annual,WB P2 阶段报告,WB_P2_业务实质App规模竞争与护城河.md,2026-08-01,2026-08-01,为广告业务、监管、债务及波动保留的经营安全垫。
WB-P3-0143,WB,P3,cash_adjustment,assumption,scenario,资产回收情景,remittance_tax_and_friction_reserve,P3,point_in_time,Global,bear,150.0,,,USD_mn,USD,H,low,1,annual,WB P2 阶段报告,WB_P2_业务实质App规模竞争与护城河.md,2026-08-01,2026-08-01,汇出税费、时间及结构摩擦储备。
WB-P3-0144,WB,P3,cash_adjustment,assumption,scenario,资产回收情景,Didi_recovery_rate,P3,point_in_time,Global,bear,80.0,,,%,N/A,H,low,1,annual,WB P2 阶段报告,WB_P2_业务实质App规模竞争与护城河.md,2026-08-01,2026-08-01,上市证券的税费及处置折价。
WB-P3-0145,WB,P3,cash_adjustment,assumption,scenario,资产回收情景,no_readily_determinable_FV_recovery_rate,P3,point_in_time,Global,bear,10.0,,,%,N/A,H,low,1,annual,WB P2 阶段报告,WB_P2_业务实质App规模竞争与护城河.md,2026-08-01,2026-08-01,缺乏流动性和透明度。
WB-P3-0146,WB,P3,cash_adjustment,assumption,scenario,资产回收情景,equity_method_investment_recovery_rate,P3,point_in_time,Global,bear,25.0,,,%,N/A,H,low,1,annual,WB P2 阶段报告,WB_P2_业务实质App规模竞争与护城河.md,2026-08-01,2026-08-01,绝对金额最大，需较大折价。
WB-P3-0147,WB,P3,cash_adjustment,assumption,scenario,资产回收情景,SINA_receivable_recovery_rate,P3,point_in_time,Global,bear,25.0,,,%,N/A,H,low,1,annual,WB P2 阶段报告,WB_P2_业务实质App规模竞争与护城河.md,2026-08-01,2026-08-01,关联方信用、诉讼及控制权联动。
WB-P3-0148,WB,P3,cash_adjustment,assumption,scenario,资产回收情景,other_related_loans_recovery_rate,P3,point_in_time,Global,bear,15.0,,,%,N/A,H,low,1,annual,WB P2 阶段报告,WB_P2_业务实质App规模竞争与护城河.md,2026-08-01,2026-08-01,关联方和房地产借款风险。
WB-P3-0149,WB,P3,cash_adjustment,assumption,scenario,资产回收情景,third_party_loans_recovery_rate,P3,point_in_time,Global,bear,50.0,,,%,N/A,H,low,1,annual,WB P2 阶段报告,WB_P2_业务实质App规模竞争与护城河.md,2026-08-01,2026-08-01,第三方贷款回收假设。
WB-P3-0150,WB,P3,cash_adjustment,assumption,scenario,资产回收情景,investment_deposit_recovery_rate,P3,point_in_time,Global,bear,25.0,,,%,N/A,H,low,1,annual,WB P2 阶段报告,WB_P2_业务实质App规模竞争与护城河.md,2026-08-01,2026-08-01,投资保证金/存款回收假设。
WB-P3-0151,WB,P3,cash_adjustment,estimate,scenario,资产回收情景,net_distributable_liquid_cash,P3,point_in_time,Global,bear,225.851,,,USD_mn,USD,E,low,1,annual,Weibo 2025 Form 20-F,https://www.sec.gov/Archives/edgar/data/1595761/000110465926047217/wb-20251231x20f.htm,2026-04-23,2026-08-01,现金及短投 + 折价后长期理财 - 有息债务 - 经营安全垫 - 汇出税费/摩擦。
WB-P3-0152,WB,P3,cash_adjustment,estimate,scenario,资产回收情景,recoverable_other_assets,P3,point_in_time,Global,bear,726.024,,,USD_mn,USD,E,low,1,annual,Weibo 2025 Form 20-F,https://www.sec.gov/Archives/edgar/data/1595761/000110465926047217/wb-20251231x20f.htm,2026-04-23,2026-08-01,滴滴、无可观察公允价值投资、权益法投资、SINA应收、其他关联/第三方贷款和投资存款折价合计。
WB-P3-0153,WB,P3,cash_adjustment,estimate,scenario,资产回收情景,total_asset_support_before_governance_discount,P3,point_in_time,Global,bear,951.875,,,USD_mn,USD,E,low,1,annual,Weibo 2025 Form 20-F,https://www.sec.gov/Archives/edgar/data/1595761/000110465926047217/wb-20251231x20f.htm,2026-04-23,2026-08-01,不含持续经营业务价值；尚未施加独立控制权/资本配置折价；不属于目标价。
WB-P3-0154,WB,P3,cash_adjustment,assumption,scenario,资产回收情景,long_term_WMP_recovery_rate,P3,point_in_time,Global,base,85.0,,,%,N/A,H,medium,1,annual,WB P2 阶段报告,WB_P2_业务实质App规模竞争与护城河.md,2026-08-01,2026-08-01,长期理财回收率假设。
WB-P3-0155,WB,P3,cash_adjustment,assumption,scenario,资产回收情景,operating_cash_buffer,P3,point_in_time,Global,base,450.0,,,USD_mn,USD,H,medium,1,annual,WB P2 阶段报告,WB_P2_业务实质App规模竞争与护城河.md,2026-08-01,2026-08-01,为广告业务、监管、债务及波动保留的经营安全垫。
WB-P3-0156,WB,P3,cash_adjustment,assumption,scenario,资产回收情景,remittance_tax_and_friction_reserve,P3,point_in_time,Global,base,100.0,,,USD_mn,USD,H,medium,1,annual,WB P2 阶段报告,WB_P2_业务实质App规模竞争与护城河.md,2026-08-01,2026-08-01,汇出税费、时间及结构摩擦储备。
WB-P3-0157,WB,P3,cash_adjustment,assumption,scenario,资产回收情景,Didi_recovery_rate,P3,point_in_time,Global,base,90.0,,,%,N/A,H,medium,1,annual,WB P2 阶段报告,WB_P2_业务实质App规模竞争与护城河.md,2026-08-01,2026-08-01,上市证券的税费及处置折价。
WB-P3-0158,WB,P3,cash_adjustment,assumption,scenario,资产回收情景,no_readily_determinable_FV_recovery_rate,P3,point_in_time,Global,base,30.0,,,%,N/A,H,medium,1,annual,WB P2 阶段报告,WB_P2_业务实质App规模竞争与护城河.md,2026-08-01,2026-08-01,缺乏流动性和透明度。
WB-P3-0159,WB,P3,cash_adjustment,assumption,scenario,资产回收情景,equity_method_investment_recovery_rate,P3,point_in_time,Global,base,45.0,,,%,N/A,H,medium,1,annual,WB P2 阶段报告,WB_P2_业务实质App规模竞争与护城河.md,2026-08-01,2026-08-01,绝对金额最大，需较大折价。
WB-P3-0160,WB,P3,cash_adjustment,assumption,scenario,资产回收情景,SINA_receivable_recovery_rate,P3,point_in_time,Global,base,50.0,,,%,N/A,H,medium,1,annual,WB P2 阶段报告,WB_P2_业务实质App规模竞争与护城河.md,2026-08-01,2026-08-01,关联方信用、诉讼及控制权联动。
WB-P3-0161,WB,P3,cash_adjustment,assumption,scenario,资产回收情景,other_related_loans_recovery_rate,P3,point_in_time,Global,base,35.0,,,%,N/A,H,medium,1,annual,WB P2 阶段报告,WB_P2_业务实质App规模竞争与护城河.md,2026-08-01,2026-08-01,关联方和房地产借款风险。
WB-P3-0162,WB,P3,cash_adjustment,assumption,scenario,资产回收情景,third_party_loans_recovery_rate,P3,point_in_time,Global,base,75.0,,,%,N/A,H,medium,1,annual,WB P2 阶段报告,WB_P2_业务实质App规模竞争与护城河.md,2026-08-01,2026-08-01,第三方贷款回收假设。
WB-P3-0163,WB,P3,cash_adjustment,assumption,scenario,资产回收情景,investment_deposit_recovery_rate,P3,point_in_time,Global,base,50.0,,,%,N/A,H,medium,1,annual,WB P2 阶段报告,WB_P2_业务实质App规模竞争与护城河.md,2026-08-01,2026-08-01,投资保证金/存款回收假设。
WB-P3-0164,WB,P3,cash_adjustment,estimate,scenario,资产回收情景,net_distributable_liquid_cash,P3,point_in_time,Global,base,518.92,,,USD_mn,USD,E,medium,1,annual,Weibo 2025 Form 20-F,https://www.sec.gov/Archives/edgar/data/1595761/000110465926047217/wb-20251231x20f.htm,2026-04-23,2026-08-01,现金及短投 + 折价后长期理财 - 有息债务 - 经营安全垫 - 汇出税费/摩擦。
WB-P3-0165,WB,P3,cash_adjustment,estimate,scenario,资产回收情景,recoverable_other_assets,P3,point_in_time,Global,base,1303.695,,,USD_mn,USD,E,medium,1,annual,Weibo 2025 Form 20-F,https://www.sec.gov/Archives/edgar/data/1595761/000110465926047217/wb-20251231x20f.htm,2026-04-23,2026-08-01,滴滴、无可观察公允价值投资、权益法投资、SINA应收、其他关联/第三方贷款和投资存款折价合计。
WB-P3-0166,WB,P3,cash_adjustment,estimate,scenario,资产回收情景,total_asset_support_before_governance_discount,P3,point_in_time,Global,base,1822.615,,,USD_mn,USD,E,medium,1,annual,Weibo 2025 Form 20-F,https://www.sec.gov/Archives/edgar/data/1595761/000110465926047217/wb-20251231x20f.htm,2026-04-23,2026-08-01,不含持续经营业务价值；尚未施加独立控制权/资本配置折价；不属于目标价。
WB-P3-0167,WB,P3,cash_adjustment,assumption,scenario,资产回收情景,long_term_WMP_recovery_rate,P3,point_in_time,Global,bull,95.0,,,%,N/A,H,low,1,annual,WB P2 阶段报告,WB_P2_业务实质App规模竞争与护城河.md,2026-08-01,2026-08-01,长期理财回收率假设。
WB-P3-0168,WB,P3,cash_adjustment,assumption,scenario,资产回收情景,operating_cash_buffer,P3,point_in_time,Global,bull,350.0,,,USD_mn,USD,H,low,1,annual,WB P2 阶段报告,WB_P2_业务实质App规模竞争与护城河.md,2026-08-01,2026-08-01,为广告业务、监管、债务及波动保留的经营安全垫。
WB-P3-0169,WB,P3,cash_adjustment,assumption,scenario,资产回收情景,remittance_tax_and_friction_reserve,P3,point_in_time,Global,bull,50.0,,,USD_mn,USD,H,low,1,annual,WB P2 阶段报告,WB_P2_业务实质App规模竞争与护城河.md,2026-08-01,2026-08-01,汇出税费、时间及结构摩擦储备。
WB-P3-0170,WB,P3,cash_adjustment,assumption,scenario,资产回收情景,Didi_recovery_rate,P3,point_in_time,Global,bull,95.0,,,%,N/A,H,low,1,annual,WB P2 阶段报告,WB_P2_业务实质App规模竞争与护城河.md,2026-08-01,2026-08-01,上市证券的税费及处置折价。
WB-P3-0171,WB,P3,cash_adjustment,assumption,scenario,资产回收情景,no_readily_determinable_FV_recovery_rate,P3,point_in_time,Global,bull,50.0,,,%,N/A,H,low,1,annual,WB P2 阶段报告,WB_P2_业务实质App规模竞争与护城河.md,2026-08-01,2026-08-01,缺乏流动性和透明度。
WB-P3-0172,WB,P3,cash_adjustment,assumption,scenario,资产回收情景,equity_method_investment_recovery_rate,P3,point_in_time,Global,bull,65.0,,,%,N/A,H,low,1,annual,WB P2 阶段报告,WB_P2_业务实质App规模竞争与护城河.md,2026-08-01,2026-08-01,绝对金额最大，需较大折价。
WB-P3-0173,WB,P3,cash_adjustment,assumption,scenario,资产回收情景,SINA_receivable_recovery_rate,P3,point_in_time,Global,bull,75.0,,,%,N/A,H,low,1,annual,WB P2 阶段报告,WB_P2_业务实质App规模竞争与护城河.md,2026-08-01,2026-08-01,关联方信用、诉讼及控制权联动。
WB-P3-0174,WB,P3,cash_adjustment,assumption,scenario,资产回收情景,other_related_loans_recovery_rate,P3,point_in_time,Global,bull,60.0,,,%,N/A,H,low,1,annual,WB P2 阶段报告,WB_P2_业务实质App规模竞争与护城河.md,2026-08-01,2026-08-01,关联方和房地产借款风险。
WB-P3-0175,WB,P3,cash_adjustment,assumption,scenario,资产回收情景,third_party_loans_recovery_rate,P3,point_in_time,Global,bull,90.0,,,%,N/A,H,low,1,annual,WB P2 阶段报告,WB_P2_业务实质App规模竞争与护城河.md,2026-08-01,2026-08-01,第三方贷款回收假设。
WB-P3-0176,WB,P3,cash_adjustment,assumption,scenario,资产回收情景,investment_deposit_recovery_rate,P3,point_in_time,Global,bull,75.0,,,%,N/A,H,low,1,annual,WB P2 阶段报告,WB_P2_业务实质App规模竞争与护城河.md,2026-08-01,2026-08-01,投资保证金/存款回收假设。
WB-P3-0177,WB,P3,cash_adjustment,estimate,scenario,资产回收情景,net_distributable_liquid_cash,P3,point_in_time,Global,bull,730.966,,,USD_mn,USD,E,low,1,annual,Weibo 2025 Form 20-F,https://www.sec.gov/Archives/edgar/data/1595761/000110465926047217/wb-20251231x20f.htm,2026-04-23,2026-08-01,现金及短投 + 折价后长期理财 - 有息债务 - 经营安全垫 - 汇出税费/摩擦。
WB-P3-0178,WB,P3,cash_adjustment,estimate,scenario,资产回收情景,recoverable_other_assets,P3,point_in_time,Global,bull,1887.312,,,USD_mn,USD,E,low,1,annual,Weibo 2025 Form 20-F,https://www.sec.gov/Archives/edgar/data/1595761/000110465926047217/wb-20251231x20f.htm,2026-04-23,2026-08-01,滴滴、无可观察公允价值投资、权益法投资、SINA应收、其他关联/第三方贷款和投资存款折价合计。
WB-P3-0179,WB,P3,cash_adjustment,estimate,scenario,资产回收情景,total_asset_support_before_governance_discount,P3,point_in_time,Global,bull,2618.278,,,USD_mn,USD,E,low,1,annual,Weibo 2025 Form 20-F,https://www.sec.gov/Archives/edgar/data/1595761/000110465926047217/wb-20251231x20f.htm,2026-04-23,2026-08-01,不含持续经营业务价值；尚未施加独立控制权/资本配置折价；不属于目标价。
WB-P3-0180,WB,P3,cash_adjustment,fact,asset,长期投资组合,investment_without_FV_initial_cost,2025A,point_in_time,Global,not_applicable,824.316,,,USD_mn,USD,A,high,1,annual,Weibo 2025 Form 20-F,https://www.sec.gov/Archives/edgar/data/1595761/000110465926047217/wb-20251231x20f.htm,2026-04-23,2026-08-01,历史初始成本。
WB-P3-0181,WB,P3,cash_adjustment,fact,asset,长期投资组合,investment_without_FV_cumulative_upward_adjustment,2025A,point_in_time,Global,not_applicable,92.736,,,USD_mn,USD,A,high,1,annual,Weibo 2025 Form 20-F,https://www.sec.gov/Archives/edgar/data/1595761/000110465926047217/wb-20251231x20f.htm,2026-04-23,2026-08-01,累计上调。
WB-P3-0182,WB,P3,cash_adjustment,fact,asset,长期投资组合,investment_without_FV_cumulative_downward_adjustment,2025A,point_in_time,Global,not_applicable,-624.38,,,USD_mn,USD,A,high,1,annual,Weibo 2025 Form 20-F,https://www.sec.gov/Archives/edgar/data/1595761/000110465926047217/wb-20251231x20f.htm,2026-04-23,2026-08-01,累计下调，显示历史价值损失显著。
WB-P3-0183,WB,P3,cash_adjustment,fact,asset,长期投资组合,2025_long_term_investment_additions,2025A,point_in_time,Global,not_applicable,186.395,,,USD_mn,USD,A,high,1,annual,Weibo 2025 Form 20-F,https://www.sec.gov/Archives/edgar/data/1595761/000110465926047217/wb-20251231x20f.htm,2026-04-23,2026-08-01,年内新增账面投资。
WB-P3-0184,WB,P3,cash_adjustment,fact,asset,长期投资组合,2025_long_term_investment_disposals,2025A,point_in_time,Global,not_applicable,-23.982,,,USD_mn,USD,A,high,1,annual,Weibo 2025 Form 20-F,https://www.sec.gov/Archives/edgar/data/1595761/000110465926047217/wb-20251231x20f.htm,2026-04-23,2026-08-01,年内处置减少。
WB-P3-0185,WB,P3,cash_adjustment,fact,asset,长期投资组合,2025_equity_method_income,2025A,point_in_time,Global,not_applicable,76.666,,,USD_mn,USD,A,high,1,annual,Weibo 2025 Form 20-F,https://www.sec.gov/Archives/edgar/data/1595761/000110465926047217/wb-20251231x20f.htm,2026-04-23,2026-08-01,提高GAAP净利润，但估值时不能与资产重复计价。
WB-P3-0186,WB,P3,cash_adjustment,fact,asset,长期投资组合,2025_dividends_from_equity_method_investees,2025A,point_in_time,Global,not_applicable,12.807,,,USD_mn,USD,A,high,1,annual,Weibo 2025 Form 20-F,https://www.sec.gov/Archives/edgar/data/1595761/000110465926047217/wb-20251231x20f.htm,2026-04-23,2026-08-01,现金回收相对权益法账面价值仍有限。
WB-P3-0187,WB,P3,cash_adjustment,fact,asset,长期投资组合,INMYSHOW_stake,2025A,point_in_time,Global,not_applicable,26.57,,,%,N/A,A,high,1,annual,Weibo 2025 Form 20-F,https://www.sec.gov/Archives/edgar/data/1595761/000110465926047217/wb-20251231x20f.htm,2026-04-23,2026-08-01,%；2023年与SINA共同控制交易取得。
WB-P3-0188,WB,P3,governance,fact,related_party,关联方交易,SINA_loan_and_interest_component,2025A,annual,Global,not_applicable,401.9,,,USD_mn,USD,A,high,1,annual,Weibo 2025 Form 20-F,https://www.sec.gov/Archives/edgar/data/1595761/000110465926047217/wb-20251231x20f.htm,2026-04-23,2026-08-01,1%—4%，一年内滚动；账面未计信用损失不代表无风险。
WB-P3-0189,WB,P3,governance,fact,related_party,关联方交易,other_related_party_loans_total,2025A,annual,Global,not_applicable,544.128,,,USD_mn,USD,A,high,1,annual,Weibo 2025 Form 20-F,https://www.sec.gov/Archives/edgar/data/1595761/000110465926047217/wb-20251231x20f.htm,2026-04-23,2026-08-01,其中与房地产相关借款约408.3m，另有经纪业务及其他关联借款。
WB-P3-0190,WB,P3,governance,fact,related_party,关联方交易,SINA_related_revenue,2025A,annual,Global,not_applicable,36.12,,,USD_mn,USD,A,high,1,annual,Weibo 2025 Form 20-F,https://www.sec.gov/Archives/edgar/data/1595761/000110465926047217/wb-20251231x20f.htm,2026-04-23,2026-08-01,与控制人仍有经营交易。
WB-P3-0191,WB,P3,governance,fact,related_party,关联方交易,SINA_allocated_costs,2025A,annual,Global,not_applicable,31.724,,,USD_mn,USD,A,high,1,annual,Weibo 2025 Form 20-F,https://www.sec.gov/Archives/edgar/data/1595761/000110465926047217/wb-20251231x20f.htm,2026-04-23,2026-08-01,与控制人仍有费用分摊。
WB-P3-0192,WB,P3,governance,fact,related_party,关联方交易,SINA_interest_income,2025A,annual,Global,not_applicable,10.847,,,USD_mn,USD,A,high,1,annual,Weibo 2025 Form 20-F,https://www.sec.gov/Archives/edgar/data/1595761/000110465926047217/wb-20251231x20f.htm,2026-04-23,2026-08-01,关联贷款贡献利息收入。
WB-P3-0193,WB,P3,governance,fact,related_party,关联方交易,Alibaba_advertising_revenue,2025A,annual,Global,not_applicable,173.834,,,USD_mn,USD,A,high,1,annual,Weibo 2025 Form 20-F,https://www.sec.gov/Archives/edgar/data/1595761/000110465926047217/wb-20251231x20f.htm,2026-04-23,2026-08-01,另一重要关联股东/客户贡献。
WB-P3-0194,WB,P3,governance,fact,entity,VIE及PRC运营实体,VIE_cash,2025A,point_in_time,Global,not_applicable,757.963,,,USD_mn,USD,A,high,1,annual,Weibo 2025 Form 20-F,https://www.sec.gov/Archives/edgar/data/1595761/000110465926047217/wb-20251231x20f.htm,2026-04-23,2026-08-01,VIE层面现金。
WB-P3-0195,WB,P3,governance,fact,entity,VIE及PRC运营实体,VIE_short_term_investments,2025A,point_in_time,Global,not_applicable,78.918,,,USD_mn,USD,A,high,1,annual,Weibo 2025 Form 20-F,https://www.sec.gov/Archives/edgar/data/1595761/000110465926047217/wb-20251231x20f.htm,2026-04-23,2026-08-01,VIE层面短投。
WB-P3-0196,WB,P3,governance,fact,entity,VIE及PRC运营实体,VIE_total_assets,2025A,point_in_time,Global,not_applicable,2211.626,,,USD_mn,USD,A,high,1,annual,Weibo 2025 Form 20-F,https://www.sec.gov/Archives/edgar/data/1595761/000110465926047217/wb-20251231x20f.htm,2026-04-23,2026-08-01,VIE合并明细资产。
WB-P3-0197,WB,P3,governance,fact,entity,VIE及PRC运营实体,VIE_total_liabilities,2025A,point_in_time,Global,not_applicable,2094.757,,,USD_mn,USD,A,high,1,annual,Weibo 2025 Form 20-F,https://www.sec.gov/Archives/edgar/data/1595761/000110465926047217/wb-20251231x20f.htm,2026-04-23,2026-08-01,含对集团内实体应付款。
WB-P3-0198,WB,P3,governance,fact,entity,VIE及PRC运营实体,VIE_revenue,2025A,point_in_time,Global,not_applicable,1509.928,,,USD_mn,USD,A,high,1,annual,Weibo 2025 Form 20-F,https://www.sec.gov/Archives/edgar/data/1595761/000110465926047217/wb-20251231x20f.htm,2026-04-23,2026-08-01,VIE贡献大部分集团收入。
WB-P3-0199,WB,P3,governance,fact,entity,VIE及PRC运营实体,VIE_net_income,2025A,point_in_time,Global,not_applicable,131.201,,,USD_mn,USD,A,high,1,annual,Weibo 2025 Form 20-F,https://www.sec.gov/Archives/edgar/data/1595761/000110465926047217/wb-20251231x20f.htm,2026-04-23,2026-08-01,明显低于集团净利润，因集团还持有大量金融资产。
WB-P3-0200,WB,P3,governance,fact,entity,VIE及PRC运营实体,VIE_operating_cash_flow,2025A,point_in_time,Global,not_applicable,60.922,,,USD_mn,USD,A,high,1,annual,Weibo 2025 Form 20-F,https://www.sec.gov/Archives/edgar/data/1595761/000110465926047217/wb-20251231x20f.htm,2026-04-23,2026-08-01,VIE层面经营现金流。
WB-P3-0201,WB,P3,governance,fact,entity,VIE及PRC运营实体,VIE_non_distributable_registered_capital_and_reserves,2025A,point_in_time,Global,not_applicable,210.9,,,USD_mn,USD,A,high,1,annual,Weibo 2025 Form 20-F,https://www.sec.gov/Archives/edgar/data/1595761/000110465926047217/wb-20251231x20f.htm,2026-04-23,2026-08-01,不可直接分配。
WB-P3-0202,WB,P3,capital_allocation,fact,company,WB,operating_cash_flow,2016A,annual,Global,not_applicable,236.244,,,USD_mn,USD,A,medium,1,annual,WB P2 阶段报告,WB_P2_业务实质App规模竞争与护城河.md,2026-08-01,2026-08-01,现金流量表或历史阶段数据；FCF代理为OCF-Capex。
WB-P3-0203,WB,P3,capital_allocation,fact,company,WB,capital_expenditure,2016A,annual,Global,not_applicable,13.253,,,USD_mn,USD,A,medium,1,annual,WB P2 阶段报告,WB_P2_业务实质App规模竞争与护城河.md,2026-08-01,2026-08-01,现金流量表或历史阶段数据；FCF代理为OCF-Capex。
WB-P3-0204,WB,P3,capital_allocation,fact,company,WB,fcf_proxy,2016A,annual,Global,not_applicable,222.991,,,USD_mn,USD,A,medium,1,annual,WB P2 阶段报告,WB_P2_业务实质App规模竞争与护城河.md,2026-08-01,2026-08-01,现金流量表或历史阶段数据；FCF代理为OCF-Capex。
WB-P3-0205,WB,P3,capital_allocation,fact,company,WB,long_term_investment_cash_outflow,2016A,annual,Global,not_applicable,155.122,,,USD_mn,USD,A,medium,1,annual,WB P2 阶段报告,WB_P2_业务实质App规模竞争与护城河.md,2026-08-01,2026-08-01,现金流量表或历史阶段数据；FCF代理为OCF-Capex。
WB-P3-0206,WB,P3,capital_allocation,fact,company,WB,acquisition_or_property_related_outflow,2016A,annual,Global,not_applicable,0.0,,,USD_mn,USD,A,medium,1,annual,WB P2 阶段报告,WB_P2_业务实质App规模竞争与护城河.md,2026-08-01,2026-08-01,现金流量表或历史阶段数据；FCF代理为OCF-Capex。
WB-P3-0207,WB,P3,capital_allocation,fact,company,WB,cash_dividends_paid,2016A,annual,Global,not_applicable,0.0,,,USD_mn,USD,A,medium,1,annual,WB P2 阶段报告,WB_P2_业务实质App规模竞争与护城河.md,2026-08-01,2026-08-01,现金流量表或历史阶段数据；FCF代理为OCF-Capex。
WB-P3-0208,WB,P3,capital_allocation,fact,company,WB,actual_share_repurchases,2016A,annual,Global,not_applicable,0.0,,,USD_mn,USD,A,medium,1,annual,WB P2 阶段报告,WB_P2_业务实质App规模竞争与护城河.md,2026-08-01,2026-08-01,现金流量表或历史阶段数据；FCF代理为OCF-Capex。
WB-P3-0209,WB,P3,capital_allocation,fact,company,WB,operating_cash_flow,2017A,annual,Global,not_applicable,539.151,,,USD_mn,USD,A,medium,1,annual,WB P2 阶段报告,WB_P2_业务实质App规模竞争与护城河.md,2026-08-01,2026-08-01,现金流量表或历史阶段数据；FCF代理为OCF-Capex。
WB-P3-0210,WB,P3,capital_allocation,fact,company,WB,capital_expenditure,2017A,annual,Global,not_applicable,20.454,,,USD_mn,USD,A,medium,1,annual,WB P2 阶段报告,WB_P2_业务实质App规模竞争与护城河.md,2026-08-01,2026-08-01,现金流量表或历史阶段数据；FCF代理为OCF-Capex。
WB-P3-0211,WB,P3,capital_allocation,fact,company,WB,fcf_proxy,2017A,annual,Global,not_applicable,518.697,,,USD_mn,USD,A,medium,1,annual,WB P2 阶段报告,WB_P2_业务实质App规模竞争与护城河.md,2026-08-01,2026-08-01,现金流量表或历史阶段数据；FCF代理为OCF-Capex。
WB-P3-0212,WB,P3,capital_allocation,fact,company,WB,long_term_investment_cash_outflow,2017A,annual,Global,not_applicable,54.64,,,USD_mn,USD,A,medium,1,annual,WB P2 阶段报告,WB_P2_业务实质App规模竞争与护城河.md,2026-08-01,2026-08-01,现金流量表或历史阶段数据；FCF代理为OCF-Capex。
WB-P3-0213,WB,P3,capital_allocation,fact,company,WB,acquisition_or_property_related_outflow,2017A,annual,Global,not_applicable,0.0,,,USD_mn,USD,A,medium,1,annual,WB P2 阶段报告,WB_P2_业务实质App规模竞争与护城河.md,2026-08-01,2026-08-01,现金流量表或历史阶段数据；FCF代理为OCF-Capex。
WB-P3-0214,WB,P3,capital_allocation,fact,company,WB,cash_dividends_paid,2017A,annual,Global,not_applicable,0.0,,,USD_mn,USD,A,medium,1,annual,WB P2 阶段报告,WB_P2_业务实质App规模竞争与护城河.md,2026-08-01,2026-08-01,现金流量表或历史阶段数据；FCF代理为OCF-Capex。
WB-P3-0215,WB,P3,capital_allocation,fact,company,WB,actual_share_repurchases,2017A,annual,Global,not_applicable,0.0,,,USD_mn,USD,A,medium,1,annual,WB P2 阶段报告,WB_P2_业务实质App规模竞争与护城河.md,2026-08-01,2026-08-01,现金流量表或历史阶段数据；FCF代理为OCF-Capex。
WB-P3-0216,WB,P3,capital_allocation,fact,company,WB,operating_cash_flow,2018A,annual,Global,not_applicable,488.007,,,USD_mn,USD,A,medium,1,annual,WB P2 阶段报告,WB_P2_业务实质App规模竞争与护城河.md,2026-08-01,2026-08-01,现金流量表或历史阶段数据；FCF代理为OCF-Capex。
WB-P3-0217,WB,P3,capital_allocation,fact,company,WB,capital_expenditure,2018A,annual,Global,not_applicable,28.35,,,USD_mn,USD,A,medium,1,annual,WB P2 阶段报告,WB_P2_业务实质App规模竞争与护城河.md,2026-08-01,2026-08-01,现金流量表或历史阶段数据；FCF代理为OCF-Capex。
WB-P3-0218,WB,P3,capital_allocation,fact,company,WB,fcf_proxy,2018A,annual,Global,not_applicable,459.657,,,USD_mn,USD,A,medium,1,annual,WB P2 阶段报告,WB_P2_业务实质App规模竞争与护城河.md,2026-08-01,2026-08-01,现金流量表或历史阶段数据；FCF代理为OCF-Capex。
WB-P3-0219,WB,P3,capital_allocation,fact,company,WB,long_term_investment_cash_outflow,2018A,annual,Global,not_applicable,419.126,,,USD_mn,USD,A,medium,1,annual,WB P2 阶段报告,WB_P2_业务实质App规模竞争与护城河.md,2026-08-01,2026-08-01,现金流量表或历史阶段数据；FCF代理为OCF-Capex。
WB-P3-0220,WB,P3,capital_allocation,fact,company,WB,acquisition_or_property_related_outflow,2018A,annual,Global,not_applicable,40.0,,,USD_mn,USD,A,medium,1,annual,WB P2 阶段报告,WB_P2_业务实质App规模竞争与护城河.md,2026-08-01,2026-08-01,现金流量表或历史阶段数据；FCF代理为OCF-Capex。
WB-P3-0221,WB,P3,capital_allocation,fact,company,WB,cash_dividends_paid,2018A,annual,Global,not_applicable,0.0,,,USD_mn,USD,A,medium,1,annual,WB P2 阶段报告,WB_P2_业务实质App规模竞争与护城河.md,2026-08-01,2026-08-01,现金流量表或历史阶段数据；FCF代理为OCF-Capex。
WB-P3-0222,WB,P3,capital_allocation,fact,company,WB,actual_share_repurchases,2018A,annual,Global,not_applicable,0.0,,,USD_mn,USD,A,medium,1,annual,WB P2 阶段报告,WB_P2_业务实质App规模竞争与护城河.md,2026-08-01,2026-08-01,现金流量表或历史阶段数据；FCF代理为OCF-Capex。
WB-P3-0223,WB,P3,capital_allocation,fact,company,WB,operating_cash_flow,2019A,annual,Global,not_applicable,631.653,,,USD_mn,USD,A,medium,1,annual,WB P2 阶段报告,WB_P2_业务实质App规模竞争与护城河.md,2026-08-01,2026-08-01,现金流量表或历史阶段数据；FCF代理为OCF-Capex。
WB-P3-0224,WB,P3,capital_allocation,fact,company,WB,capital_expenditure,2019A,annual,Global,not_applicable,21.7,,,USD_mn,USD,A,medium,1,annual,WB P2 阶段报告,WB_P2_业务实质App规模竞争与护城河.md,2026-08-01,2026-08-01,现金流量表或历史阶段数据；FCF代理为OCF-Capex。
WB-P3-0225,WB,P3,capital_allocation,fact,company,WB,fcf_proxy,2019A,annual,Global,not_applicable,609.953,,,USD_mn,USD,A,medium,1,annual,WB P2 阶段报告,WB_P2_业务实质App规模竞争与护城河.md,2026-08-01,2026-08-01,现金流量表或历史阶段数据；FCF代理为OCF-Capex。
WB-P3-0226,WB,P3,capital_allocation,fact,company,WB,long_term_investment_cash_outflow,2019A,annual,Global,not_applicable,688.9,,,USD_mn,USD,A,medium,1,annual,WB P2 阶段报告,WB_P2_业务实质App规模竞争与护城河.md,2026-08-01,2026-08-01,现金流量表或历史阶段数据；FCF代理为OCF-Capex。
WB-P3-0227,WB,P3,capital_allocation,fact,company,WB,acquisition_or_property_related_outflow,2019A,annual,Global,not_applicable,0.0,,,USD_mn,USD,A,medium,1,annual,WB P2 阶段报告,WB_P2_业务实质App规模竞争与护城河.md,2026-08-01,2026-08-01,现金流量表或历史阶段数据；FCF代理为OCF-Capex。
WB-P3-0228,WB,P3,capital_allocation,fact,company,WB,cash_dividends_paid,2019A,annual,Global,not_applicable,0.0,,,USD_mn,USD,A,medium,1,annual,WB P2 阶段报告,WB_P2_业务实质App规模竞争与护城河.md,2026-08-01,2026-08-01,现金流量表或历史阶段数据；FCF代理为OCF-Capex。
WB-P3-0229,WB,P3,capital_allocation,fact,company,WB,actual_share_repurchases,2019A,annual,Global,not_applicable,0.0,,,USD_mn,USD,A,medium,1,annual,WB P2 阶段报告,WB_P2_业务实质App规模竞争与护城河.md,2026-08-01,2026-08-01,现金流量表或历史阶段数据；FCF代理为OCF-Capex。
WB-P3-0230,WB,P3,capital_allocation,fact,company,WB,operating_cash_flow,2020A,annual,Global,not_applicable,741.6,,,USD_mn,USD,A,medium,1,annual,WB P2 阶段报告,WB_P2_业务实质App规模竞争与护城河.md,2026-08-01,2026-08-01,现金流量表或历史阶段数据；FCF代理为OCF-Capex。
WB-P3-0231,WB,P3,capital_allocation,fact,company,WB,capital_expenditure,2020A,annual,Global,not_applicable,34.8,,,USD_mn,USD,A,medium,1,annual,WB P2 阶段报告,WB_P2_业务实质App规模竞争与护城河.md,2026-08-01,2026-08-01,现金流量表或历史阶段数据；FCF代理为OCF-Capex。
WB-P3-0232,WB,P3,capital_allocation,fact,company,WB,fcf_proxy,2020A,annual,Global,not_applicable,706.8,,,USD_mn,USD,A,medium,1,annual,WB P2 阶段报告,WB_P2_业务实质App规模竞争与护城河.md,2026-08-01,2026-08-01,现金流量表或历史阶段数据；FCF代理为OCF-Capex。
WB-P3-0233,WB,P3,capital_allocation,fact,company,WB,long_term_investment_cash_outflow,2020A,annual,Global,not_applicable,,,,USD_mn,USD,A,low,0,annual,WB P2 阶段报告,WB_P2_业务实质App规模竞争与护城河.md,2026-08-01,2026-08-01,P3未在当前官方资料中取得可靠可比值，明确保留N/A。
WB-P3-0234,WB,P3,capital_allocation,fact,company,WB,acquisition_or_property_related_outflow,2020A,annual,Global,not_applicable,,,,USD_mn,USD,A,low,0,annual,WB P2 阶段报告,WB_P2_业务实质App规模竞争与护城河.md,2026-08-01,2026-08-01,P3未在当前官方资料中取得可靠可比值，明确保留N/A。
WB-P3-0235,WB,P3,capital_allocation,fact,company,WB,cash_dividends_paid,2020A,annual,Global,not_applicable,0.0,,,USD_mn,USD,A,medium,1,annual,WB P2 阶段报告,WB_P2_业务实质App规模竞争与护城河.md,2026-08-01,2026-08-01,现金流量表或历史阶段数据；FCF代理为OCF-Capex。
WB-P3-0236,WB,P3,capital_allocation,fact,company,WB,actual_share_repurchases,2020A,annual,Global,not_applicable,0.0,,,USD_mn,USD,A,medium,1,annual,WB P2 阶段报告,WB_P2_业务实质App规模竞争与护城河.md,2026-08-01,2026-08-01,现金流量表或历史阶段数据；FCF代理为OCF-Capex。
WB-P3-0237,WB,P3,capital_allocation,fact,company,WB,operating_cash_flow,2021A,annual,Global,not_applicable,814.0,,,USD_mn,USD,A,medium,1,annual,WB P2 阶段报告,WB_P2_业务实质App规模竞争与护城河.md,2026-08-01,2026-08-01,现金流量表或历史阶段数据；FCF代理为OCF-Capex。
WB-P3-0238,WB,P3,capital_allocation,fact,company,WB,capital_expenditure,2021A,annual,Global,not_applicable,35.1,,,USD_mn,USD,A,medium,1,annual,WB P2 阶段报告,WB_P2_业务实质App规模竞争与护城河.md,2026-08-01,2026-08-01,现金流量表或历史阶段数据；FCF代理为OCF-Capex。
WB-P3-0239,WB,P3,capital_allocation,fact,company,WB,fcf_proxy,2021A,annual,Global,not_applicable,778.9,,,USD_mn,USD,A,medium,1,annual,WB P2 阶段报告,WB_P2_业务实质App规模竞争与护城河.md,2026-08-01,2026-08-01,现金流量表或历史阶段数据；FCF代理为OCF-Capex。
WB-P3-0240,WB,P3,capital_allocation,fact,company,WB,long_term_investment_cash_outflow,2021A,annual,Global,not_applicable,,,,USD_mn,USD,A,low,0,annual,WB P2 阶段报告,WB_P2_业务实质App规模竞争与护城河.md,2026-08-01,2026-08-01,P3未在当前官方资料中取得可靠可比值，明确保留N/A。
WB-P3-0241,WB,P3,capital_allocation,fact,company,WB,acquisition_or_property_related_outflow,2021A,annual,Global,not_applicable,,,,USD_mn,USD,A,low,0,annual,WB P2 阶段报告,WB_P2_业务实质App规模竞争与护城河.md,2026-08-01,2026-08-01,P3未在当前官方资料中取得可靠可比值，明确保留N/A。
WB-P3-0242,WB,P3,capital_allocation,fact,company,WB,cash_dividends_paid,2021A,annual,Global,not_applicable,0.0,,,USD_mn,USD,A,medium,1,annual,WB P2 阶段报告,WB_P2_业务实质App规模竞争与护城河.md,2026-08-01,2026-08-01,现金流量表或历史阶段数据；FCF代理为OCF-Capex。
WB-P3-0243,WB,P3,capital_allocation,fact,company,WB,actual_share_repurchases,2021A,annual,Global,not_applicable,0.0,,,USD_mn,USD,A,medium,1,annual,WB P2 阶段报告,WB_P2_业务实质App规模竞争与护城河.md,2026-08-01,2026-08-01,现金流量表或历史阶段数据；FCF代理为OCF-Capex。
WB-P3-0244,WB,P3,capital_allocation,fact,company,WB,operating_cash_flow,2022A,annual,Global,not_applicable,564.1,,,USD_mn,USD,A,medium,1,annual,WB P2 阶段报告,WB_P2_业务实质App规模竞争与护城河.md,2026-08-01,2026-08-01,现金流量表或历史阶段数据；FCF代理为OCF-Capex。
WB-P3-0245,WB,P3,capital_allocation,fact,company,WB,capital_expenditure,2022A,annual,Global,not_applicable,43.1,,,USD_mn,USD,A,medium,1,annual,WB P2 阶段报告,WB_P2_业务实质App规模竞争与护城河.md,2026-08-01,2026-08-01,现金流量表或历史阶段数据；FCF代理为OCF-Capex。
WB-P3-0246,WB,P3,capital_allocation,fact,company,WB,fcf_proxy,2022A,annual,Global,not_applicable,521.0,,,USD_mn,USD,A,medium,1,annual,WB P2 阶段报告,WB_P2_业务实质App规模竞争与护城河.md,2026-08-01,2026-08-01,现金流量表或历史阶段数据；FCF代理为OCF-Capex。
WB-P3-0247,WB,P3,capital_allocation,fact,company,WB,long_term_investment_cash_outflow,2022A,annual,Global,not_applicable,193.8,,,USD_mn,USD,A,medium,1,annual,WB P2 阶段报告,WB_P2_业务实质App规模竞争与护城河.md,2026-08-01,2026-08-01,现金流量表或历史阶段数据；FCF代理为OCF-Capex。
WB-P3-0248,WB,P3,capital_allocation,fact,company,WB,acquisition_or_property_related_outflow,2022A,annual,Global,not_applicable,153.6,,,USD_mn,USD,A,medium,1,annual,WB P2 阶段报告,WB_P2_业务实质App规模竞争与护城河.md,2026-08-01,2026-08-01,现金流量表或历史阶段数据；FCF代理为OCF-Capex。
WB-P3-0249,WB,P3,capital_allocation,fact,company,WB,cash_dividends_paid,2022A,annual,Global,not_applicable,0.0,,,USD_mn,USD,A,medium,1,annual,WB P2 阶段报告,WB_P2_业务实质App规模竞争与护城河.md,2026-08-01,2026-08-01,现金流量表或历史阶段数据；FCF代理为OCF-Capex。
WB-P3-0250,WB,P3,capital_allocation,fact,company,WB,actual_share_repurchases,2022A,annual,Global,not_applicable,57.682,,,USD_mn,USD,A,medium,1,annual,WB P2 阶段报告,WB_P2_业务实质App规模竞争与护城河.md,2026-08-01,2026-08-01,现金流量表或历史阶段数据；FCF代理为OCF-Capex。
WB-P3-0251,WB,P3,capital_allocation,fact,company,WB,operating_cash_flow,2023A,annual,Global,not_applicable,672.82,,,USD_mn,USD,A,high,1,annual,Weibo 2025 Form 20-F,https://www.sec.gov/Archives/edgar/data/1595761/000110465926047217/wb-20251231x20f.htm,2026-04-23,2026-08-01,现金流量表或历史阶段数据；FCF代理为OCF-Capex。
WB-P3-0252,WB,P3,capital_allocation,fact,company,WB,capital_expenditure,2023A,annual,Global,not_applicable,36.772,,,USD_mn,USD,A,high,1,annual,Weibo 2025 Form 20-F,https://www.sec.gov/Archives/edgar/data/1595761/000110465926047217/wb-20251231x20f.htm,2026-04-23,2026-08-01,现金流量表或历史阶段数据；FCF代理为OCF-Capex。
WB-P3-0253,WB,P3,capital_allocation,fact,company,WB,fcf_proxy,2023A,annual,Global,not_applicable,636.048,,,USD_mn,USD,A,high,1,annual,Weibo 2025 Form 20-F,https://www.sec.gov/Archives/edgar/data/1595761/000110465926047217/wb-20251231x20f.htm,2026-04-23,2026-08-01,现金流量表或历史阶段数据；FCF代理为OCF-Capex。
WB-P3-0254,WB,P3,capital_allocation,fact,company,WB,long_term_investment_cash_outflow,2023A,annual,Global,not_applicable,602.74,,,USD_mn,USD,A,high,1,annual,Weibo 2025 Form 20-F,https://www.sec.gov/Archives/edgar/data/1595761/000110465926047217/wb-20251231x20f.htm,2026-04-23,2026-08-01,现金流量表或历史阶段数据；FCF代理为OCF-Capex。
WB-P3-0255,WB,P3,capital_allocation,fact,company,WB,acquisition_or_property_related_outflow,2023A,annual,Global,not_applicable,243.385,,,USD_mn,USD,A,high,1,annual,Weibo 2025 Form 20-F,https://www.sec.gov/Archives/edgar/data/1595761/000110465926047217/wb-20251231x20f.htm,2026-04-23,2026-08-01,现金流量表或历史阶段数据；FCF代理为OCF-Capex。
WB-P3-0256,WB,P3,capital_allocation,fact,company,WB,cash_dividends_paid,2023A,annual,Global,not_applicable,200.131,,,USD_mn,USD,A,high,1,annual,Weibo 2025 Form 20-F,https://www.sec.gov/Archives/edgar/data/1595761/000110465926047217/wb-20251231x20f.htm,2026-04-23,2026-08-01,现金流量表或历史阶段数据；FCF代理为OCF-Capex。
WB-P3-0257,WB,P3,capital_allocation,fact,company,WB,actual_share_repurchases,2023A,annual,Global,not_applicable,0.0,,,USD_mn,USD,A,high,1,annual,Weibo 2025 Form 20-F,https://www.sec.gov/Archives/edgar/data/1595761/000110465926047217/wb-20251231x20f.htm,2026-04-23,2026-08-01,现金流量表或历史阶段数据；FCF代理为OCF-Capex。
WB-P3-0258,WB,P3,capital_allocation,fact,company,WB,operating_cash_flow,2024A,annual,Global,not_applicable,639.898,,,USD_mn,USD,A,high,1,annual,Weibo 2025 Form 20-F,https://www.sec.gov/Archives/edgar/data/1595761/000110465926047217/wb-20251231x20f.htm,2026-04-23,2026-08-01,现金流量表或历史阶段数据；FCF代理为OCF-Capex。
WB-P3-0259,WB,P3,capital_allocation,fact,company,WB,capital_expenditure,2024A,annual,Global,not_applicable,61.469,,,USD_mn,USD,A,high,1,annual,Weibo 2025 Form 20-F,https://www.sec.gov/Archives/edgar/data/1595761/000110465926047217/wb-20251231x20f.htm,2026-04-23,2026-08-01,现金流量表或历史阶段数据；FCF代理为OCF-Capex。
WB-P3-0260,WB,P3,capital_allocation,fact,company,WB,fcf_proxy,2024A,annual,Global,not_applicable,578.429,,,USD_mn,USD,A,high,1,annual,Weibo 2025 Form 20-F,https://www.sec.gov/Archives/edgar/data/1595761/000110465926047217/wb-20251231x20f.htm,2026-04-23,2026-08-01,现金流量表或历史阶段数据；FCF代理为OCF-Capex。
WB-P3-0261,WB,P3,capital_allocation,fact,company,WB,long_term_investment_cash_outflow,2024A,annual,Global,not_applicable,79.804,,,USD_mn,USD,A,high,1,annual,Weibo 2025 Form 20-F,https://www.sec.gov/Archives/edgar/data/1595761/000110465926047217/wb-20251231x20f.htm,2026-04-23,2026-08-01,现金流量表或历史阶段数据；FCF代理为OCF-Capex。
WB-P3-0262,WB,P3,capital_allocation,fact,company,WB,acquisition_or_property_related_outflow,2024A,annual,Global,not_applicable,5.25,,,USD_mn,USD,A,high,1,annual,Weibo 2025 Form 20-F,https://www.sec.gov/Archives/edgar/data/1595761/000110465926047217/wb-20251231x20f.htm,2026-04-23,2026-08-01,现金流量表或历史阶段数据；FCF代理为OCF-Capex。
WB-P3-0263,WB,P3,capital_allocation,fact,company,WB,cash_dividends_paid,2024A,annual,Global,not_applicable,194.401,,,USD_mn,USD,A,high,1,annual,Weibo 2025 Form 20-F,https://www.sec.gov/Archives/edgar/data/1595761/000110465926047217/wb-20251231x20f.htm,2026-04-23,2026-08-01,现金流量表或历史阶段数据；FCF代理为OCF-Capex。
WB-P3-0264,WB,P3,capital_allocation,fact,company,WB,actual_share_repurchases,2024A,annual,Global,not_applicable,0.0,,,USD_mn,USD,A,high,1,annual,Weibo 2025 Form 20-F,https://www.sec.gov/Archives/edgar/data/1595761/000110465926047217/wb-20251231x20f.htm,2026-04-23,2026-08-01,现金流量表或历史阶段数据；FCF代理为OCF-Capex。
WB-P3-0265,WB,P3,capital_allocation,fact,company,WB,operating_cash_flow,2025A,annual,Global,not_applicable,519.479,,,USD_mn,USD,A,high,1,annual,Weibo 2025 Form 20-F,https://www.sec.gov/Archives/edgar/data/1595761/000110465926047217/wb-20251231x20f.htm,2026-04-23,2026-08-01,现金流量表或历史阶段数据；FCF代理为OCF-Capex。
WB-P3-0266,WB,P3,capital_allocation,fact,company,WB,capital_expenditure,2025A,annual,Global,not_applicable,42.368,,,USD_mn,USD,A,high,1,annual,Weibo 2025 Form 20-F,https://www.sec.gov/Archives/edgar/data/1595761/000110465926047217/wb-20251231x20f.htm,2026-04-23,2026-08-01,现金流量表或历史阶段数据；FCF代理为OCF-Capex。
WB-P3-0267,WB,P3,capital_allocation,fact,company,WB,fcf_proxy,2025A,annual,Global,not_applicable,477.111,,,USD_mn,USD,A,high,1,annual,Weibo 2025 Form 20-F,https://www.sec.gov/Archives/edgar/data/1595761/000110465926047217/wb-20251231x20f.htm,2026-04-23,2026-08-01,现金流量表或历史阶段数据；FCF代理为OCF-Capex。
WB-P3-0268,WB,P3,capital_allocation,fact,company,WB,long_term_investment_cash_outflow,2025A,annual,Global,not_applicable,110.139,,,USD_mn,USD,A,high,1,annual,Weibo 2025 Form 20-F,https://www.sec.gov/Archives/edgar/data/1595761/000110465926047217/wb-20251231x20f.htm,2026-04-23,2026-08-01,现金流量表或历史阶段数据；FCF代理为OCF-Capex。
WB-P3-0269,WB,P3,capital_allocation,fact,company,WB,acquisition_or_property_related_outflow,2025A,annual,Global,not_applicable,0.0,,,USD_mn,USD,A,high,1,annual,Weibo 2025 Form 20-F,https://www.sec.gov/Archives/edgar/data/1595761/000110465926047217/wb-20251231x20f.htm,2026-04-23,2026-08-01,现金流量表或历史阶段数据；FCF代理为OCF-Capex。
WB-P3-0270,WB,P3,capital_allocation,fact,company,WB,cash_dividends_paid,2025A,annual,Global,not_applicable,195.644,,,USD_mn,USD,A,high,1,annual,Weibo 2025 Form 20-F,https://www.sec.gov/Archives/edgar/data/1595761/000110465926047217/wb-20251231x20f.htm,2026-04-23,2026-08-01,现金流量表或历史阶段数据；FCF代理为OCF-Capex。
WB-P3-0271,WB,P3,capital_allocation,fact,company,WB,actual_share_repurchases,2025A,annual,Global,not_applicable,0.0,,,USD_mn,USD,A,high,1,annual,Weibo 2025 Form 20-F,https://www.sec.gov/Archives/edgar/data/1595761/000110465926047217/wb-20251231x20f.htm,2026-04-23,2026-08-01,现金流量表或历史阶段数据；FCF代理为OCF-Capex。
WB-P3-0272,WB,P3,capital_allocation,fact,company,WB,buyback_authorization,2022A,annual,Global,not_applicable,500.0,,,USD_mn,USD,A,high,1,annual,Weibo 2025 Form 20-F,https://www.sec.gov/Archives/edgar/data/1595761/000110465926047217/wb-20251231x20f.htm,2026-04-23,2026-08-01,授权并非实际回购。
WB-P3-0273,WB,P3,capital_allocation,fact,company,WB,actual_share_repurchases_summary,2022A,annual,Global,not_applicable,57.682,,,USD_mn,USD,A,high,1,annual,Weibo 2025 Form 20-F,https://www.sec.gov/Archives/edgar/data/1595761/000110465926047217/wb-20251231x20f.htm,2026-04-23,2026-08-01,股东回报摘要：2022年实际回购约57.682m；详细年度值另列。
WB-P3-0274,WB,P3,capital_allocation,fact,company,WB,cash_dividend_declared_or_paid,2023A,annual,Global,not_applicable,200.0,,,USD_mn,USD,A,high,1,annual,Weibo FY2025/Q4 results,https://www.sec.gov/Archives/edgar/data/1595761/000110465926029771/tm268894d2_ex99-1.htm,2026-03-18,2026-08-01,约0.85美元/ADS。
WB-P3-0275,WB,P3,capital_allocation,fact,company,WB,cash_dividend_declared_or_paid,2024A,annual,Global,not_applicable,200.0,,,USD_mn,USD,A,high,1,annual,Weibo FY2025/Q4 results,https://www.sec.gov/Archives/edgar/data/1595761/000110465926029771/tm268894d2_ex99-1.htm,2026-03-18,2026-08-01,约0.82美元/ADS。
WB-P3-0276,WB,P3,capital_allocation,fact,company,WB,cash_dividend_declared_or_paid,2025A,annual,Global,not_applicable,150.0,,,USD_mn,USD,A,high,1,annual,Weibo FY2025/Q4 results,https://www.sec.gov/Archives/edgar/data/1595761/000110465926029771/tm268894d2_ex99-1.htm,2026-03-18,2026-08-01,约0.61美元/ADS，较前两年下降25%。
WB-P3-0277,WB,P3,capital_allocation,fact,company,WB,buyback_authorization,2025A,annual,Global,not_applicable,200.0,,,USD_mn,USD,A,high,1,annual,Weibo 2025 Form 20-F,https://www.sec.gov/Archives/edgar/data/1595761/000110465926047217/wb-20251231x20f.htm,2026-04-23,2026-08-01,有效至2026-12-31。
WB-P3-0278,WB,P3,capital_allocation,fact,company,WB,actual_share_repurchases_summary,2025A,annual,Global,not_applicable,0.0,,,USD_mn,USD,A,high,1,annual,Weibo 2025 Form 20-F,https://www.sec.gov/Archives/edgar/data/1595761/000110465926047217/wb-20251231x20f.htm,2026-04-23,2026-08-01,股东回报摘要：截至2025年末新授权计划实际回购为0；详细年度值另列。
WB-P3-0279,WB,P3,capital_allocation,fact,company,WB,ordinary_shares_outstanding,2023A,annual,Global,not_applicable,242.611,,,shares_mn,N/A,A,high,1,annual,Weibo 2025 Form 20-F,https://www.sec.gov/Archives/edgar/data/1595761/000110465926047217/wb-20251231x20f.htm,2026-04-23,2026-08-01,期末普通股。
WB-P3-0280,WB,P3,capital_allocation,fact,company,WB,ordinary_shares_outstanding,2024A,annual,Global,not_applicable,244.272,,,shares_mn,N/A,A,high,1,annual,Weibo 2025 Form 20-F,https://www.sec.gov/Archives/edgar/data/1595761/000110465926047217/wb-20251231x20f.htm,2026-04-23,2026-08-01,期末普通股。
WB-P3-0281,WB,P3,capital_allocation,fact,company,WB,ordinary_shares_outstanding,2025A,annual,Global,not_applicable,245.55,,,shares_mn,N/A,A,high,1,annual,Weibo 2025 Form 20-F,https://www.sec.gov/Archives/edgar/data/1595761/000110465926047217/wb-20251231x20f.htm,2026-04-23,2026-08-01,期末普通股。
WB-P3-0282,WB,P3,capital_allocation,fact,company,WB,ADS_lending_facility_shares_outstanding,2025A,annual,Global,not_applicable,6.234,,,shares_mn,N/A,A,high,1,annual,Weibo 2025 Form 20-F,https://www.sec.gov/Archives/edgar/data/1595761/000110465926047217/wb-20251231x20f.htm,2026-04-23,2026-08-01,与可转债相关的ADS借出，终止时须归还。
WB-P3-0283,WB,P3,capital_allocation,fact,company,WB,options_outstanding,2025A,annual,Global,not_applicable,6.967,,,shares_mn,N/A,A,high,1,annual,Weibo 2025 Form 20-F,https://www.sec.gov/Archives/edgar/data/1595761/000110465926047217/wb-20251231x20f.htm,2026-04-23,2026-08-01,加权行权价约10.68美元。
WB-P3-0284,WB,P3,capital_allocation,estimate,company,WB,ordinary_share_count_change_2023_to_2025,2023A-2025A,point_in_time,Global,not_applicable,1.2114,,,%,N/A,E,high,1,annual,Weibo 2025 Form 20-F,https://www.sec.gov/Archives/edgar/data/1595761/000110465926047217/wb-20251231x20f.htm,2026-04-23,2026-08-01,普通股由242.611m增至245.550m；分红期间净股本仍上升。
WB-P3-0285,WB,P3,capital_allocation,estimate,company,WB,cash_dividends_2023_to_2025,2023A-2025A,point_in_time,Global,not_applicable,590.176,,,USD_mn,USD,E,high,1,annual,Weibo 2025 Form 20-F,https://www.sec.gov/Archives/edgar/data/1595761/000110465926047217/wb-20251231x20f.htm,2026-04-23,2026-08-01,现金流量表净现金分红合计，证明股东回报真实存在。
WB-P3-0286,WB,P3,capital_allocation,conclusion,company,WB,shareholder_return_quality,P3,point_in_time,Global,not_applicable,真实分红为正面，但回购执行弱、普通股和稀释股本未下降，股东回报质量中低,,,text,N/A,H,medium,1,annual,Weibo 2025 Form 20-F,https://www.sec.gov/Archives/edgar/data/1595761/000110465926047217/wb-20251231x20f.htm,2026-04-23,2026-08-01,不能用200m回购授权替代实际回购，也不能忽略SBC、期权、可转债和ADS借出。
WB-P3-0287,WB,P3,management_score,score,manager,管理层整体,经营执行,P3,point_in_time,Global,not_applicable,2.5,,,score_0_5,N/A,H,medium,1,annual,Weibo 2025 Form 20-F,https://www.sec.gov/Archives/edgar/data/1595761/000110465926047217/wb-20251231x20f.htm,2026-04-23,2026-08-01,权重25%。DAU与营业利润仍有韧性，但MAU、广告份额及利润率从峰值下台阶。
WB-P3-0288,WB,P3,management_score,assumption,manager,管理层整体,经营执行_weight,P3,point_in_time,Global,not_applicable,25,,,%,N/A,H,high,0,annual,研究框架 V3.1,MOMO_JOYY_WB_低估互联网公司投资调研框架_V3.1_单文件上传版(3).md,2026-08-01,2026-08-01,框架固定权重。
WB-P3-0289,WB,P3,management_score,score,manager,管理层整体,资本配置,P3,point_in_time,Global,not_applicable,1.5,,,score_0_5,N/A,H,medium,1,annual,Weibo 2025 Form 20-F,https://www.sec.gov/Archives/edgar/data/1595761/000110465926047217/wb-20251231x20f.htm,2026-04-23,2026-08-01,权重25%。三年分红真实，但持续投资、关联贷款、零实际回购和股本上升削弱评分。
WB-P3-0290,WB,P3,management_score,assumption,manager,管理层整体,资本配置_weight,P3,point_in_time,Global,not_applicable,25,,,%,N/A,H,high,0,annual,研究框架 V3.1,MOMO_JOYY_WB_低估互联网公司投资调研框架_V3.1_单文件上传版(3).md,2026-08-01,2026-08-01,框架固定权重。
WB-P3-0291,WB,P3,management_score,score,manager,管理层整体,信息披露与一致性,P3,point_in_time,Global,not_applicable,2.0,,,score_0_5,N/A,H,medium,1,annual,Weibo 2025 Form 20-F,https://www.sec.gov/Archives/edgar/data/1595761/000110465926047217/wb-20251231x20f.htm,2026-04-23,2026-08-01,权重20%。审计与季度披露完整，但单一分部、投资项目和关联资产透明度不足。
WB-P3-0292,WB,P3,management_score,assumption,manager,管理层整体,信息披露与一致性_weight,P3,point_in_time,Global,not_applicable,20,,,%,N/A,H,high,0,annual,研究框架 V3.1,MOMO_JOYY_WB_低估互联网公司投资调研框架_V3.1_单文件上传版(3).md,2026-08-01,2026-08-01,框架固定权重。
WB-P3-0293,WB,P3,management_score,score,manager,管理层整体,股东利益一致,P3,point_in_time,Global,not_applicable,1.5,,,score_0_5,N/A,H,medium,1,annual,Weibo 2025 Form 20-F,https://www.sec.gov/Archives/edgar/data/1595761/000110465926047217/wb-20251231x20f.htm,2026-04-23,2026-08-01,权重15%。双层股权、SINA控制及关联贷款不利；现金分红提供部分正面证据。
WB-P3-0294,WB,P3,management_score,assumption,manager,管理层整体,股东利益一致_weight,P3,point_in_time,Global,not_applicable,15,,,%,N/A,H,high,0,annual,研究框架 V3.1,MOMO_JOYY_WB_低估互联网公司投资调研框架_V3.1_单文件上传版(3).md,2026-08-01,2026-08-01,框架固定权重。
WB-P3-0295,WB,P3,management_score,score,manager,管理层整体,稳定性与继任,P3,point_in_time,Global,not_applicable,3.5,,,score_0_5,N/A,H,medium,1,annual,Weibo 2025 Form 20-F,https://www.sec.gov/Archives/edgar/data/1595761/000110465926047217/wb-20251231x20f.htm,2026-04-23,2026-08-01,权重15%。CEO任职逾十年，COO/CFO自2021年稳定，但稳定不等于资本配置优秀。
WB-P3-0296,WB,P3,management_score,assumption,manager,管理层整体,稳定性与继任_weight,P3,point_in_time,Global,not_applicable,15,,,%,N/A,H,high,0,annual,研究框架 V3.1,MOMO_JOYY_WB_低估互联网公司投资调研框架_V3.1_单文件上传版(3).md,2026-08-01,2026-08-01,框架固定权重。
WB-P3-0297,WB,P3,management_score,score,manager,管理层整体,weighted_management_score,P3,point_in_time,Global,not_applicable,2.15,,,score_0_5,N/A,H,medium,1,annual,WB P2 阶段报告,WB_P2_业务实质App规模竞争与护城河.md,2026-08-01,2026-08-01,经营执行、资本配置、披露、利益一致和稳定性加权。
WB-P3-0298,WB,P3,management_score,fact,manager,Gaofei Wang,role_and_tenure,2026,point_in_time,Global,not_applicable,CEO，自2014年2月起任职,,,text,N/A,A,high,1,annual,Weibo 2025 Form 20-F,https://www.sec.gov/Archives/edgar/data/1595761/000110465926047217/wb-20251231x20f.htm,2026-04-23,2026-08-01,经营稳定性高，但长期份额流失也应归于同一管理团队。
WB-P3-0299,WB,P3,management_score,fact,manager,Wei Wang,role_and_tenure,2026,point_in_time,Global,not_applicable,COO，自2021年3月起任职,,,text,N/A,A,high,1,annual,Weibo 2025 Form 20-F,https://www.sec.gov/Archives/edgar/data/1595761/000110465926047217/wb-20251231x20f.htm,2026-04-23,2026-08-01,负责运营执行。
WB-P3-0300,WB,P3,management_score,fact,manager,Fei Cao,role_and_tenure,2026,point_in_time,Global,not_applicable,CFO，自2021年3月起任职；曾任SINA财务/控制岗位,,,text,N/A,A,high,1,annual,Weibo 2025 Form 20-F,https://www.sec.gov/Archives/edgar/data/1595761/000110465926047217/wb-20251231x20f.htm,2026-04-23,2026-08-01,与控制人体系联系紧密，也担任天下秀董事。
WB-P3-0301,WB,P3,management_promise,conclusion,manager,管理层承诺台账,提升用户价值与内容消费,P3,point_in_time,Global,not_applicable,部分兑现,,,text,N/A,H,medium,1,annual,WB P2 阶段报告,WB_P2_业务实质App规模竞争与护城河.md,2026-08-01,2026-08-01,实际结果：DAU相对稳定，但MAU继续下降。评价：核心用户韧性有证据，覆盖面没有改善。
WB-P3-0302,WB,P3,management_promise,conclusion,manager,管理层承诺台账,稳定广告并提高AI广告效率,P3,point_in_time,Global,not_applicable,部分兑现,,,text,N/A,H,medium,1,annual,WB P2 阶段报告,WB_P2_业务实质App规模竞争与护城河.md,2026-08-01,2026-08-01,实际结果：2026Q1广告恢复，但费用和利润率恶化。评价：需连续季度证明费用效率。
WB-P3-0303,WB,P3,management_promise,conclusion,manager,管理层承诺台账,增强股东回报,P3,point_in_time,Global,not_applicable,部分兑现,,,text,N/A,H,medium,1,annual,WB P2 阶段报告,WB_P2_业务实质App规模竞争与护城河.md,2026-08-01,2026-08-01,实际结果：2023—2025累计分红约590m；FY2025股息降至150m；2025回购为0。评价：分红真实，回购与每股价值提升不足。
WB-P3-0304,WB,P3,management_promise,conclusion,manager,管理层承诺台账,审慎利用现金与投资,P3,point_in_time,Global,not_applicable,兑现较弱,,,text,N/A,H,medium,1,annual,WB P2 阶段报告,WB_P2_业务实质App规模竞争与护城河.md,2026-08-01,2026-08-01,实际结果：长期投资、SINA及其他关联贷款仍大。评价：资产组合透明度和回收路径不足。
WB-P3-0305,WB,P3,management_promise,conclusion,manager,管理层承诺台账,维持高质量用户群,P3,point_in_time,Global,not_applicable,部分兑现,,,text,N/A,H,medium,1,annual,WB P2 阶段报告,WB_P2_业务实质App规模竞争与护城河.md,2026-08-01,2026-08-01,实际结果：MAU下降、DAU更稳定、DAU/MAU提升。评价：需判断是主动降低质流量还是相关性下降。
WB-P3-0306,WB,P3,governance,estimate,controller,SINA,SINA_economic_ownership_2025_proxy,2025A,point_in_time,Global,not_applicable,35.76,,,%,N/A,E,medium,1,annual,Weibo 2025 Form 20-F,https://www.sec.gov/Archives/edgar/data/1595761/000110465926047217/wb-20251231x20f.htm,2026-04-23,2026-08-01,按2025年末Class B 87.822m/总股245.550m推算。
WB-P3-0307,WB,P3,governance,estimate,controller,SINA,SINA_voting_power_2025_proxy,2025A,point_in_time,Global,not_applicable,62.53,,,%,N/A,E,medium,1,annual,Weibo 2025 Form 20-F,https://www.sec.gov/Archives/edgar/data/1595761/000110465926047217/wb-20251231x20f.htm,2026-04-23,2026-08-01,Class B每股3票；控制权显著高于经济权。
WB-P3-0308,WB,P3,governance,fact,controller,SINA,SINA_share_pledge_economic_interest,2025A,point_in_time,Global,not_applicable,17.9,,,%,N/A,A,high,1,annual,Weibo 2024 Form 20-F,https://www.sec.gov/Archives/edgar/data/1595761/000141057825000730/wb-20241231x20f.htm,2025-04-25,2026-08-01,2025年3月质押其约一半Class B股份。
WB-P3-0309,WB,P3,governance,fact,controller,SINA,SINA_share_pledge_voting_power,2025A,point_in_time,Global,not_applicable,31.3,,,%,N/A,A,high,1,annual,Weibo 2024 Form 20-F,https://www.sec.gov/Archives/edgar/data/1595761/000141057825000730/wb-20241231x20f.htm,2025-04-25,2026-08-01,若控制人贷款违约，可能触发控制权变化。
WB-P3-0310,WB,P3,governance,fact,controller,SINA,auditor_and_ICFR,2025A,point_in_time,Global,not_applicable,PwC Zhong Tian；ICFR审计无重大缺陷披露,,,text,N/A,A,high,1,annual,Weibo 2025 Form 20-F,https://www.sec.gov/Archives/edgar/data/1595761/000110465926047217/wb-20251231x20f.htm,2026-04-23,2026-08-01,财务报表基础可靠性相对较高。
WB-P3-0311,WB,P3,governance,fact,controller,SINA,SINA_appraisal_judgment,2025A,point_in_time,Global,not_applicable,存在不利Cayman Section 238判决并上诉；公司特别委员会评估影响,,,text,N/A,A,high,1,annual,Weibo 2025 Form 20-F,https://www.sec.gov/Archives/edgar/data/1595761/000110465926047217/wb-20251231x20f.htm,2026-04-23,2026-08-01,结果不确定，可能影响控制人信用、持股及关联交易。
WB-P3-0312,WB,P3,governance,assumption,company,WB,equity_level_governance_discount,P3,point_in_time,Global,bull,15.0,,,%,N/A,H,low,1,annual,WB P2 阶段报告,WB_P2_业务实质App规模竞争与护城河.md,2026-08-01,2026-08-01,资产处置、分红和关联款回收路径明显改善。 此折价处理控制权和资本配置，不替代资产层面的流动性/信用折价。
WB-P3-0313,WB,P3,governance,assumption,company,WB,equity_level_governance_discount,P3,point_in_time,Global,base,25.0,,,%,N/A,H,medium,1,annual,WB P2 阶段报告,WB_P2_业务实质App规模竞争与护城河.md,2026-08-01,2026-08-01,维持双层股权与资产不透明，但持续分红。 此折价处理控制权和资本配置，不替代资产层面的流动性/信用折价。
WB-P3-0314,WB,P3,governance,assumption,company,WB,equity_level_governance_discount,P3,point_in_time,Global,bear,40.0,,,%,N/A,H,low,1,annual,WB P2 阶段报告,WB_P2_业务实质App规模竞争与护城河.md,2026-08-01,2026-08-01,SINA信用/诉讼、关联贷款或资本配置进一步恶化。 此折价处理控制权和资本配置，不替代资产层面的流动性/信用折价。
WB-P3-0315,WB,P3,governance,conclusion,company,WB,governance_assessment,P3,point_in_time,Global,not_applicable,财务报表可靠性中高，但少数股东保护和资本配置可信度偏低,,,text,N/A,H,medium,1,annual,Weibo 2025 Form 20-F,https://www.sec.gov/Archives/edgar/data/1595761/000110465926047217/wb-20251231x20f.htm,2026-04-23,2026-08-01,审计和现金流真实不等于资产可以无摩擦回到ADS股东。
WB-P3-0316,WB,P3,app_financial_bridge,conclusion,app,微博主平台,independent_app_forecast_value,P3,point_in_time,China,not_applicable,零,,,text,N/A,H,high,1,annual,WB P2 阶段报告,WB_P2_业务实质App规模竞争与护城河.md,2026-08-01,2026-08-01,P2未发现能够独立改变集团收入、利润或估值的小App。
WB-P3-0317,WB,P3,app_financial_bridge,conclusion,app,微博主平台,MAU_DAU_to_ad_bridge,P3,point_in_time,China,not_applicable,以DAU和非阿里广告/DAU作为主经营桥,,,text,N/A,H,medium,1,annual,WB P2 阶段报告,WB_P2_业务实质App规模竞争与护城河.md,2026-08-01,2026-08-01,比累计下载或海外商店排名更可靠。
WB-P3-0318,WB,P3,app_financial_bridge,conclusion,app,微博主平台,2026Q1_ad_recovery_treatment,P3,point_in_time,China,not_applicable,暂不提高正常化所有者收益,,,text,N/A,H,medium,1,annual,WB P2 阶段报告,WB_P2_业务实质App规模竞争与护城河.md,2026-08-01,2026-08-01,广告恢复同时伴随费用和利润率压力。
WB-P3-0319,WB,P3,app_financial_bridge,conclusion,app,微博主平台,AI_video_search_treatment,P3,point_in_time,China,not_applicable,仅作为用户及广告效率驱动变量,,,text,N/A,H,medium,1,annual,WB P2 阶段报告,WB_P2_业务实质App规模竞争与护城河.md,2026-08-01,2026-08-01,无独立收入和利润披露，不能单独估值。
WB-P3-0320,WB,P3,app_financial_bridge,conclusion,app,微博主平台,AppGeoMonthly_P3_policy,P3,point_in_time,China,not_applicable,沿用P2快照，不新增未经验证的国家月度数据,,,text,N/A,H,high,1,annual,WB P2 阶段报告,WB_P2_业务实质App规模竞争与护城河.md,2026-08-01,2026-08-01,避免把海外商店代理误用为中国经营数据。
WB-P3-0321,WB,P3,conclusion,conclusion,company,WB,normalized_earnings,P3,point_in_time,Global,not_applicable,持续经营所有者收益中枢约3.7亿美元，合理压力区间约3.3亿—4.1亿美元。,,,text,N/A,H,medium,1,annual,WB P2 阶段报告,WB_P2_业务实质App规模竞争与护城河.md,2026-08-01,2026-08-01,P3阶段结论；不得在P5前直接转化为目标价。
WB-P3-0322,WB,P3,conclusion,conclusion,company,WB,earnings_quality,P3,point_in_time,Global,not_applicable,营业利润比GAAP净利润稳定；2025净利润受权益法、投资与利息项目显著抬高。,,,text,N/A,H,medium,1,annual,WB P2 阶段报告,WB_P2_业务实质App规模竞争与护城河.md,2026-08-01,2026-08-01,P3阶段结论；不得在P5前直接转化为目标价。
WB-P3-0323,WB,P3,conclusion,conclusion,company,WB,FCF_quality,P3,point_in_time,Global,not_applicable,2025 OCF-Capex约4.77亿美元高于正常化所有者收益，不能直接作为永续盈利。,,,text,N/A,H,medium,1,annual,WB P2 阶段报告,WB_P2_业务实质App规模竞争与护城河.md,2026-08-01,2026-08-01,P3阶段结论；不得在P5前直接转化为目标价。
WB-P3-0324,WB,P3,conclusion,conclusion,company,WB,gross_cash_misconception,P3,point_in_time,Global,not_applicable,24.05亿美元现金及短投扣除18.64亿美元债务仅约5.42亿美元，尚未扣经营安全垫和汇出摩擦。,,,text,N/A,H,medium,1,annual,WB P2 阶段报告,WB_P2_业务实质App规模竞争与护城河.md,2026-08-01,2026-08-01,P3阶段结论；不得在P5前直接转化为目标价。
WB-P3-0325,WB,P3,conclusion,conclusion,company,WB,asset_support_range,P3,point_in_time,Global,not_applicable,折价后经营业务之外资产支持约9.52亿—26.18亿美元，基准约18.23亿美元；不等于目标市值。,,,text,N/A,H,medium,1,annual,WB P2 阶段报告,WB_P2_业务实质App规模竞争与护城河.md,2026-08-01,2026-08-01,P3阶段结论；不得在P5前直接转化为目标价。
WB-P3-0326,WB,P3,conclusion,conclusion,company,WB,asset_quality,P3,point_in_time,Global,not_applicable,价值主体并非纯现金，而是权益法投资、长期理财、SINA应收和其他关联贷款。,,,text,N/A,H,medium,1,annual,WB P2 阶段报告,WB_P2_业务实质App规模竞争与护城河.md,2026-08-01,2026-08-01,P3阶段结论；不得在P5前直接转化为目标价。
WB-P3-0327,WB,P3,conclusion,conclusion,company,WB,capital_allocation,P3,point_in_time,Global,not_applicable,2023—2025分红约5.90亿美元为正面，但回购执行弱、股本上升、关联资产规模大。,,,text,N/A,H,medium,1,annual,WB P2 阶段报告,WB_P2_业务实质App规模竞争与护城河.md,2026-08-01,2026-08-01,P3阶段结论；不得在P5前直接转化为目标价。
WB-P3-0328,WB,P3,conclusion,conclusion,company,WB,management_quality,P3,point_in_time,Global,not_applicable,管理层加权评分2.15/5：经营稳定性尚可，资本配置和少数股东一致性偏弱。,,,text,N/A,H,medium,1,annual,WB P2 阶段报告,WB_P2_业务实质App规模竞争与护城河.md,2026-08-01,2026-08-01,P3阶段结论；不得在P5前直接转化为目标价。
WB-P3-0329,WB,P3,conclusion,conclusion,company,WB,governance,P3,point_in_time,Global,not_applicable,财务报表可信度高于资产兑现可信度；基准治理折价建议25%。,,,text,N/A,H,medium,1,annual,WB P2 阶段报告,WB_P2_业务实质App规模竞争与护城河.md,2026-08-01,2026-08-01,P3阶段结论；不得在P5前直接转化为目标价。
WB-P3-0330,WB,P3,conclusion,conclusion,company,WB,final_P3_classification,P3,point_in_time,Global,not_applicable,现金流支持的资产型困境标的，带显著治理折价；不是简单净现金股。,,,text,N/A,H,medium,1,annual,WB P2 阶段报告,WB_P2_业务实质App规模竞争与护城河.md,2026-08-01,2026-08-01,P3阶段结论；不得在P5前直接转化为目标价。
WB-P4-0001,WB,P4,p4_review_update,conclusion,research_plan,P4修订计划,最新实际期,P4,point_in_time,Global,not_applicable,2026Q2尚未公布，使用2026Q1作为最新实际期,,,text,N/A,H,high,1,event_driven,WB P3 阶段报告,WB_P3_财务质量资产兑现管理层与治理.md,2026-08-01,2026-08-01,Q2将于2026-08-19公布，禁止填充未披露实际值。
WB-P4-0002,WB,P4,p4_review_update,conclusion,research_plan,P4修订计划,预测起点,P4,point_in_time,Global,not_applicable,GAAP营业利润和P3正常化所有者收益,,,text,N/A,H,high,1,event_driven,WB P3 阶段报告,WB_P3_财务质量资产兑现管理层与治理.md,2026-08-01,2026-08-01,不使用GAAP净利润或公司Non-GAAP净利润作为经营锚。
WB-P4-0003,WB,P4,p4_review_update,conclusion,research_plan,P4修订计划,2026E拟合,P4,point_in_time,Global,not_applicable,Q1实际+Q2-Q4隐含增速+全年利润率,,,text,N/A,H,high,1,event_driven,WB P3 阶段报告,WB_P3_财务质量资产兑现管理层与治理.md,2026-08-01,2026-08-01,避免简单年化或下半年无解释加速。
WB-P4-0004,WB,P4,p4_review_update,conclusion,research_plan,P4修订计划,收入拆分,P4,point_in_time,Global,not_applicable,非阿里广告+阿里广告+VAS,,,text,N/A,H,high,1,event_driven,WB P3 阶段报告,WB_P3_财务质量资产兑现管理层与治理.md,2026-08-01,2026-08-01,AI、视频和智搜不单列收入。
WB-P4-0005,WB,P4,p4_review_update,conclusion,research_plan,P4修订计划,长期增长,P4,point_in_time,Global,not_applicable,2031—2035使用0%/1%/2%名义增长,,,text,N/A,H,high,1,event_driven,WB P3 阶段报告,WB_P3_财务质量资产兑现管理层与治理.md,2026-08-01,2026-08-01,表示稳定期，不代表MAU重新高增长。
WB-P4-0006,WB,P4,p4_review_update,conclusion,research_plan,P4修订计划,所有者收益,P4,point_in_time,Global,not_applicable,税后营业利润+D&A-维持性Capex,,,text,N/A,H,high,1,event_driven,WB P3 阶段报告,WB_P3_财务质量资产兑现管理层与治理.md,2026-08-01,2026-08-01,SBC保留为成本，投资和利息收益分离。
WB-P4-0007,WB,P4,p4_review_update,conclusion,research_plan,P4修订计划,股本路径,P4,point_in_time,Global,not_applicable,SBC稀释减实际回购股数,,,text,N/A,H,high,1,event_driven,WB P3 阶段报告,WB_P3_财务质量资产兑现管理层与治理.md,2026-08-01,2026-08-01,机械回购价格不是目标价格。
WB-P4-0008,WB,P4,p4_review_update,conclusion,research_plan,P4修订计划,债务路径,P4,point_in_time,Global,not_applicable,2027处理term loan和可转债put，2030处理票据,,,text,N/A,H,high,1,event_driven,WB P3 阶段报告,WB_P3_财务质量资产兑现管理层与治理.md,2026-08-01,2026-08-01,偿债同步降低现金和债务。
WB-P4-0009,WB,P4,p4_review_update,conclusion,research_plan,P4修订计划,资产路径,P4,point_in_time,Global,not_applicable,现金、理财、投资贷款和债务分别滚动,,,text,N/A,H,high,1,event_driven,WB P3 阶段报告,WB_P3_财务质量资产兑现管理层与治理.md,2026-08-01,2026-08-01,回收率和治理折价继续锁定P3。
WB-P4-0010,WB,P4,p4_review_update,conclusion,research_plan,P4修订计划,估值边界,P4,point_in_time,Global,not_applicable,只完成经营和每股基础预测,,,text,N/A,H,high,1,event_driven,WB P3 阶段报告,WB_P3_财务质量资产兑现管理层与治理.md,2026-08-01,2026-08-01,DCF、SOTP、合理股价和IRR留到P5。
WB-P4-0011,WB,P4,latest_actual,fact,company,WB,revenue,2026Q1,quarterly,Global,not_applicable,421.325,,,USD_mn,USD,A,high,1,quarterly,Weibo Q1 2026 results,https://www.sec.gov/Archives/edgar/data/1595761/000110465926067141/tm2615571d1_ex99-1.htm,2026-05-28,2026-08-01,Q1收入同比+6%，固定汇率+1%。
WB-P4-0012,WB,P4,latest_actual,fact,company,WB,ad_revenue,2026Q1,quarterly,Global,not_applicable,369.755,,,USD_mn,USD,A,high,1,quarterly,Weibo Q1 2026 results,https://www.sec.gov/Archives/edgar/data/1595761/000110465926067141/tm2615571d1_ex99-1.htm,2026-05-28,2026-08-01,广告同比+9%，固定汇率+3%。
WB-P4-0013,WB,P4,latest_actual,fact,company,WB,non_ali_ad_revenue,2026Q1,quarterly,Global,not_applicable,326.5,,,USD_mn,USD,A,high,1,quarterly,Weibo Q1 2026 results,https://www.sec.gov/Archives/edgar/data/1595761/000110465926067141/tm2615571d1_ex99-1.htm,2026-05-28,2026-08-01,美元口径同比+10%。
WB-P4-0014,WB,P4,latest_actual,fact,company,WB,alibaba_ad_revenue,2026Q1,quarterly,Global,not_applicable,43.3,,,USD_mn,USD,A,high,1,quarterly,Weibo Q1 2026 results,https://www.sec.gov/Archives/edgar/data/1595761/000110465926067141/tm2615571d1_ex99-1.htm,2026-05-28,2026-08-01,同比+2%。
WB-P4-0015,WB,P4,latest_actual,fact,company,WB,vas_revenue,2026Q1,quarterly,Global,not_applicable,51.57,,,USD_mn,USD,A,high,1,quarterly,Weibo Q1 2026 results,https://www.sec.gov/Archives/edgar/data/1595761/000110465926067141/tm2615571d1_ex99-1.htm,2026-05-28,2026-08-01,同比-11%，固定汇率-15%。
WB-P4-0016,WB,P4,latest_actual,fact,company,WB,operating_income,2026Q1,quarterly,Global,not_applicable,110.921,,,USD_mn,USD,A,high,1,quarterly,Weibo Q1 2026 results,https://www.sec.gov/Archives/edgar/data/1595761/000110465926067141/tm2615571d1_ex99-1.htm,2026-05-28,2026-08-01,营业利润率约26%。
WB-P4-0017,WB,P4,latest_actual,estimate,company,WB,operating_margin,2026Q1,quarterly,Global,not_applicable,0.263244,,,%,N/A,E,high,1,quarterly,Weibo Q1 2026 results,https://www.sec.gov/Archives/edgar/data/1595761/000110465926067141/tm2615571d1_ex99-1.htm,2026-05-28,2026-08-01,较2025Q1下降。
WB-P4-0018,WB,P4,latest_actual,fact,company,WB,operating_cash_flow,2026Q1,quarterly,Global,not_applicable,164.0,,,USD_mn,USD,A,high,1,quarterly,Weibo Q1 2026 results,https://www.sec.gov/Archives/edgar/data/1595761/000110465926067141/tm2615571d1_ex99-1.htm,2026-05-28,2026-08-01,公司披露。
WB-P4-0019,WB,P4,latest_actual,fact,company,WB,capex,2026Q1,quarterly,Global,not_applicable,11.9,,,USD_mn,USD,A,high,1,quarterly,Weibo Q1 2026 results,https://www.sec.gov/Archives/edgar/data/1595761/000110465926067141/tm2615571d1_ex99-1.htm,2026-05-28,2026-08-01,公司披露。
WB-P4-0020,WB,P4,latest_actual,fact,company,WB,depreciation_and_amortization,2026Q1,quarterly,Global,not_applicable,15.5,,,USD_mn,USD,A,high,1,quarterly,Weibo Q1 2026 results,https://www.sec.gov/Archives/edgar/data/1595761/000110465926067141/tm2615571d1_ex99-1.htm,2026-05-28,2026-08-01,公司披露。
WB-P4-0021,WB,P4,latest_actual,fact,company,WB,diluted_shares,2026Q1,quarterly,Global,not_applicable,270.121,,,shares_mn,N/A,A,high,1,quarterly,Weibo Q1 2026 results,https://www.sec.gov/Archives/edgar/data/1595761/000110465926067141/tm2615571d1_ex99-1.htm,2026-05-28,2026-08-01,稀释股数继续上升。
WB-P4-0022,WB,P4,latest_actual,fact,company,WB,cash_and_short_term_investments,2026Q1,quarterly,Global,not_applicable,2594.213,,,USD_mn,USD,A,high,1,quarterly,Weibo Q1 2026 results,https://www.sec.gov/Archives/edgar/data/1595761/000110465926067141/tm2615571d1_ex99-1.htm,2026-05-28,2026-08-01,现金1516.544+短投1077.669。
WB-P4-0023,WB,P4,latest_actual,fact,company,WB,long_term_investments,2026Q1,quarterly,Global,not_applicable,1615.457,,,USD_mn,USD,A,high,1,quarterly,Weibo Q1 2026 results,https://www.sec.gov/Archives/edgar/data/1595761/000110465926067141/tm2615571d1_ex99-1.htm,2026-05-28,2026-08-01,较2025年末下降约47.9m。
WB-P4-0024,WB,P4,latest_actual,fact,company,WB,amount_due_from_SINA,2026Q1,quarterly,Global,not_applicable,433.992,,,USD_mn,USD,A,high,1,quarterly,Weibo Q1 2026 results,https://www.sec.gov/Archives/edgar/data/1595761/000110465926067141/tm2615571d1_ex99-1.htm,2026-05-28,2026-08-01,贷款及利息约397.9m。
WB-P4-0025,WB,P4,latest_actual,fact,event,2026Q2业绩,scheduled_publication_date,2026Q2,point_in_time,Global,not_applicable,2026-08-19,,,date,N/A,A,high,1,event_driven,Weibo Q2 2026 publication notice,https://www.sec.gov/Archives/edgar/data/1595761/000110465926087796/tm2621566d1_6k.htm,2026-07-29,2026-08-01,截至2026-08-01结果尚未公布。
WB-P4-0026,WB,P4,current_year_fit,estimate,company,WB,Q1_normalized_owner_earnings,2026Q1,quarterly,Global,not_applicable,86.791,,,USD_mn,USD,E,medium,1,quarterly,Weibo Q1 2026 results,https://www.sec.gov/Archives/edgar/data/1595761/000110465926067141/tm2615571d1_ex99-1.htm,2026-05-28,2026-08-01,110.921×75%+15.5-11.9。
WB-P4-0027,WB,P4,scenario_assumption,assumption,scenario,P4经营情景,normalized_tax_rate,2026E-2035E,annual,Global,bear,0.25,,,%,N/A,H,low,1,annual,WB P3 阶段报告,WB_P3_财务质量资产兑现管理层与治理.md,2026-08-01,2026-08-01,所有者收益税率。
WB-P4-0028,WB,P4,scenario_assumption,assumption,scenario,P4经营情景,D&A_as_percent_of_revenue,2026E-2035E,annual,Global,bear,0.034,,,%,N/A,H,low,1,annual,WB P3 阶段报告,WB_P3_财务质量资产兑现管理层与治理.md,2026-08-01,2026-08-01,接近2025实际。
WB-P4-0029,WB,P4,scenario_assumption,assumption,scenario,P4经营情景,maintenance_capex_as_percent_of_revenue,2026E-2035E,annual,Global,bear,0.024,,,%,N/A,H,low,1,annual,WB P3 阶段报告,WB_P3_财务质量资产兑现管理层与治理.md,2026-08-01,2026-08-01,接近2025实际。
WB-P4-0030,WB,P4,scenario_assumption,assumption,scenario,P4经营情景,long_term_growth_2031_2035,2026E-2035E,annual,Global,bear,0.0,,,%,N/A,H,low,1,annual,WB P3 阶段报告,WB_P3_财务质量资产兑现管理层与治理.md,2026-08-01,2026-08-01,名义长期增长。
WB-P4-0031,WB,P4,scenario_assumption,assumption,scenario,P4经营情景,dividend_payout_ratio_2027_2035,2026E-2035E,annual,Global,bear,0.3,,,%,N/A,H,low,1,annual,WB P3 阶段报告,WB_P3_财务质量资产兑现管理层与治理.md,2026-08-01,2026-08-01,相对所有者收益。
WB-P4-0032,WB,P4,scenario_assumption,assumption,scenario,P4经营情景,annual_SBC_dilution_rate,2026E-2035E,annual,Global,bear,0.011,,,%,N/A,H,low,1,annual,WB P3 阶段报告,WB_P3_财务质量资产兑现管理层与治理.md,2026-08-01,2026-08-01,回购前稀释。
WB-P4-0033,WB,P4,scenario_assumption,assumption,scenario,P4经营情景,buyback_price_growth,2026E-2035E,annual,Global,bear,0.0,,,%,N/A,H,low,1,annual,WB P3 阶段报告,WB_P3_财务质量资产兑现管理层与治理.md,2026-08-01,2026-08-01,机械假设，非目标价。
WB-P4-0034,WB,P4,scenario_assumption,assumption,scenario,P4经营情景,other_asset_impairment_rate,2026E-2035E,annual,Global,bear,0.04,,,%,N/A,H,low,1,annual,WB P3 阶段报告,WB_P3_财务质量资产兑现管理层与治理.md,2026-08-01,2026-08-01,金融资产年度减值。
WB-P4-0035,WB,P4,scenario_assumption,assumption,scenario,P4经营情景,WMP_recovery_rate,2026E-2035E,annual,Global,bear,0.7,,,%,N/A,H,low,1,annual,WB P3 阶段报告,WB_P3_财务质量资产兑现管理层与治理.md,2026-08-01,2026-08-01,沿用P3。
WB-P4-0036,WB,P4,scenario_assumption,assumption,scenario,P4经营情景,other_asset_recovery_rate,2026E-2035E,annual,Global,bear,0.25787468557022164,,,%,N/A,H,low,1,annual,WB P3 阶段报告,WB_P3_财务质量资产兑现管理层与治理.md,2026-08-01,2026-08-01,沿用P3折价。
WB-P4-0037,WB,P4,scenario_assumption,assumption,scenario,P4经营情景,operating_cash_buffer,2026E-2035E,annual,Global,bear,600.0,,,USD_mn,USD,H,low,1,annual,WB P3 阶段报告,WB_P3_财务质量资产兑现管理层与治理.md,2026-08-01,2026-08-01,沿用P3。
WB-P4-0038,WB,P4,scenario_assumption,assumption,scenario,P4经营情景,remittance_and_tax_reserve,2026E-2035E,annual,Global,bear,150.0,,,USD_mn,USD,H,low,1,annual,WB P3 阶段报告,WB_P3_财务质量资产兑现管理层与治理.md,2026-08-01,2026-08-01,沿用P3。
WB-P4-0039,WB,P4,scenario_assumption,assumption,scenario,P4经营情景,normalized_tax_rate,2026E-2035E,annual,Global,base,0.25,,,%,N/A,H,medium,1,annual,WB P3 阶段报告,WB_P3_财务质量资产兑现管理层与治理.md,2026-08-01,2026-08-01,所有者收益税率。
WB-P4-0040,WB,P4,scenario_assumption,assumption,scenario,P4经营情景,D&A_as_percent_of_revenue,2026E-2035E,annual,Global,base,0.034,,,%,N/A,H,medium,1,annual,WB P3 阶段报告,WB_P3_财务质量资产兑现管理层与治理.md,2026-08-01,2026-08-01,接近2025实际。
WB-P4-0041,WB,P4,scenario_assumption,assumption,scenario,P4经营情景,maintenance_capex_as_percent_of_revenue,2026E-2035E,annual,Global,base,0.024,,,%,N/A,H,medium,1,annual,WB P3 阶段报告,WB_P3_财务质量资产兑现管理层与治理.md,2026-08-01,2026-08-01,接近2025实际。
WB-P4-0042,WB,P4,scenario_assumption,assumption,scenario,P4经营情景,long_term_growth_2031_2035,2026E-2035E,annual,Global,base,0.01,,,%,N/A,H,medium,1,annual,WB P3 阶段报告,WB_P3_财务质量资产兑现管理层与治理.md,2026-08-01,2026-08-01,名义长期增长。
WB-P4-0043,WB,P4,scenario_assumption,assumption,scenario,P4经营情景,dividend_payout_ratio_2027_2035,2026E-2035E,annual,Global,base,0.4,,,%,N/A,H,medium,1,annual,WB P3 阶段报告,WB_P3_财务质量资产兑现管理层与治理.md,2026-08-01,2026-08-01,相对所有者收益。
WB-P4-0044,WB,P4,scenario_assumption,assumption,scenario,P4经营情景,annual_SBC_dilution_rate,2026E-2035E,annual,Global,base,0.008,,,%,N/A,H,medium,1,annual,WB P3 阶段报告,WB_P3_财务质量资产兑现管理层与治理.md,2026-08-01,2026-08-01,回购前稀释。
WB-P4-0045,WB,P4,scenario_assumption,assumption,scenario,P4经营情景,buyback_price_growth,2026E-2035E,annual,Global,base,0.02,,,%,N/A,H,medium,1,annual,WB P3 阶段报告,WB_P3_财务质量资产兑现管理层与治理.md,2026-08-01,2026-08-01,机械假设，非目标价。
WB-P4-0046,WB,P4,scenario_assumption,assumption,scenario,P4经营情景,other_asset_impairment_rate,2026E-2035E,annual,Global,base,0.02,,,%,N/A,H,medium,1,annual,WB P3 阶段报告,WB_P3_财务质量资产兑现管理层与治理.md,2026-08-01,2026-08-01,金融资产年度减值。
WB-P4-0047,WB,P4,scenario_assumption,assumption,scenario,P4经营情景,WMP_recovery_rate,2026E-2035E,annual,Global,base,0.85,,,%,N/A,H,medium,1,annual,WB P3 阶段报告,WB_P3_财务质量资产兑现管理层与治理.md,2026-08-01,2026-08-01,沿用P3。
WB-P4-0048,WB,P4,scenario_assumption,assumption,scenario,P4经营情景,other_asset_recovery_rate,2026E-2035E,annual,Global,base,0.46305623258249046,,,%,N/A,H,medium,1,annual,WB P3 阶段报告,WB_P3_财务质量资产兑现管理层与治理.md,2026-08-01,2026-08-01,沿用P3折价。
WB-P4-0049,WB,P4,scenario_assumption,assumption,scenario,P4经营情景,operating_cash_buffer,2026E-2035E,annual,Global,base,450.0,,,USD_mn,USD,H,medium,1,annual,WB P3 阶段报告,WB_P3_财务质量资产兑现管理层与治理.md,2026-08-01,2026-08-01,沿用P3。
WB-P4-0050,WB,P4,scenario_assumption,assumption,scenario,P4经营情景,remittance_and_tax_reserve,2026E-2035E,annual,Global,base,100.0,,,USD_mn,USD,H,medium,1,annual,WB P3 阶段报告,WB_P3_财务质量资产兑现管理层与治理.md,2026-08-01,2026-08-01,沿用P3。
WB-P4-0051,WB,P4,scenario_assumption,assumption,scenario,P4经营情景,normalized_tax_rate,2026E-2035E,annual,Global,bull,0.25,,,%,N/A,H,low,1,annual,WB P3 阶段报告,WB_P3_财务质量资产兑现管理层与治理.md,2026-08-01,2026-08-01,所有者收益税率。
WB-P4-0052,WB,P4,scenario_assumption,assumption,scenario,P4经营情景,D&A_as_percent_of_revenue,2026E-2035E,annual,Global,bull,0.034,,,%,N/A,H,low,1,annual,WB P3 阶段报告,WB_P3_财务质量资产兑现管理层与治理.md,2026-08-01,2026-08-01,接近2025实际。
WB-P4-0053,WB,P4,scenario_assumption,assumption,scenario,P4经营情景,maintenance_capex_as_percent_of_revenue,2026E-2035E,annual,Global,bull,0.024,,,%,N/A,H,low,1,annual,WB P3 阶段报告,WB_P3_财务质量资产兑现管理层与治理.md,2026-08-01,2026-08-01,接近2025实际。
WB-P4-0054,WB,P4,scenario_assumption,assumption,scenario,P4经营情景,long_term_growth_2031_2035,2026E-2035E,annual,Global,bull,0.02,,,%,N/A,H,low,1,annual,WB P3 阶段报告,WB_P3_财务质量资产兑现管理层与治理.md,2026-08-01,2026-08-01,名义长期增长。
WB-P4-0055,WB,P4,scenario_assumption,assumption,scenario,P4经营情景,dividend_payout_ratio_2027_2035,2026E-2035E,annual,Global,bull,0.5,,,%,N/A,H,low,1,annual,WB P3 阶段报告,WB_P3_财务质量资产兑现管理层与治理.md,2026-08-01,2026-08-01,相对所有者收益。
WB-P4-0056,WB,P4,scenario_assumption,assumption,scenario,P4经营情景,annual_SBC_dilution_rate,2026E-2035E,annual,Global,bull,0.005,,,%,N/A,H,low,1,annual,WB P3 阶段报告,WB_P3_财务质量资产兑现管理层与治理.md,2026-08-01,2026-08-01,回购前稀释。
WB-P4-0057,WB,P4,scenario_assumption,assumption,scenario,P4经营情景,buyback_price_growth,2026E-2035E,annual,Global,bull,0.04,,,%,N/A,H,low,1,annual,WB P3 阶段报告,WB_P3_财务质量资产兑现管理层与治理.md,2026-08-01,2026-08-01,机械假设，非目标价。
WB-P4-0058,WB,P4,scenario_assumption,assumption,scenario,P4经营情景,other_asset_impairment_rate,2026E-2035E,annual,Global,bull,0.01,,,%,N/A,H,low,1,annual,WB P3 阶段报告,WB_P3_财务质量资产兑现管理层与治理.md,2026-08-01,2026-08-01,金融资产年度减值。
WB-P4-0059,WB,P4,scenario_assumption,assumption,scenario,P4经营情景,WMP_recovery_rate,2026E-2035E,annual,Global,bull,0.95,,,%,N/A,H,low,1,annual,WB P3 阶段报告,WB_P3_财务质量资产兑现管理层与治理.md,2026-08-01,2026-08-01,沿用P3。
WB-P4-0060,WB,P4,scenario_assumption,assumption,scenario,P4经营情景,other_asset_recovery_rate,2026E-2035E,annual,Global,bull,0.6703497247651676,,,%,N/A,H,low,1,annual,WB P3 阶段报告,WB_P3_财务质量资产兑现管理层与治理.md,2026-08-01,2026-08-01,沿用P3折价。
WB-P4-0061,WB,P4,scenario_assumption,assumption,scenario,P4经营情景,operating_cash_buffer,2026E-2035E,annual,Global,bull,350.0,,,USD_mn,USD,H,low,1,annual,WB P3 阶段报告,WB_P3_财务质量资产兑现管理层与治理.md,2026-08-01,2026-08-01,沿用P3。
WB-P4-0062,WB,P4,scenario_assumption,assumption,scenario,P4经营情景,remittance_and_tax_reserve,2026E-2035E,annual,Global,bull,50.0,,,USD_mn,USD,H,low,1,annual,WB P3 阶段报告,WB_P3_财务质量资产兑现管理层与治理.md,2026-08-01,2026-08-01,沿用P3。
WB-P4-0063,WB,P4,current_year_fit,estimate,scenario,2026E反向拟合,implied_Q2_Q4_revenue_growth,2026E,annual,Global,bear,-0.05637180130862318,,,%,N/A,E,low,1,annual,Weibo Q1 2026 results,https://www.sec.gov/Archives/edgar/data/1595761/000110465926067141/tm2615571d1_ex99-1.htm,2026-05-28,2026-08-01,全年预测减Q1实际，对比2025Q2-Q4。
WB-P4-0064,WB,P4,current_year_fit,estimate,scenario,2026E反向拟合,implied_Q2_Q4_non_ali_ad_growth,2026E,annual,Global,bear,-0.0463520420283855,,,%,N/A,E,low,1,annual,Weibo Q1 2026 results,https://www.sec.gov/Archives/edgar/data/1595761/000110465926067141/tm2615571d1_ex99-1.htm,2026-05-28,2026-08-01,全年预测减Q1实际，对比2025Q2-Q4。
WB-P4-0065,WB,P4,current_year_fit,estimate,scenario,2026E反向拟合,implied_Q2_Q4_ali_ad_growth,2026E,annual,Global,bear,-0.034497473843035364,,,%,N/A,E,low,1,annual,Weibo Q1 2026 results,https://www.sec.gov/Archives/edgar/data/1595761/000110465926067141/tm2615571d1_ex99-1.htm,2026-05-28,2026-08-01,全年预测减Q1实际，对比2025Q2-Q4。
WB-P4-0066,WB,P4,current_year_fit,estimate,scenario,2026E反向拟合,implied_Q2_Q4_vas_growth,2026E,annual,Global,bear,-0.12336923831234814,,,%,N/A,E,low,1,annual,Weibo Q1 2026 results,https://www.sec.gov/Archives/edgar/data/1595761/000110465926067141/tm2615571d1_ex99-1.htm,2026-05-28,2026-08-01,全年预测减Q1实际，对比2025Q2-Q4。
WB-P4-0067,WB,P4,current_year_fit,estimate,scenario,2026E反向拟合,full_year_owner_earnings,2026E,annual,Global,bear,329.065,,,USD_mn,USD,E,low,1,annual,Weibo Q1 2026 results,https://www.sec.gov/Archives/edgar/data/1595761/000110465926067141/tm2615571d1_ex99-1.htm,2026-05-28,2026-08-01,Q1实际所有者收益约86.8m。
WB-P4-0068,WB,P4,current_year_fit,estimate,scenario,2026E反向拟合,implied_Q2_Q4_revenue_growth,2026E,annual,Global,base,0.009787107980896215,,,%,N/A,E,medium,1,annual,Weibo Q1 2026 results,https://www.sec.gov/Archives/edgar/data/1595761/000110465926067141/tm2615571d1_ex99-1.htm,2026-05-28,2026-08-01,全年预测减Q1实际，对比2025Q2-Q4。
WB-P4-0069,WB,P4,current_year_fit,estimate,scenario,2026E反向拟合,implied_Q2_Q4_non_ali_ad_growth,2026E,annual,Global,base,0.021523257471373514,,,%,N/A,E,medium,1,annual,Weibo Q1 2026 results,https://www.sec.gov/Archives/edgar/data/1595761/000110465926067141/tm2615571d1_ex99-1.htm,2026-05-28,2026-08-01,全年预测减Q1实际，对比2025Q2-Q4。
WB-P4-0070,WB,P4,current_year_fit,estimate,scenario,2026E反向拟合,implied_Q2_Q4_ali_ad_growth,2026E,annual,Global,base,0.04170635616146057,,,%,N/A,E,medium,1,annual,Weibo Q1 2026 results,https://www.sec.gov/Archives/edgar/data/1595761/000110465926067141/tm2615571d1_ex99-1.htm,2026-05-28,2026-08-01,全年预测减Q1实际，对比2025Q2-Q4。
WB-P4-0071,WB,P4,current_year_fit,estimate,scenario,2026E反向拟合,implied_Q2_Q4_vas_growth,2026E,annual,Global,base,-0.07282257616118326,,,%,N/A,E,medium,1,annual,Weibo Q1 2026 results,https://www.sec.gov/Archives/edgar/data/1595761/000110465926067141/tm2615571d1_ex99-1.htm,2026-05-28,2026-08-01,全年预测减Q1实际，对比2025Q2-Q4。
WB-P4-0072,WB,P4,current_year_fit,estimate,scenario,2026E反向拟合,full_year_owner_earnings,2026E,annual,Global,base,369.99437500000005,,,USD_mn,USD,E,medium,1,annual,Weibo Q1 2026 results,https://www.sec.gov/Archives/edgar/data/1595761/000110465926067141/tm2615571d1_ex99-1.htm,2026-05-28,2026-08-01,Q1实际所有者收益约86.8m。
WB-P4-0073,WB,P4,current_year_fit,estimate,scenario,2026E反向拟合,implied_Q2_Q4_revenue_growth,2026E,annual,Global,bull,0.0649195323888292,,,%,N/A,E,low,1,annual,Weibo Q1 2026 results,https://www.sec.gov/Archives/edgar/data/1595761/000110465926067141/tm2615571d1_ex99-1.htm,2026-05-28,2026-08-01,全年预测减Q1实际，对比2025Q2-Q4。
WB-P4-0074,WB,P4,current_year_fit,estimate,scenario,2026E反向拟合,implied_Q2_Q4_non_ali_ad_growth,2026E,annual,Global,bull,0.07485384993546984,,,%,N/A,E,low,1,annual,Weibo Q1 2026 results,https://www.sec.gov/Archives/edgar/data/1595761/000110465926067141/tm2615571d1_ex99-1.htm,2026-05-28,2026-08-01,全年预测减Q1实际，对比2025Q2-Q4。
WB-P4-0075,WB,P4,current_year_fit,estimate,scenario,2026E反向拟合,implied_Q2_Q4_ali_ad_growth,2026E,annual,Global,bull,0.11791018616595661,,,%,N/A,E,low,1,annual,Weibo Q1 2026 results,https://www.sec.gov/Archives/edgar/data/1595761/000110465926067141/tm2615571d1_ex99-1.htm,2026-05-28,2026-08-01,全年预测减Q1实际，对比2025Q2-Q4。
WB-P4-0076,WB,P4,current_year_fit,estimate,scenario,2026E反向拟合,implied_Q2_Q4_vas_growth,2026E,annual,Global,bull,-0.022275914010018383,,,%,N/A,E,low,1,annual,Weibo Q1 2026 results,https://www.sec.gov/Archives/edgar/data/1595761/000110465926067141/tm2615571d1_ex99-1.htm,2026-05-28,2026-08-01,全年预测减Q1实际，对比2025Q2-Q4。
WB-P4-0077,WB,P4,current_year_fit,estimate,scenario,2026E反向拟合,full_year_owner_earnings,2026E,annual,Global,bull,411.40000000000003,,,USD_mn,USD,E,low,1,annual,Weibo Q1 2026 results,https://www.sec.gov/Archives/edgar/data/1595761/000110465926067141/tm2615571d1_ex99-1.htm,2026-05-28,2026-08-01,Q1实际所有者收益约86.8m。
WB-P4-0078,WB,P4,forecast,fact,scenario,WB经营预测,non_Alibaba_ad_revenue,2025A,annual,Global,actual,1327.803,,,USD_mn,USD,A,high,1,annual,Weibo FY2025/Q4 results,https://www.sec.gov/Archives/edgar/data/1595761/000110465926029771/tm268894d2_ex99-1.htm,2026-03-18,2026-08-01,2025实际值，作为预测起点。
WB-P4-0079,WB,P4,forecast,fact,scenario,WB经营预测,Alibaba_ad_revenue,2025A,annual,Global,actual,173.827,,,USD_mn,USD,A,high,1,annual,Weibo FY2025/Q4 results,https://www.sec.gov/Archives/edgar/data/1595761/000110465926029771/tm268894d2_ex99-1.htm,2026-03-18,2026-08-01,2025实际值，作为预测起点。
WB-P4-0080,WB,P4,forecast,fact,scenario,WB经营预测,VAS_revenue,2025A,annual,Global,actual,255.586,,,USD_mn,USD,A,high,1,annual,Weibo FY2025/Q4 results,https://www.sec.gov/Archives/edgar/data/1595761/000110465926029771/tm268894d2_ex99-1.htm,2026-03-18,2026-08-01,2025实际值，作为预测起点。
WB-P4-0081,WB,P4,forecast,fact,scenario,WB经营预测,total_revenue,2025A,annual,Global,actual,1757.216,,,USD_mn,USD,A,high,1,annual,Weibo FY2025/Q4 results,https://www.sec.gov/Archives/edgar/data/1595761/000110465926029771/tm268894d2_ex99-1.htm,2026-03-18,2026-08-01,2025实际值，作为预测起点。
WB-P4-0082,WB,P4,forecast,fact,scenario,WB经营预测,GAAP_operating_margin,2025A,annual,Global,actual,0.264529,,,%,N/A,A,high,1,annual,Weibo FY2025/Q4 results,https://www.sec.gov/Archives/edgar/data/1595761/000110465926029771/tm268894d2_ex99-1.htm,2026-03-18,2026-08-01,2025实际值，作为预测起点。
WB-P4-0083,WB,P4,forecast,fact,scenario,WB经营预测,GAAP_operating_income,2025A,annual,Global,actual,464.825,,,USD_mn,USD,A,high,1,annual,Weibo FY2025/Q4 results,https://www.sec.gov/Archives/edgar/data/1595761/000110465926029771/tm268894d2_ex99-1.htm,2026-03-18,2026-08-01,2025实际值，作为预测起点。
WB-P4-0084,WB,P4,forecast,fact,scenario,WB经营预测,depreciation_and_amortization,2025A,annual,Global,actual,59.088,,,USD_mn,USD,A,high,1,annual,Weibo FY2025/Q4 results,https://www.sec.gov/Archives/edgar/data/1595761/000110465926029771/tm268894d2_ex99-1.htm,2026-03-18,2026-08-01,2025实际值，作为预测起点。
WB-P4-0085,WB,P4,forecast,fact,scenario,WB经营预测,maintenance_capex,2025A,annual,Global,actual,42.368,,,USD_mn,USD,A,high,1,annual,Weibo FY2025/Q4 results,https://www.sec.gov/Archives/edgar/data/1595761/000110465926029771/tm268894d2_ex99-1.htm,2026-03-18,2026-08-01,2025实际值，作为预测起点。
WB-P4-0086,WB,P4,forecast,fact,scenario,WB经营预测,normalized_owner_earnings,2025A,annual,Global,actual,365.339,,,USD_mn,USD,A,high,1,annual,Weibo FY2025/Q4 results,https://www.sec.gov/Archives/edgar/data/1595761/000110465926029771/tm268894d2_ex99-1.htm,2026-03-18,2026-08-01,2025实际值，作为预测起点。
WB-P4-0087,WB,P4,capital_return_forecast,fact,scenario,WB经营预测,cash_dividends,2025A,annual,Global,actual,150.0,,,USD_mn,USD,A,high,1,annual,Weibo FY2025/Q4 results,https://www.sec.gov/Archives/edgar/data/1595761/000110465926029771/tm268894d2_ex99-1.htm,2026-03-18,2026-08-01,2025实际值，作为预测起点。
WB-P4-0088,WB,P4,capital_return_forecast,fact,scenario,WB经营预测,actual_buyback_cash,2025A,annual,Global,actual,0.0,,,USD_mn,USD,A,high,1,annual,Weibo FY2025/Q4 results,https://www.sec.gov/Archives/edgar/data/1595761/000110465926029771/tm268894d2_ex99-1.htm,2026-03-18,2026-08-01,2025实际值，作为预测起点。
WB-P4-0089,WB,P4,share_count_forecast,fact,scenario,WB经营预测,ending_diluted_ADS,2025A,annual,Global,actual,268.56,,,shares_mn,N/A,A,high,1,annual,Weibo FY2025/Q4 results,https://www.sec.gov/Archives/edgar/data/1595761/000110465926029771/tm268894d2_ex99-1.htm,2026-03-18,2026-08-01,2025实际值，作为预测起点。
WB-P4-0090,WB,P4,balance_sheet_forecast,fact,scenario,WB经营预测,cash_and_short_term_investments,2025A,annual,Global,actual,2405.08,,,USD_mn,USD,A,high,1,annual,Weibo FY2025/Q4 results,https://www.sec.gov/Archives/edgar/data/1595761/000110465926029771/tm268894d2_ex99-1.htm,2026-03-18,2026-08-01,2025实际值，作为预测起点。
WB-P4-0091,WB,P4,balance_sheet_forecast,fact,scenario,WB经营预测,long_term_WMP_book_value,2025A,annual,Global,actual,620.459,,,USD_mn,USD,A,high,1,annual,Weibo FY2025/Q4 results,https://www.sec.gov/Archives/edgar/data/1595761/000110465926029771/tm268894d2_ex99-1.htm,2026-03-18,2026-08-01,2025实际值，作为预测起点。
WB-P4-0092,WB,P4,balance_sheet_forecast,fact,scenario,WB经营预测,gross_debt,2025A,annual,Global,actual,1863.55,,,USD_mn,USD,A,high,1,annual,Weibo FY2025/Q4 results,https://www.sec.gov/Archives/edgar/data/1595761/000110465926029771/tm268894d2_ex99-1.htm,2026-03-18,2026-08-01,2025实际值，作为预测起点。
WB-P4-0093,WB,P4,balance_sheet_forecast,fact,scenario,WB经营预测,other_financial_assets_book_value,2025A,annual,Global,actual,2815.414,,,USD_mn,USD,A,high,1,annual,Weibo FY2025/Q4 results,https://www.sec.gov/Archives/edgar/data/1595761/000110465926029771/tm268894d2_ex99-1.htm,2026-03-18,2026-08-01,2025实际值，作为预测起点。
WB-P4-0094,WB,P4,forecast,estimate,scenario,WB经营预测,owner_earnings_per_diluted_ADS,2025A,annual,Global,actual,1.3603626750074471,,,USD_per_ADS,USD,E,high,1,annual,WB P3 阶段报告,WB_P3_财务质量资产兑现管理层与治理.md,2026-08-01,2026-08-01,P3所有者收益/2025稀释ADS。
WB-P4-0095,WB,P4,forecast,estimate,scenario,WB经营预测,non_Alibaba_ad_revenue,2026E,annual,Global,bear,1310.0,,,USD_mn,USD,E,low,1,annual,WB P3 阶段报告,WB_P3_财务质量资产兑现管理层与治理.md,2026-08-01,2026-08-01,P4逐年预测；不包含目标价或IRR。
WB-P4-0096,WB,P4,forecast,estimate,scenario,WB经营预测,Alibaba_ad_revenue,2026E,annual,Global,bear,170.0,,,USD_mn,USD,E,low,1,annual,WB P3 阶段报告,WB_P3_财务质量资产兑现管理层与治理.md,2026-08-01,2026-08-01,P4逐年预测；不包含目标价或IRR。
WB-P4-0097,WB,P4,forecast,estimate,scenario,WB经营预测,VAS_revenue,2026E,annual,Global,bear,225.0,,,USD_mn,USD,E,low,1,annual,WB P3 阶段报告,WB_P3_财务质量资产兑现管理层与治理.md,2026-08-01,2026-08-01,P4逐年预测；不包含目标价或IRR。
WB-P4-0098,WB,P4,forecast,estimate,scenario,WB经营预测,total_revenue,2026E,annual,Global,bear,1705.0,,,USD_mn,USD,E,low,1,annual,WB P3 阶段报告,WB_P3_财务质量资产兑现管理层与治理.md,2026-08-01,2026-08-01,P4逐年预测；不包含目标价或IRR。
WB-P4-0099,WB,P4,forecast,estimate,scenario,WB经营预测,GAAP_operating_margin,2026E,annual,Global,bear,0.244,,,%,N/A,E,low,1,annual,WB P3 阶段报告,WB_P3_财务质量资产兑现管理层与治理.md,2026-08-01,2026-08-01,P4逐年预测；不包含目标价或IRR。
WB-P4-0100,WB,P4,forecast,estimate,scenario,WB经营预测,GAAP_operating_income,2026E,annual,Global,bear,416.02,,,USD_mn,USD,E,low,1,annual,WB P3 阶段报告,WB_P3_财务质量资产兑现管理层与治理.md,2026-08-01,2026-08-01,P4逐年预测；不包含目标价或IRR。
WB-P4-0101,WB,P4,forecast,estimate,scenario,WB经营预测,depreciation_and_amortization,2026E,annual,Global,bear,57.97,,,USD_mn,USD,E,low,1,annual,WB P3 阶段报告,WB_P3_财务质量资产兑现管理层与治理.md,2026-08-01,2026-08-01,P4逐年预测；不包含目标价或IRR。
WB-P4-0102,WB,P4,forecast,estimate,scenario,WB经营预测,maintenance_capex,2026E,annual,Global,bear,40.92,,,USD_mn,USD,E,low,1,annual,WB P3 阶段报告,WB_P3_财务质量资产兑现管理层与治理.md,2026-08-01,2026-08-01,P4逐年预测；不包含目标价或IRR。
WB-P4-0103,WB,P4,forecast,estimate,scenario,WB经营预测,normalized_owner_earnings,2026E,annual,Global,bear,329.065,,,USD_mn,USD,E,low,1,annual,WB P3 阶段报告,WB_P3_财务质量资产兑现管理层与治理.md,2026-08-01,2026-08-01,P4逐年预测；不包含目标价或IRR。
WB-P4-0104,WB,P4,forecast,estimate,scenario,WB经营预测,owner_earnings_per_diluted_ADS,2026E,annual,Global,bear,1.211963,,,USD_per_ADS,USD,E,low,1,annual,WB P3 阶段报告,WB_P3_财务质量资产兑现管理层与治理.md,2026-08-01,2026-08-01,P4逐年预测；不包含目标价或IRR。
WB-P4-0105,WB,P4,capital_return_forecast,estimate,scenario,WB经营预测,cash_dividends,2026E,annual,Global,bear,125.0,,,USD_mn,USD,E,low,1,annual,WB P3 阶段报告,WB_P3_财务质量资产兑现管理层与治理.md,2026-08-01,2026-08-01,P4逐年预测；不包含目标价或IRR。
WB-P4-0106,WB,P4,capital_return_forecast,estimate,scenario,WB经营预测,actual_buyback_cash,2026E,annual,Global,bear,0.0,,,USD_mn,USD,E,low,1,annual,WB P3 阶段报告,WB_P3_财务质量资产兑现管理层与治理.md,2026-08-01,2026-08-01,P4逐年预测；不包含目标价或IRR。
WB-P4-0107,WB,P4,capital_return_forecast,estimate,scenario,WB经营预测,average_buyback_price_assumption,2026E,annual,Global,bear,8.0,,,USD_per_ADS,USD,E,low,1,annual,WB P3 阶段报告,WB_P3_财务质量资产兑现管理层与治理.md,2026-08-01,2026-08-01,P4逐年预测；不包含目标价或IRR。
WB-P4-0108,WB,P4,capital_return_forecast,estimate,scenario,WB经营预测,gross_ADS_repurchased,2026E,annual,Global,bear,0.0,,,shares_mn,N/A,E,low,1,annual,WB P3 阶段报告,WB_P3_财务质量资产兑现管理层与治理.md,2026-08-01,2026-08-01,P4逐年预测；不包含目标价或IRR。
WB-P4-0109,WB,P4,capital_return_forecast,estimate,scenario,WB经营预测,SBC_and_equity_dilution_rate,2026E,annual,Global,bear,0.011,,,%,N/A,E,low,1,annual,WB P3 阶段报告,WB_P3_财务质量资产兑现管理层与治理.md,2026-08-01,2026-08-01,P4逐年预测；不包含目标价或IRR。
WB-P4-0110,WB,P4,share_count_forecast,estimate,scenario,WB经营预测,ending_diluted_ADS,2026E,annual,Global,bear,271.51416,,,shares_mn,N/A,E,low,1,annual,WB P3 阶段报告,WB_P3_财务质量资产兑现管理层与治理.md,2026-08-01,2026-08-01,P4逐年预测；不包含目标价或IRR。
WB-P4-0111,WB,P4,balance_sheet_forecast,estimate,scenario,WB经营预测,cash_and_short_term_investments,2026E,annual,Global,bear,2509.145,,,USD_mn,USD,E,low,1,annual,WB P3 阶段报告,WB_P3_财务质量资产兑现管理层与治理.md,2026-08-01,2026-08-01,P4逐年预测；不包含目标价或IRR。
WB-P4-0112,WB,P4,balance_sheet_forecast,estimate,scenario,WB经营预测,long_term_WMP_book_value,2026E,annual,Global,bear,620.459,,,USD_mn,USD,E,low,1,annual,WB P3 阶段报告,WB_P3_财务质量资产兑现管理层与治理.md,2026-08-01,2026-08-01,P4逐年预测；不包含目标价或IRR。
WB-P4-0113,WB,P4,balance_sheet_forecast,estimate,scenario,WB经营预测,gross_debt,2026E,annual,Global,bear,1863.55,,,USD_mn,USD,E,low,1,annual,WB P3 阶段报告,WB_P3_财务质量资产兑现管理层与治理.md,2026-08-01,2026-08-01,P4逐年预测；不包含目标价或IRR。
WB-P4-0114,WB,P4,balance_sheet_forecast,estimate,scenario,WB经营预测,other_financial_assets_book_value,2026E,annual,Global,bear,2802.79744,,,USD_mn,USD,E,low,1,annual,WB P3 阶段报告,WB_P3_财务质量资产兑现管理层与治理.md,2026-08-01,2026-08-01,P4逐年预测；不包含目标价或IRR。
WB-P4-0115,WB,P4,balance_sheet_forecast,estimate,scenario,WB经营预测,new_investment_and_loan_funding,2026E,annual,Global,bear,120.0,,,USD_mn,USD,E,low,1,annual,WB P3 阶段报告,WB_P3_财务质量资产兑现管理层与治理.md,2026-08-01,2026-08-01,P4逐年预测；不包含目标价或IRR。
WB-P4-0116,WB,P4,balance_sheet_forecast,estimate,scenario,WB经营预测,investment_and_loan_monetization,2026E,annual,Global,bear,20.0,,,USD_mn,USD,E,low,1,annual,WB P3 阶段报告,WB_P3_财务质量资产兑现管理层与治理.md,2026-08-01,2026-08-01,P4逐年预测；不包含目标价或IRR。
WB-P4-0117,WB,P4,balance_sheet_forecast,estimate,scenario,WB经营预测,investment_and_loan_impairment,2026E,annual,Global,bear,112.61656,,,USD_mn,USD,E,low,1,annual,WB P3 阶段报告,WB_P3_财务质量资产兑现管理层与治理.md,2026-08-01,2026-08-01,P4逐年预测；不包含目标价或IRR。
WB-P4-0118,WB,P4,balance_sheet_forecast,estimate,scenario,WB经营预测,recoverable_asset_support_before_governance_discount,2026E,annual,Global,bear,1052.686809,,,USD_mn,USD,E,low,1,annual,WB P3 阶段报告,WB_P3_财务质量资产兑现管理层与治理.md,2026-08-01,2026-08-01,P4逐年预测；不包含目标价或IRR。
WB-P4-0119,WB,P4,balance_sheet_forecast,estimate,scenario,WB经营预测,asset_support_per_diluted_ADS,2026E,annual,Global,bear,3.877097,,,USD_per_ADS,USD,E,low,1,annual,WB P3 阶段报告,WB_P3_财务质量资产兑现管理层与治理.md,2026-08-01,2026-08-01,P4逐年预测；不包含目标价或IRR。
WB-P4-0120,WB,P4,forecast,estimate,scenario,WB经营预测,non_Alibaba_ad_revenue,2027E,annual,Global,bear,1257.6,,,USD_mn,USD,E,low,1,annual,WB P3 阶段报告,WB_P3_财务质量资产兑现管理层与治理.md,2026-08-01,2026-08-01,P4逐年预测；不包含目标价或IRR。
WB-P4-0121,WB,P4,forecast,estimate,scenario,WB经营预测,Alibaba_ad_revenue,2027E,annual,Global,bear,161.5,,,USD_mn,USD,E,low,1,annual,WB P3 阶段报告,WB_P3_财务质量资产兑现管理层与治理.md,2026-08-01,2026-08-01,P4逐年预测；不包含目标价或IRR。
WB-P4-0122,WB,P4,forecast,estimate,scenario,WB经营预测,VAS_revenue,2027E,annual,Global,bear,207.0,,,USD_mn,USD,E,low,1,annual,WB P3 阶段报告,WB_P3_财务质量资产兑现管理层与治理.md,2026-08-01,2026-08-01,P4逐年预测；不包含目标价或IRR。
WB-P4-0123,WB,P4,forecast,estimate,scenario,WB经营预测,total_revenue,2027E,annual,Global,bear,1626.1,,,USD_mn,USD,E,low,1,annual,WB P3 阶段报告,WB_P3_财务质量资产兑现管理层与治理.md,2026-08-01,2026-08-01,P4逐年预测；不包含目标价或IRR。
WB-P4-0124,WB,P4,forecast,estimate,scenario,WB经营预测,GAAP_operating_margin,2027E,annual,Global,bear,0.238,,,%,N/A,E,low,1,annual,WB P3 阶段报告,WB_P3_财务质量资产兑现管理层与治理.md,2026-08-01,2026-08-01,P4逐年预测；不包含目标价或IRR。
WB-P4-0125,WB,P4,forecast,estimate,scenario,WB经营预测,GAAP_operating_income,2027E,annual,Global,bear,387.0118,,,USD_mn,USD,E,low,1,annual,WB P3 阶段报告,WB_P3_财务质量资产兑现管理层与治理.md,2026-08-01,2026-08-01,P4逐年预测；不包含目标价或IRR。
WB-P4-0126,WB,P4,forecast,estimate,scenario,WB经营预测,depreciation_and_amortization,2027E,annual,Global,bear,55.2874,,,USD_mn,USD,E,low,1,annual,WB P3 阶段报告,WB_P3_财务质量资产兑现管理层与治理.md,2026-08-01,2026-08-01,P4逐年预测；不包含目标价或IRR。
WB-P4-0127,WB,P4,forecast,estimate,scenario,WB经营预测,maintenance_capex,2027E,annual,Global,bear,39.0264,,,USD_mn,USD,E,low,1,annual,WB P3 阶段报告,WB_P3_财务质量资产兑现管理层与治理.md,2026-08-01,2026-08-01,P4逐年预测；不包含目标价或IRR。
WB-P4-0128,WB,P4,forecast,estimate,scenario,WB经营预测,normalized_owner_earnings,2027E,annual,Global,bear,306.51985,,,USD_mn,USD,E,low,1,annual,WB P3 阶段报告,WB_P3_财务质量资产兑现管理层与治理.md,2026-08-01,2026-08-01,P4逐年预测；不包含目标价或IRR。
WB-P4-0129,WB,P4,forecast,estimate,scenario,WB经营预测,owner_earnings_per_diluted_ADS,2027E,annual,Global,bear,1.116645,,,USD_per_ADS,USD,E,low,1,annual,WB P3 阶段报告,WB_P3_财务质量资产兑现管理层与治理.md,2026-08-01,2026-08-01,P4逐年预测；不包含目标价或IRR。
WB-P4-0130,WB,P4,capital_return_forecast,estimate,scenario,WB经营预测,cash_dividends,2027E,annual,Global,bear,91.955955,,,USD_mn,USD,E,low,1,annual,WB P3 阶段报告,WB_P3_财务质量资产兑现管理层与治理.md,2026-08-01,2026-08-01,P4逐年预测；不包含目标价或IRR。
WB-P4-0131,WB,P4,capital_return_forecast,estimate,scenario,WB经营预测,actual_buyback_cash,2027E,annual,Global,bear,0.0,,,USD_mn,USD,E,low,1,annual,WB P3 阶段报告,WB_P3_财务质量资产兑现管理层与治理.md,2026-08-01,2026-08-01,P4逐年预测；不包含目标价或IRR。
WB-P4-0132,WB,P4,capital_return_forecast,estimate,scenario,WB经营预测,average_buyback_price_assumption,2027E,annual,Global,bear,8.0,,,USD_per_ADS,USD,E,low,1,annual,WB P3 阶段报告,WB_P3_财务质量资产兑现管理层与治理.md,2026-08-01,2026-08-01,P4逐年预测；不包含目标价或IRR。
WB-P4-0133,WB,P4,capital_return_forecast,estimate,scenario,WB经营预测,gross_ADS_repurchased,2027E,annual,Global,bear,0.0,,,shares_mn,N/A,E,low,1,annual,WB P3 阶段报告,WB_P3_财务质量资产兑现管理层与治理.md,2026-08-01,2026-08-01,P4逐年预测；不包含目标价或IRR。
WB-P4-0134,WB,P4,capital_return_forecast,estimate,scenario,WB经营预测,SBC_and_equity_dilution_rate,2027E,annual,Global,bear,0.011,,,%,N/A,E,low,1,annual,WB P3 阶段报告,WB_P3_财务质量资产兑现管理层与治理.md,2026-08-01,2026-08-01,P4逐年预测；不包含目标价或IRR。
WB-P4-0135,WB,P4,share_count_forecast,estimate,scenario,WB经营预测,ending_diluted_ADS,2027E,annual,Global,bear,274.500816,,,shares_mn,N/A,E,low,1,annual,WB P3 阶段报告,WB_P3_财务质量资产兑现管理层与治理.md,2026-08-01,2026-08-01,P4逐年预测；不包含目标价或IRR。
WB-P4-0136,WB,P4,balance_sheet_forecast,estimate,scenario,WB经营预测,cash_and_short_term_investments,2027E,annual,Global,bear,1505.788895,,,USD_mn,USD,E,low,1,annual,WB P3 阶段报告,WB_P3_财务质量资产兑现管理层与治理.md,2026-08-01,2026-08-01,P4逐年预测；不包含目标价或IRR。
WB-P4-0137,WB,P4,balance_sheet_forecast,estimate,scenario,WB经营预测,long_term_WMP_book_value,2027E,annual,Global,bear,620.459,,,USD_mn,USD,E,low,1,annual,WB P3 阶段报告,WB_P3_财务质量资产兑现管理层与治理.md,2026-08-01,2026-08-01,P4逐年预测；不包含目标价或IRR。
WB-P4-0138,WB,P4,balance_sheet_forecast,estimate,scenario,WB经营预测,gross_debt,2027E,annual,Global,bear,745.63,,,USD_mn,USD,E,low,1,annual,WB P3 阶段报告,WB_P3_财务质量资产兑现管理层与治理.md,2026-08-01,2026-08-01,P4逐年预测；不包含目标价或IRR。
WB-P4-0139,WB,P4,balance_sheet_forecast,estimate,scenario,WB经营预测,other_financial_assets_book_value,2027E,annual,Global,bear,2790.685542,,,USD_mn,USD,E,low,1,annual,WB P3 阶段报告,WB_P3_财务质量资产兑现管理层与治理.md,2026-08-01,2026-08-01,P4逐年预测；不包含目标价或IRR。
WB-P4-0140,WB,P4,balance_sheet_forecast,estimate,scenario,WB经营预测,new_investment_and_loan_funding,2027E,annual,Global,bear,120.0,,,USD_mn,USD,E,low,1,annual,WB P3 阶段报告,WB_P3_财务质量资产兑现管理层与治理.md,2026-08-01,2026-08-01,P4逐年预测；不包含目标价或IRR。
WB-P4-0141,WB,P4,balance_sheet_forecast,estimate,scenario,WB经营预测,investment_and_loan_monetization,2027E,annual,Global,bear,20.0,,,USD_mn,USD,E,low,1,annual,WB P3 阶段报告,WB_P3_财务质量资产兑现管理层与治理.md,2026-08-01,2026-08-01,P4逐年预测；不包含目标价或IRR。
WB-P4-0142,WB,P4,balance_sheet_forecast,estimate,scenario,WB经营预测,investment_and_loan_impairment,2027E,annual,Global,bear,112.111898,,,USD_mn,USD,E,low,1,annual,WB P3 阶段报告,WB_P3_财务质量资产兑现管理层与治理.md,2026-08-01,2026-08-01,P4逐年预测；不包含目标价或IRR。
WB-P4-0143,WB,P4,balance_sheet_forecast,estimate,scenario,WB经营预测,recoverable_asset_support_before_governance_discount,2027E,annual,Global,bear,1164.127352,,,USD_mn,USD,E,low,1,annual,WB P3 阶段报告,WB_P3_财务质量资产兑现管理层与治理.md,2026-08-01,2026-08-01,P4逐年预测；不包含目标价或IRR。
WB-P4-0144,WB,P4,balance_sheet_forecast,estimate,scenario,WB经营预测,asset_support_per_diluted_ADS,2027E,annual,Global,bear,4.240888,,,USD_per_ADS,USD,E,low,1,annual,WB P3 阶段报告,WB_P3_财务质量资产兑现管理层与治理.md,2026-08-01,2026-08-01,P4逐年预测；不包含目标价或IRR。
WB-P4-0145,WB,P4,forecast,estimate,scenario,WB经营预测,non_Alibaba_ad_revenue,2028E,annual,Global,bear,1207.296,,,USD_mn,USD,E,low,1,annual,WB P3 阶段报告,WB_P3_财务质量资产兑现管理层与治理.md,2026-08-01,2026-08-01,P4逐年预测；不包含目标价或IRR。
WB-P4-0146,WB,P4,forecast,estimate,scenario,WB经营预测,Alibaba_ad_revenue,2028E,annual,Global,bear,153.425,,,USD_mn,USD,E,low,1,annual,WB P3 阶段报告,WB_P3_财务质量资产兑现管理层与治理.md,2026-08-01,2026-08-01,P4逐年预测；不包含目标价或IRR。
WB-P4-0147,WB,P4,forecast,estimate,scenario,WB经营预测,VAS_revenue,2028E,annual,Global,bear,190.44,,,USD_mn,USD,E,low,1,annual,WB P3 阶段报告,WB_P3_财务质量资产兑现管理层与治理.md,2026-08-01,2026-08-01,P4逐年预测；不包含目标价或IRR。
WB-P4-0148,WB,P4,forecast,estimate,scenario,WB经营预测,total_revenue,2028E,annual,Global,bear,1551.161,,,USD_mn,USD,E,low,1,annual,WB P3 阶段报告,WB_P3_财务质量资产兑现管理层与治理.md,2026-08-01,2026-08-01,P4逐年预测；不包含目标价或IRR。
WB-P4-0149,WB,P4,forecast,estimate,scenario,WB经营预测,GAAP_operating_margin,2028E,annual,Global,bear,0.232,,,%,N/A,E,low,1,annual,WB P3 阶段报告,WB_P3_财务质量资产兑现管理层与治理.md,2026-08-01,2026-08-01,P4逐年预测；不包含目标价或IRR。
WB-P4-0150,WB,P4,forecast,estimate,scenario,WB经营预测,GAAP_operating_income,2028E,annual,Global,bear,359.869352,,,USD_mn,USD,E,low,1,annual,WB P3 阶段报告,WB_P3_财务质量资产兑现管理层与治理.md,2026-08-01,2026-08-01,P4逐年预测；不包含目标价或IRR。
WB-P4-0151,WB,P4,forecast,estimate,scenario,WB经营预测,depreciation_and_amortization,2028E,annual,Global,bear,52.739474,,,USD_mn,USD,E,low,1,annual,WB P3 阶段报告,WB_P3_财务质量资产兑现管理层与治理.md,2026-08-01,2026-08-01,P4逐年预测；不包含目标价或IRR。
WB-P4-0152,WB,P4,forecast,estimate,scenario,WB经营预测,maintenance_capex,2028E,annual,Global,bear,37.227864,,,USD_mn,USD,E,low,1,annual,WB P3 阶段报告,WB_P3_财务质量资产兑现管理层与治理.md,2026-08-01,2026-08-01,P4逐年预测；不包含目标价或IRR。
WB-P4-0153,WB,P4,forecast,estimate,scenario,WB经营预测,normalized_owner_earnings,2028E,annual,Global,bear,285.413624,,,USD_mn,USD,E,low,1,annual,WB P3 阶段报告,WB_P3_财务质量资产兑现管理层与治理.md,2026-08-01,2026-08-01,P4逐年预测；不包含目标价或IRR。
WB-P4-0154,WB,P4,forecast,estimate,scenario,WB经营预测,owner_earnings_per_diluted_ADS,2028E,annual,Global,bear,1.028442,,,USD_per_ADS,USD,E,low,1,annual,WB P3 阶段报告,WB_P3_财务质量资产兑现管理层与治理.md,2026-08-01,2026-08-01,P4逐年预测；不包含目标价或IRR。
WB-P4-0155,WB,P4,capital_return_forecast,estimate,scenario,WB经营预测,cash_dividends,2028E,annual,Global,bear,85.624087,,,USD_mn,USD,E,low,1,annual,WB P3 阶段报告,WB_P3_财务质量资产兑现管理层与治理.md,2026-08-01,2026-08-01,P4逐年预测；不包含目标价或IRR。
WB-P4-0156,WB,P4,capital_return_forecast,estimate,scenario,WB经营预测,actual_buyback_cash,2028E,annual,Global,bear,0.0,,,USD_mn,USD,E,low,1,annual,WB P3 阶段报告,WB_P3_财务质量资产兑现管理层与治理.md,2026-08-01,2026-08-01,P4逐年预测；不包含目标价或IRR。
WB-P4-0157,WB,P4,capital_return_forecast,estimate,scenario,WB经营预测,average_buyback_price_assumption,2028E,annual,Global,bear,8.0,,,USD_per_ADS,USD,E,low,1,annual,WB P3 阶段报告,WB_P3_财务质量资产兑现管理层与治理.md,2026-08-01,2026-08-01,P4逐年预测；不包含目标价或IRR。
WB-P4-0158,WB,P4,capital_return_forecast,estimate,scenario,WB经营预测,gross_ADS_repurchased,2028E,annual,Global,bear,0.0,,,shares_mn,N/A,E,low,1,annual,WB P3 阶段报告,WB_P3_财务质量资产兑现管理层与治理.md,2026-08-01,2026-08-01,P4逐年预测；不包含目标价或IRR。
WB-P4-0159,WB,P4,capital_return_forecast,estimate,scenario,WB经营预测,SBC_and_equity_dilution_rate,2028E,annual,Global,bear,0.011,,,%,N/A,E,low,1,annual,WB P3 阶段报告,WB_P3_财务质量资产兑现管理层与治理.md,2026-08-01,2026-08-01,P4逐年预测；不包含目标价或IRR。
WB-P4-0160,WB,P4,share_count_forecast,estimate,scenario,WB经营预测,ending_diluted_ADS,2028E,annual,Global,bear,277.520325,,,shares_mn,N/A,E,low,1,annual,WB P3 阶段报告,WB_P3_财务质量资产兑现管理层与治理.md,2026-08-01,2026-08-01,P4逐年预测；不包含目标价或IRR。
WB-P4-0161,WB,P4,balance_sheet_forecast,estimate,scenario,WB经营预测,cash_and_short_term_investments,2028E,annual,Global,bear,1605.578432,,,USD_mn,USD,E,low,1,annual,WB P3 阶段报告,WB_P3_财务质量资产兑现管理层与治理.md,2026-08-01,2026-08-01,P4逐年预测；不包含目标价或IRR。
WB-P4-0162,WB,P4,balance_sheet_forecast,estimate,scenario,WB经营预测,long_term_WMP_book_value,2028E,annual,Global,bear,620.459,,,USD_mn,USD,E,low,1,annual,WB P3 阶段报告,WB_P3_财务质量资产兑现管理层与治理.md,2026-08-01,2026-08-01,P4逐年预测；不包含目标价或IRR。
WB-P4-0163,WB,P4,balance_sheet_forecast,estimate,scenario,WB经营预测,gross_debt,2028E,annual,Global,bear,745.63,,,USD_mn,USD,E,low,1,annual,WB P3 阶段报告,WB_P3_财务质量资产兑现管理层与治理.md,2026-08-01,2026-08-01,P4逐年预测；不包含目标价或IRR。
WB-P4-0164,WB,P4,balance_sheet_forecast,estimate,scenario,WB经营预测,other_financial_assets_book_value,2028E,annual,Global,bear,2779.058121,,,USD_mn,USD,E,low,1,annual,WB P3 阶段报告,WB_P3_财务质量资产兑现管理层与治理.md,2026-08-01,2026-08-01,P4逐年预测；不包含目标价或IRR。
WB-P4-0165,WB,P4,balance_sheet_forecast,estimate,scenario,WB经营预测,new_investment_and_loan_funding,2028E,annual,Global,bear,120.0,,,USD_mn,USD,E,low,1,annual,WB P3 阶段报告,WB_P3_财务质量资产兑现管理层与治理.md,2026-08-01,2026-08-01,P4逐年预测；不包含目标价或IRR。
WB-P4-0166,WB,P4,balance_sheet_forecast,estimate,scenario,WB经营预测,investment_and_loan_monetization,2028E,annual,Global,bear,20.0,,,USD_mn,USD,E,low,1,annual,WB P3 阶段报告,WB_P3_财务质量资产兑现管理层与治理.md,2026-08-01,2026-08-01,P4逐年预测；不包含目标价或IRR。
WB-P4-0167,WB,P4,balance_sheet_forecast,estimate,scenario,WB经营预测,investment_and_loan_impairment,2028E,annual,Global,bear,111.627422,,,USD_mn,USD,E,low,1,annual,WB P3 阶段报告,WB_P3_财务质量资产兑现管理层与治理.md,2026-08-01,2026-08-01,P4逐年预测；不包含目标价或IRR。
WB-P4-0168,WB,P4,balance_sheet_forecast,estimate,scenario,WB经营预测,recoverable_asset_support_before_governance_discount,2028E,annual,Global,bear,1260.918471,,,USD_mn,USD,E,low,1,annual,WB P3 阶段报告,WB_P3_财务质量资产兑现管理层与治理.md,2026-08-01,2026-08-01,P4逐年预测；不包含目标价或IRR。
WB-P4-0169,WB,P4,balance_sheet_forecast,estimate,scenario,WB经营预测,asset_support_per_diluted_ADS,2028E,annual,Global,bear,4.543518,,,USD_per_ADS,USD,E,low,1,annual,WB P3 阶段报告,WB_P3_财务质量资产兑现管理层与治理.md,2026-08-01,2026-08-01,P4逐年预测；不包含目标价或IRR。
WB-P4-0170,WB,P4,forecast,estimate,scenario,WB经营预测,non_Alibaba_ad_revenue,2029E,annual,Global,bear,1171.07712,,,USD_mn,USD,E,low,1,annual,WB P3 阶段报告,WB_P3_财务质量资产兑现管理层与治理.md,2026-08-01,2026-08-01,P4逐年预测；不包含目标价或IRR。
WB-P4-0171,WB,P4,forecast,estimate,scenario,WB经营预测,Alibaba_ad_revenue,2029E,annual,Global,bear,148.82225,,,USD_mn,USD,E,low,1,annual,WB P3 阶段报告,WB_P3_财务质量资产兑现管理层与治理.md,2026-08-01,2026-08-01,P4逐年预测；不包含目标价或IRR。
WB-P4-0172,WB,P4,forecast,estimate,scenario,WB经营预测,VAS_revenue,2029E,annual,Global,bear,179.0136,,,USD_mn,USD,E,low,1,annual,WB P3 阶段报告,WB_P3_财务质量资产兑现管理层与治理.md,2026-08-01,2026-08-01,P4逐年预测；不包含目标价或IRR。
WB-P4-0173,WB,P4,forecast,estimate,scenario,WB经营预测,total_revenue,2029E,annual,Global,bear,1498.91297,,,USD_mn,USD,E,low,1,annual,WB P3 阶段报告,WB_P3_财务质量资产兑现管理层与治理.md,2026-08-01,2026-08-01,P4逐年预测；不包含目标价或IRR。
WB-P4-0174,WB,P4,forecast,estimate,scenario,WB经营预测,GAAP_operating_margin,2029E,annual,Global,bear,0.228,,,%,N/A,E,low,1,annual,WB P3 阶段报告,WB_P3_财务质量资产兑现管理层与治理.md,2026-08-01,2026-08-01,P4逐年预测；不包含目标价或IRR。
WB-P4-0175,WB,P4,forecast,estimate,scenario,WB经营预测,GAAP_operating_income,2029E,annual,Global,bear,341.752157,,,USD_mn,USD,E,low,1,annual,WB P3 阶段报告,WB_P3_财务质量资产兑现管理层与治理.md,2026-08-01,2026-08-01,P4逐年预测；不包含目标价或IRR。
WB-P4-0176,WB,P4,forecast,estimate,scenario,WB经营预测,depreciation_and_amortization,2029E,annual,Global,bear,50.963041,,,USD_mn,USD,E,low,1,annual,WB P3 阶段报告,WB_P3_财务质量资产兑现管理层与治理.md,2026-08-01,2026-08-01,P4逐年预测；不包含目标价或IRR。
WB-P4-0177,WB,P4,forecast,estimate,scenario,WB经营预测,maintenance_capex,2029E,annual,Global,bear,35.973911,,,USD_mn,USD,E,low,1,annual,WB P3 阶段报告,WB_P3_财务质量资产兑现管理层与治理.md,2026-08-01,2026-08-01,P4逐年预测；不包含目标价或IRR。
WB-P4-0178,WB,P4,forecast,estimate,scenario,WB经营预测,normalized_owner_earnings,2029E,annual,Global,bear,271.303248,,,USD_mn,USD,E,low,1,annual,WB P3 阶段报告,WB_P3_财务质量资产兑现管理层与治理.md,2026-08-01,2026-08-01,P4逐年预测；不包含目标价或IRR。
WB-P4-0179,WB,P4,forecast,estimate,scenario,WB经营预测,owner_earnings_per_diluted_ADS,2029E,annual,Global,bear,0.966961,,,USD_per_ADS,USD,E,low,1,annual,WB P3 阶段报告,WB_P3_财务质量资产兑现管理层与治理.md,2026-08-01,2026-08-01,P4逐年预测；不包含目标价或IRR。
WB-P4-0180,WB,P4,capital_return_forecast,estimate,scenario,WB经营预测,cash_dividends,2029E,annual,Global,bear,81.390974,,,USD_mn,USD,E,low,1,annual,WB P3 阶段报告,WB_P3_财务质量资产兑现管理层与治理.md,2026-08-01,2026-08-01,P4逐年预测；不包含目标价或IRR。
WB-P4-0181,WB,P4,capital_return_forecast,estimate,scenario,WB经营预测,actual_buyback_cash,2029E,annual,Global,bear,0.0,,,USD_mn,USD,E,low,1,annual,WB P3 阶段报告,WB_P3_财务质量资产兑现管理层与治理.md,2026-08-01,2026-08-01,P4逐年预测；不包含目标价或IRR。
WB-P4-0182,WB,P4,capital_return_forecast,estimate,scenario,WB经营预测,average_buyback_price_assumption,2029E,annual,Global,bear,8.0,,,USD_per_ADS,USD,E,low,1,annual,WB P3 阶段报告,WB_P3_财务质量资产兑现管理层与治理.md,2026-08-01,2026-08-01,P4逐年预测；不包含目标价或IRR。
WB-P4-0183,WB,P4,capital_return_forecast,estimate,scenario,WB经营预测,gross_ADS_repurchased,2029E,annual,Global,bear,0.0,,,shares_mn,N/A,E,low,1,annual,WB P3 阶段报告,WB_P3_财务质量资产兑现管理层与治理.md,2026-08-01,2026-08-01,P4逐年预测；不包含目标价或IRR。
WB-P4-0184,WB,P4,capital_return_forecast,estimate,scenario,WB经营预测,SBC_and_equity_dilution_rate,2029E,annual,Global,bear,0.011,,,%,N/A,E,low,1,annual,WB P3 阶段报告,WB_P3_财务质量资产兑现管理层与治理.md,2026-08-01,2026-08-01,P4逐年预测；不包含目标价或IRR。
WB-P4-0185,WB,P4,share_count_forecast,estimate,scenario,WB经营预测,ending_diluted_ADS,2029E,annual,Global,bear,280.573048,,,shares_mn,N/A,E,low,1,annual,WB P3 阶段报告,WB_P3_财务质量资产兑现管理层与治理.md,2026-08-01,2026-08-01,P4逐年预测；不包含目标价或IRR。
WB-P4-0186,WB,P4,balance_sheet_forecast,estimate,scenario,WB经营预测,cash_and_short_term_investments,2029E,annual,Global,bear,1695.490705,,,USD_mn,USD,E,low,1,annual,WB P3 阶段报告,WB_P3_财务质量资产兑现管理层与治理.md,2026-08-01,2026-08-01,P4逐年预测；不包含目标价或IRR。
WB-P4-0187,WB,P4,balance_sheet_forecast,estimate,scenario,WB经营预测,long_term_WMP_book_value,2029E,annual,Global,bear,620.459,,,USD_mn,USD,E,low,1,annual,WB P3 阶段报告,WB_P3_财务质量资产兑现管理层与治理.md,2026-08-01,2026-08-01,P4逐年预测；不包含目标价或IRR。
WB-P4-0188,WB,P4,balance_sheet_forecast,estimate,scenario,WB经营预测,gross_debt,2029E,annual,Global,bear,745.63,,,USD_mn,USD,E,low,1,annual,WB P3 阶段报告,WB_P3_财务质量资产兑现管理层与治理.md,2026-08-01,2026-08-01,P4逐年预测；不包含目标价或IRR。
WB-P4-0189,WB,P4,balance_sheet_forecast,estimate,scenario,WB经营预测,other_financial_assets_book_value,2029E,annual,Global,bear,2767.895796,,,USD_mn,USD,E,low,1,annual,WB P3 阶段报告,WB_P3_财务质量资产兑现管理层与治理.md,2026-08-01,2026-08-01,P4逐年预测；不包含目标价或IRR。
WB-P4-0190,WB,P4,balance_sheet_forecast,estimate,scenario,WB经营预测,new_investment_and_loan_funding,2029E,annual,Global,bear,120.0,,,USD_mn,USD,E,low,1,annual,WB P3 阶段报告,WB_P3_财务质量资产兑现管理层与治理.md,2026-08-01,2026-08-01,P4逐年预测；不包含目标价或IRR。
WB-P4-0191,WB,P4,balance_sheet_forecast,estimate,scenario,WB经营预测,investment_and_loan_monetization,2029E,annual,Global,bear,20.0,,,USD_mn,USD,E,low,1,annual,WB P3 阶段报告,WB_P3_财务质量资产兑现管理层与治理.md,2026-08-01,2026-08-01,P4逐年预测；不包含目标价或IRR。
WB-P4-0192,WB,P4,balance_sheet_forecast,estimate,scenario,WB经营预测,investment_and_loan_impairment,2029E,annual,Global,bear,111.162325,,,USD_mn,USD,E,low,1,annual,WB P3 阶段报告,WB_P3_财务质量资产兑现管理层与治理.md,2026-08-01,2026-08-01,P4逐年预测；不包含目标价或IRR。
WB-P4-0193,WB,P4,balance_sheet_forecast,estimate,scenario,WB经营预测,recoverable_asset_support_before_governance_discount,2029E,annual,Global,bear,1347.952263,,,USD_mn,USD,E,low,1,annual,WB P3 阶段报告,WB_P3_财务质量资产兑现管理层与治理.md,2026-08-01,2026-08-01,P4逐年预测；不包含目标价或IRR。
WB-P4-0194,WB,P4,balance_sheet_forecast,estimate,scenario,WB经营预测,asset_support_per_diluted_ADS,2029E,annual,Global,bear,4.804283,,,USD_per_ADS,USD,E,low,1,annual,WB P3 阶段报告,WB_P3_财务质量资产兑现管理层与治理.md,2026-08-01,2026-08-01,P4逐年预测；不包含目标价或IRR。
WB-P4-0195,WB,P4,forecast,estimate,scenario,WB经营预测,non_Alibaba_ad_revenue,2030E,annual,Global,bear,1147.655578,,,USD_mn,USD,E,low,1,annual,WB P3 阶段报告,WB_P3_财务质量资产兑现管理层与治理.md,2026-08-01,2026-08-01,P4逐年预测；不包含目标价或IRR。
WB-P4-0196,WB,P4,forecast,estimate,scenario,WB经营预测,Alibaba_ad_revenue,2030E,annual,Global,bear,145.845805,,,USD_mn,USD,E,low,1,annual,WB P3 阶段报告,WB_P3_财务质量资产兑现管理层与治理.md,2026-08-01,2026-08-01,P4逐年预测；不包含目标价或IRR。
WB-P4-0197,WB,P4,forecast,estimate,scenario,WB经营预测,VAS_revenue,2030E,annual,Global,bear,170.06292,,,USD_mn,USD,E,low,1,annual,WB P3 阶段报告,WB_P3_财务质量资产兑现管理层与治理.md,2026-08-01,2026-08-01,P4逐年预测；不包含目标价或IRR。
WB-P4-0198,WB,P4,forecast,estimate,scenario,WB经营预测,total_revenue,2030E,annual,Global,bear,1463.564303,,,USD_mn,USD,E,low,1,annual,WB P3 阶段报告,WB_P3_财务质量资产兑现管理层与治理.md,2026-08-01,2026-08-01,P4逐年预测；不包含目标价或IRR。
WB-P4-0199,WB,P4,forecast,estimate,scenario,WB经营预测,GAAP_operating_margin,2030E,annual,Global,bear,0.225,,,%,N/A,E,low,1,annual,WB P3 阶段报告,WB_P3_财务质量资产兑现管理层与治理.md,2026-08-01,2026-08-01,P4逐年预测；不包含目标价或IRR。
WB-P4-0200,WB,P4,forecast,estimate,scenario,WB经营预测,GAAP_operating_income,2030E,annual,Global,bear,329.301968,,,USD_mn,USD,E,low,1,annual,WB P3 阶段报告,WB_P3_财务质量资产兑现管理层与治理.md,2026-08-01,2026-08-01,P4逐年预测；不包含目标价或IRR。
WB-P4-0201,WB,P4,forecast,estimate,scenario,WB经营预测,depreciation_and_amortization,2030E,annual,Global,bear,49.761186,,,USD_mn,USD,E,low,1,annual,WB P3 阶段报告,WB_P3_财务质量资产兑现管理层与治理.md,2026-08-01,2026-08-01,P4逐年预测；不包含目标价或IRR。
WB-P4-0202,WB,P4,forecast,estimate,scenario,WB经营预测,maintenance_capex,2030E,annual,Global,bear,35.125543,,,USD_mn,USD,E,low,1,annual,WB P3 阶段报告,WB_P3_财务质量资产兑现管理层与治理.md,2026-08-01,2026-08-01,P4逐年预测；不包含目标价或IRR。
WB-P4-0203,WB,P4,forecast,estimate,scenario,WB经营预测,normalized_owner_earnings,2030E,annual,Global,bear,261.612119,,,USD_mn,USD,E,low,1,annual,WB P3 阶段报告,WB_P3_财务质量资产兑现管理层与治理.md,2026-08-01,2026-08-01,P4逐年预测；不包含目标价或IRR。
WB-P4-0204,WB,P4,forecast,estimate,scenario,WB经营预测,owner_earnings_per_diluted_ADS,2030E,annual,Global,bear,0.922276,,,USD_per_ADS,USD,E,low,1,annual,WB P3 阶段报告,WB_P3_财务质量资产兑现管理层与治理.md,2026-08-01,2026-08-01,P4逐年预测；不包含目标价或IRR。
WB-P4-0205,WB,P4,capital_return_forecast,estimate,scenario,WB经营预测,cash_dividends,2030E,annual,Global,bear,78.483636,,,USD_mn,USD,E,low,1,annual,WB P3 阶段报告,WB_P3_财务质量资产兑现管理层与治理.md,2026-08-01,2026-08-01,P4逐年预测；不包含目标价或IRR。
WB-P4-0206,WB,P4,capital_return_forecast,estimate,scenario,WB经营预测,actual_buyback_cash,2030E,annual,Global,bear,0.0,,,USD_mn,USD,E,low,1,annual,WB P3 阶段报告,WB_P3_财务质量资产兑现管理层与治理.md,2026-08-01,2026-08-01,P4逐年预测；不包含目标价或IRR。
WB-P4-0207,WB,P4,capital_return_forecast,estimate,scenario,WB经营预测,average_buyback_price_assumption,2030E,annual,Global,bear,8.0,,,USD_per_ADS,USD,E,low,1,annual,WB P3 阶段报告,WB_P3_财务质量资产兑现管理层与治理.md,2026-08-01,2026-08-01,P4逐年预测；不包含目标价或IRR。
WB-P4-0208,WB,P4,capital_return_forecast,estimate,scenario,WB经营预测,gross_ADS_repurchased,2030E,annual,Global,bear,0.0,,,shares_mn,N/A,E,low,1,annual,WB P3 阶段报告,WB_P3_财务质量资产兑现管理层与治理.md,2026-08-01,2026-08-01,P4逐年预测；不包含目标价或IRR。
WB-P4-0209,WB,P4,capital_return_forecast,estimate,scenario,WB经营预测,SBC_and_equity_dilution_rate,2030E,annual,Global,bear,0.011,,,%,N/A,E,low,1,annual,WB P3 阶段报告,WB_P3_财务质量资产兑现管理层与治理.md,2026-08-01,2026-08-01,P4逐年预测；不包含目标价或IRR。
WB-P4-0210,WB,P4,share_count_forecast,estimate,scenario,WB经营预测,ending_diluted_ADS,2030E,annual,Global,bear,283.659352,,,shares_mn,N/A,E,low,1,annual,WB P3 阶段报告,WB_P3_财务质量资产兑现管理层与治理.md,2026-08-01,2026-08-01,P4逐年预测；不包含目标价或IRR。
WB-P4-0211,WB,P4,balance_sheet_forecast,estimate,scenario,WB经营预测,cash_and_short_term_investments,2030E,annual,Global,bear,1032.989188,,,USD_mn,USD,E,low,1,annual,WB P3 阶段报告,WB_P3_财务质量资产兑现管理层与治理.md,2026-08-01,2026-08-01,P4逐年预测；不包含目标价或IRR。
WB-P4-0212,WB,P4,balance_sheet_forecast,estimate,scenario,WB经营预测,long_term_WMP_book_value,2030E,annual,Global,bear,620.459,,,USD_mn,USD,E,low,1,annual,WB P3 阶段报告,WB_P3_财务质量资产兑现管理层与治理.md,2026-08-01,2026-08-01,P4逐年预测；不包含目标价或IRR。
WB-P4-0213,WB,P4,balance_sheet_forecast,estimate,scenario,WB经营预测,gross_debt,2030E,annual,Global,bear,0.0,,,USD_mn,USD,E,low,1,annual,WB P3 阶段报告,WB_P3_财务质量资产兑现管理层与治理.md,2026-08-01,2026-08-01,P4逐年预测；不包含目标价或IRR。
WB-P4-0214,WB,P4,balance_sheet_forecast,estimate,scenario,WB经营预测,other_financial_assets_book_value,2030E,annual,Global,bear,2757.179964,,,USD_mn,USD,E,low,1,annual,WB P3 阶段报告,WB_P3_财务质量资产兑现管理层与治理.md,2026-08-01,2026-08-01,P4逐年预测；不包含目标价或IRR。
WB-P4-0215,WB,P4,balance_sheet_forecast,estimate,scenario,WB经营预测,new_investment_and_loan_funding,2030E,annual,Global,bear,120.0,,,USD_mn,USD,E,low,1,annual,WB P3 阶段报告,WB_P3_财务质量资产兑现管理层与治理.md,2026-08-01,2026-08-01,P4逐年预测；不包含目标价或IRR。
WB-P4-0216,WB,P4,balance_sheet_forecast,estimate,scenario,WB经营预测,investment_and_loan_monetization,2030E,annual,Global,bear,20.0,,,USD_mn,USD,E,low,1,annual,WB P3 阶段报告,WB_P3_财务质量资产兑现管理层与治理.md,2026-08-01,2026-08-01,P4逐年预测；不包含目标价或IRR。
WB-P4-0217,WB,P4,balance_sheet_forecast,estimate,scenario,WB经营预测,investment_and_loan_impairment,2030E,annual,Global,bear,110.715832,,,USD_mn,USD,E,low,1,annual,WB P3 阶段报告,WB_P3_财务质量资产兑现管理层与治理.md,2026-08-01,2026-08-01,P4逐年预测；不包含目标价或IRR。
WB-P4-0218,WB,P4,balance_sheet_forecast,estimate,scenario,WB经营预测,recoverable_asset_support_before_governance_discount,2030E,annual,Global,bear,1428.317405,,,USD_mn,USD,E,low,1,annual,WB P3 阶段报告,WB_P3_财务质量资产兑现管理层与治理.md,2026-08-01,2026-08-01,P4逐年预测；不包含目标价或IRR。
WB-P4-0219,WB,P4,balance_sheet_forecast,estimate,scenario,WB经营预测,asset_support_per_diluted_ADS,2030E,annual,Global,bear,5.035326,,,USD_per_ADS,USD,E,low,1,annual,WB P3 阶段报告,WB_P3_财务质量资产兑现管理层与治理.md,2026-08-01,2026-08-01,P4逐年预测；不包含目标价或IRR。
WB-P4-0220,WB,P4,forecast,estimate,scenario,WB经营预测,non_Alibaba_ad_revenue,2031E,annual,Global,bear,1147.655578,,,USD_mn,USD,E,low,1,annual,WB P3 阶段报告,WB_P3_财务质量资产兑现管理层与治理.md,2026-08-01,2026-08-01,P4逐年预测；不包含目标价或IRR。
WB-P4-0221,WB,P4,forecast,estimate,scenario,WB经营预测,Alibaba_ad_revenue,2031E,annual,Global,bear,145.845805,,,USD_mn,USD,E,low,1,annual,WB P3 阶段报告,WB_P3_财务质量资产兑现管理层与治理.md,2026-08-01,2026-08-01,P4逐年预测；不包含目标价或IRR。
WB-P4-0222,WB,P4,forecast,estimate,scenario,WB经营预测,VAS_revenue,2031E,annual,Global,bear,170.06292,,,USD_mn,USD,E,low,1,annual,WB P3 阶段报告,WB_P3_财务质量资产兑现管理层与治理.md,2026-08-01,2026-08-01,P4逐年预测；不包含目标价或IRR。
WB-P4-0223,WB,P4,forecast,estimate,scenario,WB经营预测,total_revenue,2031E,annual,Global,bear,1463.564303,,,USD_mn,USD,E,low,1,annual,WB P3 阶段报告,WB_P3_财务质量资产兑现管理层与治理.md,2026-08-01,2026-08-01,P4逐年预测；不包含目标价或IRR。
WB-P4-0224,WB,P4,forecast,estimate,scenario,WB经营预测,GAAP_operating_margin,2031E,annual,Global,bear,0.225,,,%,N/A,E,low,1,annual,WB P3 阶段报告,WB_P3_财务质量资产兑现管理层与治理.md,2026-08-01,2026-08-01,P4逐年预测；不包含目标价或IRR。
WB-P4-0225,WB,P4,forecast,estimate,scenario,WB经营预测,GAAP_operating_income,2031E,annual,Global,bear,329.301968,,,USD_mn,USD,E,low,1,annual,WB P3 阶段报告,WB_P3_财务质量资产兑现管理层与治理.md,2026-08-01,2026-08-01,P4逐年预测；不包含目标价或IRR。
WB-P4-0226,WB,P4,forecast,estimate,scenario,WB经营预测,depreciation_and_amortization,2031E,annual,Global,bear,49.761186,,,USD_mn,USD,E,low,1,annual,WB P3 阶段报告,WB_P3_财务质量资产兑现管理层与治理.md,2026-08-01,2026-08-01,P4逐年预测；不包含目标价或IRR。
WB-P4-0227,WB,P4,forecast,estimate,scenario,WB经营预测,maintenance_capex,2031E,annual,Global,bear,35.125543,,,USD_mn,USD,E,low,1,annual,WB P3 阶段报告,WB_P3_财务质量资产兑现管理层与治理.md,2026-08-01,2026-08-01,P4逐年预测；不包含目标价或IRR。
WB-P4-0228,WB,P4,forecast,estimate,scenario,WB经营预测,normalized_owner_earnings,2031E,annual,Global,bear,261.612119,,,USD_mn,USD,E,low,1,annual,WB P3 阶段报告,WB_P3_财务质量资产兑现管理层与治理.md,2026-08-01,2026-08-01,P4逐年预测；不包含目标价或IRR。
WB-P4-0229,WB,P4,forecast,estimate,scenario,WB经营预测,owner_earnings_per_diluted_ADS,2031E,annual,Global,bear,0.912241,,,USD_per_ADS,USD,E,low,1,annual,WB P3 阶段报告,WB_P3_财务质量资产兑现管理层与治理.md,2026-08-01,2026-08-01,P4逐年预测；不包含目标价或IRR。
WB-P4-0230,WB,P4,capital_return_forecast,estimate,scenario,WB经营预测,cash_dividends,2031E,annual,Global,bear,78.483636,,,USD_mn,USD,E,low,1,annual,WB P3 阶段报告,WB_P3_财务质量资产兑现管理层与治理.md,2026-08-01,2026-08-01,P4逐年预测；不包含目标价或IRR。
WB-P4-0231,WB,P4,capital_return_forecast,estimate,scenario,WB经营预测,actual_buyback_cash,2031E,annual,Global,bear,0.0,,,USD_mn,USD,E,low,1,annual,WB P3 阶段报告,WB_P3_财务质量资产兑现管理层与治理.md,2026-08-01,2026-08-01,P4逐年预测；不包含目标价或IRR。
WB-P4-0232,WB,P4,capital_return_forecast,estimate,scenario,WB经营预测,average_buyback_price_assumption,2031E,annual,Global,bear,8.0,,,USD_per_ADS,USD,E,low,1,annual,WB P3 阶段报告,WB_P3_财务质量资产兑现管理层与治理.md,2026-08-01,2026-08-01,P4逐年预测；不包含目标价或IRR。
WB-P4-0233,WB,P4,capital_return_forecast,estimate,scenario,WB经营预测,gross_ADS_repurchased,2031E,annual,Global,bear,0.0,,,shares_mn,N/A,E,low,1,annual,WB P3 阶段报告,WB_P3_财务质量资产兑现管理层与治理.md,2026-08-01,2026-08-01,P4逐年预测；不包含目标价或IRR。
WB-P4-0234,WB,P4,capital_return_forecast,estimate,scenario,WB经营预测,SBC_and_equity_dilution_rate,2031E,annual,Global,bear,0.011,,,%,N/A,E,low,1,annual,WB P3 阶段报告,WB_P3_财务质量资产兑现管理层与治理.md,2026-08-01,2026-08-01,P4逐年预测；不包含目标价或IRR。
WB-P4-0235,WB,P4,share_count_forecast,estimate,scenario,WB经营预测,ending_diluted_ADS,2031E,annual,Global,bear,286.779605,,,shares_mn,N/A,E,low,1,annual,WB P3 阶段报告,WB_P3_财务质量资产兑现管理层与治理.md,2026-08-01,2026-08-01,P4逐年预测；不包含目标价或IRR。
WB-P4-0236,WB,P4,balance_sheet_forecast,estimate,scenario,WB经营预测,cash_and_short_term_investments,2031E,annual,Global,bear,1136.117672,,,USD_mn,USD,E,low,1,annual,WB P3 阶段报告,WB_P3_财务质量资产兑现管理层与治理.md,2026-08-01,2026-08-01,P4逐年预测；不包含目标价或IRR。
WB-P4-0237,WB,P4,balance_sheet_forecast,estimate,scenario,WB经营预测,long_term_WMP_book_value,2031E,annual,Global,bear,620.459,,,USD_mn,USD,E,low,1,annual,WB P3 阶段报告,WB_P3_财务质量资产兑现管理层与治理.md,2026-08-01,2026-08-01,P4逐年预测；不包含目标价或IRR。
WB-P4-0238,WB,P4,balance_sheet_forecast,estimate,scenario,WB经营预测,gross_debt,2031E,annual,Global,bear,0.0,,,USD_mn,USD,E,low,1,annual,WB P3 阶段报告,WB_P3_财务质量资产兑现管理层与治理.md,2026-08-01,2026-08-01,P4逐年预测；不包含目标价或IRR。
WB-P4-0239,WB,P4,balance_sheet_forecast,estimate,scenario,WB经营预测,other_financial_assets_book_value,2031E,annual,Global,bear,2726.892765,,,USD_mn,USD,E,low,1,annual,WB P3 阶段报告,WB_P3_财务质量资产兑现管理层与治理.md,2026-08-01,2026-08-01,P4逐年预测；不包含目标价或IRR。
WB-P4-0240,WB,P4,balance_sheet_forecast,estimate,scenario,WB经营预测,new_investment_and_loan_funding,2031E,annual,Global,bear,100.0,,,USD_mn,USD,E,low,1,annual,WB P3 阶段报告,WB_P3_财务质量资产兑现管理层与治理.md,2026-08-01,2026-08-01,P4逐年预测；不包含目标价或IRR。
WB-P4-0241,WB,P4,balance_sheet_forecast,estimate,scenario,WB经营预测,investment_and_loan_monetization,2031E,annual,Global,bear,20.0,,,USD_mn,USD,E,low,1,annual,WB P3 阶段报告,WB_P3_财务质量资产兑现管理层与治理.md,2026-08-01,2026-08-01,P4逐年预测；不包含目标价或IRR。
WB-P4-0242,WB,P4,balance_sheet_forecast,estimate,scenario,WB经营预测,investment_and_loan_impairment,2031E,annual,Global,bear,110.287199,,,USD_mn,USD,E,low,1,annual,WB P3 阶段报告,WB_P3_财务质量资产兑现管理层与治理.md,2026-08-01,2026-08-01,P4逐年预测；不包含目标价或IRR。
WB-P4-0243,WB,P4,balance_sheet_forecast,estimate,scenario,WB经营预测,recoverable_asset_support_before_governance_discount,2031E,annual,Global,bear,1523.635586,,,USD_mn,USD,E,low,1,annual,WB P3 阶段报告,WB_P3_财务质量资产兑现管理层与治理.md,2026-08-01,2026-08-01,P4逐年预测；不包含目标价或IRR。
WB-P4-0244,WB,P4,balance_sheet_forecast,estimate,scenario,WB经营预测,asset_support_per_diluted_ADS,2031E,annual,Global,bear,5.312915,,,USD_per_ADS,USD,E,low,1,annual,WB P3 阶段报告,WB_P3_财务质量资产兑现管理层与治理.md,2026-08-01,2026-08-01,P4逐年预测；不包含目标价或IRR。
WB-P4-0245,WB,P4,forecast,estimate,scenario,WB经营预测,non_Alibaba_ad_revenue,2032E,annual,Global,bear,1147.655578,,,USD_mn,USD,E,low,1,annual,WB P3 阶段报告,WB_P3_财务质量资产兑现管理层与治理.md,2026-08-01,2026-08-01,P4逐年预测；不包含目标价或IRR。
WB-P4-0246,WB,P4,forecast,estimate,scenario,WB经营预测,Alibaba_ad_revenue,2032E,annual,Global,bear,145.845805,,,USD_mn,USD,E,low,1,annual,WB P3 阶段报告,WB_P3_财务质量资产兑现管理层与治理.md,2026-08-01,2026-08-01,P4逐年预测；不包含目标价或IRR。
WB-P4-0247,WB,P4,forecast,estimate,scenario,WB经营预测,VAS_revenue,2032E,annual,Global,bear,170.06292,,,USD_mn,USD,E,low,1,annual,WB P3 阶段报告,WB_P3_财务质量资产兑现管理层与治理.md,2026-08-01,2026-08-01,P4逐年预测；不包含目标价或IRR。
WB-P4-0248,WB,P4,forecast,estimate,scenario,WB经营预测,total_revenue,2032E,annual,Global,bear,1463.564303,,,USD_mn,USD,E,low,1,annual,WB P3 阶段报告,WB_P3_财务质量资产兑现管理层与治理.md,2026-08-01,2026-08-01,P4逐年预测；不包含目标价或IRR。
WB-P4-0249,WB,P4,forecast,estimate,scenario,WB经营预测,GAAP_operating_margin,2032E,annual,Global,bear,0.225,,,%,N/A,E,low,1,annual,WB P3 阶段报告,WB_P3_财务质量资产兑现管理层与治理.md,2026-08-01,2026-08-01,P4逐年预测；不包含目标价或IRR。
WB-P4-0250,WB,P4,forecast,estimate,scenario,WB经营预测,GAAP_operating_income,2032E,annual,Global,bear,329.301968,,,USD_mn,USD,E,low,1,annual,WB P3 阶段报告,WB_P3_财务质量资产兑现管理层与治理.md,2026-08-01,2026-08-01,P4逐年预测；不包含目标价或IRR。
WB-P4-0251,WB,P4,forecast,estimate,scenario,WB经营预测,depreciation_and_amortization,2032E,annual,Global,bear,49.761186,,,USD_mn,USD,E,low,1,annual,WB P3 阶段报告,WB_P3_财务质量资产兑现管理层与治理.md,2026-08-01,2026-08-01,P4逐年预测；不包含目标价或IRR。
WB-P4-0252,WB,P4,forecast,estimate,scenario,WB经营预测,maintenance_capex,2032E,annual,Global,bear,35.125543,,,USD_mn,USD,E,low,1,annual,WB P3 阶段报告,WB_P3_财务质量资产兑现管理层与治理.md,2026-08-01,2026-08-01,P4逐年预测；不包含目标价或IRR。
WB-P4-0253,WB,P4,forecast,estimate,scenario,WB经营预测,normalized_owner_earnings,2032E,annual,Global,bear,261.612119,,,USD_mn,USD,E,low,1,annual,WB P3 阶段报告,WB_P3_财务质量资产兑现管理层与治理.md,2026-08-01,2026-08-01,P4逐年预测；不包含目标价或IRR。
WB-P4-0254,WB,P4,forecast,estimate,scenario,WB经营预测,owner_earnings_per_diluted_ADS,2032E,annual,Global,bear,0.902316,,,USD_per_ADS,USD,E,low,1,annual,WB P3 阶段报告,WB_P3_财务质量资产兑现管理层与治理.md,2026-08-01,2026-08-01,P4逐年预测；不包含目标价或IRR。
WB-P4-0255,WB,P4,capital_return_forecast,estimate,scenario,WB经营预测,cash_dividends,2032E,annual,Global,bear,78.483636,,,USD_mn,USD,E,low,1,annual,WB P3 阶段报告,WB_P3_财务质量资产兑现管理层与治理.md,2026-08-01,2026-08-01,P4逐年预测；不包含目标价或IRR。
WB-P4-0256,WB,P4,capital_return_forecast,estimate,scenario,WB经营预测,actual_buyback_cash,2032E,annual,Global,bear,0.0,,,USD_mn,USD,E,low,1,annual,WB P3 阶段报告,WB_P3_财务质量资产兑现管理层与治理.md,2026-08-01,2026-08-01,P4逐年预测；不包含目标价或IRR。
WB-P4-0257,WB,P4,capital_return_forecast,estimate,scenario,WB经营预测,average_buyback_price_assumption,2032E,annual,Global,bear,8.0,,,USD_per_ADS,USD,E,low,1,annual,WB P3 阶段报告,WB_P3_财务质量资产兑现管理层与治理.md,2026-08-01,2026-08-01,P4逐年预测；不包含目标价或IRR。
WB-P4-0258,WB,P4,capital_return_forecast,estimate,scenario,WB经营预测,gross_ADS_repurchased,2032E,annual,Global,bear,0.0,,,shares_mn,N/A,E,low,1,annual,WB P3 阶段报告,WB_P3_财务质量资产兑现管理层与治理.md,2026-08-01,2026-08-01,P4逐年预测；不包含目标价或IRR。
WB-P4-0259,WB,P4,capital_return_forecast,estimate,scenario,WB经营预测,SBC_and_equity_dilution_rate,2032E,annual,Global,bear,0.011,,,%,N/A,E,low,1,annual,WB P3 阶段报告,WB_P3_财务质量资产兑现管理层与治理.md,2026-08-01,2026-08-01,P4逐年预测；不包含目标价或IRR。
WB-P4-0260,WB,P4,share_count_forecast,estimate,scenario,WB经营预测,ending_diluted_ADS,2032E,annual,Global,bear,289.93418,,,shares_mn,N/A,E,low,1,annual,WB P3 阶段报告,WB_P3_财务质量资产兑现管理层与治理.md,2026-08-01,2026-08-01,P4逐年预测；不包含目标价或IRR。
WB-P4-0261,WB,P4,balance_sheet_forecast,estimate,scenario,WB经营预测,cash_and_short_term_investments,2032E,annual,Global,bear,1239.246155,,,USD_mn,USD,E,low,1,annual,WB P3 阶段报告,WB_P3_财务质量资产兑现管理层与治理.md,2026-08-01,2026-08-01,P4逐年预测；不包含目标价或IRR。
WB-P4-0262,WB,P4,balance_sheet_forecast,estimate,scenario,WB经营预测,long_term_WMP_book_value,2032E,annual,Global,bear,620.459,,,USD_mn,USD,E,low,1,annual,WB P3 阶段报告,WB_P3_财务质量资产兑现管理层与治理.md,2026-08-01,2026-08-01,P4逐年预测；不包含目标价或IRR。
WB-P4-0263,WB,P4,balance_sheet_forecast,estimate,scenario,WB经营预测,gross_debt,2032E,annual,Global,bear,0.0,,,USD_mn,USD,E,low,1,annual,WB P3 阶段报告,WB_P3_财务质量资产兑现管理层与治理.md,2026-08-01,2026-08-01,P4逐年预测；不包含目标价或IRR。
WB-P4-0264,WB,P4,balance_sheet_forecast,estimate,scenario,WB经营预测,other_financial_assets_book_value,2032E,annual,Global,bear,2697.817055,,,USD_mn,USD,E,low,1,annual,WB P3 阶段报告,WB_P3_财务质量资产兑现管理层与治理.md,2026-08-01,2026-08-01,P4逐年预测；不包含目标价或IRR。
WB-P4-0265,WB,P4,balance_sheet_forecast,estimate,scenario,WB经营预测,new_investment_and_loan_funding,2032E,annual,Global,bear,100.0,,,USD_mn,USD,E,low,1,annual,WB P3 阶段报告,WB_P3_财务质量资产兑现管理层与治理.md,2026-08-01,2026-08-01,P4逐年预测；不包含目标价或IRR。
WB-P4-0266,WB,P4,balance_sheet_forecast,estimate,scenario,WB经营预测,investment_and_loan_monetization,2032E,annual,Global,bear,20.0,,,USD_mn,USD,E,low,1,annual,WB P3 阶段报告,WB_P3_财务质量资产兑现管理层与治理.md,2026-08-01,2026-08-01,P4逐年预测；不包含目标价或IRR。
WB-P4-0267,WB,P4,balance_sheet_forecast,estimate,scenario,WB经营预测,investment_and_loan_impairment,2032E,annual,Global,bear,109.075711,,,USD_mn,USD,E,low,1,annual,WB P3 阶段报告,WB_P3_财务质量资产兑现管理层与治理.md,2026-08-01,2026-08-01,P4逐年预测；不包含目标价或IRR。
WB-P4-0268,WB,P4,balance_sheet_forecast,estimate,scenario,WB经营预测,recoverable_asset_support_before_governance_discount,2032E,annual,Global,bear,1619.26618,,,USD_mn,USD,E,low,1,annual,WB P3 阶段报告,WB_P3_财务质量资产兑现管理层与治理.md,2026-08-01,2026-08-01,P4逐年预测；不包含目标价或IRR。
WB-P4-0269,WB,P4,balance_sheet_forecast,estimate,scenario,WB经营预测,asset_support_per_diluted_ADS,2032E,annual,Global,bear,5.584944,,,USD_per_ADS,USD,E,low,1,annual,WB P3 阶段报告,WB_P3_财务质量资产兑现管理层与治理.md,2026-08-01,2026-08-01,P4逐年预测；不包含目标价或IRR。
WB-P4-0270,WB,P4,forecast,estimate,scenario,WB经营预测,non_Alibaba_ad_revenue,2033E,annual,Global,bear,1147.655578,,,USD_mn,USD,E,low,1,annual,WB P3 阶段报告,WB_P3_财务质量资产兑现管理层与治理.md,2026-08-01,2026-08-01,P4逐年预测；不包含目标价或IRR。
WB-P4-0271,WB,P4,forecast,estimate,scenario,WB经营预测,Alibaba_ad_revenue,2033E,annual,Global,bear,145.845805,,,USD_mn,USD,E,low,1,annual,WB P3 阶段报告,WB_P3_财务质量资产兑现管理层与治理.md,2026-08-01,2026-08-01,P4逐年预测；不包含目标价或IRR。
WB-P4-0272,WB,P4,forecast,estimate,scenario,WB经营预测,VAS_revenue,2033E,annual,Global,bear,170.06292,,,USD_mn,USD,E,low,1,annual,WB P3 阶段报告,WB_P3_财务质量资产兑现管理层与治理.md,2026-08-01,2026-08-01,P4逐年预测；不包含目标价或IRR。
WB-P4-0273,WB,P4,forecast,estimate,scenario,WB经营预测,total_revenue,2033E,annual,Global,bear,1463.564303,,,USD_mn,USD,E,low,1,annual,WB P3 阶段报告,WB_P3_财务质量资产兑现管理层与治理.md,2026-08-01,2026-08-01,P4逐年预测；不包含目标价或IRR。
WB-P4-0274,WB,P4,forecast,estimate,scenario,WB经营预测,GAAP_operating_margin,2033E,annual,Global,bear,0.225,,,%,N/A,E,low,1,annual,WB P3 阶段报告,WB_P3_财务质量资产兑现管理层与治理.md,2026-08-01,2026-08-01,P4逐年预测；不包含目标价或IRR。
WB-P4-0275,WB,P4,forecast,estimate,scenario,WB经营预测,GAAP_operating_income,2033E,annual,Global,bear,329.301968,,,USD_mn,USD,E,low,1,annual,WB P3 阶段报告,WB_P3_财务质量资产兑现管理层与治理.md,2026-08-01,2026-08-01,P4逐年预测；不包含目标价或IRR。
WB-P4-0276,WB,P4,forecast,estimate,scenario,WB经营预测,depreciation_and_amortization,2033E,annual,Global,bear,49.761186,,,USD_mn,USD,E,low,1,annual,WB P3 阶段报告,WB_P3_财务质量资产兑现管理层与治理.md,2026-08-01,2026-08-01,P4逐年预测；不包含目标价或IRR。
WB-P4-0277,WB,P4,forecast,estimate,scenario,WB经营预测,maintenance_capex,2033E,annual,Global,bear,35.125543,,,USD_mn,USD,E,low,1,annual,WB P3 阶段报告,WB_P3_财务质量资产兑现管理层与治理.md,2026-08-01,2026-08-01,P4逐年预测；不包含目标价或IRR。
WB-P4-0278,WB,P4,forecast,estimate,scenario,WB经营预测,normalized_owner_earnings,2033E,annual,Global,bear,261.612119,,,USD_mn,USD,E,low,1,annual,WB P3 阶段报告,WB_P3_财务质量资产兑现管理层与治理.md,2026-08-01,2026-08-01,P4逐年预测；不包含目标价或IRR。
WB-P4-0279,WB,P4,forecast,estimate,scenario,WB经营预测,owner_earnings_per_diluted_ADS,2033E,annual,Global,bear,0.892498,,,USD_per_ADS,USD,E,low,1,annual,WB P3 阶段报告,WB_P3_财务质量资产兑现管理层与治理.md,2026-08-01,2026-08-01,P4逐年预测；不包含目标价或IRR。
WB-P4-0280,WB,P4,capital_return_forecast,estimate,scenario,WB经营预测,cash_dividends,2033E,annual,Global,bear,78.483636,,,USD_mn,USD,E,low,1,annual,WB P3 阶段报告,WB_P3_财务质量资产兑现管理层与治理.md,2026-08-01,2026-08-01,P4逐年预测；不包含目标价或IRR。
WB-P4-0281,WB,P4,capital_return_forecast,estimate,scenario,WB经营预测,actual_buyback_cash,2033E,annual,Global,bear,0.0,,,USD_mn,USD,E,low,1,annual,WB P3 阶段报告,WB_P3_财务质量资产兑现管理层与治理.md,2026-08-01,2026-08-01,P4逐年预测；不包含目标价或IRR。
WB-P4-0282,WB,P4,capital_return_forecast,estimate,scenario,WB经营预测,average_buyback_price_assumption,2033E,annual,Global,bear,8.0,,,USD_per_ADS,USD,E,low,1,annual,WB P3 阶段报告,WB_P3_财务质量资产兑现管理层与治理.md,2026-08-01,2026-08-01,P4逐年预测；不包含目标价或IRR。
WB-P4-0283,WB,P4,capital_return_forecast,estimate,scenario,WB经营预测,gross_ADS_repurchased,2033E,annual,Global,bear,0.0,,,shares_mn,N/A,E,low,1,annual,WB P3 阶段报告,WB_P3_财务质量资产兑现管理层与治理.md,2026-08-01,2026-08-01,P4逐年预测；不包含目标价或IRR。
WB-P4-0284,WB,P4,capital_return_forecast,estimate,scenario,WB经营预测,SBC_and_equity_dilution_rate,2033E,annual,Global,bear,0.011,,,%,N/A,E,low,1,annual,WB P3 阶段报告,WB_P3_财务质量资产兑现管理层与治理.md,2026-08-01,2026-08-01,P4逐年预测；不包含目标价或IRR。
WB-P4-0285,WB,P4,share_count_forecast,estimate,scenario,WB经营预测,ending_diluted_ADS,2033E,annual,Global,bear,293.123456,,,shares_mn,N/A,E,low,1,annual,WB P3 阶段报告,WB_P3_财务质量资产兑现管理层与治理.md,2026-08-01,2026-08-01,P4逐年预测；不包含目标价或IRR。
WB-P4-0286,WB,P4,balance_sheet_forecast,estimate,scenario,WB经营预测,cash_and_short_term_investments,2033E,annual,Global,bear,1342.374639,,,USD_mn,USD,E,low,1,annual,WB P3 阶段报告,WB_P3_财务质量资产兑现管理层与治理.md,2026-08-01,2026-08-01,P4逐年预测；不包含目标价或IRR。
WB-P4-0287,WB,P4,balance_sheet_forecast,estimate,scenario,WB经营预测,long_term_WMP_book_value,2033E,annual,Global,bear,620.459,,,USD_mn,USD,E,low,1,annual,WB P3 阶段报告,WB_P3_财务质量资产兑现管理层与治理.md,2026-08-01,2026-08-01,P4逐年预测；不包含目标价或IRR。
WB-P4-0288,WB,P4,balance_sheet_forecast,estimate,scenario,WB经营预测,gross_debt,2033E,annual,Global,bear,0.0,,,USD_mn,USD,E,low,1,annual,WB P3 阶段报告,WB_P3_财务质量资产兑现管理层与治理.md,2026-08-01,2026-08-01,P4逐年预测；不包含目标价或IRR。
WB-P4-0289,WB,P4,balance_sheet_forecast,estimate,scenario,WB经营预测,other_financial_assets_book_value,2033E,annual,Global,bear,2669.904373,,,USD_mn,USD,E,low,1,annual,WB P3 阶段报告,WB_P3_财务质量资产兑现管理层与治理.md,2026-08-01,2026-08-01,P4逐年预测；不包含目标价或IRR。
WB-P4-0290,WB,P4,balance_sheet_forecast,estimate,scenario,WB经营预测,new_investment_and_loan_funding,2033E,annual,Global,bear,100.0,,,USD_mn,USD,E,low,1,annual,WB P3 阶段报告,WB_P3_财务质量资产兑现管理层与治理.md,2026-08-01,2026-08-01,P4逐年预测；不包含目标价或IRR。
WB-P4-0291,WB,P4,balance_sheet_forecast,estimate,scenario,WB经营预测,investment_and_loan_monetization,2033E,annual,Global,bear,20.0,,,USD_mn,USD,E,low,1,annual,WB P3 阶段报告,WB_P3_财务质量资产兑现管理层与治理.md,2026-08-01,2026-08-01,P4逐年预测；不包含目标价或IRR。
WB-P4-0292,WB,P4,balance_sheet_forecast,estimate,scenario,WB经营预测,investment_and_loan_impairment,2033E,annual,Global,bear,107.912682,,,USD_mn,USD,E,low,1,annual,WB P3 阶段报告,WB_P3_财务质量资产兑现管理层与治理.md,2026-08-01,2026-08-01,P4逐年预测；不包含目标价或IRR。
WB-P4-0293,WB,P4,balance_sheet_forecast,estimate,scenario,WB经营预测,recoverable_asset_support_before_governance_discount,2033E,annual,Global,bear,1715.196689,,,USD_mn,USD,E,low,1,annual,WB P3 阶段报告,WB_P3_财务质量资产兑现管理层与治理.md,2026-08-01,2026-08-01,P4逐年预测；不包含目标价或IRR。
WB-P4-0294,WB,P4,balance_sheet_forecast,estimate,scenario,WB经营预测,asset_support_per_diluted_ADS,2033E,annual,Global,bear,5.851448,,,USD_per_ADS,USD,E,low,1,annual,WB P3 阶段报告,WB_P3_财务质量资产兑现管理层与治理.md,2026-08-01,2026-08-01,P4逐年预测；不包含目标价或IRR。
WB-P4-0295,WB,P4,forecast,estimate,scenario,WB经营预测,non_Alibaba_ad_revenue,2034E,annual,Global,bear,1147.655578,,,USD_mn,USD,E,low,1,annual,WB P3 阶段报告,WB_P3_财务质量资产兑现管理层与治理.md,2026-08-01,2026-08-01,P4逐年预测；不包含目标价或IRR。
WB-P4-0296,WB,P4,forecast,estimate,scenario,WB经营预测,Alibaba_ad_revenue,2034E,annual,Global,bear,145.845805,,,USD_mn,USD,E,low,1,annual,WB P3 阶段报告,WB_P3_财务质量资产兑现管理层与治理.md,2026-08-01,2026-08-01,P4逐年预测；不包含目标价或IRR。
WB-P4-0297,WB,P4,forecast,estimate,scenario,WB经营预测,VAS_revenue,2034E,annual,Global,bear,170.06292,,,USD_mn,USD,E,low,1,annual,WB P3 阶段报告,WB_P3_财务质量资产兑现管理层与治理.md,2026-08-01,2026-08-01,P4逐年预测；不包含目标价或IRR。
WB-P4-0298,WB,P4,forecast,estimate,scenario,WB经营预测,total_revenue,2034E,annual,Global,bear,1463.564303,,,USD_mn,USD,E,low,1,annual,WB P3 阶段报告,WB_P3_财务质量资产兑现管理层与治理.md,2026-08-01,2026-08-01,P4逐年预测；不包含目标价或IRR。
WB-P4-0299,WB,P4,forecast,estimate,scenario,WB经营预测,GAAP_operating_margin,2034E,annual,Global,bear,0.225,,,%,N/A,E,low,1,annual,WB P3 阶段报告,WB_P3_财务质量资产兑现管理层与治理.md,2026-08-01,2026-08-01,P4逐年预测；不包含目标价或IRR。
WB-P4-0300,WB,P4,forecast,estimate,scenario,WB经营预测,GAAP_operating_income,2034E,annual,Global,bear,329.301968,,,USD_mn,USD,E,low,1,annual,WB P3 阶段报告,WB_P3_财务质量资产兑现管理层与治理.md,2026-08-01,2026-08-01,P4逐年预测；不包含目标价或IRR。
WB-P4-0301,WB,P4,forecast,estimate,scenario,WB经营预测,depreciation_and_amortization,2034E,annual,Global,bear,49.761186,,,USD_mn,USD,E,low,1,annual,WB P3 阶段报告,WB_P3_财务质量资产兑现管理层与治理.md,2026-08-01,2026-08-01,P4逐年预测；不包含目标价或IRR。
WB-P4-0302,WB,P4,forecast,estimate,scenario,WB经营预测,maintenance_capex,2034E,annual,Global,bear,35.125543,,,USD_mn,USD,E,low,1,annual,WB P3 阶段报告,WB_P3_财务质量资产兑现管理层与治理.md,2026-08-01,2026-08-01,P4逐年预测；不包含目标价或IRR。
WB-P4-0303,WB,P4,forecast,estimate,scenario,WB经营预测,normalized_owner_earnings,2034E,annual,Global,bear,261.612119,,,USD_mn,USD,E,low,1,annual,WB P3 阶段报告,WB_P3_财务质量资产兑现管理层与治理.md,2026-08-01,2026-08-01,P4逐年预测；不包含目标价或IRR。
WB-P4-0304,WB,P4,forecast,estimate,scenario,WB经营预测,owner_earnings_per_diluted_ADS,2034E,annual,Global,bear,0.882787,,,USD_per_ADS,USD,E,low,1,annual,WB P3 阶段报告,WB_P3_财务质量资产兑现管理层与治理.md,2026-08-01,2026-08-01,P4逐年预测；不包含目标价或IRR。
WB-P4-0305,WB,P4,capital_return_forecast,estimate,scenario,WB经营预测,cash_dividends,2034E,annual,Global,bear,78.483636,,,USD_mn,USD,E,low,1,annual,WB P3 阶段报告,WB_P3_财务质量资产兑现管理层与治理.md,2026-08-01,2026-08-01,P4逐年预测；不包含目标价或IRR。
WB-P4-0306,WB,P4,capital_return_forecast,estimate,scenario,WB经营预测,actual_buyback_cash,2034E,annual,Global,bear,0.0,,,USD_mn,USD,E,low,1,annual,WB P3 阶段报告,WB_P3_财务质量资产兑现管理层与治理.md,2026-08-01,2026-08-01,P4逐年预测；不包含目标价或IRR。
WB-P4-0307,WB,P4,capital_return_forecast,estimate,scenario,WB经营预测,average_buyback_price_assumption,2034E,annual,Global,bear,8.0,,,USD_per_ADS,USD,E,low,1,annual,WB P3 阶段报告,WB_P3_财务质量资产兑现管理层与治理.md,2026-08-01,2026-08-01,P4逐年预测；不包含目标价或IRR。
WB-P4-0308,WB,P4,capital_return_forecast,estimate,scenario,WB经营预测,gross_ADS_repurchased,2034E,annual,Global,bear,0.0,,,shares_mn,N/A,E,low,1,annual,WB P3 阶段报告,WB_P3_财务质量资产兑现管理层与治理.md,2026-08-01,2026-08-01,P4逐年预测；不包含目标价或IRR。
WB-P4-0309,WB,P4,capital_return_forecast,estimate,scenario,WB经营预测,SBC_and_equity_dilution_rate,2034E,annual,Global,bear,0.011,,,%,N/A,E,low,1,annual,WB P3 阶段报告,WB_P3_财务质量资产兑现管理层与治理.md,2026-08-01,2026-08-01,P4逐年预测；不包含目标价或IRR。
WB-P4-0310,WB,P4,share_count_forecast,estimate,scenario,WB经营预测,ending_diluted_ADS,2034E,annual,Global,bear,296.347814,,,shares_mn,N/A,E,low,1,annual,WB P3 阶段报告,WB_P3_财务质量资产兑现管理层与治理.md,2026-08-01,2026-08-01,P4逐年预测；不包含目标价或IRR。
WB-P4-0311,WB,P4,balance_sheet_forecast,estimate,scenario,WB经营预测,cash_and_short_term_investments,2034E,annual,Global,bear,1445.503122,,,USD_mn,USD,E,low,1,annual,WB P3 阶段报告,WB_P3_财务质量资产兑现管理层与治理.md,2026-08-01,2026-08-01,P4逐年预测；不包含目标价或IRR。
WB-P4-0312,WB,P4,balance_sheet_forecast,estimate,scenario,WB经营预测,long_term_WMP_book_value,2034E,annual,Global,bear,620.459,,,USD_mn,USD,E,low,1,annual,WB P3 阶段报告,WB_P3_财务质量资产兑现管理层与治理.md,2026-08-01,2026-08-01,P4逐年预测；不包含目标价或IRR。
WB-P4-0313,WB,P4,balance_sheet_forecast,estimate,scenario,WB经营预测,gross_debt,2034E,annual,Global,bear,0.0,,,USD_mn,USD,E,low,1,annual,WB P3 阶段报告,WB_P3_财务质量资产兑现管理层与治理.md,2026-08-01,2026-08-01,P4逐年预测；不包含目标价或IRR。
WB-P4-0314,WB,P4,balance_sheet_forecast,estimate,scenario,WB经营预测,other_financial_assets_book_value,2034E,annual,Global,bear,2643.108198,,,USD_mn,USD,E,low,1,annual,WB P3 阶段报告,WB_P3_财务质量资产兑现管理层与治理.md,2026-08-01,2026-08-01,P4逐年预测；不包含目标价或IRR。
WB-P4-0315,WB,P4,balance_sheet_forecast,estimate,scenario,WB经营预测,new_investment_and_loan_funding,2034E,annual,Global,bear,100.0,,,USD_mn,USD,E,low,1,annual,WB P3 阶段报告,WB_P3_财务质量资产兑现管理层与治理.md,2026-08-01,2026-08-01,P4逐年预测；不包含目标价或IRR。
WB-P4-0316,WB,P4,balance_sheet_forecast,estimate,scenario,WB经营预测,investment_and_loan_monetization,2034E,annual,Global,bear,20.0,,,USD_mn,USD,E,low,1,annual,WB P3 阶段报告,WB_P3_财务质量资产兑现管理层与治理.md,2026-08-01,2026-08-01,P4逐年预测；不包含目标价或IRR。
WB-P4-0317,WB,P4,balance_sheet_forecast,estimate,scenario,WB经营预测,investment_and_loan_impairment,2034E,annual,Global,bear,106.796175,,,USD_mn,USD,E,low,1,annual,WB P3 阶段报告,WB_P3_财务质量资产兑现管理层与治理.md,2026-08-01,2026-08-01,P4逐年预测；不包含目标价或IRR。
WB-P4-0318,WB,P4,balance_sheet_forecast,estimate,scenario,WB经营预测,recoverable_asset_support_before_governance_discount,2034E,annual,Global,bear,1811.415117,,,USD_mn,USD,E,low,1,annual,WB P3 阶段报告,WB_P3_财务质量资产兑现管理层与治理.md,2026-08-01,2026-08-01,P4逐年预测；不包含目标价或IRR。
WB-P4-0319,WB,P4,balance_sheet_forecast,estimate,scenario,WB经营预测,asset_support_per_diluted_ADS,2034E,annual,Global,bear,6.112463,,,USD_per_ADS,USD,E,low,1,annual,WB P3 阶段报告,WB_P3_财务质量资产兑现管理层与治理.md,2026-08-01,2026-08-01,P4逐年预测；不包含目标价或IRR。
WB-P4-0320,WB,P4,forecast,estimate,scenario,WB经营预测,non_Alibaba_ad_revenue,2035E,annual,Global,bear,1147.655578,,,USD_mn,USD,E,low,1,annual,WB P3 阶段报告,WB_P3_财务质量资产兑现管理层与治理.md,2026-08-01,2026-08-01,P4逐年预测；不包含目标价或IRR。
WB-P4-0321,WB,P4,forecast,estimate,scenario,WB经营预测,Alibaba_ad_revenue,2035E,annual,Global,bear,145.845805,,,USD_mn,USD,E,low,1,annual,WB P3 阶段报告,WB_P3_财务质量资产兑现管理层与治理.md,2026-08-01,2026-08-01,P4逐年预测；不包含目标价或IRR。
WB-P4-0322,WB,P4,forecast,estimate,scenario,WB经营预测,VAS_revenue,2035E,annual,Global,bear,170.06292,,,USD_mn,USD,E,low,1,annual,WB P3 阶段报告,WB_P3_财务质量资产兑现管理层与治理.md,2026-08-01,2026-08-01,P4逐年预测；不包含目标价或IRR。
WB-P4-0323,WB,P4,forecast,estimate,scenario,WB经营预测,total_revenue,2035E,annual,Global,bear,1463.564303,,,USD_mn,USD,E,low,1,annual,WB P3 阶段报告,WB_P3_财务质量资产兑现管理层与治理.md,2026-08-01,2026-08-01,P4逐年预测；不包含目标价或IRR。
WB-P4-0324,WB,P4,forecast,estimate,scenario,WB经营预测,GAAP_operating_margin,2035E,annual,Global,bear,0.225,,,%,N/A,E,low,1,annual,WB P3 阶段报告,WB_P3_财务质量资产兑现管理层与治理.md,2026-08-01,2026-08-01,P4逐年预测；不包含目标价或IRR。
WB-P4-0325,WB,P4,forecast,estimate,scenario,WB经营预测,GAAP_operating_income,2035E,annual,Global,bear,329.301968,,,USD_mn,USD,E,low,1,annual,WB P3 阶段报告,WB_P3_财务质量资产兑现管理层与治理.md,2026-08-01,2026-08-01,P4逐年预测；不包含目标价或IRR。
WB-P4-0326,WB,P4,forecast,estimate,scenario,WB经营预测,depreciation_and_amortization,2035E,annual,Global,bear,49.761186,,,USD_mn,USD,E,low,1,annual,WB P3 阶段报告,WB_P3_财务质量资产兑现管理层与治理.md,2026-08-01,2026-08-01,P4逐年预测；不包含目标价或IRR。
WB-P4-0327,WB,P4,forecast,estimate,scenario,WB经营预测,maintenance_capex,2035E,annual,Global,bear,35.125543,,,USD_mn,USD,E,low,1,annual,WB P3 阶段报告,WB_P3_财务质量资产兑现管理层与治理.md,2026-08-01,2026-08-01,P4逐年预测；不包含目标价或IRR。
WB-P4-0328,WB,P4,forecast,estimate,scenario,WB经营预测,normalized_owner_earnings,2035E,annual,Global,bear,261.612119,,,USD_mn,USD,E,low,1,annual,WB P3 阶段报告,WB_P3_财务质量资产兑现管理层与治理.md,2026-08-01,2026-08-01,P4逐年预测；不包含目标价或IRR。
WB-P4-0329,WB,P4,forecast,estimate,scenario,WB经营预测,owner_earnings_per_diluted_ADS,2035E,annual,Global,bear,0.873182,,,USD_per_ADS,USD,E,low,1,annual,WB P3 阶段报告,WB_P3_财务质量资产兑现管理层与治理.md,2026-08-01,2026-08-01,P4逐年预测；不包含目标价或IRR。
WB-P4-0330,WB,P4,capital_return_forecast,estimate,scenario,WB经营预测,cash_dividends,2035E,annual,Global,bear,78.483636,,,USD_mn,USD,E,low,1,annual,WB P3 阶段报告,WB_P3_财务质量资产兑现管理层与治理.md,2026-08-01,2026-08-01,P4逐年预测；不包含目标价或IRR。
WB-P4-0331,WB,P4,capital_return_forecast,estimate,scenario,WB经营预测,actual_buyback_cash,2035E,annual,Global,bear,0.0,,,USD_mn,USD,E,low,1,annual,WB P3 阶段报告,WB_P3_财务质量资产兑现管理层与治理.md,2026-08-01,2026-08-01,P4逐年预测；不包含目标价或IRR。
WB-P4-0332,WB,P4,capital_return_forecast,estimate,scenario,WB经营预测,average_buyback_price_assumption,2035E,annual,Global,bear,8.0,,,USD_per_ADS,USD,E,low,1,annual,WB P3 阶段报告,WB_P3_财务质量资产兑现管理层与治理.md,2026-08-01,2026-08-01,P4逐年预测；不包含目标价或IRR。
WB-P4-0333,WB,P4,capital_return_forecast,estimate,scenario,WB经营预测,gross_ADS_repurchased,2035E,annual,Global,bear,0.0,,,shares_mn,N/A,E,low,1,annual,WB P3 阶段报告,WB_P3_财务质量资产兑现管理层与治理.md,2026-08-01,2026-08-01,P4逐年预测；不包含目标价或IRR。
WB-P4-0334,WB,P4,capital_return_forecast,estimate,scenario,WB经营预测,SBC_and_equity_dilution_rate,2035E,annual,Global,bear,0.011,,,%,N/A,E,low,1,annual,WB P3 阶段报告,WB_P3_财务质量资产兑现管理层与治理.md,2026-08-01,2026-08-01,P4逐年预测；不包含目标价或IRR。
WB-P4-0335,WB,P4,share_count_forecast,estimate,scenario,WB经营预测,ending_diluted_ADS,2035E,annual,Global,bear,299.60764,,,shares_mn,N/A,E,low,1,annual,WB P3 阶段报告,WB_P3_财务质量资产兑现管理层与治理.md,2026-08-01,2026-08-01,P4逐年预测；不包含目标价或IRR。
WB-P4-0336,WB,P4,balance_sheet_forecast,estimate,scenario,WB经营预测,cash_and_short_term_investments,2035E,annual,Global,bear,1548.631605,,,USD_mn,USD,E,low,1,annual,WB P3 阶段报告,WB_P3_财务质量资产兑现管理层与治理.md,2026-08-01,2026-08-01,P4逐年预测；不包含目标价或IRR。
WB-P4-0337,WB,P4,balance_sheet_forecast,estimate,scenario,WB经营预测,long_term_WMP_book_value,2035E,annual,Global,bear,620.459,,,USD_mn,USD,E,low,1,annual,WB P3 阶段报告,WB_P3_财务质量资产兑现管理层与治理.md,2026-08-01,2026-08-01,P4逐年预测；不包含目标价或IRR。
WB-P4-0338,WB,P4,balance_sheet_forecast,estimate,scenario,WB经营预测,gross_debt,2035E,annual,Global,bear,0.0,,,USD_mn,USD,E,low,1,annual,WB P3 阶段报告,WB_P3_财务质量资产兑现管理层与治理.md,2026-08-01,2026-08-01,P4逐年预测；不包含目标价或IRR。
WB-P4-0339,WB,P4,balance_sheet_forecast,estimate,scenario,WB经营预测,other_financial_assets_book_value,2035E,annual,Global,bear,2617.38387,,,USD_mn,USD,E,low,1,annual,WB P3 阶段报告,WB_P3_财务质量资产兑现管理层与治理.md,2026-08-01,2026-08-01,P4逐年预测；不包含目标价或IRR。
WB-P4-0340,WB,P4,balance_sheet_forecast,estimate,scenario,WB经营预测,new_investment_and_loan_funding,2035E,annual,Global,bear,100.0,,,USD_mn,USD,E,low,1,annual,WB P3 阶段报告,WB_P3_财务质量资产兑现管理层与治理.md,2026-08-01,2026-08-01,P4逐年预测；不包含目标价或IRR。
WB-P4-0341,WB,P4,balance_sheet_forecast,estimate,scenario,WB经营预测,investment_and_loan_monetization,2035E,annual,Global,bear,20.0,,,USD_mn,USD,E,low,1,annual,WB P3 阶段报告,WB_P3_财务质量资产兑现管理层与治理.md,2026-08-01,2026-08-01,P4逐年预测；不包含目标价或IRR。
WB-P4-0342,WB,P4,balance_sheet_forecast,estimate,scenario,WB经营预测,investment_and_loan_impairment,2035E,annual,Global,bear,105.724328,,,USD_mn,USD,E,low,1,annual,WB P3 阶段报告,WB_P3_财务质量资产兑现管理层与治理.md,2026-08-01,2026-08-01,P4逐年预测；不包含目标价或IRR。
WB-P4-0343,WB,P4,balance_sheet_forecast,estimate,scenario,WB经营预测,recoverable_asset_support_before_governance_discount,2035E,annual,Global,bear,1907.909948,,,USD_mn,USD,E,low,1,annual,WB P3 阶段报告,WB_P3_财务质量资产兑现管理层与治理.md,2026-08-01,2026-08-01,P4逐年预测；不包含目标价或IRR。
WB-P4-0344,WB,P4,balance_sheet_forecast,estimate,scenario,WB经营预测,asset_support_per_diluted_ADS,2035E,annual,Global,bear,6.368028,,,USD_per_ADS,USD,E,low,1,annual,WB P3 阶段报告,WB_P3_财务质量资产兑现管理层与治理.md,2026-08-01,2026-08-01,P4逐年预测；不包含目标价或IRR。
WB-P4-0345,WB,P4,forecast,estimate,scenario,WB经营预测,non_Alibaba_ad_revenue,2026E,annual,Global,base,1380.0,,,USD_mn,USD,E,medium,1,annual,WB P3 阶段报告,WB_P3_财务质量资产兑现管理层与治理.md,2026-08-01,2026-08-01,P4逐年预测；不包含目标价或IRR。
WB-P4-0346,WB,P4,forecast,estimate,scenario,WB经营预测,Alibaba_ad_revenue,2026E,annual,Global,base,180.0,,,USD_mn,USD,E,medium,1,annual,WB P3 阶段报告,WB_P3_财务质量资产兑现管理层与治理.md,2026-08-01,2026-08-01,P4逐年预测；不包含目标价或IRR。
WB-P4-0347,WB,P4,forecast,estimate,scenario,WB经营预测,VAS_revenue,2026E,annual,Global,base,235.0,,,USD_mn,USD,E,medium,1,annual,WB P3 阶段报告,WB_P3_财务质量资产兑现管理层与治理.md,2026-08-01,2026-08-01,P4逐年预测；不包含目标价或IRR。
WB-P4-0348,WB,P4,forecast,estimate,scenario,WB经营预测,total_revenue,2026E,annual,Global,base,1795.0,,,USD_mn,USD,E,medium,1,annual,WB P3 阶段报告,WB_P3_财务质量资产兑现管理层与治理.md,2026-08-01,2026-08-01,P4逐年预测；不包含目标价或IRR。
WB-P4-0349,WB,P4,forecast,estimate,scenario,WB经营预测,GAAP_operating_margin,2026E,annual,Global,base,0.2615,,,%,N/A,E,medium,1,annual,WB P3 阶段报告,WB_P3_财务质量资产兑现管理层与治理.md,2026-08-01,2026-08-01,P4逐年预测；不包含目标价或IRR。
WB-P4-0350,WB,P4,forecast,estimate,scenario,WB经营预测,GAAP_operating_income,2026E,annual,Global,base,469.3925,,,USD_mn,USD,E,medium,1,annual,WB P3 阶段报告,WB_P3_财务质量资产兑现管理层与治理.md,2026-08-01,2026-08-01,P4逐年预测；不包含目标价或IRR。
WB-P4-0351,WB,P4,forecast,estimate,scenario,WB经营预测,depreciation_and_amortization,2026E,annual,Global,base,61.03,,,USD_mn,USD,E,medium,1,annual,WB P3 阶段报告,WB_P3_财务质量资产兑现管理层与治理.md,2026-08-01,2026-08-01,P4逐年预测；不包含目标价或IRR。
WB-P4-0352,WB,P4,forecast,estimate,scenario,WB经营预测,maintenance_capex,2026E,annual,Global,base,43.08,,,USD_mn,USD,E,medium,1,annual,WB P3 阶段报告,WB_P3_财务质量资产兑现管理层与治理.md,2026-08-01,2026-08-01,P4逐年预测；不包含目标价或IRR。
WB-P4-0353,WB,P4,forecast,estimate,scenario,WB经营预测,normalized_owner_earnings,2026E,annual,Global,base,369.994375,,,USD_mn,USD,E,medium,1,annual,WB P3 阶段报告,WB_P3_财务质量资产兑现管理层与治理.md,2026-08-01,2026-08-01,P4逐年预测；不包含目标价或IRR。
WB-P4-0354,WB,P4,forecast,estimate,scenario,WB经营预测,owner_earnings_per_diluted_ADS,2026E,annual,Global,base,1.380933,,,USD_per_ADS,USD,E,medium,1,annual,WB P3 阶段报告,WB_P3_财务质量资产兑现管理层与治理.md,2026-08-01,2026-08-01,P4逐年预测；不包含目标价或IRR。
WB-P4-0355,WB,P4,capital_return_forecast,estimate,scenario,WB经营预测,cash_dividends,2026E,annual,Global,base,150.0,,,USD_mn,USD,E,medium,1,annual,WB P3 阶段报告,WB_P3_财务质量资产兑现管理层与治理.md,2026-08-01,2026-08-01,P4逐年预测；不包含目标价或IRR。
WB-P4-0356,WB,P4,capital_return_forecast,estimate,scenario,WB经营预测,actual_buyback_cash,2026E,annual,Global,base,25.0,,,USD_mn,USD,E,medium,1,annual,WB P3 阶段报告,WB_P3_财务质量资产兑现管理层与治理.md,2026-08-01,2026-08-01,P4逐年预测；不包含目标价或IRR。
WB-P4-0357,WB,P4,capital_return_forecast,estimate,scenario,WB经营预测,average_buyback_price_assumption,2026E,annual,Global,base,9.0,,,USD_per_ADS,USD,E,medium,1,annual,WB P3 阶段报告,WB_P3_财务质量资产兑现管理层与治理.md,2026-08-01,2026-08-01,P4逐年预测；不包含目标价或IRR。
WB-P4-0358,WB,P4,capital_return_forecast,estimate,scenario,WB经营预测,gross_ADS_repurchased,2026E,annual,Global,base,2.777778,,,shares_mn,N/A,E,medium,1,annual,WB P3 阶段报告,WB_P3_财务质量资产兑现管理层与治理.md,2026-08-01,2026-08-01,P4逐年预测；不包含目标价或IRR。
WB-P4-0359,WB,P4,capital_return_forecast,estimate,scenario,WB经营预测,SBC_and_equity_dilution_rate,2026E,annual,Global,base,0.008,,,%,N/A,E,medium,1,annual,WB P3 阶段报告,WB_P3_财务质量资产兑现管理层与治理.md,2026-08-01,2026-08-01,P4逐年预测；不包含目标价或IRR。
WB-P4-0360,WB,P4,share_count_forecast,estimate,scenario,WB经营预测,ending_diluted_ADS,2026E,annual,Global,base,267.930702,,,shares_mn,N/A,E,medium,1,annual,WB P3 阶段报告,WB_P3_财务质量资产兑现管理层与治理.md,2026-08-01,2026-08-01,P4逐年预测；不包含目标价或IRR。
WB-P4-0361,WB,P4,balance_sheet_forecast,estimate,scenario,WB经营预测,cash_and_short_term_investments,2026E,annual,Global,base,2550.074375,,,USD_mn,USD,E,medium,1,annual,WB P3 阶段报告,WB_P3_财务质量资产兑现管理层与治理.md,2026-08-01,2026-08-01,P4逐年预测；不包含目标价或IRR。
WB-P4-0362,WB,P4,balance_sheet_forecast,estimate,scenario,WB经营预测,long_term_WMP_book_value,2026E,annual,Global,base,620.459,,,USD_mn,USD,E,medium,1,annual,WB P3 阶段报告,WB_P3_财务质量资产兑现管理层与治理.md,2026-08-01,2026-08-01,P4逐年预测；不包含目标价或IRR。
WB-P4-0363,WB,P4,balance_sheet_forecast,estimate,scenario,WB经营预测,gross_debt,2026E,annual,Global,base,1863.55,,,USD_mn,USD,E,medium,1,annual,WB P3 阶段报告,WB_P3_财务质量资产兑现管理层与治理.md,2026-08-01,2026-08-01,P4逐年预测；不包含目标价或IRR。
WB-P4-0364,WB,P4,balance_sheet_forecast,estimate,scenario,WB经营预测,other_financial_assets_book_value,2026E,annual,Global,base,2809.10572,,,USD_mn,USD,E,medium,1,annual,WB P3 阶段报告,WB_P3_财务质量资产兑现管理层与治理.md,2026-08-01,2026-08-01,P4逐年预测；不包含目标价或IRR。
WB-P4-0365,WB,P4,balance_sheet_forecast,estimate,scenario,WB经营预测,new_investment_and_loan_funding,2026E,annual,Global,base,75.0,,,USD_mn,USD,E,medium,1,annual,WB P3 阶段报告,WB_P3_财务质量资产兑现管理层与治理.md,2026-08-01,2026-08-01,P4逐年预测；不包含目标价或IRR。
WB-P4-0366,WB,P4,balance_sheet_forecast,estimate,scenario,WB经营预测,investment_and_loan_monetization,2026E,annual,Global,base,25.0,,,USD_mn,USD,E,medium,1,annual,WB P3 阶段报告,WB_P3_财务质量资产兑现管理层与治理.md,2026-08-01,2026-08-01,P4逐年预测；不包含目标价或IRR。
WB-P4-0367,WB,P4,balance_sheet_forecast,estimate,scenario,WB经营预测,investment_and_loan_impairment,2026E,annual,Global,base,56.30828,,,USD_mn,USD,E,medium,1,annual,WB P3 阶段报告,WB_P3_财务质量资产兑现管理层与治理.md,2026-08-01,2026-08-01,P4逐年预测；不包含目标价或IRR。
WB-P4-0368,WB,P4,balance_sheet_forecast,estimate,scenario,WB经营预测,recoverable_asset_support_before_governance_discount,2026E,annual,Global,base,1964.688437,,,USD_mn,USD,E,medium,1,annual,WB P3 阶段报告,WB_P3_财务质量资产兑现管理层与治理.md,2026-08-01,2026-08-01,P4逐年预测；不包含目标价或IRR。
WB-P4-0369,WB,P4,balance_sheet_forecast,estimate,scenario,WB经营预测,asset_support_per_diluted_ADS,2026E,annual,Global,base,7.332823,,,USD_per_ADS,USD,E,medium,1,annual,WB P3 阶段报告,WB_P3_财务质量资产兑现管理层与治理.md,2026-08-01,2026-08-01,P4逐年预测；不包含目标价或IRR。
WB-P4-0370,WB,P4,forecast,estimate,scenario,WB经营预测,non_Alibaba_ad_revenue,2027E,annual,Global,base,1393.8,,,USD_mn,USD,E,medium,1,annual,WB P3 阶段报告,WB_P3_财务质量资产兑现管理层与治理.md,2026-08-01,2026-08-01,P4逐年预测；不包含目标价或IRR。
WB-P4-0371,WB,P4,forecast,estimate,scenario,WB经营预测,Alibaba_ad_revenue,2027E,annual,Global,base,180.0,,,USD_mn,USD,E,medium,1,annual,WB P3 阶段报告,WB_P3_财务质量资产兑现管理层与治理.md,2026-08-01,2026-08-01,P4逐年预测；不包含目标价或IRR。
WB-P4-0372,WB,P4,forecast,estimate,scenario,WB经营预测,VAS_revenue,2027E,annual,Global,base,227.95,,,USD_mn,USD,E,medium,1,annual,WB P3 阶段报告,WB_P3_财务质量资产兑现管理层与治理.md,2026-08-01,2026-08-01,P4逐年预测；不包含目标价或IRR。
WB-P4-0373,WB,P4,forecast,estimate,scenario,WB经营预测,total_revenue,2027E,annual,Global,base,1801.75,,,USD_mn,USD,E,medium,1,annual,WB P3 阶段报告,WB_P3_财务质量资产兑现管理层与治理.md,2026-08-01,2026-08-01,P4逐年预测；不包含目标价或IRR。
WB-P4-0374,WB,P4,forecast,estimate,scenario,WB经营预测,GAAP_operating_margin,2027E,annual,Global,base,0.265,,,%,N/A,E,medium,1,annual,WB P3 阶段报告,WB_P3_财务质量资产兑现管理层与治理.md,2026-08-01,2026-08-01,P4逐年预测；不包含目标价或IRR。
WB-P4-0375,WB,P4,forecast,estimate,scenario,WB经营预测,GAAP_operating_income,2027E,annual,Global,base,477.46375,,,USD_mn,USD,E,medium,1,annual,WB P3 阶段报告,WB_P3_财务质量资产兑现管理层与治理.md,2026-08-01,2026-08-01,P4逐年预测；不包含目标价或IRR。
WB-P4-0376,WB,P4,forecast,estimate,scenario,WB经营预测,depreciation_and_amortization,2027E,annual,Global,base,61.2595,,,USD_mn,USD,E,medium,1,annual,WB P3 阶段报告,WB_P3_财务质量资产兑现管理层与治理.md,2026-08-01,2026-08-01,P4逐年预测；不包含目标价或IRR。
WB-P4-0377,WB,P4,forecast,estimate,scenario,WB经营预测,maintenance_capex,2027E,annual,Global,base,43.242,,,USD_mn,USD,E,medium,1,annual,WB P3 阶段报告,WB_P3_财务质量资产兑现管理层与治理.md,2026-08-01,2026-08-01,P4逐年预测；不包含目标价或IRR。
WB-P4-0378,WB,P4,forecast,estimate,scenario,WB经营预测,normalized_owner_earnings,2027E,annual,Global,base,376.115313,,,USD_mn,USD,E,medium,1,annual,WB P3 阶段报告,WB_P3_财务质量资产兑现管理层与治理.md,2026-08-01,2026-08-01,P4逐年预测；不包含目标价或IRR。
WB-P4-0379,WB,P4,forecast,estimate,scenario,WB经营预测,owner_earnings_per_diluted_ADS,2027E,annual,Global,base,1.415474,,,USD_per_ADS,USD,E,medium,1,annual,WB P3 阶段报告,WB_P3_财务质量资产兑现管理层与治理.md,2026-08-01,2026-08-01,P4逐年预测；不包含目标价或IRR。
WB-P4-0380,WB,P4,capital_return_forecast,estimate,scenario,WB经营预测,cash_dividends,2027E,annual,Global,base,150.446125,,,USD_mn,USD,E,medium,1,annual,WB P3 阶段报告,WB_P3_财务质量资产兑现管理层与治理.md,2026-08-01,2026-08-01,P4逐年预测；不包含目标价或IRR。
WB-P4-0381,WB,P4,capital_return_forecast,estimate,scenario,WB经营预测,actual_buyback_cash,2027E,annual,Global,base,40.0,,,USD_mn,USD,E,medium,1,annual,WB P3 阶段报告,WB_P3_财务质量资产兑现管理层与治理.md,2026-08-01,2026-08-01,P4逐年预测；不包含目标价或IRR。
WB-P4-0382,WB,P4,capital_return_forecast,estimate,scenario,WB经营预测,average_buyback_price_assumption,2027E,annual,Global,base,9.18,,,USD_per_ADS,USD,E,medium,1,annual,WB P3 阶段报告,WB_P3_财务质量资产兑现管理层与治理.md,2026-08-01,2026-08-01,P4逐年预测；不包含目标价或IRR。
WB-P4-0383,WB,P4,capital_return_forecast,estimate,scenario,WB经营预测,gross_ADS_repurchased,2027E,annual,Global,base,4.357298,,,shares_mn,N/A,E,medium,1,annual,WB P3 阶段报告,WB_P3_财务质量资产兑现管理层与治理.md,2026-08-01,2026-08-01,P4逐年预测；不包含目标价或IRR。
WB-P4-0384,WB,P4,capital_return_forecast,estimate,scenario,WB经营预测,SBC_and_equity_dilution_rate,2027E,annual,Global,base,0.008,,,%,N/A,E,medium,1,annual,WB P3 阶段报告,WB_P3_财务质量资产兑现管理层与治理.md,2026-08-01,2026-08-01,P4逐年预测；不包含目标价或IRR。
WB-P4-0385,WB,P4,share_count_forecast,estimate,scenario,WB经营预测,ending_diluted_ADS,2027E,annual,Global,base,265.716849,,,shares_mn,N/A,E,medium,1,annual,WB P3 阶段报告,WB_P3_财务质量资产兑现管理层与治理.md,2026-08-01,2026-08-01,P4逐年预测；不包含目标价或IRR。
WB-P4-0386,WB,P4,balance_sheet_forecast,estimate,scenario,WB经营预测,cash_and_short_term_investments,2027E,annual,Global,base,1592.823563,,,USD_mn,USD,E,medium,1,annual,WB P3 阶段报告,WB_P3_财务质量资产兑现管理层与治理.md,2026-08-01,2026-08-01,P4逐年预测；不包含目标价或IRR。
WB-P4-0387,WB,P4,balance_sheet_forecast,estimate,scenario,WB经营预测,long_term_WMP_book_value,2027E,annual,Global,base,620.459,,,USD_mn,USD,E,medium,1,annual,WB P3 阶段报告,WB_P3_财务质量资产兑现管理层与治理.md,2026-08-01,2026-08-01,P4逐年预测；不包含目标价或IRR。
WB-P4-0388,WB,P4,balance_sheet_forecast,estimate,scenario,WB经营预测,gross_debt,2027E,annual,Global,base,745.63,,,USD_mn,USD,E,medium,1,annual,WB P3 阶段报告,WB_P3_财务质量资产兑现管理层与治理.md,2026-08-01,2026-08-01,P4逐年预测；不包含目标价或IRR。
WB-P4-0389,WB,P4,balance_sheet_forecast,estimate,scenario,WB经营预测,other_financial_assets_book_value,2027E,annual,Global,base,2777.923606,,,USD_mn,USD,E,medium,1,annual,WB P3 阶段报告,WB_P3_财务质量资产兑现管理层与治理.md,2026-08-01,2026-08-01,P4逐年预测；不包含目标价或IRR。
WB-P4-0390,WB,P4,balance_sheet_forecast,estimate,scenario,WB经营预测,new_investment_and_loan_funding,2027E,annual,Global,base,75.0,,,USD_mn,USD,E,medium,1,annual,WB P3 阶段报告,WB_P3_财务质量资产兑现管理层与治理.md,2026-08-01,2026-08-01,P4逐年预测；不包含目标价或IRR。
WB-P4-0391,WB,P4,balance_sheet_forecast,estimate,scenario,WB经营预测,investment_and_loan_monetization,2027E,annual,Global,base,50.0,,,USD_mn,USD,E,medium,1,annual,WB P3 阶段报告,WB_P3_财务质量资产兑现管理层与治理.md,2026-08-01,2026-08-01,P4逐年预测；不包含目标价或IRR。
WB-P4-0392,WB,P4,balance_sheet_forecast,estimate,scenario,WB经营预测,investment_and_loan_impairment,2027E,annual,Global,base,56.182114,,,USD_mn,USD,E,medium,1,annual,WB P3 阶段报告,WB_P3_财务质量资产兑现管理层与治理.md,2026-08-01,2026-08-01,P4逐年预测；不包含目标价或IRR。
WB-P4-0393,WB,P4,balance_sheet_forecast,estimate,scenario,WB经营预测,recoverable_asset_support_before_governance_discount,2027E,annual,Global,base,2110.918552,,,USD_mn,USD,E,medium,1,annual,WB P3 阶段报告,WB_P3_财务质量资产兑现管理层与治理.md,2026-08-01,2026-08-01,P4逐年预测；不包含目标价或IRR。
WB-P4-0394,WB,P4,balance_sheet_forecast,estimate,scenario,WB经营预测,asset_support_per_diluted_ADS,2027E,annual,Global,base,7.94424,,,USD_per_ADS,USD,E,medium,1,annual,WB P3 阶段报告,WB_P3_财务质量资产兑现管理层与治理.md,2026-08-01,2026-08-01,P4逐年预测；不包含目标价或IRR。
WB-P4-0395,WB,P4,forecast,estimate,scenario,WB经营预测,non_Alibaba_ad_revenue,2028E,annual,Global,base,1414.707,,,USD_mn,USD,E,medium,1,annual,WB P3 阶段报告,WB_P3_财务质量资产兑现管理层与治理.md,2026-08-01,2026-08-01,P4逐年预测；不包含目标价或IRR。
WB-P4-0396,WB,P4,forecast,estimate,scenario,WB经营预测,Alibaba_ad_revenue,2028E,annual,Global,base,180.0,,,USD_mn,USD,E,medium,1,annual,WB P3 阶段报告,WB_P3_财务质量资产兑现管理层与治理.md,2026-08-01,2026-08-01,P4逐年预测；不包含目标价或IRR。
WB-P4-0397,WB,P4,forecast,estimate,scenario,WB经营预测,VAS_revenue,2028E,annual,Global,base,223.391,,,USD_mn,USD,E,medium,1,annual,WB P3 阶段报告,WB_P3_财务质量资产兑现管理层与治理.md,2026-08-01,2026-08-01,P4逐年预测；不包含目标价或IRR。
WB-P4-0398,WB,P4,forecast,estimate,scenario,WB经营预测,total_revenue,2028E,annual,Global,base,1818.098,,,USD_mn,USD,E,medium,1,annual,WB P3 阶段报告,WB_P3_财务质量资产兑现管理层与治理.md,2026-08-01,2026-08-01,P4逐年预测；不包含目标价或IRR。
WB-P4-0399,WB,P4,forecast,estimate,scenario,WB经营预测,GAAP_operating_margin,2028E,annual,Global,base,0.268,,,%,N/A,E,medium,1,annual,WB P3 阶段报告,WB_P3_财务质量资产兑现管理层与治理.md,2026-08-01,2026-08-01,P4逐年预测；不包含目标价或IRR。
WB-P4-0400,WB,P4,forecast,estimate,scenario,WB经营预测,GAAP_operating_income,2028E,annual,Global,base,487.250264,,,USD_mn,USD,E,medium,1,annual,WB P3 阶段报告,WB_P3_财务质量资产兑现管理层与治理.md,2026-08-01,2026-08-01,P4逐年预测；不包含目标价或IRR。
WB-P4-0401,WB,P4,forecast,estimate,scenario,WB经营预测,depreciation_and_amortization,2028E,annual,Global,base,61.815332,,,USD_mn,USD,E,medium,1,annual,WB P3 阶段报告,WB_P3_财务质量资产兑现管理层与治理.md,2026-08-01,2026-08-01,P4逐年预测；不包含目标价或IRR。
WB-P4-0402,WB,P4,forecast,estimate,scenario,WB经营预测,maintenance_capex,2028E,annual,Global,base,43.634352,,,USD_mn,USD,E,medium,1,annual,WB P3 阶段报告,WB_P3_财务质量资产兑现管理层与治理.md,2026-08-01,2026-08-01,P4逐年预测；不包含目标价或IRR。
WB-P4-0403,WB,P4,forecast,estimate,scenario,WB经营预测,normalized_owner_earnings,2028E,annual,Global,base,383.618678,,,USD_mn,USD,E,medium,1,annual,WB P3 阶段报告,WB_P3_财务质量资产兑现管理层与治理.md,2026-08-01,2026-08-01,P4逐年预测；不包含目标价或IRR。
WB-P4-0404,WB,P4,forecast,estimate,scenario,WB经营预测,owner_earnings_per_diluted_ADS,2028E,annual,Global,base,1.455468,,,USD_per_ADS,USD,E,medium,1,annual,WB P3 阶段报告,WB_P3_财务质量资产兑现管理层与治理.md,2026-08-01,2026-08-01,P4逐年预测；不包含目标价或IRR。
WB-P4-0405,WB,P4,capital_return_forecast,estimate,scenario,WB经营预测,cash_dividends,2028E,annual,Global,base,153.447471,,,USD_mn,USD,E,medium,1,annual,WB P3 阶段报告,WB_P3_财务质量资产兑现管理层与治理.md,2026-08-01,2026-08-01,P4逐年预测；不包含目标价或IRR。
WB-P4-0406,WB,P4,capital_return_forecast,estimate,scenario,WB经营预测,actual_buyback_cash,2028E,annual,Global,base,40.0,,,USD_mn,USD,E,medium,1,annual,WB P3 阶段报告,WB_P3_财务质量资产兑现管理层与治理.md,2026-08-01,2026-08-01,P4逐年预测；不包含目标价或IRR。
WB-P4-0407,WB,P4,capital_return_forecast,estimate,scenario,WB经营预测,average_buyback_price_assumption,2028E,annual,Global,base,9.3636,,,USD_per_ADS,USD,E,medium,1,annual,WB P3 阶段报告,WB_P3_财务质量资产兑现管理层与治理.md,2026-08-01,2026-08-01,P4逐年预测；不包含目标价或IRR。
WB-P4-0408,WB,P4,capital_return_forecast,estimate,scenario,WB经营预测,gross_ADS_repurchased,2028E,annual,Global,base,4.271861,,,shares_mn,N/A,E,medium,1,annual,WB P3 阶段报告,WB_P3_财务质量资产兑现管理层与治理.md,2026-08-01,2026-08-01,P4逐年预测；不包含目标价或IRR。
WB-P4-0409,WB,P4,capital_return_forecast,estimate,scenario,WB经营预测,SBC_and_equity_dilution_rate,2028E,annual,Global,base,0.008,,,%,N/A,E,medium,1,annual,WB P3 阶段报告,WB_P3_财务质量资产兑现管理层与治理.md,2026-08-01,2026-08-01,P4逐年预测；不包含目标价或IRR。
WB-P4-0410,WB,P4,share_count_forecast,estimate,scenario,WB经营预测,ending_diluted_ADS,2028E,annual,Global,base,263.570723,,,shares_mn,N/A,E,medium,1,annual,WB P3 阶段报告,WB_P3_财务质量资产兑现管理层与治理.md,2026-08-01,2026-08-01,P4逐年预测；不包含目标价或IRR。
WB-P4-0411,WB,P4,balance_sheet_forecast,estimate,scenario,WB经营预测,cash_and_short_term_investments,2028E,annual,Global,base,1757.994769,,,USD_mn,USD,E,medium,1,annual,WB P3 阶段报告,WB_P3_财务质量资产兑现管理层与治理.md,2026-08-01,2026-08-01,P4逐年预测；不包含目标价或IRR。
WB-P4-0412,WB,P4,balance_sheet_forecast,estimate,scenario,WB经营预测,long_term_WMP_book_value,2028E,annual,Global,base,620.459,,,USD_mn,USD,E,medium,1,annual,WB P3 阶段报告,WB_P3_财务质量资产兑现管理层与治理.md,2026-08-01,2026-08-01,P4逐年预测；不包含目标价或IRR。
WB-P4-0413,WB,P4,balance_sheet_forecast,estimate,scenario,WB经营预测,gross_debt,2028E,annual,Global,base,745.63,,,USD_mn,USD,E,medium,1,annual,WB P3 阶段报告,WB_P3_财务质量资产兑现管理层与治理.md,2026-08-01,2026-08-01,P4逐年预测；不包含目标价或IRR。
WB-P4-0414,WB,P4,balance_sheet_forecast,estimate,scenario,WB经营预测,other_financial_assets_book_value,2028E,annual,Global,base,2747.365133,,,USD_mn,USD,E,medium,1,annual,WB P3 阶段报告,WB_P3_财务质量资产兑现管理层与治理.md,2026-08-01,2026-08-01,P4逐年预测；不包含目标价或IRR。
WB-P4-0415,WB,P4,balance_sheet_forecast,estimate,scenario,WB经营预测,new_investment_and_loan_funding,2028E,annual,Global,base,75.0,,,USD_mn,USD,E,medium,1,annual,WB P3 阶段报告,WB_P3_财务质量资产兑现管理层与治理.md,2026-08-01,2026-08-01,P4逐年预测；不包含目标价或IRR。
WB-P4-0416,WB,P4,balance_sheet_forecast,estimate,scenario,WB经营预测,investment_and_loan_monetization,2028E,annual,Global,base,50.0,,,USD_mn,USD,E,medium,1,annual,WB P3 阶段报告,WB_P3_财务质量资产兑现管理层与治理.md,2026-08-01,2026-08-01,P4逐年预测；不包含目标价或IRR。
WB-P4-0417,WB,P4,balance_sheet_forecast,estimate,scenario,WB经营预测,investment_and_loan_impairment,2028E,annual,Global,base,55.558472,,,USD_mn,USD,E,medium,1,annual,WB P3 阶段报告,WB_P3_财务质量资产兑现管理层与治理.md,2026-08-01,2026-08-01,P4逐年预测；不包含目标价或IRR。
WB-P4-0418,WB,P4,balance_sheet_forecast,estimate,scenario,WB经营预测,recoverable_asset_support_before_governance_discount,2028E,annual,Global,base,2261.939468,,,USD_mn,USD,E,medium,1,annual,WB P3 阶段报告,WB_P3_财务质量资产兑现管理层与治理.md,2026-08-01,2026-08-01,P4逐年预测；不包含目标价或IRR。
WB-P4-0419,WB,P4,balance_sheet_forecast,estimate,scenario,WB经营预测,asset_support_per_diluted_ADS,2028E,annual,Global,base,8.581907,,,USD_per_ADS,USD,E,medium,1,annual,WB P3 阶段报告,WB_P3_财务质量资产兑现管理层与治理.md,2026-08-01,2026-08-01,P4逐年预测；不包含目标价或IRR。
WB-P4-0420,WB,P4,forecast,estimate,scenario,WB经营预测,non_Alibaba_ad_revenue,2029E,annual,Global,base,1435.927605,,,USD_mn,USD,E,medium,1,annual,WB P3 阶段报告,WB_P3_财务质量资产兑现管理层与治理.md,2026-08-01,2026-08-01,P4逐年预测；不包含目标价或IRR。
WB-P4-0421,WB,P4,forecast,estimate,scenario,WB经营预测,Alibaba_ad_revenue,2029E,annual,Global,base,180.0,,,USD_mn,USD,E,medium,1,annual,WB P3 阶段报告,WB_P3_财务质量资产兑现管理层与治理.md,2026-08-01,2026-08-01,P4逐年预测；不包含目标价或IRR。
WB-P4-0422,WB,P4,forecast,estimate,scenario,WB经营预测,VAS_revenue,2029E,annual,Global,base,223.391,,,USD_mn,USD,E,medium,1,annual,WB P3 阶段报告,WB_P3_财务质量资产兑现管理层与治理.md,2026-08-01,2026-08-01,P4逐年预测；不包含目标价或IRR。
WB-P4-0423,WB,P4,forecast,estimate,scenario,WB经营预测,total_revenue,2029E,annual,Global,base,1839.318605,,,USD_mn,USD,E,medium,1,annual,WB P3 阶段报告,WB_P3_财务质量资产兑现管理层与治理.md,2026-08-01,2026-08-01,P4逐年预测；不包含目标价或IRR。
WB-P4-0424,WB,P4,forecast,estimate,scenario,WB经营预测,GAAP_operating_margin,2029E,annual,Global,base,0.27,,,%,N/A,E,medium,1,annual,WB P3 阶段报告,WB_P3_财务质量资产兑现管理层与治理.md,2026-08-01,2026-08-01,P4逐年预测；不包含目标价或IRR。
WB-P4-0425,WB,P4,forecast,estimate,scenario,WB经营预测,GAAP_operating_income,2029E,annual,Global,base,496.616023,,,USD_mn,USD,E,medium,1,annual,WB P3 阶段报告,WB_P3_财务质量资产兑现管理层与治理.md,2026-08-01,2026-08-01,P4逐年预测；不包含目标价或IRR。
WB-P4-0426,WB,P4,forecast,estimate,scenario,WB经营预测,depreciation_and_amortization,2029E,annual,Global,base,62.536833,,,USD_mn,USD,E,medium,1,annual,WB P3 阶段报告,WB_P3_财务质量资产兑现管理层与治理.md,2026-08-01,2026-08-01,P4逐年预测；不包含目标价或IRR。
WB-P4-0427,WB,P4,forecast,estimate,scenario,WB经营预测,maintenance_capex,2029E,annual,Global,base,44.143647,,,USD_mn,USD,E,medium,1,annual,WB P3 阶段报告,WB_P3_财务质量资产兑现管理层与治理.md,2026-08-01,2026-08-01,P4逐年预测；不包含目标价或IRR。
WB-P4-0428,WB,P4,forecast,estimate,scenario,WB经营预测,normalized_owner_earnings,2029E,annual,Global,base,390.855204,,,USD_mn,USD,E,medium,1,annual,WB P3 阶段报告,WB_P3_财务质量资产兑现管理层与治理.md,2026-08-01,2026-08-01,P4逐年预测；不包含目标价或IRR。
WB-P4-0429,WB,P4,forecast,estimate,scenario,WB经营预测,owner_earnings_per_diluted_ADS,2029E,annual,Global,base,1.494717,,,USD_per_ADS,USD,E,medium,1,annual,WB P3 阶段报告,WB_P3_财务质量资产兑现管理层与治理.md,2026-08-01,2026-08-01,P4逐年预测；不包含目标价或IRR。
WB-P4-0430,WB,P4,capital_return_forecast,estimate,scenario,WB经营预测,cash_dividends,2029E,annual,Global,base,156.342081,,,USD_mn,USD,E,medium,1,annual,WB P3 阶段报告,WB_P3_财务质量资产兑现管理层与治理.md,2026-08-01,2026-08-01,P4逐年预测；不包含目标价或IRR。
WB-P4-0431,WB,P4,capital_return_forecast,estimate,scenario,WB经营预测,actual_buyback_cash,2029E,annual,Global,base,40.0,,,USD_mn,USD,E,medium,1,annual,WB P3 阶段报告,WB_P3_财务质量资产兑现管理层与治理.md,2026-08-01,2026-08-01,P4逐年预测；不包含目标价或IRR。
WB-P4-0432,WB,P4,capital_return_forecast,estimate,scenario,WB经营预测,average_buyback_price_assumption,2029E,annual,Global,base,9.550872,,,USD_per_ADS,USD,E,medium,1,annual,WB P3 阶段报告,WB_P3_财务质量资产兑现管理层与治理.md,2026-08-01,2026-08-01,P4逐年预测；不包含目标价或IRR。
WB-P4-0433,WB,P4,capital_return_forecast,estimate,scenario,WB经营预测,gross_ADS_repurchased,2029E,annual,Global,base,4.188099,,,shares_mn,N/A,E,medium,1,annual,WB P3 阶段报告,WB_P3_财务质量资产兑现管理层与治理.md,2026-08-01,2026-08-01,P4逐年预测；不包含目标价或IRR。
WB-P4-0434,WB,P4,capital_return_forecast,estimate,scenario,WB经营预测,SBC_and_equity_dilution_rate,2029E,annual,Global,base,0.008,,,%,N/A,E,medium,1,annual,WB P3 阶段报告,WB_P3_财务质量资产兑现管理层与治理.md,2026-08-01,2026-08-01,P4逐年预测；不包含目标价或IRR。
WB-P4-0435,WB,P4,share_count_forecast,estimate,scenario,WB经营预测,ending_diluted_ADS,2029E,annual,Global,base,261.491189,,,shares_mn,N/A,E,medium,1,annual,WB P3 阶段报告,WB_P3_财务质量资产兑现管理层与治理.md,2026-08-01,2026-08-01,P4逐年预测；不包含目标价或IRR。
WB-P4-0436,WB,P4,balance_sheet_forecast,estimate,scenario,WB经营预测,cash_and_short_term_investments,2029E,annual,Global,base,1927.507891,,,USD_mn,USD,E,medium,1,annual,WB P3 阶段报告,WB_P3_财务质量资产兑现管理层与治理.md,2026-08-01,2026-08-01,P4逐年预测；不包含目标价或IRR。
WB-P4-0437,WB,P4,balance_sheet_forecast,estimate,scenario,WB经营预测,long_term_WMP_book_value,2029E,annual,Global,base,620.459,,,USD_mn,USD,E,medium,1,annual,WB P3 阶段报告,WB_P3_财务质量资产兑现管理层与治理.md,2026-08-01,2026-08-01,P4逐年预测；不包含目标价或IRR。
WB-P4-0438,WB,P4,balance_sheet_forecast,estimate,scenario,WB经营预测,gross_debt,2029E,annual,Global,base,745.63,,,USD_mn,USD,E,medium,1,annual,WB P3 阶段报告,WB_P3_财务质量资产兑现管理层与治理.md,2026-08-01,2026-08-01,P4逐年预测；不包含目标价或IRR。
WB-P4-0439,WB,P4,balance_sheet_forecast,estimate,scenario,WB经营预测,other_financial_assets_book_value,2029E,annual,Global,base,2717.417831,,,USD_mn,USD,E,medium,1,annual,WB P3 阶段报告,WB_P3_财务质量资产兑现管理层与治理.md,2026-08-01,2026-08-01,P4逐年预测；不包含目标价或IRR。
WB-P4-0440,WB,P4,balance_sheet_forecast,estimate,scenario,WB经营预测,new_investment_and_loan_funding,2029E,annual,Global,base,75.0,,,USD_mn,USD,E,medium,1,annual,WB P3 阶段报告,WB_P3_财务质量资产兑现管理层与治理.md,2026-08-01,2026-08-01,P4逐年预测；不包含目标价或IRR。
WB-P4-0441,WB,P4,balance_sheet_forecast,estimate,scenario,WB经营预测,investment_and_loan_monetization,2029E,annual,Global,base,50.0,,,USD_mn,USD,E,medium,1,annual,WB P3 阶段报告,WB_P3_财务质量资产兑现管理层与治理.md,2026-08-01,2026-08-01,P4逐年预测；不包含目标价或IRR。
WB-P4-0442,WB,P4,balance_sheet_forecast,estimate,scenario,WB经营预测,investment_and_loan_impairment,2029E,annual,Global,base,54.947303,,,USD_mn,USD,E,medium,1,annual,WB P3 阶段报告,WB_P3_财务质量资产兑现管理层与治理.md,2026-08-01,2026-08-01,P4逐年预测；不包含目标价或IRR。
WB-P4-0443,WB,P4,balance_sheet_forecast,estimate,scenario,WB经营预测,recoverable_asset_support_before_governance_discount,2029E,annual,Global,base,2417.585305,,,USD_mn,USD,E,medium,1,annual,WB P3 阶段报告,WB_P3_财务质量资产兑现管理层与治理.md,2026-08-01,2026-08-01,P4逐年预测；不包含目标价或IRR。
WB-P4-0444,WB,P4,balance_sheet_forecast,estimate,scenario,WB经营预测,asset_support_per_diluted_ADS,2029E,annual,Global,base,9.24538,,,USD_per_ADS,USD,E,medium,1,annual,WB P3 阶段报告,WB_P3_财务质量资产兑现管理层与治理.md,2026-08-01,2026-08-01,P4逐年预测；不包含目标价或IRR。
WB-P4-0445,WB,P4,forecast,estimate,scenario,WB经营预测,non_Alibaba_ad_revenue,2030E,annual,Global,base,1450.286881,,,USD_mn,USD,E,medium,1,annual,WB P3 阶段报告,WB_P3_财务质量资产兑现管理层与治理.md,2026-08-01,2026-08-01,P4逐年预测；不包含目标价或IRR。
WB-P4-0446,WB,P4,forecast,estimate,scenario,WB经营预测,Alibaba_ad_revenue,2030E,annual,Global,base,180.0,,,USD_mn,USD,E,medium,1,annual,WB P3 阶段报告,WB_P3_财务质量资产兑现管理层与治理.md,2026-08-01,2026-08-01,P4逐年预测；不包含目标价或IRR。
WB-P4-0447,WB,P4,forecast,estimate,scenario,WB经营预测,VAS_revenue,2030E,annual,Global,base,223.391,,,USD_mn,USD,E,medium,1,annual,WB P3 阶段报告,WB_P3_财务质量资产兑现管理层与治理.md,2026-08-01,2026-08-01,P4逐年预测；不包含目标价或IRR。
WB-P4-0448,WB,P4,forecast,estimate,scenario,WB经营预测,total_revenue,2030E,annual,Global,base,1853.677881,,,USD_mn,USD,E,medium,1,annual,WB P3 阶段报告,WB_P3_财务质量资产兑现管理层与治理.md,2026-08-01,2026-08-01,P4逐年预测；不包含目标价或IRR。
WB-P4-0449,WB,P4,forecast,estimate,scenario,WB经营预测,GAAP_operating_margin,2030E,annual,Global,base,0.27,,,%,N/A,E,medium,1,annual,WB P3 阶段报告,WB_P3_财务质量资产兑现管理层与治理.md,2026-08-01,2026-08-01,P4逐年预测；不包含目标价或IRR。
WB-P4-0450,WB,P4,forecast,estimate,scenario,WB经营预测,GAAP_operating_income,2030E,annual,Global,base,500.493028,,,USD_mn,USD,E,medium,1,annual,WB P3 阶段报告,WB_P3_财务质量资产兑现管理层与治理.md,2026-08-01,2026-08-01,P4逐年预测；不包含目标价或IRR。
WB-P4-0451,WB,P4,forecast,estimate,scenario,WB经营预测,depreciation_and_amortization,2030E,annual,Global,base,63.025048,,,USD_mn,USD,E,medium,1,annual,WB P3 阶段报告,WB_P3_财务质量资产兑现管理层与治理.md,2026-08-01,2026-08-01,P4逐年预测；不包含目标价或IRR。
WB-P4-0452,WB,P4,forecast,estimate,scenario,WB经营预测,maintenance_capex,2030E,annual,Global,base,44.488269,,,USD_mn,USD,E,medium,1,annual,WB P3 阶段报告,WB_P3_财务质量资产兑现管理层与治理.md,2026-08-01,2026-08-01,P4逐年预测；不包含目标价或IRR。
WB-P4-0453,WB,P4,forecast,estimate,scenario,WB经营预测,normalized_owner_earnings,2030E,annual,Global,base,393.90655,,,USD_mn,USD,E,medium,1,annual,WB P3 阶段报告,WB_P3_财务质量资产兑现管理层与治理.md,2026-08-01,2026-08-01,P4逐年预测；不包含目标价或IRR。
WB-P4-0454,WB,P4,forecast,estimate,scenario,WB经营预测,owner_earnings_per_diluted_ADS,2030E,annual,Global,base,1.518078,,,USD_per_ADS,USD,E,medium,1,annual,WB P3 阶段报告,WB_P3_财务质量资产兑现管理层与治理.md,2026-08-01,2026-08-01,P4逐年预测；不包含目标价或IRR。
WB-P4-0455,WB,P4,capital_return_forecast,estimate,scenario,WB经营预测,cash_dividends,2030E,annual,Global,base,157.56262,,,USD_mn,USD,E,medium,1,annual,WB P3 阶段报告,WB_P3_财务质量资产兑现管理层与治理.md,2026-08-01,2026-08-01,P4逐年预测；不包含目标价或IRR。
WB-P4-0456,WB,P4,capital_return_forecast,estimate,scenario,WB经营预测,actual_buyback_cash,2030E,annual,Global,base,40.0,,,USD_mn,USD,E,medium,1,annual,WB P3 阶段报告,WB_P3_财务质量资产兑现管理层与治理.md,2026-08-01,2026-08-01,P4逐年预测；不包含目标价或IRR。
WB-P4-0457,WB,P4,capital_return_forecast,estimate,scenario,WB经营预测,average_buyback_price_assumption,2030E,annual,Global,base,9.741889,,,USD_per_ADS,USD,E,medium,1,annual,WB P3 阶段报告,WB_P3_财务质量资产兑现管理层与治理.md,2026-08-01,2026-08-01,P4逐年预测；不包含目标价或IRR。
WB-P4-0458,WB,P4,capital_return_forecast,estimate,scenario,WB经营预测,gross_ADS_repurchased,2030E,annual,Global,base,4.10598,,,shares_mn,N/A,E,medium,1,annual,WB P3 阶段报告,WB_P3_财务质量资产兑现管理层与治理.md,2026-08-01,2026-08-01,P4逐年预测；不包含目标价或IRR。
WB-P4-0459,WB,P4,capital_return_forecast,estimate,scenario,WB经营预测,SBC_and_equity_dilution_rate,2030E,annual,Global,base,0.008,,,%,N/A,E,medium,1,annual,WB P3 阶段报告,WB_P3_财务质量资产兑现管理层与治理.md,2026-08-01,2026-08-01,P4逐年预测；不包含目标价或IRR。
WB-P4-0460,WB,P4,share_count_forecast,estimate,scenario,WB经营预测,ending_diluted_ADS,2030E,annual,Global,base,259.477139,,,shares_mn,N/A,E,medium,1,annual,WB P3 阶段报告,WB_P3_财务质量资产兑现管理层与治理.md,2026-08-01,2026-08-01,P4逐年预测；不包含目标价或IRR。
WB-P4-0461,WB,P4,balance_sheet_forecast,estimate,scenario,WB经营预测,cash_and_short_term_investments,2030E,annual,Global,base,1353.221821,,,USD_mn,USD,E,medium,1,annual,WB P3 阶段报告,WB_P3_财务质量资产兑现管理层与治理.md,2026-08-01,2026-08-01,P4逐年预测；不包含目标价或IRR。
WB-P4-0462,WB,P4,balance_sheet_forecast,estimate,scenario,WB经营预测,long_term_WMP_book_value,2030E,annual,Global,base,620.459,,,USD_mn,USD,E,medium,1,annual,WB P3 阶段报告,WB_P3_财务质量资产兑现管理层与治理.md,2026-08-01,2026-08-01,P4逐年预测；不包含目标价或IRR。
WB-P4-0463,WB,P4,balance_sheet_forecast,estimate,scenario,WB经营预测,gross_debt,2030E,annual,Global,base,0.0,,,USD_mn,USD,E,medium,1,annual,WB P3 阶段报告,WB_P3_财务质量资产兑现管理层与治理.md,2026-08-01,2026-08-01,P4逐年预测；不包含目标价或IRR。
WB-P4-0464,WB,P4,balance_sheet_forecast,estimate,scenario,WB经营预测,other_financial_assets_book_value,2030E,annual,Global,base,2688.069474,,,USD_mn,USD,E,medium,1,annual,WB P3 阶段报告,WB_P3_财务质量资产兑现管理层与治理.md,2026-08-01,2026-08-01,P4逐年预测；不包含目标价或IRR。
WB-P4-0465,WB,P4,balance_sheet_forecast,estimate,scenario,WB经营预测,new_investment_and_loan_funding,2030E,annual,Global,base,75.0,,,USD_mn,USD,E,medium,1,annual,WB P3 阶段报告,WB_P3_财务质量资产兑现管理层与治理.md,2026-08-01,2026-08-01,P4逐年预测；不包含目标价或IRR。
WB-P4-0466,WB,P4,balance_sheet_forecast,estimate,scenario,WB经营预测,investment_and_loan_monetization,2030E,annual,Global,base,50.0,,,USD_mn,USD,E,medium,1,annual,WB P3 阶段报告,WB_P3_财务质量资产兑现管理层与治理.md,2026-08-01,2026-08-01,P4逐年预测；不包含目标价或IRR。
WB-P4-0467,WB,P4,balance_sheet_forecast,estimate,scenario,WB经营预测,investment_and_loan_impairment,2030E,annual,Global,base,54.348357,,,USD_mn,USD,E,medium,1,annual,WB P3 阶段报告,WB_P3_财务质量资产兑现管理层与治理.md,2026-08-01,2026-08-01,P4逐年预测；不包含目标价或IRR。
WB-P4-0468,WB,P4,balance_sheet_forecast,estimate,scenario,WB经营预测,recoverable_asset_support_before_governance_discount,2030E,annual,Global,base,2575.339295,,,USD_mn,USD,E,medium,1,annual,WB P3 阶段报告,WB_P3_财务质量资产兑现管理层与治理.md,2026-08-01,2026-08-01,P4逐年预测；不包含目标价或IRR。
WB-P4-0469,WB,P4,balance_sheet_forecast,estimate,scenario,WB经营预测,asset_support_per_diluted_ADS,2030E,annual,Global,base,9.925111,,,USD_per_ADS,USD,E,medium,1,annual,WB P3 阶段报告,WB_P3_财务质量资产兑现管理层与治理.md,2026-08-01,2026-08-01,P4逐年预测；不包含目标价或IRR。
WB-P4-0470,WB,P4,forecast,estimate,scenario,WB经营预测,non_Alibaba_ad_revenue,2031E,annual,Global,base,1464.78975,,,USD_mn,USD,E,low,1,annual,WB P3 阶段报告,WB_P3_财务质量资产兑现管理层与治理.md,2026-08-01,2026-08-01,P4逐年预测；不包含目标价或IRR。
WB-P4-0471,WB,P4,forecast,estimate,scenario,WB经营预测,Alibaba_ad_revenue,2031E,annual,Global,base,181.8,,,USD_mn,USD,E,low,1,annual,WB P3 阶段报告,WB_P3_财务质量资产兑现管理层与治理.md,2026-08-01,2026-08-01,P4逐年预测；不包含目标价或IRR。
WB-P4-0472,WB,P4,forecast,estimate,scenario,WB经营预测,VAS_revenue,2031E,annual,Global,base,225.62491,,,USD_mn,USD,E,low,1,annual,WB P3 阶段报告,WB_P3_财务质量资产兑现管理层与治理.md,2026-08-01,2026-08-01,P4逐年预测；不包含目标价或IRR。
WB-P4-0473,WB,P4,forecast,estimate,scenario,WB经营预测,total_revenue,2031E,annual,Global,base,1872.21466,,,USD_mn,USD,E,low,1,annual,WB P3 阶段报告,WB_P3_财务质量资产兑现管理层与治理.md,2026-08-01,2026-08-01,P4逐年预测；不包含目标价或IRR。
WB-P4-0474,WB,P4,forecast,estimate,scenario,WB经营预测,GAAP_operating_margin,2031E,annual,Global,base,0.27,,,%,N/A,E,low,1,annual,WB P3 阶段报告,WB_P3_财务质量资产兑现管理层与治理.md,2026-08-01,2026-08-01,P4逐年预测；不包含目标价或IRR。
WB-P4-0475,WB,P4,forecast,estimate,scenario,WB经营预测,GAAP_operating_income,2031E,annual,Global,base,505.497958,,,USD_mn,USD,E,low,1,annual,WB P3 阶段报告,WB_P3_财务质量资产兑现管理层与治理.md,2026-08-01,2026-08-01,P4逐年预测；不包含目标价或IRR。
WB-P4-0476,WB,P4,forecast,estimate,scenario,WB经营预测,depreciation_and_amortization,2031E,annual,Global,base,63.655298,,,USD_mn,USD,E,low,1,annual,WB P3 阶段报告,WB_P3_财务质量资产兑现管理层与治理.md,2026-08-01,2026-08-01,P4逐年预测；不包含目标价或IRR。
WB-P4-0477,WB,P4,forecast,estimate,scenario,WB经营预测,maintenance_capex,2031E,annual,Global,base,44.933152,,,USD_mn,USD,E,low,1,annual,WB P3 阶段报告,WB_P3_财务质量资产兑现管理层与治理.md,2026-08-01,2026-08-01,P4逐年预测；不包含目标价或IRR。
WB-P4-0478,WB,P4,forecast,estimate,scenario,WB经营预测,normalized_owner_earnings,2031E,annual,Global,base,397.845615,,,USD_mn,USD,E,low,1,annual,WB P3 阶段报告,WB_P3_财务质量资产兑现管理层与治理.md,2026-08-01,2026-08-01,P4逐年预测；不包含目标价或IRR。
WB-P4-0479,WB,P4,forecast,estimate,scenario,WB经营预测,owner_earnings_per_diluted_ADS,2031E,annual,Global,base,1.550927,,,USD_per_ADS,USD,E,low,1,annual,WB P3 阶段报告,WB_P3_财务质量资产兑现管理层与治理.md,2026-08-01,2026-08-01,P4逐年预测；不包含目标价或IRR。
WB-P4-0480,WB,P4,capital_return_forecast,estimate,scenario,WB经营预测,cash_dividends,2031E,annual,Global,base,159.138246,,,USD_mn,USD,E,low,1,annual,WB P3 阶段报告,WB_P3_财务质量资产兑现管理层与治理.md,2026-08-01,2026-08-01,P4逐年预测；不包含目标价或IRR。
WB-P4-0481,WB,P4,capital_return_forecast,estimate,scenario,WB经营预测,actual_buyback_cash,2031E,annual,Global,base,50.0,,,USD_mn,USD,E,low,1,annual,WB P3 阶段报告,WB_P3_财务质量资产兑现管理层与治理.md,2026-08-01,2026-08-01,P4逐年预测；不包含目标价或IRR。
WB-P4-0482,WB,P4,capital_return_forecast,estimate,scenario,WB经营预测,average_buyback_price_assumption,2031E,annual,Global,base,9.936727,,,USD_per_ADS,USD,E,low,1,annual,WB P3 阶段报告,WB_P3_财务质量资产兑现管理层与治理.md,2026-08-01,2026-08-01,P4逐年预测；不包含目标价或IRR。
WB-P4-0483,WB,P4,capital_return_forecast,estimate,scenario,WB经营预测,gross_ADS_repurchased,2031E,annual,Global,base,5.031838,,,shares_mn,N/A,E,low,1,annual,WB P3 阶段报告,WB_P3_财务质量资产兑现管理层与治理.md,2026-08-01,2026-08-01,P4逐年预测；不包含目标价或IRR。
WB-P4-0484,WB,P4,capital_return_forecast,estimate,scenario,WB经营预测,SBC_and_equity_dilution_rate,2031E,annual,Global,base,0.008,,,%,N/A,E,low,1,annual,WB P3 阶段报告,WB_P3_财务质量资产兑现管理层与治理.md,2026-08-01,2026-08-01,P4逐年预测；不包含目标价或IRR。
WB-P4-0485,WB,P4,share_count_forecast,estimate,scenario,WB经营预测,ending_diluted_ADS,2031E,annual,Global,base,256.521119,,,shares_mn,N/A,E,low,1,annual,WB P3 阶段报告,WB_P3_财务质量资产兑现管理层与治理.md,2026-08-01,2026-08-01,P4逐年预测；不包含目标价或IRR。
WB-P4-0486,WB,P4,balance_sheet_forecast,estimate,scenario,WB经营预测,cash_and_short_term_investments,2031E,annual,Global,base,1541.92919,,,USD_mn,USD,E,low,1,annual,WB P3 阶段报告,WB_P3_财务质量资产兑现管理层与治理.md,2026-08-01,2026-08-01,P4逐年预测；不包含目标价或IRR。
WB-P4-0487,WB,P4,balance_sheet_forecast,estimate,scenario,WB经营预测,long_term_WMP_book_value,2031E,annual,Global,base,620.459,,,USD_mn,USD,E,low,1,annual,WB P3 阶段报告,WB_P3_财务质量资产兑现管理层与治理.md,2026-08-01,2026-08-01,P4逐年预测；不包含目标价或IRR。
WB-P4-0488,WB,P4,balance_sheet_forecast,estimate,scenario,WB经营预测,gross_debt,2031E,annual,Global,base,0.0,,,USD_mn,USD,E,low,1,annual,WB P3 阶段报告,WB_P3_财务质量资产兑现管理层与治理.md,2026-08-01,2026-08-01,P4逐年预测；不包含目标价或IRR。
WB-P4-0489,WB,P4,balance_sheet_forecast,estimate,scenario,WB经营预测,other_financial_assets_book_value,2031E,annual,Global,base,2634.308085,,,USD_mn,USD,E,low,1,annual,WB P3 阶段报告,WB_P3_财务质量资产兑现管理层与治理.md,2026-08-01,2026-08-01,P4逐年预测；不包含目标价或IRR。
WB-P4-0490,WB,P4,balance_sheet_forecast,estimate,scenario,WB经营预测,new_investment_and_loan_funding,2031E,annual,Global,base,50.0,,,USD_mn,USD,E,low,1,annual,WB P3 阶段报告,WB_P3_财务质量资产兑现管理层与治理.md,2026-08-01,2026-08-01,P4逐年预测；不包含目标价或IRR。
WB-P4-0491,WB,P4,balance_sheet_forecast,estimate,scenario,WB经营预测,investment_and_loan_monetization,2031E,annual,Global,base,50.0,,,USD_mn,USD,E,low,1,annual,WB P3 阶段报告,WB_P3_财务质量资产兑现管理层与治理.md,2026-08-01,2026-08-01,P4逐年预测；不包含目标价或IRR。
WB-P4-0492,WB,P4,balance_sheet_forecast,estimate,scenario,WB经营预测,investment_and_loan_impairment,2031E,annual,Global,base,53.761389,,,USD_mn,USD,E,low,1,annual,WB P3 阶段报告,WB_P3_财务质量资产兑现管理层与治理.md,2026-08-01,2026-08-01,P4逐年预测；不包含目标价或IRR。
WB-P4-0493,WB,P4,balance_sheet_forecast,estimate,scenario,WB经营预测,recoverable_asset_support_before_governance_discount,2031E,annual,Global,base,2739.152118,,,USD_mn,USD,E,low,1,annual,WB P3 阶段报告,WB_P3_财务质量资产兑现管理层与治理.md,2026-08-01,2026-08-01,P4逐年预测；不包含目标价或IRR。
WB-P4-0494,WB,P4,balance_sheet_forecast,estimate,scenario,WB经营预测,asset_support_per_diluted_ADS,2031E,annual,Global,base,10.678076,,,USD_per_ADS,USD,E,low,1,annual,WB P3 阶段报告,WB_P3_财务质量资产兑现管理层与治理.md,2026-08-01,2026-08-01,P4逐年预测；不包含目标价或IRR。
WB-P4-0495,WB,P4,forecast,estimate,scenario,WB经营预测,non_Alibaba_ad_revenue,2032E,annual,Global,base,1479.437647,,,USD_mn,USD,E,low,1,annual,WB P3 阶段报告,WB_P3_财务质量资产兑现管理层与治理.md,2026-08-01,2026-08-01,P4逐年预测；不包含目标价或IRR。
WB-P4-0496,WB,P4,forecast,estimate,scenario,WB经营预测,Alibaba_ad_revenue,2032E,annual,Global,base,183.618,,,USD_mn,USD,E,low,1,annual,WB P3 阶段报告,WB_P3_财务质量资产兑现管理层与治理.md,2026-08-01,2026-08-01,P4逐年预测；不包含目标价或IRR。
WB-P4-0497,WB,P4,forecast,estimate,scenario,WB经营预测,VAS_revenue,2032E,annual,Global,base,227.881159,,,USD_mn,USD,E,low,1,annual,WB P3 阶段报告,WB_P3_财务质量资产兑现管理层与治理.md,2026-08-01,2026-08-01,P4逐年预测；不包含目标价或IRR。
WB-P4-0498,WB,P4,forecast,estimate,scenario,WB经营预测,total_revenue,2032E,annual,Global,base,1890.936806,,,USD_mn,USD,E,low,1,annual,WB P3 阶段报告,WB_P3_财务质量资产兑现管理层与治理.md,2026-08-01,2026-08-01,P4逐年预测；不包含目标价或IRR。
WB-P4-0499,WB,P4,forecast,estimate,scenario,WB经营预测,GAAP_operating_margin,2032E,annual,Global,base,0.27,,,%,N/A,E,low,1,annual,WB P3 阶段报告,WB_P3_财务质量资产兑现管理层与治理.md,2026-08-01,2026-08-01,P4逐年预测；不包含目标价或IRR。
WB-P4-0500,WB,P4,forecast,estimate,scenario,WB经营预测,GAAP_operating_income,2032E,annual,Global,base,510.552938,,,USD_mn,USD,E,low,1,annual,WB P3 阶段报告,WB_P3_财务质量资产兑现管理层与治理.md,2026-08-01,2026-08-01,P4逐年预测；不包含目标价或IRR。
WB-P4-0501,WB,P4,forecast,estimate,scenario,WB经营预测,depreciation_and_amortization,2032E,annual,Global,base,64.291851,,,USD_mn,USD,E,low,1,annual,WB P3 阶段报告,WB_P3_财务质量资产兑现管理层与治理.md,2026-08-01,2026-08-01,P4逐年预测；不包含目标价或IRR。
WB-P4-0502,WB,P4,forecast,estimate,scenario,WB经营预测,maintenance_capex,2032E,annual,Global,base,45.382483,,,USD_mn,USD,E,low,1,annual,WB P3 阶段报告,WB_P3_财务质量资产兑现管理层与治理.md,2026-08-01,2026-08-01,P4逐年预测；不包含目标价或IRR。
WB-P4-0503,WB,P4,forecast,estimate,scenario,WB经营预测,normalized_owner_earnings,2032E,annual,Global,base,401.824071,,,USD_mn,USD,E,low,1,annual,WB P3 阶段报告,WB_P3_财务质量资产兑现管理层与治理.md,2026-08-01,2026-08-01,P4逐年预测；不包含目标价或IRR。
WB-P4-0504,WB,P4,forecast,estimate,scenario,WB经营预测,owner_earnings_per_diluted_ADS,2032E,annual,Global,base,1.584229,,,USD_per_ADS,USD,E,low,1,annual,WB P3 阶段报告,WB_P3_财务质量资产兑现管理层与治理.md,2026-08-01,2026-08-01,P4逐年预测；不包含目标价或IRR。
WB-P4-0505,WB,P4,capital_return_forecast,estimate,scenario,WB经营预测,cash_dividends,2032E,annual,Global,base,160.729629,,,USD_mn,USD,E,low,1,annual,WB P3 阶段报告,WB_P3_财务质量资产兑现管理层与治理.md,2026-08-01,2026-08-01,P4逐年预测；不包含目标价或IRR。
WB-P4-0506,WB,P4,capital_return_forecast,estimate,scenario,WB经营预测,actual_buyback_cash,2032E,annual,Global,base,50.0,,,USD_mn,USD,E,low,1,annual,WB P3 阶段报告,WB_P3_财务质量资产兑现管理层与治理.md,2026-08-01,2026-08-01,P4逐年预测；不包含目标价或IRR。
WB-P4-0507,WB,P4,capital_return_forecast,estimate,scenario,WB经营预测,average_buyback_price_assumption,2032E,annual,Global,base,10.135462,,,USD_per_ADS,USD,E,low,1,annual,WB P3 阶段报告,WB_P3_财务质量资产兑现管理层与治理.md,2026-08-01,2026-08-01,P4逐年预测；不包含目标价或IRR。
WB-P4-0508,WB,P4,capital_return_forecast,estimate,scenario,WB经营预测,gross_ADS_repurchased,2032E,annual,Global,base,4.933174,,,shares_mn,N/A,E,low,1,annual,WB P3 阶段报告,WB_P3_财务质量资产兑现管理层与治理.md,2026-08-01,2026-08-01,P4逐年预测；不包含目标价或IRR。
WB-P4-0509,WB,P4,capital_return_forecast,estimate,scenario,WB经营预测,SBC_and_equity_dilution_rate,2032E,annual,Global,base,0.008,,,%,N/A,E,low,1,annual,WB P3 阶段报告,WB_P3_财务质量资产兑现管理层与治理.md,2026-08-01,2026-08-01,P4逐年预测；不包含目标价或IRR。
WB-P4-0510,WB,P4,share_count_forecast,estimate,scenario,WB经营预测,ending_diluted_ADS,2032E,annual,Global,base,253.640113,,,shares_mn,N/A,E,low,1,annual,WB P3 阶段报告,WB_P3_财务质量资产兑现管理层与治理.md,2026-08-01,2026-08-01,P4逐年预测；不包含目标价或IRR。
WB-P4-0511,WB,P4,balance_sheet_forecast,estimate,scenario,WB经营预测,cash_and_short_term_investments,2032E,annual,Global,base,1733.023633,,,USD_mn,USD,E,low,1,annual,WB P3 阶段报告,WB_P3_财务质量资产兑现管理层与治理.md,2026-08-01,2026-08-01,P4逐年预测；不包含目标价或IRR。
WB-P4-0512,WB,P4,balance_sheet_forecast,estimate,scenario,WB经营预测,long_term_WMP_book_value,2032E,annual,Global,base,620.459,,,USD_mn,USD,E,low,1,annual,WB P3 阶段报告,WB_P3_财务质量资产兑现管理层与治理.md,2026-08-01,2026-08-01,P4逐年预测；不包含目标价或IRR。
WB-P4-0513,WB,P4,balance_sheet_forecast,estimate,scenario,WB经营预测,gross_debt,2032E,annual,Global,base,0.0,,,USD_mn,USD,E,low,1,annual,WB P3 阶段报告,WB_P3_财务质量资产兑现管理层与治理.md,2026-08-01,2026-08-01,P4逐年预测；不包含目标价或IRR。
WB-P4-0514,WB,P4,balance_sheet_forecast,estimate,scenario,WB经营预测,other_financial_assets_book_value,2032E,annual,Global,base,2581.621923,,,USD_mn,USD,E,low,1,annual,WB P3 阶段报告,WB_P3_财务质量资产兑现管理层与治理.md,2026-08-01,2026-08-01,P4逐年预测；不包含目标价或IRR。
WB-P4-0515,WB,P4,balance_sheet_forecast,estimate,scenario,WB经营预测,new_investment_and_loan_funding,2032E,annual,Global,base,50.0,,,USD_mn,USD,E,low,1,annual,WB P3 阶段报告,WB_P3_财务质量资产兑现管理层与治理.md,2026-08-01,2026-08-01,P4逐年预测；不包含目标价或IRR。
WB-P4-0516,WB,P4,balance_sheet_forecast,estimate,scenario,WB经营预测,investment_and_loan_monetization,2032E,annual,Global,base,50.0,,,USD_mn,USD,E,low,1,annual,WB P3 阶段报告,WB_P3_财务质量资产兑现管理层与治理.md,2026-08-01,2026-08-01,P4逐年预测；不包含目标价或IRR。
WB-P4-0517,WB,P4,balance_sheet_forecast,estimate,scenario,WB经营预测,investment_and_loan_impairment,2032E,annual,Global,base,52.686162,,,USD_mn,USD,E,low,1,annual,WB P3 阶段报告,WB_P3_财务质量资产兑现管理层与治理.md,2026-08-01,2026-08-01,P4逐年预测；不包含目标价或IRR。
WB-P4-0518,WB,P4,balance_sheet_forecast,estimate,scenario,WB经营预测,recoverable_asset_support_before_governance_discount,2032E,annual,Global,base,2905.849905,,,USD_mn,USD,E,low,1,annual,WB P3 阶段报告,WB_P3_财务质量资产兑现管理层与治理.md,2026-08-01,2026-08-01,P4逐年预测；不包含目标价或IRR。
WB-P4-0519,WB,P4,balance_sheet_forecast,estimate,scenario,WB经营预测,asset_support_per_diluted_ADS,2032E,annual,Global,base,11.456587,,,USD_per_ADS,USD,E,low,1,annual,WB P3 阶段报告,WB_P3_财务质量资产兑现管理层与治理.md,2026-08-01,2026-08-01,P4逐年预测；不包含目标价或IRR。
WB-P4-0520,WB,P4,forecast,estimate,scenario,WB经营预测,non_Alibaba_ad_revenue,2033E,annual,Global,base,1494.232024,,,USD_mn,USD,E,low,1,annual,WB P3 阶段报告,WB_P3_财务质量资产兑现管理层与治理.md,2026-08-01,2026-08-01,P4逐年预测；不包含目标价或IRR。
WB-P4-0521,WB,P4,forecast,estimate,scenario,WB经营预测,Alibaba_ad_revenue,2033E,annual,Global,base,185.45418,,,USD_mn,USD,E,low,1,annual,WB P3 阶段报告,WB_P3_财务质量资产兑现管理层与治理.md,2026-08-01,2026-08-01,P4逐年预测；不包含目标价或IRR。
WB-P4-0522,WB,P4,forecast,estimate,scenario,WB经营预测,VAS_revenue,2033E,annual,Global,base,230.159971,,,USD_mn,USD,E,low,1,annual,WB P3 阶段报告,WB_P3_财务质量资产兑现管理层与治理.md,2026-08-01,2026-08-01,P4逐年预测；不包含目标价或IRR。
WB-P4-0523,WB,P4,forecast,estimate,scenario,WB经营预测,total_revenue,2033E,annual,Global,base,1909.846175,,,USD_mn,USD,E,low,1,annual,WB P3 阶段报告,WB_P3_财务质量资产兑现管理层与治理.md,2026-08-01,2026-08-01,P4逐年预测；不包含目标价或IRR。
WB-P4-0524,WB,P4,forecast,estimate,scenario,WB经营预测,GAAP_operating_margin,2033E,annual,Global,base,0.27,,,%,N/A,E,low,1,annual,WB P3 阶段报告,WB_P3_财务质量资产兑现管理层与治理.md,2026-08-01,2026-08-01,P4逐年预测；不包含目标价或IRR。
WB-P4-0525,WB,P4,forecast,estimate,scenario,WB经营预测,GAAP_operating_income,2033E,annual,Global,base,515.658467,,,USD_mn,USD,E,low,1,annual,WB P3 阶段报告,WB_P3_财务质量资产兑现管理层与治理.md,2026-08-01,2026-08-01,P4逐年预测；不包含目标价或IRR。
WB-P4-0526,WB,P4,forecast,estimate,scenario,WB经营预测,depreciation_and_amortization,2033E,annual,Global,base,64.93477,,,USD_mn,USD,E,low,1,annual,WB P3 阶段报告,WB_P3_财务质量资产兑现管理层与治理.md,2026-08-01,2026-08-01,P4逐年预测；不包含目标价或IRR。
WB-P4-0527,WB,P4,forecast,estimate,scenario,WB经营预测,maintenance_capex,2033E,annual,Global,base,45.836308,,,USD_mn,USD,E,low,1,annual,WB P3 阶段报告,WB_P3_财务质量资产兑现管理层与治理.md,2026-08-01,2026-08-01,P4逐年预测；不包含目标价或IRR。
WB-P4-0528,WB,P4,forecast,estimate,scenario,WB经营预测,normalized_owner_earnings,2033E,annual,Global,base,405.842312,,,USD_mn,USD,E,low,1,annual,WB P3 阶段报告,WB_P3_财务质量资产兑现管理层与治理.md,2026-08-01,2026-08-01,P4逐年预测；不包含目标价或IRR。
WB-P4-0529,WB,P4,forecast,estimate,scenario,WB经营预测,owner_earnings_per_diluted_ADS,2033E,annual,Global,base,1.61798,,,USD_per_ADS,USD,E,low,1,annual,WB P3 阶段报告,WB_P3_财务质量资产兑现管理层与治理.md,2026-08-01,2026-08-01,P4逐年预测；不包含目标价或IRR。
WB-P4-0530,WB,P4,capital_return_forecast,estimate,scenario,WB经营预测,cash_dividends,2033E,annual,Global,base,162.336925,,,USD_mn,USD,E,low,1,annual,WB P3 阶段报告,WB_P3_财务质量资产兑现管理层与治理.md,2026-08-01,2026-08-01,P4逐年预测；不包含目标价或IRR。
WB-P4-0531,WB,P4,capital_return_forecast,estimate,scenario,WB经营预测,actual_buyback_cash,2033E,annual,Global,base,50.0,,,USD_mn,USD,E,low,1,annual,WB P3 阶段报告,WB_P3_财务质量资产兑现管理层与治理.md,2026-08-01,2026-08-01,P4逐年预测；不包含目标价或IRR。
WB-P4-0532,WB,P4,capital_return_forecast,estimate,scenario,WB经营预测,average_buyback_price_assumption,2033E,annual,Global,base,10.338171,,,USD_per_ADS,USD,E,low,1,annual,WB P3 阶段报告,WB_P3_财务质量资产兑现管理层与治理.md,2026-08-01,2026-08-01,P4逐年预测；不包含目标价或IRR。
WB-P4-0533,WB,P4,capital_return_forecast,estimate,scenario,WB经营预测,gross_ADS_repurchased,2033E,annual,Global,base,4.836445,,,shares_mn,N/A,E,low,1,annual,WB P3 阶段报告,WB_P3_财务质量资产兑现管理层与治理.md,2026-08-01,2026-08-01,P4逐年预测；不包含目标价或IRR。
WB-P4-0534,WB,P4,capital_return_forecast,estimate,scenario,WB经营预测,SBC_and_equity_dilution_rate,2033E,annual,Global,base,0.008,,,%,N/A,E,low,1,annual,WB P3 阶段报告,WB_P3_财务质量资产兑现管理层与治理.md,2026-08-01,2026-08-01,P4逐年预测；不包含目标价或IRR。
WB-P4-0535,WB,P4,share_count_forecast,estimate,scenario,WB经营预测,ending_diluted_ADS,2033E,annual,Global,base,250.832789,,,shares_mn,N/A,E,low,1,annual,WB P3 阶段报告,WB_P3_财务质量资产兑现管理层与治理.md,2026-08-01,2026-08-01,P4逐年预测；不包含目标价或IRR。
WB-P4-0536,WB,P4,balance_sheet_forecast,estimate,scenario,WB经营预测,cash_and_short_term_investments,2033E,annual,Global,base,1926.52902,,,USD_mn,USD,E,low,1,annual,WB P3 阶段报告,WB_P3_财务质量资产兑现管理层与治理.md,2026-08-01,2026-08-01,P4逐年预测；不包含目标价或IRR。
WB-P4-0537,WB,P4,balance_sheet_forecast,estimate,scenario,WB经营预测,long_term_WMP_book_value,2033E,annual,Global,base,620.459,,,USD_mn,USD,E,low,1,annual,WB P3 阶段报告,WB_P3_财务质量资产兑现管理层与治理.md,2026-08-01,2026-08-01,P4逐年预测；不包含目标价或IRR。
WB-P4-0538,WB,P4,balance_sheet_forecast,estimate,scenario,WB经营预测,gross_debt,2033E,annual,Global,base,0.0,,,USD_mn,USD,E,low,1,annual,WB P3 阶段报告,WB_P3_财务质量资产兑现管理层与治理.md,2026-08-01,2026-08-01,P4逐年预测；不包含目标价或IRR。
WB-P4-0539,WB,P4,balance_sheet_forecast,estimate,scenario,WB经营预测,other_financial_assets_book_value,2033E,annual,Global,base,2529.989485,,,USD_mn,USD,E,low,1,annual,WB P3 阶段报告,WB_P3_财务质量资产兑现管理层与治理.md,2026-08-01,2026-08-01,P4逐年预测；不包含目标价或IRR。
WB-P4-0540,WB,P4,balance_sheet_forecast,estimate,scenario,WB经营预测,new_investment_and_loan_funding,2033E,annual,Global,base,50.0,,,USD_mn,USD,E,low,1,annual,WB P3 阶段报告,WB_P3_财务质量资产兑现管理层与治理.md,2026-08-01,2026-08-01,P4逐年预测；不包含目标价或IRR。
WB-P4-0541,WB,P4,balance_sheet_forecast,estimate,scenario,WB经营预测,investment_and_loan_monetization,2033E,annual,Global,base,50.0,,,USD_mn,USD,E,low,1,annual,WB P3 阶段报告,WB_P3_财务质量资产兑现管理层与治理.md,2026-08-01,2026-08-01,P4逐年预测；不包含目标价或IRR。
WB-P4-0542,WB,P4,balance_sheet_forecast,estimate,scenario,WB经营预测,investment_and_loan_impairment,2033E,annual,Global,base,51.632438,,,USD_mn,USD,E,low,1,annual,WB P3 阶段报告,WB_P3_财务质量资产兑现管理层与治理.md,2026-08-01,2026-08-01,P4逐年预测；不包含目标价或IRR。
WB-P4-0543,WB,P4,balance_sheet_forecast,estimate,scenario,WB经营预测,recoverable_asset_support_before_governance_discount,2033E,annual,Global,base,3075.44657,,,USD_mn,USD,E,low,1,annual,WB P3 阶段报告,WB_P3_财务质量资产兑现管理层与治理.md,2026-08-01,2026-08-01,P4逐年预测；不包含目标价或IRR。
WB-P4-0544,WB,P4,balance_sheet_forecast,estimate,scenario,WB经营预测,asset_support_per_diluted_ADS,2033E,annual,Global,base,12.260943,,,USD_per_ADS,USD,E,low,1,annual,WB P3 阶段报告,WB_P3_财务质量资产兑现管理层与治理.md,2026-08-01,2026-08-01,P4逐年预测；不包含目标价或IRR。
WB-P4-0545,WB,P4,forecast,estimate,scenario,WB经营预测,non_Alibaba_ad_revenue,2034E,annual,Global,base,1509.174344,,,USD_mn,USD,E,low,1,annual,WB P3 阶段报告,WB_P3_财务质量资产兑现管理层与治理.md,2026-08-01,2026-08-01,P4逐年预测；不包含目标价或IRR。
WB-P4-0546,WB,P4,forecast,estimate,scenario,WB经营预测,Alibaba_ad_revenue,2034E,annual,Global,base,187.308722,,,USD_mn,USD,E,low,1,annual,WB P3 阶段报告,WB_P3_财务质量资产兑现管理层与治理.md,2026-08-01,2026-08-01,P4逐年预测；不包含目标价或IRR。
WB-P4-0547,WB,P4,forecast,estimate,scenario,WB经营预测,VAS_revenue,2034E,annual,Global,base,232.46157,,,USD_mn,USD,E,low,1,annual,WB P3 阶段报告,WB_P3_财务质量资产兑现管理层与治理.md,2026-08-01,2026-08-01,P4逐年预测；不包含目标价或IRR。
WB-P4-0548,WB,P4,forecast,estimate,scenario,WB经营预测,total_revenue,2034E,annual,Global,base,1928.944636,,,USD_mn,USD,E,low,1,annual,WB P3 阶段报告,WB_P3_财务质量资产兑现管理层与治理.md,2026-08-01,2026-08-01,P4逐年预测；不包含目标价或IRR。
WB-P4-0549,WB,P4,forecast,estimate,scenario,WB经营预测,GAAP_operating_margin,2034E,annual,Global,base,0.27,,,%,N/A,E,low,1,annual,WB P3 阶段报告,WB_P3_财务质量资产兑现管理层与治理.md,2026-08-01,2026-08-01,P4逐年预测；不包含目标价或IRR。
WB-P4-0550,WB,P4,forecast,estimate,scenario,WB经营预测,GAAP_operating_income,2034E,annual,Global,base,520.815052,,,USD_mn,USD,E,low,1,annual,WB P3 阶段报告,WB_P3_财务质量资产兑现管理层与治理.md,2026-08-01,2026-08-01,P4逐年预测；不包含目标价或IRR。
WB-P4-0551,WB,P4,forecast,estimate,scenario,WB经营预测,depreciation_and_amortization,2034E,annual,Global,base,65.584118,,,USD_mn,USD,E,low,1,annual,WB P3 阶段报告,WB_P3_财务质量资产兑现管理层与治理.md,2026-08-01,2026-08-01,P4逐年预测；不包含目标价或IRR。
WB-P4-0552,WB,P4,forecast,estimate,scenario,WB经营预测,maintenance_capex,2034E,annual,Global,base,46.294671,,,USD_mn,USD,E,low,1,annual,WB P3 阶段报告,WB_P3_财务质量资产兑现管理层与治理.md,2026-08-01,2026-08-01,P4逐年预测；不包含目标价或IRR。
WB-P4-0553,WB,P4,forecast,estimate,scenario,WB经营预测,normalized_owner_earnings,2034E,annual,Global,base,409.900735,,,USD_mn,USD,E,low,1,annual,WB P3 阶段报告,WB_P3_财务质量资产兑现管理层与治理.md,2026-08-01,2026-08-01,P4逐年预测；不包含目标价或IRR。
WB-P4-0554,WB,P4,forecast,estimate,scenario,WB经营预测,owner_earnings_per_diluted_ADS,2034E,annual,Global,base,1.652174,,,USD_per_ADS,USD,E,low,1,annual,WB P3 阶段报告,WB_P3_财务质量资产兑现管理层与治理.md,2026-08-01,2026-08-01,P4逐年预测；不包含目标价或IRR。
WB-P4-0555,WB,P4,capital_return_forecast,estimate,scenario,WB经营预测,cash_dividends,2034E,annual,Global,base,163.960294,,,USD_mn,USD,E,low,1,annual,WB P3 阶段报告,WB_P3_财务质量资产兑现管理层与治理.md,2026-08-01,2026-08-01,P4逐年预测；不包含目标价或IRR。
WB-P4-0556,WB,P4,capital_return_forecast,estimate,scenario,WB经营预测,actual_buyback_cash,2034E,annual,Global,base,50.0,,,USD_mn,USD,E,low,1,annual,WB P3 阶段报告,WB_P3_财务质量资产兑现管理层与治理.md,2026-08-01,2026-08-01,P4逐年预测；不包含目标价或IRR。
WB-P4-0557,WB,P4,capital_return_forecast,estimate,scenario,WB经营预测,average_buyback_price_assumption,2034E,annual,Global,base,10.544934,,,USD_per_ADS,USD,E,low,1,annual,WB P3 阶段报告,WB_P3_财务质量资产兑现管理层与治理.md,2026-08-01,2026-08-01,P4逐年预测；不包含目标价或IRR。
WB-P4-0558,WB,P4,capital_return_forecast,estimate,scenario,WB经营预测,gross_ADS_repurchased,2034E,annual,Global,base,4.741613,,,shares_mn,N/A,E,low,1,annual,WB P3 阶段报告,WB_P3_财务质量资产兑现管理层与治理.md,2026-08-01,2026-08-01,P4逐年预测；不包含目标价或IRR。
WB-P4-0559,WB,P4,capital_return_forecast,estimate,scenario,WB经营预测,SBC_and_equity_dilution_rate,2034E,annual,Global,base,0.008,,,%,N/A,E,low,1,annual,WB P3 阶段报告,WB_P3_财务质量资产兑现管理层与治理.md,2026-08-01,2026-08-01,P4逐年预测；不包含目标价或IRR。
WB-P4-0560,WB,P4,share_count_forecast,estimate,scenario,WB经营预测,ending_diluted_ADS,2034E,annual,Global,base,248.097838,,,shares_mn,N/A,E,low,1,annual,WB P3 阶段报告,WB_P3_财务质量资产兑现管理层与治理.md,2026-08-01,2026-08-01,P4逐年预测；不包含目标价或IRR。
WB-P4-0561,WB,P4,balance_sheet_forecast,estimate,scenario,WB经营预测,cash_and_short_term_investments,2034E,annual,Global,base,2122.469462,,,USD_mn,USD,E,low,1,annual,WB P3 阶段报告,WB_P3_财务质量资产兑现管理层与治理.md,2026-08-01,2026-08-01,P4逐年预测；不包含目标价或IRR。
WB-P4-0562,WB,P4,balance_sheet_forecast,estimate,scenario,WB经营预测,long_term_WMP_book_value,2034E,annual,Global,base,620.459,,,USD_mn,USD,E,low,1,annual,WB P3 阶段报告,WB_P3_财务质量资产兑现管理层与治理.md,2026-08-01,2026-08-01,P4逐年预测；不包含目标价或IRR。
WB-P4-0563,WB,P4,balance_sheet_forecast,estimate,scenario,WB经营预测,gross_debt,2034E,annual,Global,base,0.0,,,USD_mn,USD,E,low,1,annual,WB P3 阶段报告,WB_P3_财务质量资产兑现管理层与治理.md,2026-08-01,2026-08-01,P4逐年预测；不包含目标价或IRR。
WB-P4-0564,WB,P4,balance_sheet_forecast,estimate,scenario,WB经营预测,other_financial_assets_book_value,2034E,annual,Global,base,2479.389695,,,USD_mn,USD,E,low,1,annual,WB P3 阶段报告,WB_P3_财务质量资产兑现管理层与治理.md,2026-08-01,2026-08-01,P4逐年预测；不包含目标价或IRR。
WB-P4-0565,WB,P4,balance_sheet_forecast,estimate,scenario,WB经营预测,new_investment_and_loan_funding,2034E,annual,Global,base,50.0,,,USD_mn,USD,E,low,1,annual,WB P3 阶段报告,WB_P3_财务质量资产兑现管理层与治理.md,2026-08-01,2026-08-01,P4逐年预测；不包含目标价或IRR。
WB-P4-0566,WB,P4,balance_sheet_forecast,estimate,scenario,WB经营预测,investment_and_loan_monetization,2034E,annual,Global,base,50.0,,,USD_mn,USD,E,low,1,annual,WB P3 阶段报告,WB_P3_财务质量资产兑现管理层与治理.md,2026-08-01,2026-08-01,P4逐年预测；不包含目标价或IRR。
WB-P4-0567,WB,P4,balance_sheet_forecast,estimate,scenario,WB经营预测,investment_and_loan_impairment,2034E,annual,Global,base,50.59979,,,USD_mn,USD,E,low,1,annual,WB P3 阶段报告,WB_P3_财务质量资产兑现管理层与治理.md,2026-08-01,2026-08-01,P4逐年预测；不包含目标价或IRR。
WB-P4-0568,WB,P4,balance_sheet_forecast,estimate,scenario,WB经营预测,recoverable_asset_support_before_governance_discount,2034E,annual,Global,base,3247.956463,,,USD_mn,USD,E,low,1,annual,WB P3 阶段报告,WB_P3_财务质量资产兑现管理层与治理.md,2026-08-01,2026-08-01,P4逐年预测；不包含目标价或IRR。
WB-P4-0569,WB,P4,balance_sheet_forecast,estimate,scenario,WB经营预测,asset_support_per_diluted_ADS,2034E,annual,Global,base,13.091434,,,USD_per_ADS,USD,E,low,1,annual,WB P3 阶段报告,WB_P3_财务质量资产兑现管理层与治理.md,2026-08-01,2026-08-01,P4逐年预测；不包含目标价或IRR。
WB-P4-0570,WB,P4,forecast,estimate,scenario,WB经营预测,non_Alibaba_ad_revenue,2035E,annual,Global,base,1524.266088,,,USD_mn,USD,E,low,1,annual,WB P3 阶段报告,WB_P3_财务质量资产兑现管理层与治理.md,2026-08-01,2026-08-01,P4逐年预测；不包含目标价或IRR。
WB-P4-0571,WB,P4,forecast,estimate,scenario,WB经营预测,Alibaba_ad_revenue,2035E,annual,Global,base,189.181809,,,USD_mn,USD,E,low,1,annual,WB P3 阶段报告,WB_P3_财务质量资产兑现管理层与治理.md,2026-08-01,2026-08-01,P4逐年预测；不包含目标价或IRR。
WB-P4-0572,WB,P4,forecast,estimate,scenario,WB经营预测,VAS_revenue,2035E,annual,Global,base,234.786186,,,USD_mn,USD,E,low,1,annual,WB P3 阶段报告,WB_P3_财务质量资产兑现管理层与治理.md,2026-08-01,2026-08-01,P4逐年预测；不包含目标价或IRR。
WB-P4-0573,WB,P4,forecast,estimate,scenario,WB经营预测,total_revenue,2035E,annual,Global,base,1948.234083,,,USD_mn,USD,E,low,1,annual,WB P3 阶段报告,WB_P3_财务质量资产兑现管理层与治理.md,2026-08-01,2026-08-01,P4逐年预测；不包含目标价或IRR。
WB-P4-0574,WB,P4,forecast,estimate,scenario,WB经营预测,GAAP_operating_margin,2035E,annual,Global,base,0.27,,,%,N/A,E,low,1,annual,WB P3 阶段报告,WB_P3_财务质量资产兑现管理层与治理.md,2026-08-01,2026-08-01,P4逐年预测；不包含目标价或IRR。
WB-P4-0575,WB,P4,forecast,estimate,scenario,WB经营预测,GAAP_operating_income,2035E,annual,Global,base,526.023202,,,USD_mn,USD,E,low,1,annual,WB P3 阶段报告,WB_P3_财务质量资产兑现管理层与治理.md,2026-08-01,2026-08-01,P4逐年预测；不包含目标价或IRR。
WB-P4-0576,WB,P4,forecast,estimate,scenario,WB经营预测,depreciation_and_amortization,2035E,annual,Global,base,66.239959,,,USD_mn,USD,E,low,1,annual,WB P3 阶段报告,WB_P3_财务质量资产兑现管理层与治理.md,2026-08-01,2026-08-01,P4逐年预测；不包含目标价或IRR。
WB-P4-0577,WB,P4,forecast,estimate,scenario,WB经营预测,maintenance_capex,2035E,annual,Global,base,46.757618,,,USD_mn,USD,E,low,1,annual,WB P3 阶段报告,WB_P3_财务质量资产兑现管理层与治理.md,2026-08-01,2026-08-01,P4逐年预测；不包含目标价或IRR。
WB-P4-0578,WB,P4,forecast,estimate,scenario,WB经营预测,normalized_owner_earnings,2035E,annual,Global,base,413.999743,,,USD_mn,USD,E,low,1,annual,WB P3 阶段报告,WB_P3_财务质量资产兑现管理层与治理.md,2026-08-01,2026-08-01,P4逐年预测；不包含目标价或IRR。
WB-P4-0579,WB,P4,forecast,estimate,scenario,WB经营预测,owner_earnings_per_diluted_ADS,2035E,annual,Global,base,1.686807,,,USD_per_ADS,USD,E,low,1,annual,WB P3 阶段报告,WB_P3_财务质量资产兑现管理层与治理.md,2026-08-01,2026-08-01,P4逐年预测；不包含目标价或IRR。
WB-P4-0580,WB,P4,capital_return_forecast,estimate,scenario,WB经营预测,cash_dividends,2035E,annual,Global,base,165.599897,,,USD_mn,USD,E,low,1,annual,WB P3 阶段报告,WB_P3_财务质量资产兑现管理层与治理.md,2026-08-01,2026-08-01,P4逐年预测；不包含目标价或IRR。
WB-P4-0581,WB,P4,capital_return_forecast,estimate,scenario,WB经营预测,actual_buyback_cash,2035E,annual,Global,base,50.0,,,USD_mn,USD,E,low,1,annual,WB P3 阶段报告,WB_P3_财务质量资产兑现管理层与治理.md,2026-08-01,2026-08-01,P4逐年预测；不包含目标价或IRR。
WB-P4-0582,WB,P4,capital_return_forecast,estimate,scenario,WB经营预测,average_buyback_price_assumption,2035E,annual,Global,base,10.755833,,,USD_per_ADS,USD,E,low,1,annual,WB P3 阶段报告,WB_P3_财务质量资产兑现管理层与治理.md,2026-08-01,2026-08-01,P4逐年预测；不包含目标价或IRR。
WB-P4-0583,WB,P4,capital_return_forecast,estimate,scenario,WB经营预测,gross_ADS_repurchased,2035E,annual,Global,base,4.64864,,,shares_mn,N/A,E,low,1,annual,WB P3 阶段报告,WB_P3_财务质量资产兑现管理层与治理.md,2026-08-01,2026-08-01,P4逐年预测；不包含目标价或IRR。
WB-P4-0584,WB,P4,capital_return_forecast,estimate,scenario,WB经营预测,SBC_and_equity_dilution_rate,2035E,annual,Global,base,0.008,,,%,N/A,E,low,1,annual,WB P3 阶段报告,WB_P3_财务质量资产兑现管理层与治理.md,2026-08-01,2026-08-01,P4逐年预测；不包含目标价或IRR。
WB-P4-0585,WB,P4,share_count_forecast,estimate,scenario,WB经营预测,ending_diluted_ADS,2035E,annual,Global,base,245.43398,,,shares_mn,N/A,E,low,1,annual,WB P3 阶段报告,WB_P3_财务质量资产兑现管理层与治理.md,2026-08-01,2026-08-01,P4逐年预测；不包含目标价或IRR。
WB-P4-0586,WB,P4,balance_sheet_forecast,estimate,scenario,WB经营预测,cash_and_short_term_investments,2035E,annual,Global,base,2320.869307,,,USD_mn,USD,E,low,1,annual,WB P3 阶段报告,WB_P3_财务质量资产兑现管理层与治理.md,2026-08-01,2026-08-01,P4逐年预测；不包含目标价或IRR。
WB-P4-0587,WB,P4,balance_sheet_forecast,estimate,scenario,WB经营预测,long_term_WMP_book_value,2035E,annual,Global,base,620.459,,,USD_mn,USD,E,low,1,annual,WB P3 阶段报告,WB_P3_财务质量资产兑现管理层与治理.md,2026-08-01,2026-08-01,P4逐年预测；不包含目标价或IRR。
WB-P4-0588,WB,P4,balance_sheet_forecast,estimate,scenario,WB经营预测,gross_debt,2035E,annual,Global,base,0.0,,,USD_mn,USD,E,low,1,annual,WB P3 阶段报告,WB_P3_财务质量资产兑现管理层与治理.md,2026-08-01,2026-08-01,P4逐年预测；不包含目标价或IRR。
WB-P4-0589,WB,P4,balance_sheet_forecast,estimate,scenario,WB经营预测,other_financial_assets_book_value,2035E,annual,Global,base,2429.801901,,,USD_mn,USD,E,low,1,annual,WB P3 阶段报告,WB_P3_财务质量资产兑现管理层与治理.md,2026-08-01,2026-08-01,P4逐年预测；不包含目标价或IRR。
WB-P4-0590,WB,P4,balance_sheet_forecast,estimate,scenario,WB经营预测,new_investment_and_loan_funding,2035E,annual,Global,base,50.0,,,USD_mn,USD,E,low,1,annual,WB P3 阶段报告,WB_P3_财务质量资产兑现管理层与治理.md,2026-08-01,2026-08-01,P4逐年预测；不包含目标价或IRR。
WB-P4-0591,WB,P4,balance_sheet_forecast,estimate,scenario,WB经营预测,investment_and_loan_monetization,2035E,annual,Global,base,50.0,,,USD_mn,USD,E,low,1,annual,WB P3 阶段报告,WB_P3_财务质量资产兑现管理层与治理.md,2026-08-01,2026-08-01,P4逐年预测；不包含目标价或IRR。
WB-P4-0592,WB,P4,balance_sheet_forecast,estimate,scenario,WB经营预测,investment_and_loan_impairment,2035E,annual,Global,base,49.587794,,,USD_mn,USD,E,low,1,annual,WB P3 阶段报告,WB_P3_财务质量资产兑现管理层与治理.md,2026-08-01,2026-08-01,P4逐年预测；不包含目标价或IRR。
WB-P4-0593,WB,P4,balance_sheet_forecast,estimate,scenario,WB经营预测,recoverable_asset_support_before_governance_discount,2035E,annual,Global,base,3423.394371,,,USD_mn,USD,E,low,1,annual,WB P3 阶段报告,WB_P3_财务质量资产兑现管理层与治理.md,2026-08-01,2026-08-01,P4逐年预测；不包含目标价或IRR。
WB-P4-0594,WB,P4,balance_sheet_forecast,estimate,scenario,WB经营预测,asset_support_per_diluted_ADS,2035E,annual,Global,base,13.948331,,,USD_per_ADS,USD,E,low,1,annual,WB P3 阶段报告,WB_P3_财务质量资产兑现管理层与治理.md,2026-08-01,2026-08-01,P4逐年预测；不包含目标价或IRR。
WB-P4-0595,WB,P4,forecast,estimate,scenario,WB经营预测,non_Alibaba_ad_revenue,2026E,annual,Global,bull,1435.0,,,USD_mn,USD,E,low,1,annual,WB P3 阶段报告,WB_P3_财务质量资产兑现管理层与治理.md,2026-08-01,2026-08-01,P4逐年预测；不包含目标价或IRR。
WB-P4-0596,WB,P4,forecast,estimate,scenario,WB经营预测,Alibaba_ad_revenue,2026E,annual,Global,bull,190.0,,,USD_mn,USD,E,low,1,annual,WB P3 阶段报告,WB_P3_财务质量资产兑现管理层与治理.md,2026-08-01,2026-08-01,P4逐年预测；不包含目标价或IRR。
WB-P4-0597,WB,P4,forecast,estimate,scenario,WB经营预测,VAS_revenue,2026E,annual,Global,bull,245.0,,,USD_mn,USD,E,low,1,annual,WB P3 阶段报告,WB_P3_财务质量资产兑现管理层与治理.md,2026-08-01,2026-08-01,P4逐年预测；不包含目标价或IRR。
WB-P4-0598,WB,P4,forecast,estimate,scenario,WB经营预测,total_revenue,2026E,annual,Global,bull,1870.0,,,USD_mn,USD,E,low,1,annual,WB P3 阶段报告,WB_P3_财务质量资产兑现管理层与治理.md,2026-08-01,2026-08-01,P4逐年预测；不包含目标价或IRR。
WB-P4-0599,WB,P4,forecast,estimate,scenario,WB经营预测,GAAP_operating_margin,2026E,annual,Global,bull,0.28,,,%,N/A,E,low,1,annual,WB P3 阶段报告,WB_P3_财务质量资产兑现管理层与治理.md,2026-08-01,2026-08-01,P4逐年预测；不包含目标价或IRR。
WB-P4-0600,WB,P4,forecast,estimate,scenario,WB经营预测,GAAP_operating_income,2026E,annual,Global,bull,523.6,,,USD_mn,USD,E,low,1,annual,WB P3 阶段报告,WB_P3_财务质量资产兑现管理层与治理.md,2026-08-01,2026-08-01,P4逐年预测；不包含目标价或IRR。
WB-P4-0601,WB,P4,forecast,estimate,scenario,WB经营预测,depreciation_and_amortization,2026E,annual,Global,bull,63.58,,,USD_mn,USD,E,low,1,annual,WB P3 阶段报告,WB_P3_财务质量资产兑现管理层与治理.md,2026-08-01,2026-08-01,P4逐年预测；不包含目标价或IRR。
WB-P4-0602,WB,P4,forecast,estimate,scenario,WB经营预测,maintenance_capex,2026E,annual,Global,bull,44.88,,,USD_mn,USD,E,low,1,annual,WB P3 阶段报告,WB_P3_财务质量资产兑现管理层与治理.md,2026-08-01,2026-08-01,P4逐年预测；不包含目标价或IRR。
WB-P4-0603,WB,P4,forecast,estimate,scenario,WB经营预测,normalized_owner_earnings,2026E,annual,Global,bull,411.4,,,USD_mn,USD,E,low,1,annual,WB P3 阶段报告,WB_P3_财务质量资产兑现管理层与治理.md,2026-08-01,2026-08-01,P4逐年预测；不包含目标价或IRR。
WB-P4-0604,WB,P4,forecast,estimate,scenario,WB经营预测,owner_earnings_per_diluted_ADS,2026E,annual,Global,bull,1.553022,,,USD_per_ADS,USD,E,low,1,annual,WB P3 阶段报告,WB_P3_财务质量资产兑现管理层与治理.md,2026-08-01,2026-08-01,P4逐年预测；不包含目标价或IRR。
WB-P4-0605,WB,P4,capital_return_forecast,estimate,scenario,WB经营预测,cash_dividends,2026E,annual,Global,bull,175.0,,,USD_mn,USD,E,low,1,annual,WB P3 阶段报告,WB_P3_财务质量资产兑现管理层与治理.md,2026-08-01,2026-08-01,P4逐年预测；不包含目标价或IRR。
WB-P4-0606,WB,P4,capital_return_forecast,estimate,scenario,WB经营预测,actual_buyback_cash,2026E,annual,Global,bull,50.0,,,USD_mn,USD,E,low,1,annual,WB P3 阶段报告,WB_P3_财务质量资产兑现管理层与治理.md,2026-08-01,2026-08-01,P4逐年预测；不包含目标价或IRR。
WB-P4-0607,WB,P4,capital_return_forecast,estimate,scenario,WB经营预测,average_buyback_price_assumption,2026E,annual,Global,bull,10.0,,,USD_per_ADS,USD,E,low,1,annual,WB P3 阶段报告,WB_P3_财务质量资产兑现管理层与治理.md,2026-08-01,2026-08-01,P4逐年预测；不包含目标价或IRR。
WB-P4-0608,WB,P4,capital_return_forecast,estimate,scenario,WB经营预测,gross_ADS_repurchased,2026E,annual,Global,bull,5.0,,,shares_mn,N/A,E,low,1,annual,WB P3 阶段报告,WB_P3_财务质量资产兑现管理层与治理.md,2026-08-01,2026-08-01,P4逐年预测；不包含目标价或IRR。
WB-P4-0609,WB,P4,capital_return_forecast,estimate,scenario,WB经营预测,SBC_and_equity_dilution_rate,2026E,annual,Global,bull,0.005,,,%,N/A,E,low,1,annual,WB P3 阶段报告,WB_P3_财务质量资产兑现管理层与治理.md,2026-08-01,2026-08-01,P4逐年预测；不包含目标价或IRR。
WB-P4-0610,WB,P4,share_count_forecast,estimate,scenario,WB经营预测,ending_diluted_ADS,2026E,annual,Global,bull,264.9028,,,shares_mn,N/A,E,low,1,annual,WB P3 阶段报告,WB_P3_财务质量资产兑现管理层与治理.md,2026-08-01,2026-08-01,P4逐年预测；不包含目标价或IRR。
WB-P4-0611,WB,P4,balance_sheet_forecast,estimate,scenario,WB经营预测,cash_and_short_term_investments,2026E,annual,Global,bull,2591.48,,,USD_mn,USD,E,low,1,annual,WB P3 阶段报告,WB_P3_财务质量资产兑现管理层与治理.md,2026-08-01,2026-08-01,P4逐年预测；不包含目标价或IRR。
WB-P4-0612,WB,P4,balance_sheet_forecast,estimate,scenario,WB经营预测,long_term_WMP_book_value,2026E,annual,Global,bull,620.459,,,USD_mn,USD,E,low,1,annual,WB P3 阶段报告,WB_P3_财务质量资产兑现管理层与治理.md,2026-08-01,2026-08-01,P4逐年预测；不包含目标价或IRR。
WB-P4-0613,WB,P4,balance_sheet_forecast,estimate,scenario,WB经营预测,gross_debt,2026E,annual,Global,bull,1863.55,,,USD_mn,USD,E,low,1,annual,WB P3 阶段报告,WB_P3_财务质量资产兑现管理层与治理.md,2026-08-01,2026-08-01,P4逐年预测；不包含目标价或IRR。
WB-P4-0614,WB,P4,balance_sheet_forecast,estimate,scenario,WB经营预测,other_financial_assets_book_value,2026E,annual,Global,bull,2787.25986,,,USD_mn,USD,E,low,1,annual,WB P3 阶段报告,WB_P3_财务质量资产兑现管理层与治理.md,2026-08-01,2026-08-01,P4逐年预测；不包含目标价或IRR。
WB-P4-0615,WB,P4,balance_sheet_forecast,estimate,scenario,WB经营预测,new_investment_and_loan_funding,2026E,annual,Global,bull,50.0,,,USD_mn,USD,E,low,1,annual,WB P3 阶段报告,WB_P3_财务质量资产兑现管理层与治理.md,2026-08-01,2026-08-01,P4逐年预测；不包含目标价或IRR。
WB-P4-0616,WB,P4,balance_sheet_forecast,estimate,scenario,WB经营预测,investment_and_loan_monetization,2026E,annual,Global,bull,50.0,,,USD_mn,USD,E,low,1,annual,WB P3 阶段报告,WB_P3_财务质量资产兑现管理层与治理.md,2026-08-01,2026-08-01,P4逐年预测；不包含目标价或IRR。
WB-P4-0617,WB,P4,balance_sheet_forecast,estimate,scenario,WB经营预测,investment_and_loan_impairment,2026E,annual,Global,bull,28.15414,,,USD_mn,USD,E,low,1,annual,WB P3 阶段报告,WB_P3_财务质量资产兑现管理层与治理.md,2026-08-01,2026-08-01,P4逐年预测；不包含目标价或IRR。
WB-P4-0618,WB,P4,balance_sheet_forecast,estimate,scenario,WB经营预测,recoverable_asset_support_before_governance_discount,2026E,annual,Global,bull,2785.80493,,,USD_mn,USD,E,low,1,annual,WB P3 阶段报告,WB_P3_财务质量资产兑现管理层与治理.md,2026-08-01,2026-08-01,P4逐年预测；不包含目标价或IRR。
WB-P4-0619,WB,P4,balance_sheet_forecast,estimate,scenario,WB经营预测,asset_support_per_diluted_ADS,2026E,annual,Global,bull,10.516329,,,USD_per_ADS,USD,E,low,1,annual,WB P3 阶段报告,WB_P3_财务质量资产兑现管理层与治理.md,2026-08-01,2026-08-01,P4逐年预测；不包含目标价或IRR。
WB-P4-0620,WB,P4,forecast,estimate,scenario,WB经营预测,non_Alibaba_ad_revenue,2027E,annual,Global,bull,1506.75,,,USD_mn,USD,E,low,1,annual,WB P3 阶段报告,WB_P3_财务质量资产兑现管理层与治理.md,2026-08-01,2026-08-01,P4逐年预测；不包含目标价或IRR。
WB-P4-0621,WB,P4,forecast,estimate,scenario,WB经营预测,Alibaba_ad_revenue,2027E,annual,Global,bull,195.7,,,USD_mn,USD,E,low,1,annual,WB P3 阶段报告,WB_P3_财务质量资产兑现管理层与治理.md,2026-08-01,2026-08-01,P4逐年预测；不包含目标价或IRR。
WB-P4-0622,WB,P4,forecast,estimate,scenario,WB经营预测,VAS_revenue,2027E,annual,Global,bull,249.9,,,USD_mn,USD,E,low,1,annual,WB P3 阶段报告,WB_P3_财务质量资产兑现管理层与治理.md,2026-08-01,2026-08-01,P4逐年预测；不包含目标价或IRR。
WB-P4-0623,WB,P4,forecast,estimate,scenario,WB经营预测,total_revenue,2027E,annual,Global,bull,1952.35,,,USD_mn,USD,E,low,1,annual,WB P3 阶段报告,WB_P3_财务质量资产兑现管理层与治理.md,2026-08-01,2026-08-01,P4逐年预测；不包含目标价或IRR。
WB-P4-0624,WB,P4,forecast,estimate,scenario,WB经营预测,GAAP_operating_margin,2027E,annual,Global,bull,0.285,,,%,N/A,E,low,1,annual,WB P3 阶段报告,WB_P3_财务质量资产兑现管理层与治理.md,2026-08-01,2026-08-01,P4逐年预测；不包含目标价或IRR。
WB-P4-0625,WB,P4,forecast,estimate,scenario,WB经营预测,GAAP_operating_income,2027E,annual,Global,bull,556.41975,,,USD_mn,USD,E,low,1,annual,WB P3 阶段报告,WB_P3_财务质量资产兑现管理层与治理.md,2026-08-01,2026-08-01,P4逐年预测；不包含目标价或IRR。
WB-P4-0626,WB,P4,forecast,estimate,scenario,WB经营预测,depreciation_and_amortization,2027E,annual,Global,bull,66.3799,,,USD_mn,USD,E,low,1,annual,WB P3 阶段报告,WB_P3_财务质量资产兑现管理层与治理.md,2026-08-01,2026-08-01,P4逐年预测；不包含目标价或IRR。
WB-P4-0627,WB,P4,forecast,estimate,scenario,WB经营预测,maintenance_capex,2027E,annual,Global,bull,46.8564,,,USD_mn,USD,E,low,1,annual,WB P3 阶段报告,WB_P3_财务质量资产兑现管理层与治理.md,2026-08-01,2026-08-01,P4逐年预测；不包含目标价或IRR。
WB-P4-0628,WB,P4,forecast,estimate,scenario,WB经营预测,normalized_owner_earnings,2027E,annual,Global,bull,436.838313,,,USD_mn,USD,E,low,1,annual,WB P3 阶段报告,WB_P3_财务质量资产兑现管理层与治理.md,2026-08-01,2026-08-01,P4逐年预测；不包含目标价或IRR。
WB-P4-0629,WB,P4,forecast,estimate,scenario,WB经营预测,owner_earnings_per_diluted_ADS,2027E,annual,Global,bull,1.686532,,,USD_per_ADS,USD,E,low,1,annual,WB P3 阶段报告,WB_P3_财务质量资产兑现管理层与治理.md,2026-08-01,2026-08-01,P4逐年预测；不包含目标价或IRR。
WB-P4-0630,WB,P4,capital_return_forecast,estimate,scenario,WB经营预测,cash_dividends,2027E,annual,Global,bull,218.419156,,,USD_mn,USD,E,low,1,annual,WB P3 阶段报告,WB_P3_财务质量资产兑现管理层与治理.md,2026-08-01,2026-08-01,P4逐年预测；不包含目标价或IRR。
WB-P4-0631,WB,P4,capital_return_forecast,estimate,scenario,WB经营预测,actual_buyback_cash,2027E,annual,Global,bull,75.0,,,USD_mn,USD,E,low,1,annual,WB P3 阶段报告,WB_P3_财务质量资产兑现管理层与治理.md,2026-08-01,2026-08-01,P4逐年预测；不包含目标价或IRR。
WB-P4-0632,WB,P4,capital_return_forecast,estimate,scenario,WB经营预测,average_buyback_price_assumption,2027E,annual,Global,bull,10.4,,,USD_per_ADS,USD,E,low,1,annual,WB P3 阶段报告,WB_P3_财务质量资产兑现管理层与治理.md,2026-08-01,2026-08-01,P4逐年预测；不包含目标价或IRR。
WB-P4-0633,WB,P4,capital_return_forecast,estimate,scenario,WB经营预测,gross_ADS_repurchased,2027E,annual,Global,bull,7.211538,,,shares_mn,N/A,E,low,1,annual,WB P3 阶段报告,WB_P3_财务质量资产兑现管理层与治理.md,2026-08-01,2026-08-01,P4逐年预测；不包含目标价或IRR。
WB-P4-0634,WB,P4,capital_return_forecast,estimate,scenario,WB经营预测,SBC_and_equity_dilution_rate,2027E,annual,Global,bull,0.005,,,%,N/A,E,low,1,annual,WB P3 阶段报告,WB_P3_财务质量资产兑现管理层与治理.md,2026-08-01,2026-08-01,P4逐年预测；不包含目标价或IRR。
WB-P4-0635,WB,P4,share_count_forecast,estimate,scenario,WB经营预测,ending_diluted_ADS,2027E,annual,Global,bull,259.015776,,,shares_mn,N/A,E,low,1,annual,WB P3 阶段报告,WB_P3_财务质量资产兑现管理层与治理.md,2026-08-01,2026-08-01,P4逐年预测；不包含目标价或IRR。
WB-P4-0636,WB,P4,balance_sheet_forecast,estimate,scenario,WB经营预测,cash_and_short_term_investments,2027E,annual,Global,bull,1666.979156,,,USD_mn,USD,E,low,1,annual,WB P3 阶段报告,WB_P3_财务质量资产兑现管理层与治理.md,2026-08-01,2026-08-01,P4逐年预测；不包含目标价或IRR。
WB-P4-0637,WB,P4,balance_sheet_forecast,estimate,scenario,WB经营预测,long_term_WMP_book_value,2027E,annual,Global,bull,620.459,,,USD_mn,USD,E,low,1,annual,WB P3 阶段报告,WB_P3_财务质量资产兑现管理层与治理.md,2026-08-01,2026-08-01,P4逐年预测；不包含目标价或IRR。
WB-P4-0638,WB,P4,balance_sheet_forecast,estimate,scenario,WB经营预测,gross_debt,2027E,annual,Global,bull,745.63,,,USD_mn,USD,E,low,1,annual,WB P3 阶段报告,WB_P3_财务质量资产兑现管理层与治理.md,2026-08-01,2026-08-01,P4逐年预测；不包含目标价或IRR。
WB-P4-0639,WB,P4,balance_sheet_forecast,estimate,scenario,WB经营预测,other_financial_assets_book_value,2027E,annual,Global,bull,2709.387261,,,USD_mn,USD,E,low,1,annual,WB P3 阶段报告,WB_P3_财务质量资产兑现管理层与治理.md,2026-08-01,2026-08-01,P4逐年预测；不包含目标价或IRR。
WB-P4-0640,WB,P4,balance_sheet_forecast,estimate,scenario,WB经营预测,new_investment_and_loan_funding,2027E,annual,Global,bull,50.0,,,USD_mn,USD,E,low,1,annual,WB P3 阶段报告,WB_P3_财务质量资产兑现管理层与治理.md,2026-08-01,2026-08-01,P4逐年预测；不包含目标价或IRR。
WB-P4-0641,WB,P4,balance_sheet_forecast,estimate,scenario,WB经营预测,investment_and_loan_monetization,2027E,annual,Global,bull,100.0,,,USD_mn,USD,E,low,1,annual,WB P3 阶段报告,WB_P3_财务质量资产兑现管理层与治理.md,2026-08-01,2026-08-01,P4逐年预测；不包含目标价或IRR。
WB-P4-0642,WB,P4,balance_sheet_forecast,estimate,scenario,WB经营预测,investment_and_loan_impairment,2027E,annual,Global,bull,27.872599,,,USD_mn,USD,E,low,1,annual,WB P3 阶段报告,WB_P3_财务质量资产兑现管理层与治理.md,2026-08-01,2026-08-01,P4逐年预测；不包含目标价或IRR。
WB-P4-0643,WB,P4,balance_sheet_forecast,estimate,scenario,WB经营预测,recoverable_asset_support_before_governance_discount,2027E,annual,Global,bull,2927.022211,,,USD_mn,USD,E,low,1,annual,WB P3 阶段报告,WB_P3_财务质量资产兑现管理层与治理.md,2026-08-01,2026-08-01,P4逐年预测；不包含目标价或IRR。
WB-P4-0644,WB,P4,balance_sheet_forecast,estimate,scenario,WB经营预测,asset_support_per_diluted_ADS,2027E,annual,Global,bull,11.300556,,,USD_per_ADS,USD,E,low,1,annual,WB P3 阶段报告,WB_P3_财务质量资产兑现管理层与治理.md,2026-08-01,2026-08-01,P4逐年预测；不包含目标价或IRR。
WB-P4-0645,WB,P4,forecast,estimate,scenario,WB经营预测,non_Alibaba_ad_revenue,2028E,annual,Global,bull,1567.02,,,USD_mn,USD,E,low,1,annual,WB P3 阶段报告,WB_P3_财务质量资产兑现管理层与治理.md,2026-08-01,2026-08-01,P4逐年预测；不包含目标价或IRR。
WB-P4-0646,WB,P4,forecast,estimate,scenario,WB经营预测,Alibaba_ad_revenue,2028E,annual,Global,bull,199.614,,,USD_mn,USD,E,low,1,annual,WB P3 阶段报告,WB_P3_财务质量资产兑现管理层与治理.md,2026-08-01,2026-08-01,P4逐年预测；不包含目标价或IRR。
WB-P4-0647,WB,P4,forecast,estimate,scenario,WB经营预测,VAS_revenue,2028E,annual,Global,bull,254.898,,,USD_mn,USD,E,low,1,annual,WB P3 阶段报告,WB_P3_财务质量资产兑现管理层与治理.md,2026-08-01,2026-08-01,P4逐年预测；不包含目标价或IRR。
WB-P4-0648,WB,P4,forecast,estimate,scenario,WB经营预测,total_revenue,2028E,annual,Global,bull,2021.532,,,USD_mn,USD,E,low,1,annual,WB P3 阶段报告,WB_P3_财务质量资产兑现管理层与治理.md,2026-08-01,2026-08-01,P4逐年预测；不包含目标价或IRR。
WB-P4-0649,WB,P4,forecast,estimate,scenario,WB经营预测,GAAP_operating_margin,2028E,annual,Global,bull,0.288,,,%,N/A,E,low,1,annual,WB P3 阶段报告,WB_P3_财务质量资产兑现管理层与治理.md,2026-08-01,2026-08-01,P4逐年预测；不包含目标价或IRR。
WB-P4-0650,WB,P4,forecast,estimate,scenario,WB经营预测,GAAP_operating_income,2028E,annual,Global,bull,582.201216,,,USD_mn,USD,E,low,1,annual,WB P3 阶段报告,WB_P3_财务质量资产兑现管理层与治理.md,2026-08-01,2026-08-01,P4逐年预测；不包含目标价或IRR。
WB-P4-0651,WB,P4,forecast,estimate,scenario,WB经营预测,depreciation_and_amortization,2028E,annual,Global,bull,68.732088,,,USD_mn,USD,E,low,1,annual,WB P3 阶段报告,WB_P3_财务质量资产兑现管理层与治理.md,2026-08-01,2026-08-01,P4逐年预测；不包含目标价或IRR。
WB-P4-0652,WB,P4,forecast,estimate,scenario,WB经营预测,maintenance_capex,2028E,annual,Global,bull,48.516768,,,USD_mn,USD,E,low,1,annual,WB P3 阶段报告,WB_P3_财务质量资产兑现管理层与治理.md,2026-08-01,2026-08-01,P4逐年预测；不包含目标价或IRR。
WB-P4-0653,WB,P4,forecast,estimate,scenario,WB经营预测,normalized_owner_earnings,2028E,annual,Global,bull,456.866232,,,USD_mn,USD,E,low,1,annual,WB P3 阶段报告,WB_P3_财务质量资产兑现管理层与治理.md,2026-08-01,2026-08-01,P4逐年预测；不包含目标价或IRR。
WB-P4-0654,WB,P4,forecast,estimate,scenario,WB经营预测,owner_earnings_per_diluted_ADS,2028E,annual,Global,bull,1.803111,,,USD_per_ADS,USD,E,low,1,annual,WB P3 阶段报告,WB_P3_财务质量资产兑现管理层与治理.md,2026-08-01,2026-08-01,P4逐年预测；不包含目标价或IRR。
WB-P4-0655,WB,P4,capital_return_forecast,estimate,scenario,WB经营预测,cash_dividends,2028E,annual,Global,bull,228.433116,,,USD_mn,USD,E,low,1,annual,WB P3 阶段报告,WB_P3_财务质量资产兑现管理层与治理.md,2026-08-01,2026-08-01,P4逐年预测；不包含目标价或IRR。
WB-P4-0656,WB,P4,capital_return_forecast,estimate,scenario,WB经营预测,actual_buyback_cash,2028E,annual,Global,bull,75.0,,,USD_mn,USD,E,low,1,annual,WB P3 阶段报告,WB_P3_财务质量资产兑现管理层与治理.md,2026-08-01,2026-08-01,P4逐年预测；不包含目标价或IRR。
WB-P4-0657,WB,P4,capital_return_forecast,estimate,scenario,WB经营预测,average_buyback_price_assumption,2028E,annual,Global,bull,10.816,,,USD_per_ADS,USD,E,low,1,annual,WB P3 阶段报告,WB_P3_财务质量资产兑现管理层与治理.md,2026-08-01,2026-08-01,P4逐年预测；不包含目标价或IRR。
WB-P4-0658,WB,P4,capital_return_forecast,estimate,scenario,WB经营预测,gross_ADS_repurchased,2028E,annual,Global,bull,6.934172,,,shares_mn,N/A,E,low,1,annual,WB P3 阶段报告,WB_P3_财务质量资产兑现管理层与治理.md,2026-08-01,2026-08-01,P4逐年预测；不包含目标价或IRR。
WB-P4-0659,WB,P4,capital_return_forecast,estimate,scenario,WB经营预测,SBC_and_equity_dilution_rate,2028E,annual,Global,bull,0.005,,,%,N/A,E,low,1,annual,WB P3 阶段报告,WB_P3_财务质量资产兑现管理层与治理.md,2026-08-01,2026-08-01,P4逐年预测；不包含目标价或IRR。
WB-P4-0660,WB,P4,share_count_forecast,estimate,scenario,WB经营预测,ending_diluted_ADS,2028E,annual,Global,bull,253.376683,,,shares_mn,N/A,E,low,1,annual,WB P3 阶段报告,WB_P3_财务质量资产兑现管理层与治理.md,2026-08-01,2026-08-01,P4逐年预测；不包含目标价或IRR。
WB-P4-0661,WB,P4,balance_sheet_forecast,estimate,scenario,WB经营预测,cash_and_short_term_investments,2028E,annual,Global,bull,1870.412272,,,USD_mn,USD,E,low,1,annual,WB P3 阶段报告,WB_P3_财务质量资产兑现管理层与治理.md,2026-08-01,2026-08-01,P4逐年预测；不包含目标价或IRR。
WB-P4-0662,WB,P4,balance_sheet_forecast,estimate,scenario,WB经营预测,long_term_WMP_book_value,2028E,annual,Global,bull,620.459,,,USD_mn,USD,E,low,1,annual,WB P3 阶段报告,WB_P3_财务质量资产兑现管理层与治理.md,2026-08-01,2026-08-01,P4逐年预测；不包含目标价或IRR。
WB-P4-0663,WB,P4,balance_sheet_forecast,estimate,scenario,WB经营预测,gross_debt,2028E,annual,Global,bull,745.63,,,USD_mn,USD,E,low,1,annual,WB P3 阶段报告,WB_P3_财务质量资产兑现管理层与治理.md,2026-08-01,2026-08-01,P4逐年预测；不包含目标价或IRR。
WB-P4-0664,WB,P4,balance_sheet_forecast,estimate,scenario,WB经营预测,other_financial_assets_book_value,2028E,annual,Global,bull,2632.293389,,,USD_mn,USD,E,low,1,annual,WB P3 阶段报告,WB_P3_财务质量资产兑现管理层与治理.md,2026-08-01,2026-08-01,P4逐年预测；不包含目标价或IRR。
WB-P4-0665,WB,P4,balance_sheet_forecast,estimate,scenario,WB经营预测,new_investment_and_loan_funding,2028E,annual,Global,bull,50.0,,,USD_mn,USD,E,low,1,annual,WB P3 阶段报告,WB_P3_财务质量资产兑现管理层与治理.md,2026-08-01,2026-08-01,P4逐年预测；不包含目标价或IRR。
WB-P4-0666,WB,P4,balance_sheet_forecast,estimate,scenario,WB经营预测,investment_and_loan_monetization,2028E,annual,Global,bull,100.0,,,USD_mn,USD,E,low,1,annual,WB P3 阶段报告,WB_P3_财务质量资产兑现管理层与治理.md,2026-08-01,2026-08-01,P4逐年预测；不包含目标价或IRR。
WB-P4-0667,WB,P4,balance_sheet_forecast,estimate,scenario,WB经营预测,investment_and_loan_impairment,2028E,annual,Global,bull,27.093873,,,USD_mn,USD,E,low,1,annual,WB P3 阶段报告,WB_P3_财务质量资产兑现管理层与治理.md,2026-08-01,2026-08-01,P4逐年预测；不包含目标价或IRR。
WB-P4-0668,WB,P4,balance_sheet_forecast,estimate,scenario,WB经营预测,recoverable_asset_support_before_governance_discount,2028E,annual,Global,bull,3078.775471,,,USD_mn,USD,E,low,1,annual,WB P3 阶段报告,WB_P3_财务质量资产兑现管理层与治理.md,2026-08-01,2026-08-01,P4逐年预测；不包含目标价或IRR。
WB-P4-0669,WB,P4,balance_sheet_forecast,estimate,scenario,WB经营预测,asset_support_per_diluted_ADS,2028E,annual,Global,bull,12.150982,,,USD_per_ADS,USD,E,low,1,annual,WB P3 阶段报告,WB_P3_财务质量资产兑现管理层与治理.md,2026-08-01,2026-08-01,P4逐年预测；不包含目标价或IRR。
WB-P4-0670,WB,P4,forecast,estimate,scenario,WB经营预测,non_Alibaba_ad_revenue,2029E,annual,Global,bull,1629.7008,,,USD_mn,USD,E,low,1,annual,WB P3 阶段报告,WB_P3_财务质量资产兑现管理层与治理.md,2026-08-01,2026-08-01,P4逐年预测；不包含目标价或IRR。
WB-P4-0671,WB,P4,forecast,estimate,scenario,WB经营预测,Alibaba_ad_revenue,2029E,annual,Global,bull,203.60628,,,USD_mn,USD,E,low,1,annual,WB P3 阶段报告,WB_P3_财务质量资产兑现管理层与治理.md,2026-08-01,2026-08-01,P4逐年预测；不包含目标价或IRR。
WB-P4-0672,WB,P4,forecast,estimate,scenario,WB经营预测,VAS_revenue,2029E,annual,Global,bull,259.99596,,,USD_mn,USD,E,low,1,annual,WB P3 阶段报告,WB_P3_财务质量资产兑现管理层与治理.md,2026-08-01,2026-08-01,P4逐年预测；不包含目标价或IRR。
WB-P4-0673,WB,P4,forecast,estimate,scenario,WB经营预测,total_revenue,2029E,annual,Global,bull,2093.30304,,,USD_mn,USD,E,low,1,annual,WB P3 阶段报告,WB_P3_财务质量资产兑现管理层与治理.md,2026-08-01,2026-08-01,P4逐年预测；不包含目标价或IRR。
WB-P4-0674,WB,P4,forecast,estimate,scenario,WB经营预测,GAAP_operating_margin,2029E,annual,Global,bull,0.29,,,%,N/A,E,low,1,annual,WB P3 阶段报告,WB_P3_财务质量资产兑现管理层与治理.md,2026-08-01,2026-08-01,P4逐年预测；不包含目标价或IRR。
WB-P4-0675,WB,P4,forecast,estimate,scenario,WB经营预测,GAAP_operating_income,2029E,annual,Global,bull,607.057882,,,USD_mn,USD,E,low,1,annual,WB P3 阶段报告,WB_P3_财务质量资产兑现管理层与治理.md,2026-08-01,2026-08-01,P4逐年预测；不包含目标价或IRR。
WB-P4-0676,WB,P4,forecast,estimate,scenario,WB经营预测,depreciation_and_amortization,2029E,annual,Global,bull,71.172303,,,USD_mn,USD,E,low,1,annual,WB P3 阶段报告,WB_P3_财务质量资产兑现管理层与治理.md,2026-08-01,2026-08-01,P4逐年预测；不包含目标价或IRR。
WB-P4-0677,WB,P4,forecast,estimate,scenario,WB经营预测,maintenance_capex,2029E,annual,Global,bull,50.239273,,,USD_mn,USD,E,low,1,annual,WB P3 阶段报告,WB_P3_财务质量资产兑现管理层与治理.md,2026-08-01,2026-08-01,P4逐年预测；不包含目标价或IRR。
WB-P4-0678,WB,P4,forecast,estimate,scenario,WB经营预测,normalized_owner_earnings,2029E,annual,Global,bull,476.226442,,,USD_mn,USD,E,low,1,annual,WB P3 阶段报告,WB_P3_财务质量资产兑现管理层与治理.md,2026-08-01,2026-08-01,P4逐年预测；不包含目标价或IRR。
WB-P4-0679,WB,P4,forecast,estimate,scenario,WB经营预测,owner_earnings_per_diluted_ADS,2029E,annual,Global,bull,1.920453,,,USD_per_ADS,USD,E,low,1,annual,WB P3 阶段报告,WB_P3_财务质量资产兑现管理层与治理.md,2026-08-01,2026-08-01,P4逐年预测；不包含目标价或IRR。
WB-P4-0680,WB,P4,capital_return_forecast,estimate,scenario,WB经营预测,cash_dividends,2029E,annual,Global,bull,238.113221,,,USD_mn,USD,E,low,1,annual,WB P3 阶段报告,WB_P3_财务质量资产兑现管理层与治理.md,2026-08-01,2026-08-01,P4逐年预测；不包含目标价或IRR。
WB-P4-0681,WB,P4,capital_return_forecast,estimate,scenario,WB经营预测,actual_buyback_cash,2029E,annual,Global,bull,75.0,,,USD_mn,USD,E,low,1,annual,WB P3 阶段报告,WB_P3_财务质量资产兑现管理层与治理.md,2026-08-01,2026-08-01,P4逐年预测；不包含目标价或IRR。
WB-P4-0682,WB,P4,capital_return_forecast,estimate,scenario,WB经营预测,average_buyback_price_assumption,2029E,annual,Global,bull,11.24864,,,USD_per_ADS,USD,E,low,1,annual,WB P3 阶段报告,WB_P3_财务质量资产兑现管理层与治理.md,2026-08-01,2026-08-01,P4逐年预测；不包含目标价或IRR。
WB-P4-0683,WB,P4,capital_return_forecast,estimate,scenario,WB经营预测,gross_ADS_repurchased,2029E,annual,Global,bull,6.667473,,,shares_mn,N/A,E,low,1,annual,WB P3 阶段报告,WB_P3_财务质量资产兑现管理层与治理.md,2026-08-01,2026-08-01,P4逐年预测；不包含目标价或IRR。
WB-P4-0684,WB,P4,capital_return_forecast,estimate,scenario,WB经营预测,SBC_and_equity_dilution_rate,2029E,annual,Global,bull,0.005,,,%,N/A,E,low,1,annual,WB P3 阶段报告,WB_P3_财务质量资产兑现管理层与治理.md,2026-08-01,2026-08-01,P4逐年预测；不包含目标价或IRR。
WB-P4-0685,WB,P4,share_count_forecast,estimate,scenario,WB经营预测,ending_diluted_ADS,2029E,annual,Global,bull,247.976094,,,shares_mn,N/A,E,low,1,annual,WB P3 阶段报告,WB_P3_财务质量资产兑现管理层与治理.md,2026-08-01,2026-08-01,P4逐年预测；不包含目标价或IRR。
WB-P4-0686,WB,P4,balance_sheet_forecast,estimate,scenario,WB经营预测,cash_and_short_term_investments,2029E,annual,Global,bull,2083.525493,,,USD_mn,USD,E,low,1,annual,WB P3 阶段报告,WB_P3_财务质量资产兑现管理层与治理.md,2026-08-01,2026-08-01,P4逐年预测；不包含目标价或IRR。
WB-P4-0687,WB,P4,balance_sheet_forecast,estimate,scenario,WB经营预测,long_term_WMP_book_value,2029E,annual,Global,bull,620.459,,,USD_mn,USD,E,low,1,annual,WB P3 阶段报告,WB_P3_财务质量资产兑现管理层与治理.md,2026-08-01,2026-08-01,P4逐年预测；不包含目标价或IRR。
WB-P4-0688,WB,P4,balance_sheet_forecast,estimate,scenario,WB经营预测,gross_debt,2029E,annual,Global,bull,745.63,,,USD_mn,USD,E,low,1,annual,WB P3 阶段报告,WB_P3_财务质量资产兑现管理层与治理.md,2026-08-01,2026-08-01,P4逐年预测；不包含目标价或IRR。
WB-P4-0689,WB,P4,balance_sheet_forecast,estimate,scenario,WB经营预测,other_financial_assets_book_value,2029E,annual,Global,bull,2555.970455,,,USD_mn,USD,E,low,1,annual,WB P3 阶段报告,WB_P3_财务质量资产兑现管理层与治理.md,2026-08-01,2026-08-01,P4逐年预测；不包含目标价或IRR。
WB-P4-0690,WB,P4,balance_sheet_forecast,estimate,scenario,WB经营预测,new_investment_and_loan_funding,2029E,annual,Global,bull,50.0,,,USD_mn,USD,E,low,1,annual,WB P3 阶段报告,WB_P3_财务质量资产兑现管理层与治理.md,2026-08-01,2026-08-01,P4逐年预测；不包含目标价或IRR。
WB-P4-0691,WB,P4,balance_sheet_forecast,estimate,scenario,WB经营预测,investment_and_loan_monetization,2029E,annual,Global,bull,100.0,,,USD_mn,USD,E,low,1,annual,WB P3 阶段报告,WB_P3_财务质量资产兑现管理层与治理.md,2026-08-01,2026-08-01,P4逐年预测；不包含目标价或IRR。
WB-P4-0692,WB,P4,balance_sheet_forecast,estimate,scenario,WB经营预测,investment_and_loan_impairment,2029E,annual,Global,bull,26.322934,,,USD_mn,USD,E,low,1,annual,WB P3 阶段报告,WB_P3_财务质量资产兑现管理层与治理.md,2026-08-01,2026-08-01,P4逐年预测；不包含目标价或IRR。
WB-P4-0693,WB,P4,balance_sheet_forecast,estimate,scenario,WB经营预测,recoverable_asset_support_before_governance_discount,2029E,annual,Global,bull,3240.725634,,,USD_mn,USD,E,low,1,annual,WB P3 阶段报告,WB_P3_财务质量资产兑现管理层与治理.md,2026-08-01,2026-08-01,P4逐年预测；不包含目标价或IRR。
WB-P4-0694,WB,P4,balance_sheet_forecast,estimate,scenario,WB经营预测,asset_support_per_diluted_ADS,2029E,annual,Global,bull,13.068702,,,USD_per_ADS,USD,E,low,1,annual,WB P3 阶段报告,WB_P3_财务质量资产兑现管理层与治理.md,2026-08-01,2026-08-01,P4逐年预测；不包含目标价或IRR。
WB-P4-0695,WB,P4,forecast,estimate,scenario,WB经营预测,non_Alibaba_ad_revenue,2030E,annual,Global,bull,1678.591824,,,USD_mn,USD,E,low,1,annual,WB P3 阶段报告,WB_P3_财务质量资产兑现管理层与治理.md,2026-08-01,2026-08-01,P4逐年预测；不包含目标价或IRR。
WB-P4-0696,WB,P4,forecast,estimate,scenario,WB经营预测,Alibaba_ad_revenue,2030E,annual,Global,bull,205.642343,,,USD_mn,USD,E,low,1,annual,WB P3 阶段报告,WB_P3_财务质量资产兑现管理层与治理.md,2026-08-01,2026-08-01,P4逐年预测；不包含目标价或IRR。
WB-P4-0697,WB,P4,forecast,estimate,scenario,WB经营预测,VAS_revenue,2030E,annual,Global,bull,265.195879,,,USD_mn,USD,E,low,1,annual,WB P3 阶段报告,WB_P3_财务质量资产兑现管理层与治理.md,2026-08-01,2026-08-01,P4逐年预测；不包含目标价或IRR。
WB-P4-0698,WB,P4,forecast,estimate,scenario,WB经营预测,total_revenue,2030E,annual,Global,bull,2149.430046,,,USD_mn,USD,E,low,1,annual,WB P3 阶段报告,WB_P3_财务质量资产兑现管理层与治理.md,2026-08-01,2026-08-01,P4逐年预测；不包含目标价或IRR。
WB-P4-0699,WB,P4,forecast,estimate,scenario,WB经营预测,GAAP_operating_margin,2030E,annual,Global,bull,0.29,,,%,N/A,E,low,1,annual,WB P3 阶段报告,WB_P3_财务质量资产兑现管理层与治理.md,2026-08-01,2026-08-01,P4逐年预测；不包含目标价或IRR。
WB-P4-0700,WB,P4,forecast,estimate,scenario,WB经营预测,GAAP_operating_income,2030E,annual,Global,bull,623.334713,,,USD_mn,USD,E,low,1,annual,WB P3 阶段报告,WB_P3_财务质量资产兑现管理层与治理.md,2026-08-01,2026-08-01,P4逐年预测；不包含目标价或IRR。
WB-P4-0701,WB,P4,forecast,estimate,scenario,WB经营预测,depreciation_and_amortization,2030E,annual,Global,bull,73.080622,,,USD_mn,USD,E,low,1,annual,WB P3 阶段报告,WB_P3_财务质量资产兑现管理层与治理.md,2026-08-01,2026-08-01,P4逐年预测；不包含目标价或IRR。
WB-P4-0702,WB,P4,forecast,estimate,scenario,WB经营预测,maintenance_capex,2030E,annual,Global,bull,51.586321,,,USD_mn,USD,E,low,1,annual,WB P3 阶段报告,WB_P3_财务质量资产兑现管理层与治理.md,2026-08-01,2026-08-01,P4逐年预测；不包含目标价或IRR。
WB-P4-0703,WB,P4,forecast,estimate,scenario,WB经营预测,normalized_owner_earnings,2030E,annual,Global,bull,488.995335,,,USD_mn,USD,E,low,1,annual,WB P3 阶段报告,WB_P3_财务质量资产兑现管理层与治理.md,2026-08-01,2026-08-01,P4逐年预测；不包含目标价或IRR。
WB-P4-0704,WB,P4,forecast,estimate,scenario,WB经营预测,owner_earnings_per_diluted_ADS,2030E,annual,Global,bull,2.013943,,,USD_per_ADS,USD,E,low,1,annual,WB P3 阶段报告,WB_P3_财务质量资产兑现管理层与治理.md,2026-08-01,2026-08-01,P4逐年预测；不包含目标价或IRR。
WB-P4-0705,WB,P4,capital_return_forecast,estimate,scenario,WB经营预测,cash_dividends,2030E,annual,Global,bull,244.497668,,,USD_mn,USD,E,low,1,annual,WB P3 阶段报告,WB_P3_财务质量资产兑现管理层与治理.md,2026-08-01,2026-08-01,P4逐年预测；不包含目标价或IRR。
WB-P4-0706,WB,P4,capital_return_forecast,estimate,scenario,WB经营预测,actual_buyback_cash,2030E,annual,Global,bull,75.0,,,USD_mn,USD,E,low,1,annual,WB P3 阶段报告,WB_P3_财务质量资产兑现管理层与治理.md,2026-08-01,2026-08-01,P4逐年预测；不包含目标价或IRR。
WB-P4-0707,WB,P4,capital_return_forecast,estimate,scenario,WB经营预测,average_buyback_price_assumption,2030E,annual,Global,bull,11.698586,,,USD_per_ADS,USD,E,low,1,annual,WB P3 阶段报告,WB_P3_财务质量资产兑现管理层与治理.md,2026-08-01,2026-08-01,P4逐年预测；不包含目标价或IRR。
WB-P4-0708,WB,P4,capital_return_forecast,estimate,scenario,WB经营预测,gross_ADS_repurchased,2030E,annual,Global,bull,6.411031,,,shares_mn,N/A,E,low,1,annual,WB P3 阶段报告,WB_P3_财务质量资产兑现管理层与治理.md,2026-08-01,2026-08-01,P4逐年预测；不包含目标价或IRR。
WB-P4-0709,WB,P4,capital_return_forecast,estimate,scenario,WB经营预测,SBC_and_equity_dilution_rate,2030E,annual,Global,bull,0.005,,,%,N/A,E,low,1,annual,WB P3 阶段报告,WB_P3_财务质量资产兑现管理层与治理.md,2026-08-01,2026-08-01,P4逐年预测；不包含目标价或IRR。
WB-P4-0710,WB,P4,share_count_forecast,estimate,scenario,WB经营预测,ending_diluted_ADS,2030E,annual,Global,bull,242.804943,,,shares_mn,N/A,E,low,1,annual,WB P3 阶段报告,WB_P3_财务质量资产兑现管理层与治理.md,2026-08-01,2026-08-01,P4逐年预测；不包含目标价或IRR。
WB-P4-0711,WB,P4,balance_sheet_forecast,estimate,scenario,WB经营预测,cash_and_short_term_investments,2030E,annual,Global,bull,1557.393161,,,USD_mn,USD,E,low,1,annual,WB P3 阶段报告,WB_P3_财务质量资产兑现管理层与治理.md,2026-08-01,2026-08-01,P4逐年预测；不包含目标价或IRR。
WB-P4-0712,WB,P4,balance_sheet_forecast,estimate,scenario,WB经营预测,long_term_WMP_book_value,2030E,annual,Global,bull,620.459,,,USD_mn,USD,E,low,1,annual,WB P3 阶段报告,WB_P3_财务质量资产兑现管理层与治理.md,2026-08-01,2026-08-01,P4逐年预测；不包含目标价或IRR。
WB-P4-0713,WB,P4,balance_sheet_forecast,estimate,scenario,WB经营预测,gross_debt,2030E,annual,Global,bull,0.0,,,USD_mn,USD,E,low,1,annual,WB P3 阶段报告,WB_P3_财务质量资产兑现管理层与治理.md,2026-08-01,2026-08-01,P4逐年预测；不包含目标价或IRR。
WB-P4-0714,WB,P4,balance_sheet_forecast,estimate,scenario,WB经营预测,other_financial_assets_book_value,2030E,annual,Global,bull,2480.41075,,,USD_mn,USD,E,low,1,annual,WB P3 阶段报告,WB_P3_财务质量资产兑现管理层与治理.md,2026-08-01,2026-08-01,P4逐年预测；不包含目标价或IRR。
WB-P4-0715,WB,P4,balance_sheet_forecast,estimate,scenario,WB经营预测,new_investment_and_loan_funding,2030E,annual,Global,bull,50.0,,,USD_mn,USD,E,low,1,annual,WB P3 阶段报告,WB_P3_财务质量资产兑现管理层与治理.md,2026-08-01,2026-08-01,P4逐年预测；不包含目标价或IRR。
WB-P4-0716,WB,P4,balance_sheet_forecast,estimate,scenario,WB经营预测,investment_and_loan_monetization,2030E,annual,Global,bull,100.0,,,USD_mn,USD,E,low,1,annual,WB P3 阶段报告,WB_P3_财务质量资产兑现管理层与治理.md,2026-08-01,2026-08-01,P4逐年预测；不包含目标价或IRR。
WB-P4-0717,WB,P4,balance_sheet_forecast,estimate,scenario,WB经营预测,investment_and_loan_impairment,2030E,annual,Global,bull,25.559705,,,USD_mn,USD,E,low,1,annual,WB P3 阶段报告,WB_P3_财务质量资产兑现管理层与治理.md,2026-08-01,2026-08-01,P4逐年预测；不包含目标价或IRR。
WB-P4-0718,WB,P4,balance_sheet_forecast,estimate,scenario,WB经营预测,recoverable_asset_support_before_governance_discount,2030E,annual,Global,bull,3409.571875,,,USD_mn,USD,E,low,1,annual,WB P3 阶段报告,WB_P3_财务质量资产兑现管理层与治理.md,2026-08-01,2026-08-01,P4逐年预测；不包含目标价或IRR。
WB-P4-0719,WB,P4,balance_sheet_forecast,estimate,scenario,WB经营预测,asset_support_per_diluted_ADS,2030E,annual,Global,bull,14.042432,,,USD_per_ADS,USD,E,low,1,annual,WB P3 阶段报告,WB_P3_财务质量资产兑现管理层与治理.md,2026-08-01,2026-08-01,P4逐年预测；不包含目标价或IRR。
WB-P4-0720,WB,P4,forecast,estimate,scenario,WB经营预测,non_Alibaba_ad_revenue,2031E,annual,Global,bull,1712.16366,,,USD_mn,USD,E,low,1,annual,WB P3 阶段报告,WB_P3_财务质量资产兑现管理层与治理.md,2026-08-01,2026-08-01,P4逐年预测；不包含目标价或IRR。
WB-P4-0721,WB,P4,forecast,estimate,scenario,WB经营预测,Alibaba_ad_revenue,2031E,annual,Global,bull,209.75519,,,USD_mn,USD,E,low,1,annual,WB P3 阶段报告,WB_P3_财务质量资产兑现管理层与治理.md,2026-08-01,2026-08-01,P4逐年预测；不包含目标价或IRR。
WB-P4-0722,WB,P4,forecast,estimate,scenario,WB经营预测,VAS_revenue,2031E,annual,Global,bull,270.499797,,,USD_mn,USD,E,low,1,annual,WB P3 阶段报告,WB_P3_财务质量资产兑现管理层与治理.md,2026-08-01,2026-08-01,P4逐年预测；不包含目标价或IRR。
WB-P4-0723,WB,P4,forecast,estimate,scenario,WB经营预测,total_revenue,2031E,annual,Global,bull,2192.418647,,,USD_mn,USD,E,low,1,annual,WB P3 阶段报告,WB_P3_财务质量资产兑现管理层与治理.md,2026-08-01,2026-08-01,P4逐年预测；不包含目标价或IRR。
WB-P4-0724,WB,P4,forecast,estimate,scenario,WB经营预测,GAAP_operating_margin,2031E,annual,Global,bull,0.29,,,%,N/A,E,low,1,annual,WB P3 阶段报告,WB_P3_财务质量资产兑现管理层与治理.md,2026-08-01,2026-08-01,P4逐年预测；不包含目标价或IRR。
WB-P4-0725,WB,P4,forecast,estimate,scenario,WB经营预测,GAAP_operating_income,2031E,annual,Global,bull,635.801408,,,USD_mn,USD,E,low,1,annual,WB P3 阶段报告,WB_P3_财务质量资产兑现管理层与治理.md,2026-08-01,2026-08-01,P4逐年预测；不包含目标价或IRR。
WB-P4-0726,WB,P4,forecast,estimate,scenario,WB经营预测,depreciation_and_amortization,2031E,annual,Global,bull,74.542234,,,USD_mn,USD,E,low,1,annual,WB P3 阶段报告,WB_P3_财务质量资产兑现管理层与治理.md,2026-08-01,2026-08-01,P4逐年预测；不包含目标价或IRR。
WB-P4-0727,WB,P4,forecast,estimate,scenario,WB经营预测,maintenance_capex,2031E,annual,Global,bull,52.618048,,,USD_mn,USD,E,low,1,annual,WB P3 阶段报告,WB_P3_财务质量资产兑现管理层与治理.md,2026-08-01,2026-08-01,P4逐年预测；不包含目标价或IRR。
WB-P4-0728,WB,P4,forecast,estimate,scenario,WB经营预测,normalized_owner_earnings,2031E,annual,Global,bull,498.775242,,,USD_mn,USD,E,low,1,annual,WB P3 阶段报告,WB_P3_财务质量资产兑现管理层与治理.md,2026-08-01,2026-08-01,P4逐年预测；不包含目标价或IRR。
WB-P4-0729,WB,P4,forecast,estimate,scenario,WB经营预测,owner_earnings_per_diluted_ADS,2031E,annual,Global,bull,2.107902,,,USD_per_ADS,USD,E,low,1,annual,WB P3 阶段报告,WB_P3_财务质量资产兑现管理层与治理.md,2026-08-01,2026-08-01,P4逐年预测；不包含目标价或IRR。
WB-P4-0730,WB,P4,capital_return_forecast,estimate,scenario,WB经营预测,cash_dividends,2031E,annual,Global,bull,249.387621,,,USD_mn,USD,E,low,1,annual,WB P3 阶段报告,WB_P3_财务质量资产兑现管理层与治理.md,2026-08-01,2026-08-01,P4逐年预测；不包含目标价或IRR。
WB-P4-0731,WB,P4,capital_return_forecast,estimate,scenario,WB经营预测,actual_buyback_cash,2031E,annual,Global,bull,90.0,,,USD_mn,USD,E,low,1,annual,WB P3 阶段报告,WB_P3_财务质量资产兑现管理层与治理.md,2026-08-01,2026-08-01,P4逐年预测；不包含目标价或IRR。
WB-P4-0732,WB,P4,capital_return_forecast,estimate,scenario,WB经营预测,average_buyback_price_assumption,2031E,annual,Global,bull,12.166529,,,USD_per_ADS,USD,E,low,1,annual,WB P3 阶段报告,WB_P3_财务质量资产兑现管理层与治理.md,2026-08-01,2026-08-01,P4逐年预测；不包含目标价或IRR。
WB-P4-0733,WB,P4,capital_return_forecast,estimate,scenario,WB经营预测,gross_ADS_repurchased,2031E,annual,Global,bull,7.397344,,,shares_mn,N/A,E,low,1,annual,WB P3 阶段报告,WB_P3_财务质量资产兑现管理层与治理.md,2026-08-01,2026-08-01,P4逐年预测；不包含目标价或IRR。
WB-P4-0734,WB,P4,capital_return_forecast,estimate,scenario,WB经营预测,SBC_and_equity_dilution_rate,2031E,annual,Global,bull,0.005,,,%,N/A,E,low,1,annual,WB P3 阶段报告,WB_P3_财务质量资产兑现管理层与治理.md,2026-08-01,2026-08-01,P4逐年预测；不包含目标价或IRR。
WB-P4-0735,WB,P4,share_count_forecast,estimate,scenario,WB经营预测,ending_diluted_ADS,2031E,annual,Global,bull,236.621623,,,shares_mn,N/A,E,low,1,annual,WB P3 阶段报告,WB_P3_财务质量资产兑现管理层与治理.md,2026-08-01,2026-08-01,P4逐年预测；不包含目标价或IRR。
WB-P4-0736,WB,P4,balance_sheet_forecast,estimate,scenario,WB经营预测,cash_and_short_term_investments,2031E,annual,Global,bull,1791.780782,,,USD_mn,USD,E,low,1,annual,WB P3 阶段报告,WB_P3_财务质量资产兑现管理层与治理.md,2026-08-01,2026-08-01,P4逐年预测；不包含目标价或IRR。
WB-P4-0737,WB,P4,balance_sheet_forecast,estimate,scenario,WB经营预测,long_term_WMP_book_value,2031E,annual,Global,bull,620.459,,,USD_mn,USD,E,low,1,annual,WB P3 阶段报告,WB_P3_财务质量资产兑现管理层与治理.md,2026-08-01,2026-08-01,P4逐年预测；不包含目标价或IRR。
WB-P4-0738,WB,P4,balance_sheet_forecast,estimate,scenario,WB经营预测,gross_debt,2031E,annual,Global,bull,0.0,,,USD_mn,USD,E,low,1,annual,WB P3 阶段报告,WB_P3_财务质量资产兑现管理层与治理.md,2026-08-01,2026-08-01,P4逐年预测；不包含目标价或IRR。
WB-P4-0739,WB,P4,balance_sheet_forecast,estimate,scenario,WB经营预测,other_financial_assets_book_value,2031E,annual,Global,bull,2380.606643,,,USD_mn,USD,E,low,1,annual,WB P3 阶段报告,WB_P3_财务质量资产兑现管理层与治理.md,2026-08-01,2026-08-01,P4逐年预测；不包含目标价或IRR。
WB-P4-0740,WB,P4,balance_sheet_forecast,estimate,scenario,WB经营预测,new_investment_and_loan_funding,2031E,annual,Global,bull,25.0,,,USD_mn,USD,E,low,1,annual,WB P3 阶段报告,WB_P3_财务质量资产兑现管理层与治理.md,2026-08-01,2026-08-01,P4逐年预测；不包含目标价或IRR。
WB-P4-0741,WB,P4,balance_sheet_forecast,estimate,scenario,WB经营预测,investment_and_loan_monetization,2031E,annual,Global,bull,100.0,,,USD_mn,USD,E,low,1,annual,WB P3 阶段报告,WB_P3_财务质量资产兑现管理层与治理.md,2026-08-01,2026-08-01,P4逐年预测；不包含目标价或IRR。
WB-P4-0742,WB,P4,balance_sheet_forecast,estimate,scenario,WB经营预测,investment_and_loan_impairment,2031E,annual,Global,bull,24.804108,,,USD_mn,USD,E,low,1,annual,WB P3 阶段报告,WB_P3_财务质量资产兑现管理层与治理.md,2026-08-01,2026-08-01,P4逐年预测；不包含目标价或IRR。
WB-P4-0743,WB,P4,balance_sheet_forecast,estimate,scenario,WB经营预测,recoverable_asset_support_before_governance_discount,2031E,annual,Global,bull,3577.05584,,,USD_mn,USD,E,low,1,annual,WB P3 阶段报告,WB_P3_财务质量资产兑现管理层与治理.md,2026-08-01,2026-08-01,P4逐年预测；不包含目标价或IRR。
WB-P4-0744,WB,P4,balance_sheet_forecast,estimate,scenario,WB经营预测,asset_support_per_diluted_ADS,2031E,annual,Global,bull,15.117198,,,USD_per_ADS,USD,E,low,1,annual,WB P3 阶段报告,WB_P3_财务质量资产兑现管理层与治理.md,2026-08-01,2026-08-01,P4逐年预测；不包含目标价或IRR。
WB-P4-0745,WB,P4,forecast,estimate,scenario,WB经营预测,non_Alibaba_ad_revenue,2032E,annual,Global,bull,1746.406934,,,USD_mn,USD,E,low,1,annual,WB P3 阶段报告,WB_P3_财务质量资产兑现管理层与治理.md,2026-08-01,2026-08-01,P4逐年预测；不包含目标价或IRR。
WB-P4-0746,WB,P4,forecast,estimate,scenario,WB经营预测,Alibaba_ad_revenue,2032E,annual,Global,bull,213.950293,,,USD_mn,USD,E,low,1,annual,WB P3 阶段报告,WB_P3_财务质量资产兑现管理层与治理.md,2026-08-01,2026-08-01,P4逐年预测；不包含目标价或IRR。
WB-P4-0747,WB,P4,forecast,estimate,scenario,WB经营预测,VAS_revenue,2032E,annual,Global,bull,275.909793,,,USD_mn,USD,E,low,1,annual,WB P3 阶段报告,WB_P3_财务质量资产兑现管理层与治理.md,2026-08-01,2026-08-01,P4逐年预测；不包含目标价或IRR。
WB-P4-0748,WB,P4,forecast,estimate,scenario,WB经营预测,total_revenue,2032E,annual,Global,bull,2236.26702,,,USD_mn,USD,E,low,1,annual,WB P3 阶段报告,WB_P3_财务质量资产兑现管理层与治理.md,2026-08-01,2026-08-01,P4逐年预测；不包含目标价或IRR。
WB-P4-0749,WB,P4,forecast,estimate,scenario,WB经营预测,GAAP_operating_margin,2032E,annual,Global,bull,0.29,,,%,N/A,E,low,1,annual,WB P3 阶段报告,WB_P3_财务质量资产兑现管理层与治理.md,2026-08-01,2026-08-01,P4逐年预测；不包含目标价或IRR。
WB-P4-0750,WB,P4,forecast,estimate,scenario,WB经营预测,GAAP_operating_income,2032E,annual,Global,bull,648.517436,,,USD_mn,USD,E,low,1,annual,WB P3 阶段报告,WB_P3_财务质量资产兑现管理层与治理.md,2026-08-01,2026-08-01,P4逐年预测；不包含目标价或IRR。
WB-P4-0751,WB,P4,forecast,estimate,scenario,WB经营预测,depreciation_and_amortization,2032E,annual,Global,bull,76.033079,,,USD_mn,USD,E,low,1,annual,WB P3 阶段报告,WB_P3_财务质量资产兑现管理层与治理.md,2026-08-01,2026-08-01,P4逐年预测；不包含目标价或IRR。
WB-P4-0752,WB,P4,forecast,estimate,scenario,WB经营预测,maintenance_capex,2032E,annual,Global,bull,53.670408,,,USD_mn,USD,E,low,1,annual,WB P3 阶段报告,WB_P3_财务质量资产兑现管理层与治理.md,2026-08-01,2026-08-01,P4逐年预测；不包含目标价或IRR。
WB-P4-0753,WB,P4,forecast,estimate,scenario,WB经营预测,normalized_owner_earnings,2032E,annual,Global,bull,508.750747,,,USD_mn,USD,E,low,1,annual,WB P3 阶段报告,WB_P3_财务质量资产兑现管理层与治理.md,2026-08-01,2026-08-01,P4逐年预测；不包含目标价或IRR。
WB-P4-0754,WB,P4,forecast,estimate,scenario,WB经营预测,owner_earnings_per_diluted_ADS,2032E,annual,Global,bull,2.205326,,,USD_per_ADS,USD,E,low,1,annual,WB P3 阶段报告,WB_P3_财务质量资产兑现管理层与治理.md,2026-08-01,2026-08-01,P4逐年预测；不包含目标价或IRR。
WB-P4-0755,WB,P4,capital_return_forecast,estimate,scenario,WB经营预测,cash_dividends,2032E,annual,Global,bull,254.375374,,,USD_mn,USD,E,low,1,annual,WB P3 阶段报告,WB_P3_财务质量资产兑现管理层与治理.md,2026-08-01,2026-08-01,P4逐年预测；不包含目标价或IRR。
WB-P4-0756,WB,P4,capital_return_forecast,estimate,scenario,WB经营预测,actual_buyback_cash,2032E,annual,Global,bull,90.0,,,USD_mn,USD,E,low,1,annual,WB P3 阶段报告,WB_P3_财务质量资产兑现管理层与治理.md,2026-08-01,2026-08-01,P4逐年预测；不包含目标价或IRR。
WB-P4-0757,WB,P4,capital_return_forecast,estimate,scenario,WB经营预测,average_buyback_price_assumption,2032E,annual,Global,bull,12.65319,,,USD_per_ADS,USD,E,low,1,annual,WB P3 阶段报告,WB_P3_财务质量资产兑现管理层与治理.md,2026-08-01,2026-08-01,P4逐年预测；不包含目标价或IRR。
WB-P4-0758,WB,P4,capital_return_forecast,estimate,scenario,WB经营预测,gross_ADS_repurchased,2032E,annual,Global,bull,7.112831,,,shares_mn,N/A,E,low,1,annual,WB P3 阶段报告,WB_P3_财务质量资产兑现管理层与治理.md,2026-08-01,2026-08-01,P4逐年预测；不包含目标价或IRR。
WB-P4-0759,WB,P4,capital_return_forecast,estimate,scenario,WB经营预测,SBC_and_equity_dilution_rate,2032E,annual,Global,bull,0.005,,,%,N/A,E,low,1,annual,WB P3 阶段报告,WB_P3_财务质量资产兑现管理层与治理.md,2026-08-01,2026-08-01,P4逐年预测；不包含目标价或IRR。
WB-P4-0760,WB,P4,share_count_forecast,estimate,scenario,WB经营预测,ending_diluted_ADS,2032E,annual,Global,bull,230.691901,,,shares_mn,N/A,E,low,1,annual,WB P3 阶段报告,WB_P3_财务质量资产兑现管理层与治理.md,2026-08-01,2026-08-01,P4逐年预测；不包含目标价或IRR。
WB-P4-0761,WB,P4,balance_sheet_forecast,estimate,scenario,WB经营预测,cash_and_short_term_investments,2032E,annual,Global,bull,2031.156155,,,USD_mn,USD,E,low,1,annual,WB P3 阶段报告,WB_P3_财务质量资产兑现管理层与治理.md,2026-08-01,2026-08-01,P4逐年预测；不包含目标价或IRR。
WB-P4-0762,WB,P4,balance_sheet_forecast,estimate,scenario,WB经营预测,long_term_WMP_book_value,2032E,annual,Global,bull,620.459,,,USD_mn,USD,E,low,1,annual,WB P3 阶段报告,WB_P3_财务质量资产兑现管理层与治理.md,2026-08-01,2026-08-01,P4逐年预测；不包含目标价或IRR。
WB-P4-0763,WB,P4,balance_sheet_forecast,estimate,scenario,WB经营预测,gross_debt,2032E,annual,Global,bull,0.0,,,USD_mn,USD,E,low,1,annual,WB P3 阶段报告,WB_P3_财务质量资产兑现管理层与治理.md,2026-08-01,2026-08-01,P4逐年预测；不包含目标价或IRR。
WB-P4-0764,WB,P4,balance_sheet_forecast,estimate,scenario,WB经营预测,other_financial_assets_book_value,2032E,annual,Global,bull,2281.800576,,,USD_mn,USD,E,low,1,annual,WB P3 阶段报告,WB_P3_财务质量资产兑现管理层与治理.md,2026-08-01,2026-08-01,P4逐年预测；不包含目标价或IRR。
WB-P4-0765,WB,P4,balance_sheet_forecast,estimate,scenario,WB经营预测,new_investment_and_loan_funding,2032E,annual,Global,bull,25.0,,,USD_mn,USD,E,low,1,annual,WB P3 阶段报告,WB_P3_财务质量资产兑现管理层与治理.md,2026-08-01,2026-08-01,P4逐年预测；不包含目标价或IRR。
WB-P4-0766,WB,P4,balance_sheet_forecast,estimate,scenario,WB经营预测,investment_and_loan_monetization,2032E,annual,Global,bull,100.0,,,USD_mn,USD,E,low,1,annual,WB P3 阶段报告,WB_P3_财务质量资产兑现管理层与治理.md,2026-08-01,2026-08-01,P4逐年预测；不包含目标价或IRR。
WB-P4-0767,WB,P4,balance_sheet_forecast,estimate,scenario,WB经营预测,investment_and_loan_impairment,2032E,annual,Global,bull,23.806066,,,USD_mn,USD,E,low,1,annual,WB P3 阶段报告,WB_P3_财务质量资产兑现管理层与治理.md,2026-08-01,2026-08-01,P4逐年预测；不包含目标价或IRR。
WB-P4-0768,WB,P4,balance_sheet_forecast,estimate,scenario,WB经营预测,recoverable_asset_support_before_governance_discount,2032E,annual,Global,bull,3750.196594,,,USD_mn,USD,E,low,1,annual,WB P3 阶段报告,WB_P3_财务质量资产兑现管理层与治理.md,2026-08-01,2026-08-01,P4逐年预测；不包含目标价或IRR。
WB-P4-0769,WB,P4,balance_sheet_forecast,estimate,scenario,WB经营预测,asset_support_per_diluted_ADS,2032E,annual,Global,bull,16.256299,,,USD_per_ADS,USD,E,low,1,annual,WB P3 阶段报告,WB_P3_财务质量资产兑现管理层与治理.md,2026-08-01,2026-08-01,P4逐年预测；不包含目标价或IRR。
WB-P4-0770,WB,P4,forecast,estimate,scenario,WB经营预测,non_Alibaba_ad_revenue,2033E,annual,Global,bull,1781.335072,,,USD_mn,USD,E,low,1,annual,WB P3 阶段报告,WB_P3_财务质量资产兑现管理层与治理.md,2026-08-01,2026-08-01,P4逐年预测；不包含目标价或IRR。
WB-P4-0771,WB,P4,forecast,estimate,scenario,WB经营预测,Alibaba_ad_revenue,2033E,annual,Global,bull,218.229299,,,USD_mn,USD,E,low,1,annual,WB P3 阶段报告,WB_P3_财务质量资产兑现管理层与治理.md,2026-08-01,2026-08-01,P4逐年预测；不包含目标价或IRR。
WB-P4-0772,WB,P4,forecast,estimate,scenario,WB经营预测,VAS_revenue,2033E,annual,Global,bull,281.427989,,,USD_mn,USD,E,low,1,annual,WB P3 阶段报告,WB_P3_财务质量资产兑现管理层与治理.md,2026-08-01,2026-08-01,P4逐年预测；不包含目标价或IRR。
WB-P4-0773,WB,P4,forecast,estimate,scenario,WB经营预测,total_revenue,2033E,annual,Global,bull,2280.99236,,,USD_mn,USD,E,low,1,annual,WB P3 阶段报告,WB_P3_财务质量资产兑现管理层与治理.md,2026-08-01,2026-08-01,P4逐年预测；不包含目标价或IRR。
WB-P4-0774,WB,P4,forecast,estimate,scenario,WB经营预测,GAAP_operating_margin,2033E,annual,Global,bull,0.29,,,%,N/A,E,low,1,annual,WB P3 阶段报告,WB_P3_财务质量资产兑现管理层与治理.md,2026-08-01,2026-08-01,P4逐年预测；不包含目标价或IRR。
WB-P4-0775,WB,P4,forecast,estimate,scenario,WB经营预测,GAAP_operating_income,2033E,annual,Global,bull,661.487784,,,USD_mn,USD,E,low,1,annual,WB P3 阶段报告,WB_P3_财务质量资产兑现管理层与治理.md,2026-08-01,2026-08-01,P4逐年预测；不包含目标价或IRR。
WB-P4-0776,WB,P4,forecast,estimate,scenario,WB经营预测,depreciation_and_amortization,2033E,annual,Global,bull,77.55374,,,USD_mn,USD,E,low,1,annual,WB P3 阶段报告,WB_P3_财务质量资产兑现管理层与治理.md,2026-08-01,2026-08-01,P4逐年预测；不包含目标价或IRR。
WB-P4-0777,WB,P4,forecast,estimate,scenario,WB经营预测,maintenance_capex,2033E,annual,Global,bull,54.743817,,,USD_mn,USD,E,low,1,annual,WB P3 阶段报告,WB_P3_财务质量资产兑现管理层与治理.md,2026-08-01,2026-08-01,P4逐年预测；不包含目标价或IRR。
WB-P4-0778,WB,P4,forecast,estimate,scenario,WB经营预测,normalized_owner_earnings,2033E,annual,Global,bull,518.925762,,,USD_mn,USD,E,low,1,annual,WB P3 阶段报告,WB_P3_财务质量资产兑现管理层与治理.md,2026-08-01,2026-08-01,P4逐年预测；不包含目标价或IRR。
WB-P4-0779,WB,P4,forecast,estimate,scenario,WB经营预测,owner_earnings_per_diluted_ADS,2033E,annual,Global,bull,2.306274,,,USD_per_ADS,USD,E,low,1,annual,WB P3 阶段报告,WB_P3_财务质量资产兑现管理层与治理.md,2026-08-01,2026-08-01,P4逐年预测；不包含目标价或IRR。
WB-P4-0780,WB,P4,capital_return_forecast,estimate,scenario,WB经营预测,cash_dividends,2033E,annual,Global,bull,259.462881,,,USD_mn,USD,E,low,1,annual,WB P3 阶段报告,WB_P3_财务质量资产兑现管理层与治理.md,2026-08-01,2026-08-01,P4逐年预测；不包含目标价或IRR。
WB-P4-0781,WB,P4,capital_return_forecast,estimate,scenario,WB经营预测,actual_buyback_cash,2033E,annual,Global,bull,90.0,,,USD_mn,USD,E,low,1,annual,WB P3 阶段报告,WB_P3_财务质量资产兑现管理层与治理.md,2026-08-01,2026-08-01,P4逐年预测；不包含目标价或IRR。
WB-P4-0782,WB,P4,capital_return_forecast,estimate,scenario,WB经营预测,average_buyback_price_assumption,2033E,annual,Global,bull,13.159318,,,USD_per_ADS,USD,E,low,1,annual,WB P3 阶段报告,WB_P3_财务质量资产兑现管理层与治理.md,2026-08-01,2026-08-01,P4逐年预测；不包含目标价或IRR。
WB-P4-0783,WB,P4,capital_return_forecast,estimate,scenario,WB经营预测,gross_ADS_repurchased,2033E,annual,Global,bull,6.83926,,,shares_mn,N/A,E,low,1,annual,WB P3 阶段报告,WB_P3_财务质量资产兑现管理层与治理.md,2026-08-01,2026-08-01,P4逐年预测；不包含目标价或IRR。
WB-P4-0784,WB,P4,capital_return_forecast,estimate,scenario,WB经营预测,SBC_and_equity_dilution_rate,2033E,annual,Global,bull,0.005,,,%,N/A,E,low,1,annual,WB P3 阶段报告,WB_P3_财务质量资产兑现管理层与治理.md,2026-08-01,2026-08-01,P4逐年预测；不包含目标价或IRR。
WB-P4-0785,WB,P4,share_count_forecast,estimate,scenario,WB经营预测,ending_diluted_ADS,2033E,annual,Global,bull,225.0061,,,shares_mn,N/A,E,low,1,annual,WB P3 阶段报告,WB_P3_财务质量资产兑现管理层与治理.md,2026-08-01,2026-08-01,P4逐年预测；不包含目标价或IRR。
WB-P4-0786,WB,P4,balance_sheet_forecast,estimate,scenario,WB经营预测,cash_and_short_term_investments,2033E,annual,Global,bull,2275.619036,,,USD_mn,USD,E,low,1,annual,WB P3 阶段报告,WB_P3_财务质量资产兑现管理层与治理.md,2026-08-01,2026-08-01,P4逐年预测；不包含目标价或IRR。
WB-P4-0787,WB,P4,balance_sheet_forecast,estimate,scenario,WB经营预测,long_term_WMP_book_value,2033E,annual,Global,bull,620.459,,,USD_mn,USD,E,low,1,annual,WB P3 阶段报告,WB_P3_财务质量资产兑现管理层与治理.md,2026-08-01,2026-08-01,P4逐年预测；不包含目标价或IRR。
WB-P4-0788,WB,P4,balance_sheet_forecast,estimate,scenario,WB经营预测,gross_debt,2033E,annual,Global,bull,0.0,,,USD_mn,USD,E,low,1,annual,WB P3 阶段报告,WB_P3_财务质量资产兑现管理层与治理.md,2026-08-01,2026-08-01,P4逐年预测；不包含目标价或IRR。
WB-P4-0789,WB,P4,balance_sheet_forecast,estimate,scenario,WB经营预测,other_financial_assets_book_value,2033E,annual,Global,bull,2183.982571,,,USD_mn,USD,E,low,1,annual,WB P3 阶段报告,WB_P3_财务质量资产兑现管理层与治理.md,2026-08-01,2026-08-01,P4逐年预测；不包含目标价或IRR。
WB-P4-0790,WB,P4,balance_sheet_forecast,estimate,scenario,WB经营预测,new_investment_and_loan_funding,2033E,annual,Global,bull,25.0,,,USD_mn,USD,E,low,1,annual,WB P3 阶段报告,WB_P3_财务质量资产兑现管理层与治理.md,2026-08-01,2026-08-01,P4逐年预测；不包含目标价或IRR。
WB-P4-0791,WB,P4,balance_sheet_forecast,estimate,scenario,WB经营预测,investment_and_loan_monetization,2033E,annual,Global,bull,100.0,,,USD_mn,USD,E,low,1,annual,WB P3 阶段报告,WB_P3_财务质量资产兑现管理层与治理.md,2026-08-01,2026-08-01,P4逐年预测；不包含目标价或IRR。
WB-P4-0792,WB,P4,balance_sheet_forecast,estimate,scenario,WB经营预测,investment_and_loan_impairment,2033E,annual,Global,bull,22.818006,,,USD_mn,USD,E,low,1,annual,WB P3 阶段报告,WB_P3_财务质量资产兑现管理层与治理.md,2026-08-01,2026-08-01,P4逐年预测；不包含目标价或IRR。
WB-P4-0793,WB,P4,balance_sheet_forecast,estimate,scenario,WB经营预测,recoverable_asset_support_before_governance_discount,2033E,annual,Global,bull,3929.087201,,,USD_mn,USD,E,low,1,annual,WB P3 阶段报告,WB_P3_财务质量资产兑现管理层与治理.md,2026-08-01,2026-08-01,P4逐年预测；不包含目标价或IRR。
WB-P4-0794,WB,P4,balance_sheet_forecast,estimate,scenario,WB经营预测,asset_support_per_diluted_ADS,2033E,annual,Global,bull,17.462136,,,USD_per_ADS,USD,E,low,1,annual,WB P3 阶段报告,WB_P3_财务质量资产兑现管理层与治理.md,2026-08-01,2026-08-01,P4逐年预测；不包含目标价或IRR。
WB-P4-0795,WB,P4,forecast,estimate,scenario,WB经营预测,non_Alibaba_ad_revenue,2034E,annual,Global,bull,1816.961774,,,USD_mn,USD,E,low,1,annual,WB P3 阶段报告,WB_P3_财务质量资产兑现管理层与治理.md,2026-08-01,2026-08-01,P4逐年预测；不包含目标价或IRR。
WB-P4-0796,WB,P4,forecast,estimate,scenario,WB经营预测,Alibaba_ad_revenue,2034E,annual,Global,bull,222.593885,,,USD_mn,USD,E,low,1,annual,WB P3 阶段报告,WB_P3_财务质量资产兑现管理层与治理.md,2026-08-01,2026-08-01,P4逐年预测；不包含目标价或IRR。
WB-P4-0797,WB,P4,forecast,estimate,scenario,WB经营预测,VAS_revenue,2034E,annual,Global,bull,287.056548,,,USD_mn,USD,E,low,1,annual,WB P3 阶段报告,WB_P3_财务质量资产兑现管理层与治理.md,2026-08-01,2026-08-01,P4逐年预测；不包含目标价或IRR。
WB-P4-0798,WB,P4,forecast,estimate,scenario,WB经营预测,total_revenue,2034E,annual,Global,bull,2326.612207,,,USD_mn,USD,E,low,1,annual,WB P3 阶段报告,WB_P3_财务质量资产兑现管理层与治理.md,2026-08-01,2026-08-01,P4逐年预测；不包含目标价或IRR。
WB-P4-0799,WB,P4,forecast,estimate,scenario,WB经营预测,GAAP_operating_margin,2034E,annual,Global,bull,0.29,,,%,N/A,E,low,1,annual,WB P3 阶段报告,WB_P3_财务质量资产兑现管理层与治理.md,2026-08-01,2026-08-01,P4逐年预测；不包含目标价或IRR。
WB-P4-0800,WB,P4,forecast,estimate,scenario,WB经营预测,GAAP_operating_income,2034E,annual,Global,bull,674.71754,,,USD_mn,USD,E,low,1,annual,WB P3 阶段报告,WB_P3_财务质量资产兑现管理层与治理.md,2026-08-01,2026-08-01,P4逐年预测；不包含目标价或IRR。
WB-P4-0801,WB,P4,forecast,estimate,scenario,WB经营预测,depreciation_and_amortization,2034E,annual,Global,bull,79.104815,,,USD_mn,USD,E,low,1,annual,WB P3 阶段报告,WB_P3_财务质量资产兑现管理层与治理.md,2026-08-01,2026-08-01,P4逐年预测；不包含目标价或IRR。
WB-P4-0802,WB,P4,forecast,estimate,scenario,WB经营预测,maintenance_capex,2034E,annual,Global,bull,55.838693,,,USD_mn,USD,E,low,1,annual,WB P3 阶段报告,WB_P3_财务质量资产兑现管理层与治理.md,2026-08-01,2026-08-01,P4逐年预测；不包含目标价或IRR。
WB-P4-0803,WB,P4,forecast,estimate,scenario,WB经营预测,normalized_owner_earnings,2034E,annual,Global,bull,529.304277,,,USD_mn,USD,E,low,1,annual,WB P3 阶段报告,WB_P3_财务质量资产兑现管理层与治理.md,2026-08-01,2026-08-01,P4逐年预测；不包含目标价或IRR。
WB-P4-0804,WB,P4,forecast,estimate,scenario,WB经营预测,owner_earnings_per_diluted_ADS,2034E,annual,Global,bull,2.410806,,,USD_per_ADS,USD,E,low,1,annual,WB P3 阶段报告,WB_P3_财务质量资产兑现管理层与治理.md,2026-08-01,2026-08-01,P4逐年预测；不包含目标价或IRR。
WB-P4-0805,WB,P4,capital_return_forecast,estimate,scenario,WB经营预测,cash_dividends,2034E,annual,Global,bull,264.652139,,,USD_mn,USD,E,low,1,annual,WB P3 阶段报告,WB_P3_财务质量资产兑现管理层与治理.md,2026-08-01,2026-08-01,P4逐年预测；不包含目标价或IRR。
WB-P4-0806,WB,P4,capital_return_forecast,estimate,scenario,WB经营预测,actual_buyback_cash,2034E,annual,Global,bull,90.0,,,USD_mn,USD,E,low,1,annual,WB P3 阶段报告,WB_P3_财务质量资产兑现管理层与治理.md,2026-08-01,2026-08-01,P4逐年预测；不包含目标价或IRR。
WB-P4-0807,WB,P4,capital_return_forecast,estimate,scenario,WB经营预测,average_buyback_price_assumption,2034E,annual,Global,bull,13.685691,,,USD_per_ADS,USD,E,low,1,annual,WB P3 阶段报告,WB_P3_财务质量资产兑现管理层与治理.md,2026-08-01,2026-08-01,P4逐年预测；不包含目标价或IRR。
WB-P4-0808,WB,P4,capital_return_forecast,estimate,scenario,WB经营预测,gross_ADS_repurchased,2034E,annual,Global,bull,6.576212,,,shares_mn,N/A,E,low,1,annual,WB P3 阶段报告,WB_P3_财务质量资产兑现管理层与治理.md,2026-08-01,2026-08-01,P4逐年预测；不包含目标价或IRR。
WB-P4-0809,WB,P4,capital_return_forecast,estimate,scenario,WB经营预测,SBC_and_equity_dilution_rate,2034E,annual,Global,bull,0.005,,,%,N/A,E,low,1,annual,WB P3 阶段报告,WB_P3_财务质量资产兑现管理层与治理.md,2026-08-01,2026-08-01,P4逐年预测；不包含目标价或IRR。
WB-P4-0810,WB,P4,share_count_forecast,estimate,scenario,WB经营预测,ending_diluted_ADS,2034E,annual,Global,bull,219.554919,,,shares_mn,N/A,E,low,1,annual,WB P3 阶段报告,WB_P3_财务质量资产兑现管理层与治理.md,2026-08-01,2026-08-01,P4逐年预测；不包含目标价或IRR。
WB-P4-0811,WB,P4,balance_sheet_forecast,estimate,scenario,WB经营预测,cash_and_short_term_investments,2034E,annual,Global,bull,2525.271175,,,USD_mn,USD,E,low,1,annual,WB P3 阶段报告,WB_P3_财务质量资产兑现管理层与治理.md,2026-08-01,2026-08-01,P4逐年预测；不包含目标价或IRR。
WB-P4-0812,WB,P4,balance_sheet_forecast,estimate,scenario,WB经营预测,long_term_WMP_book_value,2034E,annual,Global,bull,620.459,,,USD_mn,USD,E,low,1,annual,WB P3 阶段报告,WB_P3_财务质量资产兑现管理层与治理.md,2026-08-01,2026-08-01,P4逐年预测；不包含目标价或IRR。
WB-P4-0813,WB,P4,balance_sheet_forecast,estimate,scenario,WB经营预测,gross_debt,2034E,annual,Global,bull,0.0,,,USD_mn,USD,E,low,1,annual,WB P3 阶段报告,WB_P3_财务质量资产兑现管理层与治理.md,2026-08-01,2026-08-01,P4逐年预测；不包含目标价或IRR。
WB-P4-0814,WB,P4,balance_sheet_forecast,estimate,scenario,WB经营预测,other_financial_assets_book_value,2034E,annual,Global,bull,2087.142745,,,USD_mn,USD,E,low,1,annual,WB P3 阶段报告,WB_P3_财务质量资产兑现管理层与治理.md,2026-08-01,2026-08-01,P4逐年预测；不包含目标价或IRR。
WB-P4-0815,WB,P4,balance_sheet_forecast,estimate,scenario,WB经营预测,new_investment_and_loan_funding,2034E,annual,Global,bull,25.0,,,USD_mn,USD,E,low,1,annual,WB P3 阶段报告,WB_P3_财务质量资产兑现管理层与治理.md,2026-08-01,2026-08-01,P4逐年预测；不包含目标价或IRR。
WB-P4-0816,WB,P4,balance_sheet_forecast,estimate,scenario,WB经营预测,investment_and_loan_monetization,2034E,annual,Global,bull,100.0,,,USD_mn,USD,E,low,1,annual,WB P3 阶段报告,WB_P3_财务质量资产兑现管理层与治理.md,2026-08-01,2026-08-01,P4逐年预测；不包含目标价或IRR。
WB-P4-0817,WB,P4,balance_sheet_forecast,estimate,scenario,WB经营预测,investment_and_loan_impairment,2034E,annual,Global,bull,21.839826,,,USD_mn,USD,E,low,1,annual,WB P3 阶段报告,WB_P3_财务质量资产兑现管理层与治理.md,2026-08-01,2026-08-01,P4逐年预测；不包含目标价或IRR。
WB-P4-0818,WB,P4,balance_sheet_forecast,estimate,scenario,WB经营预测,recoverable_asset_support_before_governance_discount,2034E,annual,Global,bull,4113.82279,,,USD_mn,USD,E,low,1,annual,WB P3 阶段报告,WB_P3_财务质量资产兑现管理层与治理.md,2026-08-01,2026-08-01,P4逐年预测；不包含目标价或IRR。
WB-P4-0819,WB,P4,balance_sheet_forecast,estimate,scenario,WB经营预测,asset_support_per_diluted_ADS,2034E,annual,Global,bull,18.737101,,,USD_per_ADS,USD,E,low,1,annual,WB P3 阶段报告,WB_P3_财务质量资产兑现管理层与治理.md,2026-08-01,2026-08-01,P4逐年预测；不包含目标价或IRR。
WB-P4-0820,WB,P4,forecast,estimate,scenario,WB经营预测,non_Alibaba_ad_revenue,2035E,annual,Global,bull,1853.301009,,,USD_mn,USD,E,low,1,annual,WB P3 阶段报告,WB_P3_财务质量资产兑现管理层与治理.md,2026-08-01,2026-08-01,P4逐年预测；不包含目标价或IRR。
WB-P4-0821,WB,P4,forecast,estimate,scenario,WB经营预测,Alibaba_ad_revenue,2035E,annual,Global,bull,227.045763,,,USD_mn,USD,E,low,1,annual,WB P3 阶段报告,WB_P3_财务质量资产兑现管理层与治理.md,2026-08-01,2026-08-01,P4逐年预测；不包含目标价或IRR。
WB-P4-0822,WB,P4,forecast,estimate,scenario,WB经营预测,VAS_revenue,2035E,annual,Global,bull,292.797679,,,USD_mn,USD,E,low,1,annual,WB P3 阶段报告,WB_P3_财务质量资产兑现管理层与治理.md,2026-08-01,2026-08-01,P4逐年预测；不包含目标价或IRR。
WB-P4-0823,WB,P4,forecast,estimate,scenario,WB经营预测,total_revenue,2035E,annual,Global,bull,2373.144452,,,USD_mn,USD,E,low,1,annual,WB P3 阶段报告,WB_P3_财务质量资产兑现管理层与治理.md,2026-08-01,2026-08-01,P4逐年预测；不包含目标价或IRR。
WB-P4-0824,WB,P4,forecast,estimate,scenario,WB经营预测,GAAP_operating_margin,2035E,annual,Global,bull,0.29,,,%,N/A,E,low,1,annual,WB P3 阶段报告,WB_P3_财务质量资产兑现管理层与治理.md,2026-08-01,2026-08-01,P4逐年预测；不包含目标价或IRR。
WB-P4-0825,WB,P4,forecast,estimate,scenario,WB经营预测,GAAP_operating_income,2035E,annual,Global,bull,688.211891,,,USD_mn,USD,E,low,1,annual,WB P3 阶段报告,WB_P3_财务质量资产兑现管理层与治理.md,2026-08-01,2026-08-01,P4逐年预测；不包含目标价或IRR。
WB-P4-0826,WB,P4,forecast,estimate,scenario,WB经营预测,depreciation_and_amortization,2035E,annual,Global,bull,80.686911,,,USD_mn,USD,E,low,1,annual,WB P3 阶段报告,WB_P3_财务质量资产兑现管理层与治理.md,2026-08-01,2026-08-01,P4逐年预测；不包含目标价或IRR。
WB-P4-0827,WB,P4,forecast,estimate,scenario,WB经营预测,maintenance_capex,2035E,annual,Global,bull,56.955467,,,USD_mn,USD,E,low,1,annual,WB P3 阶段报告,WB_P3_财务质量资产兑现管理层与治理.md,2026-08-01,2026-08-01,P4逐年预测；不包含目标价或IRR。
WB-P4-0828,WB,P4,forecast,estimate,scenario,WB经营预测,normalized_owner_earnings,2035E,annual,Global,bull,539.890363,,,USD_mn,USD,E,low,1,annual,WB P3 阶段报告,WB_P3_财务质量资产兑现管理层与治理.md,2026-08-01,2026-08-01,P4逐年预测；不包含目标价或IRR。
WB-P4-0829,WB,P4,forecast,estimate,scenario,WB经营预测,owner_earnings_per_diluted_ADS,2035E,annual,Global,bull,2.518975,,,USD_per_ADS,USD,E,low,1,annual,WB P3 阶段报告,WB_P3_财务质量资产兑现管理层与治理.md,2026-08-01,2026-08-01,P4逐年预测；不包含目标价或IRR。
WB-P4-0830,WB,P4,capital_return_forecast,estimate,scenario,WB经营预测,cash_dividends,2035E,annual,Global,bull,269.945181,,,USD_mn,USD,E,low,1,annual,WB P3 阶段报告,WB_P3_财务质量资产兑现管理层与治理.md,2026-08-01,2026-08-01,P4逐年预测；不包含目标价或IRR。
WB-P4-0831,WB,P4,capital_return_forecast,estimate,scenario,WB经营预测,actual_buyback_cash,2035E,annual,Global,bull,90.0,,,USD_mn,USD,E,low,1,annual,WB P3 阶段报告,WB_P3_财务质量资产兑现管理层与治理.md,2026-08-01,2026-08-01,P4逐年预测；不包含目标价或IRR。
WB-P4-0832,WB,P4,capital_return_forecast,estimate,scenario,WB经营预测,average_buyback_price_assumption,2035E,annual,Global,bull,14.233118,,,USD_per_ADS,USD,E,low,1,annual,WB P3 阶段报告,WB_P3_财务质量资产兑现管理层与治理.md,2026-08-01,2026-08-01,P4逐年预测；不包含目标价或IRR。
WB-P4-0833,WB,P4,capital_return_forecast,estimate,scenario,WB经营预测,gross_ADS_repurchased,2035E,annual,Global,bull,6.323281,,,shares_mn,N/A,E,low,1,annual,WB P3 阶段报告,WB_P3_财务质量资产兑现管理层与治理.md,2026-08-01,2026-08-01,P4逐年预测；不包含目标价或IRR。
WB-P4-0834,WB,P4,capital_return_forecast,estimate,scenario,WB经营预测,SBC_and_equity_dilution_rate,2035E,annual,Global,bull,0.005,,,%,N/A,E,low,1,annual,WB P3 阶段报告,WB_P3_财务质量资产兑现管理层与治理.md,2026-08-01,2026-08-01,P4逐年预测；不包含目标价或IRR。
WB-P4-0835,WB,P4,share_count_forecast,estimate,scenario,WB经营预测,ending_diluted_ADS,2035E,annual,Global,bull,214.329413,,,shares_mn,N/A,E,low,1,annual,WB P3 阶段报告,WB_P3_财务质量资产兑现管理层与治理.md,2026-08-01,2026-08-01,P4逐年预测；不包含目标价或IRR。
WB-P4-0836,WB,P4,balance_sheet_forecast,estimate,scenario,WB经营预测,cash_and_short_term_investments,2035E,annual,Global,bull,2780.216356,,,USD_mn,USD,E,low,1,annual,WB P3 阶段报告,WB_P3_财务质量资产兑现管理层与治理.md,2026-08-01,2026-08-01,P4逐年预测；不包含目标价或IRR。
WB-P4-0837,WB,P4,balance_sheet_forecast,estimate,scenario,WB经营预测,long_term_WMP_book_value,2035E,annual,Global,bull,620.459,,,USD_mn,USD,E,low,1,annual,WB P3 阶段报告,WB_P3_财务质量资产兑现管理层与治理.md,2026-08-01,2026-08-01,P4逐年预测；不包含目标价或IRR。
WB-P4-0838,WB,P4,balance_sheet_forecast,estimate,scenario,WB经营预测,gross_debt,2035E,annual,Global,bull,0.0,,,USD_mn,USD,E,low,1,annual,WB P3 阶段报告,WB_P3_财务质量资产兑现管理层与治理.md,2026-08-01,2026-08-01,P4逐年预测；不包含目标价或IRR。
WB-P4-0839,WB,P4,balance_sheet_forecast,estimate,scenario,WB经营预测,other_financial_assets_book_value,2035E,annual,Global,bull,1991.271317,,,USD_mn,USD,E,low,1,annual,WB P3 阶段报告,WB_P3_财务质量资产兑现管理层与治理.md,2026-08-01,2026-08-01,P4逐年预测；不包含目标价或IRR。
WB-P4-0840,WB,P4,balance_sheet_forecast,estimate,scenario,WB经营预测,new_investment_and_loan_funding,2035E,annual,Global,bull,25.0,,,USD_mn,USD,E,low,1,annual,WB P3 阶段报告,WB_P3_财务质量资产兑现管理层与治理.md,2026-08-01,2026-08-01,P4逐年预测；不包含目标价或IRR。
WB-P4-0841,WB,P4,balance_sheet_forecast,estimate,scenario,WB经营预测,investment_and_loan_monetization,2035E,annual,Global,bull,100.0,,,USD_mn,USD,E,low,1,annual,WB P3 阶段报告,WB_P3_财务质量资产兑现管理层与治理.md,2026-08-01,2026-08-01,P4逐年预测；不包含目标价或IRR。
WB-P4-0842,WB,P4,balance_sheet_forecast,estimate,scenario,WB经营预测,investment_and_loan_impairment,2035E,annual,Global,bull,20.871427,,,USD_mn,USD,E,low,1,annual,WB P3 阶段报告,WB_P3_财务质量资产兑现管理层与治理.md,2026-08-01,2026-08-01,P4逐年预测；不包含目标价或IRR。
WB-P4-0843,WB,P4,balance_sheet_forecast,estimate,scenario,WB经营预测,recoverable_asset_support_before_governance_discount,2035E,annual,Global,bull,4304.500586,,,USD_mn,USD,E,low,1,annual,WB P3 阶段报告,WB_P3_财务质量资产兑现管理层与治理.md,2026-08-01,2026-08-01,P4逐年预测；不包含目标价或IRR。
WB-P4-0844,WB,P4,balance_sheet_forecast,estimate,scenario,WB经营预测,asset_support_per_diluted_ADS,2035E,annual,Global,bull,20.083574,,,USD_per_ADS,USD,E,low,1,annual,WB P3 阶段报告,WB_P3_财务质量资产兑现管理层与治理.md,2026-08-01,2026-08-01,P4逐年预测；不包含目标价或IRR。
WB-P4-0845,WB,P4,balance_sheet_forecast,fact,debt,可转债,holder_put_date,2027E,point_in_time,Global,not_applicable,2027-12-06,,,date,N/A,A,high,1,annual,Weibo 1.375% convertible notes due 2030 indenture,https://www.sec.gov/Archives/edgar/data/1595761/000110465924051442/wb-20231231xex2d7.htm,2023-12-04,2026-08-01,持有人可要求按本金100%加应计利息回购。
WB-P4-0846,WB,P4,balance_sheet_forecast,assumption,debt,债务路径,2027_principal_repayment,2027E,annual,Global,not_applicable,1117.92,,,USD_mn,USD,H,medium,1,annual,Weibo 2025 Form 20-F,https://www.sec.gov/Archives/edgar/data/1595761/000110465926047217/wb-20251231x20f.htm,2026-04-23,2026-08-01,假设term loan及可转债put以现金处理。
WB-P4-0847,WB,P4,balance_sheet_forecast,assumption,debt,债务路径,2030_principal_repayment,2030E,annual,Global,not_applicable,745.63,,,USD_mn,USD,H,medium,1,annual,Weibo 2025 Form 20-F,https://www.sec.gov/Archives/edgar/data/1595761/000110465926047217/wb-20251231x20f.htm,2026-04-23,2026-08-01,假设无担保票据到期偿还。
WB-P4-0848,WB,P4,monitor_trigger,assumption,monitor_trigger,季度半年回归,非阿里广告固定汇率,2026E-2028E,quarterly,Global,not_applicable,连续2季≥5%,,,text,N/A,H,medium,1,quarterly,WB P3 阶段报告,WB_P3_财务质量资产兑现管理层与治理.md,2026-08-01,2026-08-01,黄色：-5%至5%；红色：连续2季≤-5%；触发后：调整广告增长。
WB-P4-0849,WB,P4,monitor_trigger,assumption,monitor_trigger,季度半年回归,阿里广告占比,2026E-2028E,quarterly,Global,not_applicable,<12%且非阿里正增长,,,text,N/A,H,medium,1,quarterly,WB P3 阶段报告,WB_P3_财务质量资产兑现管理层与治理.md,2026-08-01,2026-08-01,黄色：12%—15%；红色：>15%且非阿里负增长；触发后：调整集中度。
WB-P4-0850,WB,P4,monitor_trigger,assumption,monitor_trigger,季度半年回归,MAU同比,2026E-2028E,quarterly,Global,not_applicable,≥0%,,,text,N/A,H,medium,1,quarterly,WB P3 阶段报告,WB_P3_财务质量资产兑现管理层与治理.md,2026-08-01,2026-08-01,黄色：-5%至0%；红色：连续2季<-5%；触发后：调整覆盖面。
WB-P4-0851,WB,P4,monitor_trigger,assumption,monitor_trigger,季度半年回归,DAU同比,2026E-2028E,quarterly,Global,not_applicable,≥0%,,,text,N/A,H,medium,1,quarterly,WB P3 阶段报告,WB_P3_财务质量资产兑现管理层与治理.md,2026-08-01,2026-08-01,黄色：-3%至0%；红色：连续2季<-3%；触发后：调整核心活跃。
WB-P4-0852,WB,P4,monitor_trigger,assumption,monitor_trigger,季度半年回归,广告/DAU固定汇率,2026E-2028E,quarterly,Global,not_applicable,≥5%,,,text,N/A,H,medium,1,quarterly,WB P3 阶段报告,WB_P3_财务质量资产兑现管理层与治理.md,2026-08-01,2026-08-01,黄色：-5%至5%；红色：<-5%；触发后：调整变现。
WB-P4-0853,WB,P4,monitor_trigger,assumption,monitor_trigger,季度半年回归,费用增速-广告增速,2026E-2028E,quarterly,Global,not_applicable,≤0pct,,,text,N/A,H,medium,1,quarterly,WB P3 阶段报告,WB_P3_财务质量资产兑现管理层与治理.md,2026-08-01,2026-08-01,黄色：0—5pct；红色：连续2季>5pct；触发后：调整利润率。
WB-P4-0854,WB,P4,monitor_trigger,assumption,monitor_trigger,季度半年回归,GAAP营业利润率,2026E-2028E,quarterly,Global,not_applicable,≥28%,,,text,N/A,H,medium,1,quarterly,WB P3 阶段报告,WB_P3_财务质量资产兑现管理层与治理.md,2026-08-01,2026-08-01,黄色：24%—28%；红色：<24%；触发后：切换盈利情景。
WB-P4-0855,WB,P4,monitor_trigger,assumption,monitor_trigger,季度半年回归,TTM所有者收益,2026E-2028E,quarterly,Global,not_applicable,>410m,,,text,N/A,H,medium,1,quarterly,WB P3 阶段报告,WB_P3_财务质量资产兑现管理层与治理.md,2026-08-01,2026-08-01,黄色：330—410m；红色：<330m；触发后：切换盈利情景。
WB-P4-0856,WB,P4,monitor_trigger,assumption,monitor_trigger,季度半年回归,实际回购及净ADS,2026E-2028E,quarterly,Global,not_applicable,净缩股,,,text,N/A,H,medium,1,quarterly,WB P3 阶段报告,WB_P3_财务质量资产兑现管理层与治理.md,2026-08-01,2026-08-01,黄色：基本稳定；红色：净稀释>1%；触发后：调整每股路径。
WB-P4-0857,WB,P4,monitor_trigger,assumption,monitor_trigger,季度半年回归,分红/所有者收益,2026E-2028E,quarterly,Global,not_applicable,≥40%,,,text,N/A,H,medium,1,quarterly,WB P3 阶段报告,WB_P3_财务质量资产兑现管理层与治理.md,2026-08-01,2026-08-01,黄色：25%—40%；红色：<25%；触发后：调整现金回报。
WB-P4-0858,WB,P4,monitor_trigger,assumption,monitor_trigger,季度半年回归,SINA及其他关联贷款,2026E-2028E,quarterly,Global,not_applicable,持续下降,,,text,N/A,H,medium,1,quarterly,WB P3 阶段报告,WB_P3_财务质量资产兑现管理层与治理.md,2026-08-01,2026-08-01,黄色：稳定；红色：增加或展期；触发后：调整资产回收率。
WB-P4-0859,WB,P4,monitor_trigger,assumption,monitor_trigger,季度半年回归,Q2/Q3相对2026E基准,2026E-2028E,quarterly,Global,not_applicable,高于5%以上,,,text,N/A,H,medium,1,quarterly,WB P3 阶段报告,WB_P3_财务质量资产兑现管理层与治理.md,2026-08-01,2026-08-01,黄色：±5%；红色：低于5%以上；触发后：重拟合2026E。
WB-P4-0860,WB,P4,conclusion,estimate,scenario,P4情景总结,cumulative_dividends_2026_2035,2035E,annual,Global,bear,854.8728308325498,,,USD_mn,USD,E,low,1,annual,WB P3 阶段报告,WB_P3_财务质量资产兑现管理层与治理.md,2026-08-01,2026-08-01,不含估值回归。
WB-P4-0861,WB,P4,conclusion,estimate,scenario,P4情景总结,cumulative_buybacks_2026_2035,2035E,annual,Global,bear,0.0,,,USD_mn,USD,E,low,1,annual,WB P3 阶段报告,WB_P3_财务质量资产兑现管理层与治理.md,2026-08-01,2026-08-01,实际现金回购假设。
WB-P4-0862,WB,P4,conclusion,estimate,scenario,P4情景总结,cumulative_dividends_2026_2035,2035E,annual,Global,base,1579.563288092478,,,USD_mn,USD,E,medium,1,annual,WB P3 阶段报告,WB_P3_财务质量资产兑现管理层与治理.md,2026-08-01,2026-08-01,不含估值回归。
WB-P4-0863,WB,P4,conclusion,estimate,scenario,P4情景总结,cumulative_buybacks_2026_2035,2035E,annual,Global,base,435.0,,,USD_mn,USD,E,medium,1,annual,WB P3 阶段报告,WB_P3_财务质量资产兑现管理层与治理.md,2026-08-01,2026-08-01,实际现金回购假设。
WB-P4-0864,WB,P4,conclusion,estimate,scenario,P4情景总结,cumulative_dividends_2026_2035,2035E,annual,Global,bull,2402.2863563268916,,,USD_mn,USD,E,low,1,annual,WB P3 阶段报告,WB_P3_财务质量资产兑现管理层与治理.md,2026-08-01,2026-08-01,不含估值回归。
WB-P4-0865,WB,P4,conclusion,estimate,scenario,P4情景总结,cumulative_buybacks_2026_2035,2035E,annual,Global,bull,800.0,,,USD_mn,USD,E,low,1,annual,WB P3 阶段报告,WB_P3_财务质量资产兑现管理层与治理.md,2026-08-01,2026-08-01,实际现金回购假设。
WB-P4-0866,WB,P4,conclusion,conclusion,company,WB,2026E_fit,P4,point_in_time,Global,not_applicable,基准2026E收入约17.95亿美元、所有者收益约3.70亿美元，后三季度只需温和改善。,,,text,N/A,H,medium,1,annual,WB P3 阶段报告,WB_P3_财务质量资产兑现管理层与治理.md,2026-08-01,2026-08-01,P4结论，不是目标价结论。
WB-P4-0867,WB,P4,conclusion,conclusion,company,WB,bear_case,P4,point_in_time,Global,not_applicable,悲观假设恢复失败，2030所有者收益约2.62亿美元且持续稀释。,,,text,N/A,H,medium,1,annual,WB P3 阶段报告,WB_P3_财务质量资产兑现管理层与治理.md,2026-08-01,2026-08-01,P4结论，不是目标价结论。
WB-P4-0868,WB,P4,conclusion,conclusion,company,WB,base_case,P4,point_in_time,Global,not_applicable,基准不是复苏故事，而是低个位数广告增长、VAS止跌和约27%利润率。,,,text,N/A,H,medium,1,annual,WB P3 阶段报告,WB_P3_财务质量资产兑现管理层与治理.md,2026-08-01,2026-08-01,P4结论，不是目标价结论。
WB-P4-0869,WB,P4,conclusion,conclusion,company,WB,bull_case,P4,point_in_time,Global,not_applicable,乐观要求广告、费用、资产变现和实际净回购同时改善。,,,text,N/A,H,medium,1,annual,WB P3 阶段报告,WB_P3_财务质量资产兑现管理层与治理.md,2026-08-01,2026-08-01,P4结论，不是目标价结论。
WB-P4-0870,WB,P4,conclusion,conclusion,company,WB,long_term_growth,P4,point_in_time,Global,not_applicable,2031—2035的0%/1%/2%为名义稳定期增长。,,,text,N/A,H,medium,1,annual,WB P3 阶段报告,WB_P3_财务质量资产兑现管理层与治理.md,2026-08-01,2026-08-01,P4结论，不是目标价结论。
WB-P4-0871,WB,P4,conclusion,conclusion,company,WB,per_share_path,P4,point_in_time,Global,not_applicable,每股结果对实际回购和稀释高度敏感。,,,text,N/A,H,medium,1,annual,WB P3 阶段报告,WB_P3_财务质量资产兑现管理层与治理.md,2026-08-01,2026-08-01,P4结论，不是目标价结论。
WB-P4-0872,WB,P4,conclusion,conclusion,company,WB,debt_liquidity,P4,point_in_time,Global,not_applicable,2027和2030偿债降低现金也降低债务，净资产原则上中性。,,,text,N/A,H,medium,1,annual,WB P3 阶段报告,WB_P3_财务质量资产兑现管理层与治理.md,2026-08-01,2026-08-01,P4结论，不是目标价结论。
WB-P4-0873,WB,P4,conclusion,conclusion,company,WB,asset_path,P4,point_in_time,Global,not_applicable,基准资产支持增长主要来自所有者收益留存，而非投资升值。,,,text,N/A,H,medium,1,annual,WB P3 阶段报告,WB_P3_财务质量资产兑现管理层与治理.md,2026-08-01,2026-08-01,P4结论，不是目标价结论。
WB-P4-0874,WB,P4,conclusion,conclusion,company,WB,valuation_boundary,P4,point_in_time,Global,not_applicable,P4未给合理股价，P5必须分开经营价值、资产和治理折价。,,,text,N/A,H,medium,1,annual,WB P3 阶段报告,WB_P3_财务质量资产兑现管理层与治理.md,2026-08-01,2026-08-01,P4结论，不是目标价结论。
WB-P4-0875,WB,P4,conclusion,conclusion,company,WB,P4_classification,P4,point_in_time,Global,not_applicable,基准情景下WB是低增长、潜在高现金回报的平台，回报取决于资本配置兑现。,,,text,N/A,H,medium,1,annual,WB P3 阶段报告,WB_P3_财务质量资产兑现管理层与治理.md,2026-08-01,2026-08-01,P4结论，不是目标价结论。
WB-P5-0001,WB,P5,p5_review_update,conclusion,research_plan,P5修订计划,估值基准日,P5,point_in_time,Global,not_applicable,2026-08-01，当前价8.15美元,,,text,N/A,H,high,1,event_driven,WB P4 数据与预测模型,WB_MasterData_P4.csv / WB_统一数据预测估值模型_G4.xlsx,2026-08-01,2026-08-01,采用最新可得市场价格。
WB-P5-0002,WB,P5,p5_review_update,conclusion,research_plan,P5修订计划,股息时点,P5,point_in_time,Global,not_applicable,FY2025的0.61美元股息已于2026年5月支付,,,text,N/A,H,high,1,event_driven,WB P4 数据与预测模型,WB_MasterData_P4.csv / WB_统一数据预测估值模型_G4.xlsx,2026-08-01,2026-08-01,未来IRR从2027年预计股息开始，避免重复计入。
WB-P5-0003,WB,P5,p5_review_update,conclusion,research_plan,P5修订计划,DCF起点,P5,point_in_time,Global,not_applicable,使用2027—2035所有者收益，并加入2026E年末资产支持,,,text,N/A,H,high,1,event_driven,WB P4 数据与预测模型,WB_MasterData_P4.csv / WB_统一数据预测估值模型_G4.xlsx,2026-08-01,2026-08-01,2026所有者收益的留存和分配已经进入2026E资产支持。
WB-P5-0004,WB,P5,p5_review_update,conclusion,research_plan,P5修订计划,资产计价,P5,point_in_time,Global,not_applicable,只加入2026E资产支持，不加入未来滚动资产支持,,,text,N/A,H,high,1,event_driven,WB P4 数据与预测模型,WB_MasterData_P4.csv / WB_统一数据预测估值模型_G4.xlsx,2026-08-01,2026-08-01,避免所有者收益留存与未来资产重复计价。
WB-P5-0005,WB,P5,p5_review_update,conclusion,research_plan,P5修订计划,治理折价顺序,P5,point_in_time,Global,not_applicable,先做资产信用/流动性折价，再对总权益施加治理折价,,,text,N/A,H,high,1,event_driven,WB P4 数据与预测模型,WB_MasterData_P4.csv / WB_统一数据预测估值模型_G4.xlsx,2026-08-01,2026-08-01,避免同一风险重复扣减。
WB-P5-0006,WB,P5,p5_review_update,conclusion,research_plan,P5修订计划,中心价格,P5,point_in_time,Global,not_applicable,DCF、SOTP和收益资本化三者中位数,,,text,N/A,H,high,1,event_driven,WB P4 数据与预测模型,WB_MasterData_P4.csv / WB_统一数据预测估值模型_G4.xlsx,2026-08-01,2026-08-01,不使用主观概率加权目标价。
WB-P5-0007,WB,P5,p5_review_update,conclusion,research_plan,P5修订计划,资产底线,P5,point_in_time,Global,not_applicable,极端底线不进入中心价格,,,text,N/A,H,high,1,event_driven,WB P4 数据与预测模型,WB_MasterData_P4.csv / WB_统一数据预测估值模型_G4.xlsx,2026-08-01,2026-08-01,只用于检验永久资本损失风险。
WB-P5-0008,WB,P5,p5_review_update,conclusion,research_plan,P5修订计划,年度合理价格,P5,point_in_time,Global,not_applicable,每年重新计算剩余经营价值、当年资产支持和稀释ADS,,,text,N/A,H,high,1,event_driven,WB P4 数据与预测模型,WB_MasterData_P4.csv / WB_统一数据预测估值模型_G4.xlsx,2026-08-01,2026-08-01,保证价格路径与P4股本和资产联动。
WB-P5-0009,WB,P5,p5_review_update,conclusion,research_plan,P5修订计划,IRR分层,P5,point_in_time,Global,not_applicable,股息、机械回购、无重估基本面、完全价值回归四层,,,text,N/A,H,high,1,event_driven,WB P4 数据与预测模型,WB_MasterData_P4.csv / WB_统一数据预测估值模型_G4.xlsx,2026-08-01,2026-08-01,区分现金回报、缩股、基本面增长和估值回归。
WB-P5-0010,WB,P5,p5_review_update,conclusion,research_plan,P5修订计划,最终结论,P5,point_in_time,Global,not_applicable,公司质量和投资吸引力分开评分,,,text,N/A,H,high,1,event_driven,WB P4 数据与预测模型,WB_MasterData_P4.csv / WB_统一数据预测估值模型_G4.xlsx,2026-08-01,2026-08-01,便宜不等于优质，优质也不等于便宜。
WB-P5-0011,WB,P5,valuation,fact,security,WB ADS,current_ADS_price,2026-08-01,point_in_time,Global,not_applicable,8.15,,,USD_per_ADS,USD,A,high,1,event_driven,WB market data,"OpenAI Finance market data — WB, latest available as of 2026-08-01",2026-08-01,2026-08-01,截至基准日最新可得价格。
WB-P5-0012,WB,P5,valuation,fact,security,WB ADS,basic_market_cap,2026-08-01,point_in_time,Global,not_applicable,1977.279177,,,USD_mn,USD,A,high,1,event_driven,WB market data,"OpenAI Finance market data — WB, latest available as of 2026-08-01",2026-08-01,2026-08-01,市场数据服务使用基本流通股口径。
WB-P5-0013,WB,P5,valuation,fact,security,WB ADS,current_diluted_ADS,2026-08-01,point_in_time,Global,not_applicable,270.121,,,shares_mn,N/A,A,high,1,event_driven,WB market data,"OpenAI Finance market data — WB, latest available as of 2026-08-01",2026-08-01,2026-08-01,采用2026Q1稀释加权股数。
WB-P5-0014,WB,P5,valuation,estimate,security,WB ADS,fully_diluted_market_cap,2026-08-01,point_in_time,Global,not_applicable,2201.4861499999997,,,USD_mn,USD,E,high,1,event_driven,WB market data,"OpenAI Finance market data — WB, latest available as of 2026-08-01",2026-08-01,2026-08-01,当前价×2026Q1稀释ADS。
WB-P5-0015,WB,P5,valuation_assumption,assumption,valuation_model,P5估值假设,discount_rate,P5,point_in_time,Global,not_applicable,0.11,,,%,N/A,H,medium,1,event_driven,WB P4 数据与预测模型,WB_MasterData_P4.csv / WB_统一数据预测估值模型_G4.xlsx,2026-08-01,2026-08-01,基准资金成本。
WB-P5-0016,WB,P5,valuation_assumption,assumption,valuation_model,P5估值假设,stub_period,P5,point_in_time,Global,not_applicable,0.4166666666666667,,,years,N/A,H,medium,1,event_driven,WB P4 数据与预测模型,WB_MasterData_P4.csv / WB_统一数据预测估值模型_G4.xlsx,2026-08-01,2026-08-01,2026-08-01至2026年末约5个月。
WB-P5-0017,WB,P5,valuation_assumption,assumption,valuation_model,P5估值假设,bear_terminal_growth,P5,point_in_time,Global,not_applicable,0.0,,,%,N/A,H,medium,1,event_driven,WB P4 数据与预测模型,WB_MasterData_P4.csv / WB_统一数据预测估值模型_G4.xlsx,2026-08-01,2026-08-01,与P4悲观长期增长一致。
WB-P5-0018,WB,P5,valuation_assumption,assumption,valuation_model,P5估值假设,base_terminal_growth,P5,point_in_time,Global,not_applicable,0.01,,,%,N/A,H,medium,1,event_driven,WB P4 数据与预测模型,WB_MasterData_P4.csv / WB_统一数据预测估值模型_G4.xlsx,2026-08-01,2026-08-01,与P4基准长期增长一致。
WB-P5-0019,WB,P5,valuation_assumption,assumption,valuation_model,P5估值假设,bull_terminal_growth,P5,point_in_time,Global,not_applicable,0.02,,,%,N/A,H,medium,1,event_driven,WB P4 数据与预测模型,WB_MasterData_P4.csv / WB_统一数据预测估值模型_G4.xlsx,2026-08-01,2026-08-01,与P4乐观长期增长一致。
WB-P5-0020,WB,P5,valuation_assumption,assumption,valuation_model,P5估值假设,bear_governance_discount,P5,point_in_time,Global,not_applicable,0.4,,,%,N/A,H,medium,1,event_driven,WB P4 数据与预测模型,WB_MasterData_P4.csv / WB_统一数据预测估值模型_G4.xlsx,2026-08-01,2026-08-01,沿用P3/P4。
WB-P5-0021,WB,P5,valuation_assumption,assumption,valuation_model,P5估值假设,base_governance_discount,P5,point_in_time,Global,not_applicable,0.25,,,%,N/A,H,medium,1,event_driven,WB P4 数据与预测模型,WB_MasterData_P4.csv / WB_统一数据预测估值模型_G4.xlsx,2026-08-01,2026-08-01,沿用P3/P4。
WB-P5-0022,WB,P5,valuation_assumption,assumption,valuation_model,P5估值假设,bull_governance_discount,P5,point_in_time,Global,not_applicable,0.15,,,%,N/A,H,medium,1,event_driven,WB P4 数据与预测模型,WB_MasterData_P4.csv / WB_统一数据预测估值模型_G4.xlsx,2026-08-01,2026-08-01,沿用P3/P4。
WB-P5-0023,WB,P5,valuation_assumption,assumption,valuation_model,P5估值假设,bear_SOTP_operating_multiple,P5,point_in_time,Global,not_applicable,6.0,,,x,N/A,H,medium,1,event_driven,WB P4 数据与预测模型,WB_MasterData_P4.csv / WB_统一数据预测估值模型_G4.xlsx,2026-08-01,2026-08-01,窄护城河且持续收缩。
WB-P5-0024,WB,P5,valuation_assumption,assumption,valuation_model,P5估值假设,base_SOTP_operating_multiple,P5,point_in_time,Global,not_applicable,8.0,,,x,N/A,H,medium,1,event_driven,WB P4 数据与预测模型,WB_MasterData_P4.csv / WB_统一数据预测估值模型_G4.xlsx,2026-08-01,2026-08-01,稳定现金牛但再投资能力有限。
WB-P5-0025,WB,P5,valuation_assumption,assumption,valuation_model,P5估值假设,bull_SOTP_operating_multiple,P5,point_in_time,Global,not_applicable,10.0,,,x,N/A,H,medium,1,event_driven,WB P4 数据与预测模型,WB_MasterData_P4.csv / WB_统一数据预测估值模型_G4.xlsx,2026-08-01,2026-08-01,经营和资本配置同时改善。
WB-P5-0026,WB,P5,valuation,estimate,valuation_model,dcf,operating_business_value,2026-08-01,point_in_time,Global,bear,2341.1083834952065,,,USD_mn,USD,E,low,1,event_driven,WB P4 数据与预测模型,WB_MasterData_P4.csv / WB_统一数据预测估值模型_G4.xlsx,2026-08-01,2026-08-01,经营业务价值，不含资产支持。
WB-P5-0027,WB,P5,valuation,estimate,valuation_model,dcf,equity_value_after_governance_discount,2026-08-01,point_in_time,Global,bear,2009.4010772052588,,,USD_mn,USD,E,low,1,event_driven,WB P4 数据与预测模型,WB_MasterData_P4.csv / WB_统一数据预测估值模型_G4.xlsx,2026-08-01,2026-08-01,加入2026E资产支持并施加治理折价。
WB-P5-0028,WB,P5,fair_price,estimate,valuation_model,dcf,fair_price_per_ADS,2026-08-01,point_in_time,Global,bear,7.400722957525526,,,USD_per_ADS,USD,E,low,1,event_driven,WB P4 数据与预测模型,WB_MasterData_P4.csv / WB_统一数据预测估值模型_G4.xlsx,2026-08-01,2026-08-01,基准日合理价格模型结果。
WB-P5-0029,WB,P5,valuation,estimate,valuation_model,sotp,operating_business_value,2026-08-01,point_in_time,Global,bear,1974.3899999999999,,,USD_mn,USD,E,low,1,event_driven,WB P4 数据与预测模型,WB_MasterData_P4.csv / WB_统一数据预测估值模型_G4.xlsx,2026-08-01,2026-08-01,经营业务价值，不含资产支持。
WB-P5-0030,WB,P5,valuation,estimate,valuation_model,sotp,equity_value_after_governance_discount,2026-08-01,point_in_time,Global,bear,1738.96209975912,,,USD_mn,USD,E,low,1,event_driven,WB P4 数据与预测模型,WB_MasterData_P4.csv / WB_统一数据预测估值模型_G4.xlsx,2026-08-01,2026-08-01,加入2026E资产支持并施加治理折价。
WB-P5-0031,WB,P5,fair_price,estimate,valuation_model,sotp,fair_price_per_ADS,2026-08-01,point_in_time,Global,bear,6.404682907731663,,,USD_per_ADS,USD,E,low,1,event_driven,WB P4 数据与预测模型,WB_MasterData_P4.csv / WB_统一数据预测估值模型_G4.xlsx,2026-08-01,2026-08-01,基准日合理价格模型结果。
WB-P5-0032,WB,P5,valuation,estimate,valuation_model,capitalization,operating_business_value,2026-08-01,point_in_time,Global,bear,2991.5,,,USD_mn,USD,E,low,1,event_driven,WB P4 数据与预测模型,WB_MasterData_P4.csv / WB_统一数据预测估值模型_G4.xlsx,2026-08-01,2026-08-01,经营业务价值，不含资产支持。
WB-P5-0033,WB,P5,valuation,estimate,valuation_model,capitalization,equity_value_after_governance_discount,2026-08-01,point_in_time,Global,bear,2323.2603693065967,,,USD_mn,USD,E,low,1,event_driven,WB P4 数据与预测模型,WB_MasterData_P4.csv / WB_统一数据预测估值模型_G4.xlsx,2026-08-01,2026-08-01,加入2026E资产支持并施加治理折价。
WB-P5-0034,WB,P5,fair_price,estimate,valuation_model,capitalization,fair_price_per_ADS,2026-08-01,point_in_time,Global,bear,8.55668216091049,,,USD_per_ADS,USD,E,low,1,event_driven,WB P4 数据与预测模型,WB_MasterData_P4.csv / WB_统一数据预测估值模型_G4.xlsx,2026-08-01,2026-08-01,基准日合理价格模型结果。
WB-P5-0035,WB,P5,fair_price,estimate,valuation_model,三模型中位数,central_fair_price,2026-08-01,point_in_time,Global,bear,7.400722957525526,,,USD_per_ADS,USD,E,low,1,event_driven,WB P4 数据与预测模型,WB_MasterData_P4.csv / WB_统一数据预测估值模型_G4.xlsx,2026-08-01,2026-08-01,DCF、SOTP和正常化收益资本化的中位数。
WB-P5-0036,WB,P5,fair_price,estimate,valuation_model,三模型区间,fair_price_low,2026-08-01,point_in_time,Global,bear,6.404682907731663,,,USD_per_ADS,USD,E,low,1,event_driven,WB P4 数据与预测模型,WB_MasterData_P4.csv / WB_统一数据预测估值模型_G4.xlsx,2026-08-01,2026-08-01,三种主要模型最低值。
WB-P5-0037,WB,P5,fair_price,estimate,valuation_model,三模型区间,fair_price_high,2026-08-01,point_in_time,Global,bear,8.55668216091049,,,USD_per_ADS,USD,E,low,1,event_driven,WB P4 数据与预测模型,WB_MasterData_P4.csv / WB_统一数据预测估值模型_G4.xlsx,2026-08-01,2026-08-01,三种主要模型最高值。
WB-P5-0038,WB,P5,fair_price,estimate,valuation_model,三模型中位数,upside_to_current_price,2026-08-01,point_in_time,Global,bear,-0.09193583343245093,,,%,N/A,E,low,1,event_driven,WB P4 数据与预测模型,WB_MasterData_P4.csv / WB_统一数据预测估值模型_G4.xlsx,2026-08-01,2026-08-01,相对8.15美元当前价。
WB-P5-0039,WB,P5,valuation,estimate,valuation_model,dcf,operating_business_value,2026-08-01,point_in_time,Global,base,3653.8119693597473,,,USD_mn,USD,E,medium,1,event_driven,WB P4 数据与预测模型,WB_MasterData_P4.csv / WB_统一数据预测估值模型_G4.xlsx,2026-08-01,2026-08-01,经营业务价值，不含资产支持。
WB-P5-0040,WB,P5,valuation,estimate,valuation_model,dcf,equity_value_after_governance_discount,2026-08-01,point_in_time,Global,base,4151.17498258833,,,USD_mn,USD,E,medium,1,event_driven,WB P4 数据与预测模型,WB_MasterData_P4.csv / WB_统一数据预测估值模型_G4.xlsx,2026-08-01,2026-08-01,加入2026E资产支持并施加治理折价。
WB-P5-0041,WB,P5,fair_price,estimate,valuation_model,dcf,fair_price_per_ADS,2026-08-01,point_in_time,Global,base,15.493465107213916,,,USD_per_ADS,USD,E,medium,1,event_driven,WB P4 数据与预测模型,WB_MasterData_P4.csv / WB_统一数据预测估值模型_G4.xlsx,2026-08-01,2026-08-01,基准日合理价格模型结果。
WB-P5-0042,WB,P5,valuation,estimate,valuation_model,sotp,operating_business_value,2026-08-01,point_in_time,Global,base,2959.955,,,USD_mn,USD,E,medium,1,event_driven,WB P4 数据与预测模型,WB_MasterData_P4.csv / WB_统一数据预测估值模型_G4.xlsx,2026-08-01,2026-08-01,经营业务价值，不含资产支持。
WB-P5-0043,WB,P5,valuation,estimate,valuation_model,sotp,equity_value_after_governance_discount,2026-08-01,point_in_time,Global,base,3536.319373491362,,,USD_mn,USD,E,medium,1,event_driven,WB P4 数据与预测模型,WB_MasterData_P4.csv / WB_统一数据预测估值模型_G4.xlsx,2026-08-01,2026-08-01,加入2026E资产支持并施加治理折价。
WB-P5-0044,WB,P5,fair_price,estimate,valuation_model,sotp,fair_price_per_ADS,2026-08-01,point_in_time,Global,base,13.198634374836827,,,USD_per_ADS,USD,E,medium,1,event_driven,WB P4 数据与预测模型,WB_MasterData_P4.csv / WB_统一数据预测估值模型_G4.xlsx,2026-08-01,2026-08-01,基准日合理价格模型结果。
WB-P5-0045,WB,P5,valuation,estimate,valuation_model,capitalization,operating_business_value,2026-08-01,point_in_time,Global,base,3699.94375,,,USD_mn,USD,E,medium,1,event_driven,WB P4 数据与预测模型,WB_MasterData_P4.csv / WB_统一数据预测估值模型_G4.xlsx,2026-08-01,2026-08-01,经营业务价值，不含资产支持。
WB-P5-0046,WB,P5,valuation,estimate,valuation_model,capitalization,equity_value_after_governance_discount,2026-08-01,point_in_time,Global,base,4067.695215472073,,,USD_mn,USD,E,medium,1,event_driven,WB P4 数据与预测模型,WB_MasterData_P4.csv / WB_统一数据预测估值模型_G4.xlsx,2026-08-01,2026-08-01,加入2026E资产支持并施加治理折价。
WB-P5-0047,WB,P5,fair_price,estimate,valuation_model,capitalization,fair_price_per_ADS,2026-08-01,point_in_time,Global,base,15.18189287419578,,,USD_per_ADS,USD,E,medium,1,event_driven,WB P4 数据与预测模型,WB_MasterData_P4.csv / WB_统一数据预测估值模型_G4.xlsx,2026-08-01,2026-08-01,基准日合理价格模型结果。
WB-P5-0048,WB,P5,fair_price,estimate,valuation_model,三模型中位数,central_fair_price,2026-08-01,point_in_time,Global,base,15.18189287419578,,,USD_per_ADS,USD,E,medium,1,event_driven,WB P4 数据与预测模型,WB_MasterData_P4.csv / WB_统一数据预测估值模型_G4.xlsx,2026-08-01,2026-08-01,DCF、SOTP和正常化收益资本化的中位数。
WB-P5-0049,WB,P5,fair_price,estimate,valuation_model,三模型区间,fair_price_low,2026-08-01,point_in_time,Global,base,13.198634374836827,,,USD_per_ADS,USD,E,low,1,event_driven,WB P4 数据与预测模型,WB_MasterData_P4.csv / WB_统一数据预测估值模型_G4.xlsx,2026-08-01,2026-08-01,三种主要模型最低值。
WB-P5-0050,WB,P5,fair_price,estimate,valuation_model,三模型区间,fair_price_high,2026-08-01,point_in_time,Global,base,15.493465107213916,,,USD_per_ADS,USD,E,low,1,event_driven,WB P4 数据与预测模型,WB_MasterData_P4.csv / WB_统一数据预测估值模型_G4.xlsx,2026-08-01,2026-08-01,三种主要模型最高值。
WB-P5-0051,WB,P5,fair_price,estimate,valuation_model,三模型中位数,upside_to_current_price,2026-08-01,point_in_time,Global,base,0.862808941619114,,,%,N/A,E,medium,1,event_driven,WB P4 数据与预测模型,WB_MasterData_P4.csv / WB_统一数据预测估值模型_G4.xlsx,2026-08-01,2026-08-01,相对8.15美元当前价。
WB-P5-0052,WB,P5,valuation,estimate,valuation_model,dcf,operating_business_value,2026-08-01,point_in_time,Global,bull,4868.943706354987,,,USD_mn,USD,E,low,1,event_driven,WB P4 数据与预测模型,WB_MasterData_P4.csv / WB_统一数据预测估值模型_G4.xlsx,2026-08-01,2026-08-01,经营业务价值，不含资产支持。
WB-P5-0053,WB,P5,valuation,estimate,valuation_model,dcf,equity_value_after_governance_discount,2026-08-01,point_in_time,Global,bull,6405.777201791551,,,USD_mn,USD,E,low,1,event_driven,WB P4 数据与预测模型,WB_MasterData_P4.csv / WB_统一数据预测估值模型_G4.xlsx,2026-08-01,2026-08-01,加入2026E资产支持并施加治理折价。
WB-P5-0054,WB,P5,fair_price,estimate,valuation_model,dcf,fair_price_per_ADS,2026-08-01,point_in_time,Global,bull,24.18161379113981,,,USD_per_ADS,USD,E,low,1,event_driven,WB P4 数据与预测模型,WB_MasterData_P4.csv / WB_统一数据预测估值模型_G4.xlsx,2026-08-01,2026-08-01,基准日合理价格模型结果。
WB-P5-0055,WB,P5,valuation,estimate,valuation_model,sotp,operating_business_value,2026-08-01,point_in_time,Global,bull,4114.0,,,USD_mn,USD,E,low,1,event_driven,WB P4 数据与预测模型,WB_MasterData_P4.csv / WB_统一数据预测估值模型_G4.xlsx,2026-08-01,2026-08-01,经营业务价值，不含资产支持。
WB-P5-0056,WB,P5,valuation,estimate,valuation_model,sotp,equity_value_after_governance_discount,2026-08-01,point_in_time,Global,bull,5615.276729642529,,,USD_mn,USD,E,low,1,event_driven,WB P4 数据与预测模型,WB_MasterData_P4.csv / WB_统一数据预测估值模型_G4.xlsx,2026-08-01,2026-08-01,加入2026E资产支持并施加治理折价。
WB-P5-0057,WB,P5,fair_price,estimate,valuation_model,sotp,fair_price_per_ADS,2026-08-01,point_in_time,Global,bull,21.19749859058692,,,USD_per_ADS,USD,E,low,1,event_driven,WB P4 数据与预测模型,WB_MasterData_P4.csv / WB_统一数据预测估值模型_G4.xlsx,2026-08-01,2026-08-01,基准日合理价格模型结果。
WB-P5-0058,WB,P5,valuation,estimate,valuation_model,capitalization,operating_business_value,2026-08-01,point_in_time,Global,bull,4571.111111111111,,,USD_mn,USD,E,low,1,event_driven,WB P4 数据与预测模型,WB_MasterData_P4.csv / WB_统一数据预测估值模型_G4.xlsx,2026-08-01,2026-08-01,经营业务价值，不含资产支持。
WB-P5-0059,WB,P5,valuation,estimate,valuation_model,capitalization,equity_value_after_governance_discount,2026-08-01,point_in_time,Global,bull,5987.288027226165,,,USD_mn,USD,E,low,1,event_driven,WB P4 数据与预测模型,WB_MasterData_P4.csv / WB_统一数据预测估值模型_G4.xlsx,2026-08-01,2026-08-01,加入2026E资产支持并施加治理折价。
WB-P5-0060,WB,P5,fair_price,estimate,valuation_model,capitalization,fair_price_per_ADS,2026-08-01,point_in_time,Global,bull,22.601829906011428,,,USD_per_ADS,USD,E,low,1,event_driven,WB P4 数据与预测模型,WB_MasterData_P4.csv / WB_统一数据预测估值模型_G4.xlsx,2026-08-01,2026-08-01,基准日合理价格模型结果。
WB-P5-0061,WB,P5,fair_price,estimate,valuation_model,三模型中位数,central_fair_price,2026-08-01,point_in_time,Global,bull,22.601829906011428,,,USD_per_ADS,USD,E,low,1,event_driven,WB P4 数据与预测模型,WB_MasterData_P4.csv / WB_统一数据预测估值模型_G4.xlsx,2026-08-01,2026-08-01,DCF、SOTP和正常化收益资本化的中位数。
WB-P5-0062,WB,P5,fair_price,estimate,valuation_model,三模型区间,fair_price_low,2026-08-01,point_in_time,Global,bull,21.19749859058692,,,USD_per_ADS,USD,E,low,1,event_driven,WB P4 数据与预测模型,WB_MasterData_P4.csv / WB_统一数据预测估值模型_G4.xlsx,2026-08-01,2026-08-01,三种主要模型最低值。
WB-P5-0063,WB,P5,fair_price,estimate,valuation_model,三模型区间,fair_price_high,2026-08-01,point_in_time,Global,bull,24.18161379113981,,,USD_per_ADS,USD,E,low,1,event_driven,WB P4 数据与预测模型,WB_MasterData_P4.csv / WB_统一数据预测估值模型_G4.xlsx,2026-08-01,2026-08-01,三种主要模型最高值。
WB-P5-0064,WB,P5,fair_price,estimate,valuation_model,三模型中位数,upside_to_current_price,2026-08-01,point_in_time,Global,bull,1.7732306633142856,,,%,N/A,E,low,1,event_driven,WB P4 数据与预测模型,WB_MasterData_P4.csv / WB_统一数据预测估值模型_G4.xlsx,2026-08-01,2026-08-01,相对8.15美元当前价。
WB-P5-0065,WB,P5,valuation,estimate,valuation_model,Base DCF敏感性,fair_price_r9_g0,2026-08-01,point_in_time,Global,base,17.41276055458992,,,USD_per_ADS,USD,E,low,0,event_driven,WB P4 数据与预测模型,WB_MasterData_P4.csv / WB_统一数据预测估值模型_G4.xlsx,2026-08-01,2026-08-01,基准经营路径，改变资金成本和终值增长率。
WB-P5-0066,WB,P5,valuation,estimate,valuation_model,Base DCF敏感性,fair_price_r9_g1,2026-08-01,point_in_time,Global,base,18.192052161492327,,,USD_per_ADS,USD,E,low,0,event_driven,WB P4 数据与预测模型,WB_MasterData_P4.csv / WB_统一数据预测估值模型_G4.xlsx,2026-08-01,2026-08-01,基准经营路径，改变资金成本和终值增长率。
WB-P5-0067,WB,P5,valuation,estimate,valuation_model,Base DCF敏感性,fair_price_r9_g2,2026-08-01,point_in_time,Global,base,19.193998513224003,,,USD_per_ADS,USD,E,low,0,event_driven,WB P4 数据与预测模型,WB_MasterData_P4.csv / WB_统一数据预测估值模型_G4.xlsx,2026-08-01,2026-08-01,基准经营路径，改变资金成本和终值增长率。
WB-P5-0068,WB,P5,valuation,estimate,valuation_model,Base DCF敏感性,fair_price_r11_g0,2026-08-01,point_in_time,Global,base,15.055763881292773,,,USD_per_ADS,USD,E,low,0,event_driven,WB P4 数据与预测模型,WB_MasterData_P4.csv / WB_统一数据预测估值模型_G4.xlsx,2026-08-01,2026-08-01,基准经营路径，改变资金成本和终值增长率。
WB-P5-0069,WB,P5,valuation,estimate,valuation_model,Base DCF敏感性,fair_price_r11_g1,2026-08-01,point_in_time,Global,base,15.493465107213916,,,USD_per_ADS,USD,E,low,0,event_driven,WB P4 数据与预测模型,WB_MasterData_P4.csv / WB_统一数据预测估值模型_G4.xlsx,2026-08-01,2026-08-01,基准经营路径，改变资金成本和终值增长率。
WB-P5-0070,WB,P5,valuation,estimate,valuation_model,Base DCF敏感性,fair_price_r11_g2,2026-08-01,point_in_time,Global,base,16.028433272228646,,,USD_per_ADS,USD,E,low,0,event_driven,WB P4 数据与预测模型,WB_MasterData_P4.csv / WB_统一数据预测估值模型_G4.xlsx,2026-08-01,2026-08-01,基准经营路径，改变资金成本和终值增长率。
WB-P5-0071,WB,P5,valuation,estimate,valuation_model,Base DCF敏感性,fair_price_r13_g0,2026-08-01,point_in_time,Global,base,13.418294162320937,,,USD_per_ADS,USD,E,low,0,event_driven,WB P4 数据与预测模型,WB_MasterData_P4.csv / WB_统一数据预测估值模型_G4.xlsx,2026-08-01,2026-08-01,基准经营路径，改变资金成本和终值增长率。
WB-P5-0072,WB,P5,valuation,estimate,valuation_model,Base DCF敏感性,fair_price_r13_g1,2026-08-01,point_in_time,Global,base,13.683859071666014,,,USD_per_ADS,USD,E,low,0,event_driven,WB P4 数据与预测模型,WB_MasterData_P4.csv / WB_统一数据预测估值模型_G4.xlsx,2026-08-01,2026-08-01,基准经营路径，改变资金成本和终值增长率。
WB-P5-0073,WB,P5,valuation,estimate,valuation_model,Base DCF敏感性,fair_price_r13_g2,2026-08-01,point_in_time,Global,base,13.99770850998292,,,USD_per_ADS,USD,E,low,0,event_driven,WB P4 数据与预测模型,WB_MasterData_P4.csv / WB_统一数据预测估值模型_G4.xlsx,2026-08-01,2026-08-01,基准经营路径，改变资金成本和终值增长率。
WB-P5-0074,WB,P5,valuation,estimate,valuation_model,极端悲观底线,no_terminal_floor_price,2026-08-01,point_in_time,Global,bear,5.166883498102395,,,USD_per_ADS,USD,E,low,1,event_driven,WB P4 数据与预测模型,WB_MasterData_P4.csv / WB_统一数据预测估值模型_G4.xlsx,2026-08-01,2026-08-01,13%折现、悲观经营现金流无终值、悲观资产支持和40%治理折价。
WB-P5-0075,WB,P5,valuation,estimate,valuation_model,纯资产底线,pure_asset_floor_price,2026-08-01,point_in_time,Global,bear,2.2107616859632984,,,USD_per_ADS,USD,E,low,0,event_driven,WB P4 数据与预测模型,WB_MasterData_P4.csv / WB_统一数据预测估值模型_G4.xlsx,2026-08-01,2026-08-01,不计经营业务，仅保留悲观资产支持。
WB-P5-0076,WB,P5,fair_price,estimate,valuation_model,逐年合理价格,DCF_fair_price,2026E,point_in_time,Global,bear,7.729630279232401,,,USD_per_ADS,USD,E,low,0,event_driven,WB P4 数据与预测模型,WB_MasterData_P4.csv / WB_统一数据预测估值模型_G4.xlsx,2026-08-01,2026-08-01,基于P4经营路径、当年资产支持、治理折价和稀释ADS。
WB-P5-0077,WB,P5,fair_price,estimate,valuation_model,逐年合理价格,SOTP_fair_price,2026E,point_in_time,Global,bear,6.689323626436279,,,USD_per_ADS,USD,E,low,0,event_driven,WB P4 数据与预测模型,WB_MasterData_P4.csv / WB_统一数据预测估值模型_G4.xlsx,2026-08-01,2026-08-01,基于P4经营路径、当年资产支持、治理折价和稀释ADS。
WB-P5-0078,WB,P5,fair_price,estimate,valuation_model,逐年合理价格,capitalization_fair_price,2026E,point_in_time,Global,bear,8.936963307549041,,,USD_per_ADS,USD,E,low,0,event_driven,WB P4 数据与预测模型,WB_MasterData_P4.csv / WB_统一数据预测估值模型_G4.xlsx,2026-08-01,2026-08-01,基于P4经营路径、当年资产支持、治理折价和稀释ADS。
WB-P5-0079,WB,P5,fair_price,estimate,valuation_model,逐年合理价格,central_fair_price,2026E,point_in_time,Global,bear,7.729630279232401,,,USD_per_ADS,USD,E,low,1,event_driven,WB P4 数据与预测模型,WB_MasterData_P4.csv / WB_统一数据预测估值模型_G4.xlsx,2026-08-01,2026-08-01,基于P4经营路径、当年资产支持、治理折价和稀释ADS。
WB-P5-0080,WB,P5,fair_price,estimate,valuation_model,逐年合理价格,DCF_fair_price,2027E,point_in_time,Global,bear,7.8070318258862645,,,USD_per_ADS,USD,E,low,0,event_driven,WB P4 数据与预测模型,WB_MasterData_P4.csv / WB_统一数据预测估值模型_G4.xlsx,2026-08-01,2026-08-01,基于P4经营路径、当年资产支持、治理折价和稀释ADS。
WB-P5-0081,WB,P5,fair_price,estimate,valuation_model,逐年合理价格,SOTP_fair_price,2027E,point_in_time,Global,bear,6.564453605121525,,,USD_per_ADS,USD,E,low,0,event_driven,WB P4 数据与预测模型,WB_MasterData_P4.csv / WB_统一数据预测估值模型_G4.xlsx,2026-08-01,2026-08-01,基于P4经营路径、当年资产支持、治理折价和稀释ADS。
WB-P5-0082,WB,P5,fair_price,estimate,valuation_model,逐年合理价格,capitalization_fair_price,2027E,point_in_time,Global,bear,8.635321746167248,,,USD_per_ADS,USD,E,low,0,event_driven,WB P4 数据与预测模型,WB_MasterData_P4.csv / WB_统一数据预测估值模型_G4.xlsx,2026-08-01,2026-08-01,基于P4经营路径、当年资产支持、治理折价和稀释ADS。
WB-P5-0083,WB,P5,fair_price,estimate,valuation_model,逐年合理价格,central_fair_price,2027E,point_in_time,Global,bear,7.8070318258862645,,,USD_per_ADS,USD,E,low,1,event_driven,WB P4 数据与预测模型,WB_MasterData_P4.csv / WB_统一数据预测估值模型_G4.xlsx,2026-08-01,2026-08-01,基于P4经营路径、当年资产支持、治理折价和稀释ADS。
WB-P5-0084,WB,P5,fair_price,estimate,valuation_model,逐年合理价格,DCF_fair_price,2028E,point_in_time,Global,bear,7.88686279195429,,,USD_per_ADS,USD,E,low,0,event_driven,WB P4 数据与预测模型,WB_MasterData_P4.csv / WB_统一数据预测估值模型_G4.xlsx,2026-08-01,2026-08-01,基于P4经营路径、当年资产支持、治理折价和稀释ADS。
WB-P5-0085,WB,P5,fair_price,estimate,valuation_model,逐年合理价格,SOTP_fair_price,2028E,point_in_time,Global,bear,6.428502593458695,,,USD_per_ADS,USD,E,low,0,event_driven,WB P4 数据与预测模型,WB_MasterData_P4.csv / WB_统一数据预测估值模型_G4.xlsx,2026-08-01,2026-08-01,基于P4经营路径、当年资产支持、治理折价和稀释ADS。
WB-P5-0086,WB,P5,fair_price,estimate,valuation_model,逐年合理价格,capitalization_fair_price,2028E,point_in_time,Global,bear,8.335795470312114,,,USD_per_ADS,USD,E,low,0,event_driven,WB P4 数据与预测模型,WB_MasterData_P4.csv / WB_统一数据预测估值模型_G4.xlsx,2026-08-01,2026-08-01,基于P4经营路径、当年资产支持、治理折价和稀释ADS。
WB-P5-0087,WB,P5,fair_price,estimate,valuation_model,逐年合理价格,central_fair_price,2028E,point_in_time,Global,bear,7.88686279195429,,,USD_per_ADS,USD,E,low,1,event_driven,WB P4 数据与预测模型,WB_MasterData_P4.csv / WB_统一数据预测估值模型_G4.xlsx,2026-08-01,2026-08-01,基于P4经营路径、当年资产支持、治理折价和稀释ADS。
WB-P5-0088,WB,P5,fair_price,estimate,valuation_model,逐年合理价格,DCF_fair_price,2029E,point_in_time,Global,bear,7.968500781819407,,,USD_per_ADS,USD,E,low,0,event_driven,WB P4 数据与预测模型,WB_MasterData_P4.csv / WB_统一数据预测估值模型_G4.xlsx,2026-08-01,2026-08-01,基于P4经营路径、当年资产支持、治理折价和稀释ADS。
WB-P5-0089,WB,P5,fair_price,estimate,valuation_model,逐年合理价格,SOTP_fair_price,2029E,point_in_time,Global,bear,6.363629947093138,,,USD_per_ADS,USD,E,low,0,event_driven,WB P4 数据与预测模型,WB_MasterData_P4.csv / WB_统一数据预测估值模型_G4.xlsx,2026-08-01,2026-08-01,基于P4经营路径、当年资产支持、治理折价和稀释ADS。
WB-P5-0090,WB,P5,fair_price,estimate,valuation_model,逐年合理价格,capitalization_fair_price,2029E,point_in_time,Global,bear,8.15690342424415,,,USD_per_ADS,USD,E,low,0,event_driven,WB P4 数据与预测模型,WB_MasterData_P4.csv / WB_统一数据预测估值模型_G4.xlsx,2026-08-01,2026-08-01,基于P4经营路径、当年资产支持、治理折价和稀释ADS。
WB-P5-0091,WB,P5,fair_price,estimate,valuation_model,逐年合理价格,central_fair_price,2029E,point_in_time,Global,bear,7.968500781819407,,,USD_per_ADS,USD,E,low,1,event_driven,WB P4 数据与预测模型,WB_MasterData_P4.csv / WB_统一数据预测估值模型_G4.xlsx,2026-08-01,2026-08-01,基于P4经营路径、当年资产支持、治理折价和稀释ADS。
WB-P5-0092,WB,P5,fair_price,estimate,valuation_model,逐年合理价格,DCF_fair_price,2030E,point_in_time,Global,bear,8.05179036559829,,,USD_per_ADS,USD,E,low,0,event_driven,WB P4 数据与预测模型,WB_MasterData_P4.csv / WB_统一数据预测估值模型_G4.xlsx,2026-08-01,2026-08-01,基于P4经营路径、当年资产支持、治理折价和稀释ADS。
WB-P5-0093,WB,P5,fair_price,estimate,valuation_model,逐年合理价格,SOTP_fair_price,2030E,point_in_time,Global,bear,6.341388213422978,,,USD_per_ADS,USD,E,low,0,event_driven,WB P4 数据与预测模型,WB_MasterData_P4.csv / WB_统一数据预测估值模型_G4.xlsx,2026-08-01,2026-08-01,基于P4经营路径、当年资产支持、治理折价和稀释ADS。
WB-P5-0094,WB,P5,fair_price,estimate,valuation_model,逐年合理价格,capitalization_fair_price,2030E,point_in_time,Global,bear,8.051790365598292,,,USD_per_ADS,USD,E,low,0,event_driven,WB P4 数据与预测模型,WB_MasterData_P4.csv / WB_统一数据预测估值模型_G4.xlsx,2026-08-01,2026-08-01,基于P4经营路径、当年资产支持、治理折价和稀释ADS。
WB-P5-0095,WB,P5,fair_price,estimate,valuation_model,逐年合理价格,central_fair_price,2030E,point_in_time,Global,bear,8.05179036559829,,,USD_per_ADS,USD,E,low,1,event_driven,WB P4 数据与预测模型,WB_MasterData_P4.csv / WB_统一数据预测估值模型_G4.xlsx,2026-08-01,2026-08-01,基于P4经营路径、当年资产支持、治理折价和稀释ADS。
WB-P5-0096,WB,P5,fair_price,estimate,valuation_model,逐年合理价格,DCF_fair_price,2031E,point_in_time,Global,bear,8.1636089363658,,,USD_per_ADS,USD,E,low,0,event_driven,WB P4 数据与预测模型,WB_MasterData_P4.csv / WB_统一数据预测估值模型_G4.xlsx,2026-08-01,2026-08-01,基于P4经营路径、当年资产支持、治理折价和稀释ADS。
WB-P5-0097,WB,P5,fair_price,estimate,valuation_model,逐年合理价格,SOTP_fair_price,2031E,point_in_time,Global,bear,6.471816501734843,,,USD_per_ADS,USD,E,low,0,event_driven,WB P4 数据与预测模型,WB_MasterData_P4.csv / WB_统一数据预测估值模型_G4.xlsx,2026-08-01,2026-08-01,基于P4经营路径、当年资产支持、治理折价和稀释ADS。
WB-P5-0098,WB,P5,fair_price,estimate,valuation_model,逐年合理价格,capitalization_fair_price,2031E,point_in_time,Global,bear,8.1636089363658,,,USD_per_ADS,USD,E,low,0,event_driven,WB P4 数据与预测模型,WB_MasterData_P4.csv / WB_统一数据预测估值模型_G4.xlsx,2026-08-01,2026-08-01,基于P4经营路径、当年资产支持、治理折价和稀释ADS。
WB-P5-0099,WB,P5,fair_price,estimate,valuation_model,逐年合理价格,central_fair_price,2031E,point_in_time,Global,bear,8.1636089363658,,,USD_per_ADS,USD,E,low,1,event_driven,WB P4 数据与预测模型,WB_MasterData_P4.csv / WB_统一数据预测估值模型_G4.xlsx,2026-08-01,2026-08-01,基于P4经营路径、当年资产支持、治理折价和稀释ADS。
WB-P5-0100,WB,P5,fair_price,estimate,valuation_model,逐年合理价格,DCF_fair_price,2032E,point_in_time,Global,bear,8.272687623602895,,,USD_per_ADS,USD,E,low,0,event_driven,WB P4 数据与预测模型,WB_MasterData_P4.csv / WB_统一数据预测估值模型_G4.xlsx,2026-08-01,2026-08-01,基于P4经营路径、当年资产支持、治理折价和稀释ADS。
WB-P5-0101,WB,P5,fair_price,estimate,valuation_model,逐年合理价格,SOTP_fair_price,2032E,point_in_time,Global,bear,6.599302422363585,,,USD_per_ADS,USD,E,low,0,event_driven,WB P4 数据与预测模型,WB_MasterData_P4.csv / WB_统一数据预测估值模型_G4.xlsx,2026-08-01,2026-08-01,基于P4经营路径、当年资产支持、治理折价和稀释ADS。
WB-P5-0102,WB,P5,fair_price,estimate,valuation_model,逐年合理价格,capitalization_fair_price,2032E,point_in_time,Global,bear,8.272687623602897,,,USD_per_ADS,USD,E,low,0,event_driven,WB P4 数据与预测模型,WB_MasterData_P4.csv / WB_统一数据预测估值模型_G4.xlsx,2026-08-01,2026-08-01,基于P4经营路径、当年资产支持、治理折价和稀释ADS。
WB-P5-0103,WB,P5,fair_price,estimate,valuation_model,逐年合理价格,central_fair_price,2032E,point_in_time,Global,bear,8.272687623602895,,,USD_per_ADS,USD,E,low,1,event_driven,WB P4 数据与预测模型,WB_MasterData_P4.csv / WB_统一数据预测估值模型_G4.xlsx,2026-08-01,2026-08-01,基于P4经营路径、当年资产支持、治理折价和稀释ADS。
WB-P5-0104,WB,P5,fair_price,estimate,valuation_model,逐年合理价格,DCF_fair_price,2033E,point_in_time,Global,bear,8.379040154143976,,,USD_per_ADS,USD,E,low,0,event_driven,WB P4 数据与预测模型,WB_MasterData_P4.csv / WB_统一数据预测估值模型_G4.xlsx,2026-08-01,2026-08-01,基于P4经营路径、当年资产支持、治理折价和稀释ADS。
WB-P5-0105,WB,P5,fair_price,estimate,valuation_model,逐年合理价格,SOTP_fair_price,2033E,point_in_time,Global,bear,6.723861913664119,,,USD_per_ADS,USD,E,low,0,event_driven,WB P4 数据与预测模型,WB_MasterData_P4.csv / WB_统一数据预测估值模型_G4.xlsx,2026-08-01,2026-08-01,基于P4经营路径、当年资产支持、治理折价和稀释ADS。
WB-P5-0106,WB,P5,fair_price,estimate,valuation_model,逐年合理价格,capitalization_fair_price,2033E,point_in_time,Global,bear,8.379040154143976,,,USD_per_ADS,USD,E,low,0,event_driven,WB P4 数据与预测模型,WB_MasterData_P4.csv / WB_统一数据预测估值模型_G4.xlsx,2026-08-01,2026-08-01,基于P4经营路径、当年资产支持、治理折价和稀释ADS。
WB-P5-0107,WB,P5,fair_price,estimate,valuation_model,逐年合理价格,central_fair_price,2033E,point_in_time,Global,bear,8.379040154143976,,,USD_per_ADS,USD,E,low,1,event_driven,WB P4 数据与预测模型,WB_MasterData_P4.csv / WB_统一数据预测估值模型_G4.xlsx,2026-08-01,2026-08-01,基于P4经营路径、当年资产支持、治理折价和稀释ADS。
WB-P5-0108,WB,P5,fair_price,estimate,valuation_model,逐年合理价格,DCF_fair_price,2034E,point_in_time,Global,bear,8.482681990512184,,,USD_per_ADS,USD,E,low,0,event_driven,WB P4 数据与预测模型,WB_MasterData_P4.csv / WB_统一数据预测估值模型_G4.xlsx,2026-08-01,2026-08-01,基于P4经营路径、当年资产支持、治理折价和稀释ADS。
WB-P5-0109,WB,P5,fair_price,estimate,valuation_model,逐年合理价格,SOTP_fair_price,2034E,point_in_time,Global,bear,6.845512613094557,,,USD_per_ADS,USD,E,low,0,event_driven,WB P4 数据与预测模型,WB_MasterData_P4.csv / WB_统一数据预测估值模型_G4.xlsx,2026-08-01,2026-08-01,基于P4经营路径、当年资产支持、治理折价和稀释ADS。
WB-P5-0110,WB,P5,fair_price,estimate,valuation_model,逐年合理价格,capitalization_fair_price,2034E,point_in_time,Global,bear,8.482681990512184,,,USD_per_ADS,USD,E,low,0,event_driven,WB P4 数据与预测模型,WB_MasterData_P4.csv / WB_统一数据预测估值模型_G4.xlsx,2026-08-01,2026-08-01,基于P4经营路径、当年资产支持、治理折价和稀释ADS。
WB-P5-0111,WB,P5,fair_price,estimate,valuation_model,逐年合理价格,central_fair_price,2034E,point_in_time,Global,bear,8.482681990512184,,,USD_per_ADS,USD,E,low,1,event_driven,WB P4 数据与预测模型,WB_MasterData_P4.csv / WB_统一数据预测估值模型_G4.xlsx,2026-08-01,2026-08-01,基于P4经营路径、当年资产支持、治理折价和稀释ADS。
WB-P5-0112,WB,P5,fair_price,estimate,valuation_model,逐年合理价格,DCF_fair_price,2035E,point_in_time,Global,bear,8.58363012153313,,,USD_per_ADS,USD,E,low,0,event_driven,WB P4 数据与预测模型,WB_MasterData_P4.csv / WB_统一数据预测估值模型_G4.xlsx,2026-08-01,2026-08-01,基于P4经营路径、当年资产支持、治理折价和稀释ADS。
WB-P5-0113,WB,P5,fair_price,estimate,valuation_model,逐年合理价格,SOTP_fair_price,2035E,point_in_time,Global,bear,6.964273665384501,,,USD_per_ADS,USD,E,low,0,event_driven,WB P4 数据与预测模型,WB_MasterData_P4.csv / WB_统一数据预测估值模型_G4.xlsx,2026-08-01,2026-08-01,基于P4经营路径、当年资产支持、治理折价和稀释ADS。
WB-P5-0114,WB,P5,fair_price,estimate,valuation_model,逐年合理价格,capitalization_fair_price,2035E,point_in_time,Global,bear,8.58363012153313,,,USD_per_ADS,USD,E,low,0,event_driven,WB P4 数据与预测模型,WB_MasterData_P4.csv / WB_统一数据预测估值模型_G4.xlsx,2026-08-01,2026-08-01,基于P4经营路径、当年资产支持、治理折价和稀释ADS。
WB-P5-0115,WB,P5,fair_price,estimate,valuation_model,逐年合理价格,central_fair_price,2035E,point_in_time,Global,bear,8.58363012153313,,,USD_per_ADS,USD,E,low,1,event_driven,WB P4 数据与预测模型,WB_MasterData_P4.csv / WB_统一数据预测估值模型_G4.xlsx,2026-08-01,2026-08-01,基于P4经营路径、当年资产支持、治理折价和稀释ADS。
WB-P5-0116,WB,P5,fair_price,estimate,valuation_model,逐年合理价格,DCF_fair_price,2026E,point_in_time,Global,base,16.182034878251052,,,USD_per_ADS,USD,E,medium,0,event_driven,WB P4 数据与预测模型,WB_MasterData_P4.csv / WB_统一数据预测估值模型_G4.xlsx,2026-08-01,2026-08-01,基于P4经营路径、当年资产支持、治理折价和稀释ADS。
WB-P5-0117,WB,P5,fair_price,estimate,valuation_model,逐年合理价格,SOTP_fair_price,2026E,point_in_time,Global,base,13.785215916576817,,,USD_per_ADS,USD,E,medium,0,event_driven,WB P4 数据与预测模型,WB_MasterData_P4.csv / WB_统一数据预测估值模型_G4.xlsx,2026-08-01,2026-08-01,基于P4经营路径、当年资产支持、治理折价和稀释ADS。
WB-P5-0118,WB,P5,fair_price,estimate,valuation_model,逐年合理价格,capitalization_fair_price,2026E,point_in_time,Global,base,15.856615567147658,,,USD_per_ADS,USD,E,medium,0,event_driven,WB P4 数据与预测模型,WB_MasterData_P4.csv / WB_统一数据预测估值模型_G4.xlsx,2026-08-01,2026-08-01,基于P4经营路径、当年资产支持、治理折价和稀释ADS。
WB-P5-0119,WB,P5,fair_price,estimate,valuation_model,逐年合理价格,central_fair_price,2026E,point_in_time,Global,base,15.856615567147658,,,USD_per_ADS,USD,E,medium,1,event_driven,WB P4 数据与预测模型,WB_MasterData_P4.csv / WB_统一数据预测估值模型_G4.xlsx,2026-08-01,2026-08-01,基于P4经营路径、当年资产支持、治理折价和稀释ADS。
WB-P5-0120,WB,P5,fair_price,estimate,valuation_model,逐年合理价格,DCF_fair_price,2027E,point_in_time,Global,base,16.852850404999348,,,USD_per_ADS,USD,E,medium,0,event_driven,WB P4 数据与预测模型,WB_MasterData_P4.csv / WB_统一数据预测估值模型_G4.xlsx,2026-08-01,2026-08-01,基于P4经营路径、当年资产支持、治理折价和稀释ADS。
WB-P5-0121,WB,P5,fair_price,estimate,valuation_model,逐年合理价格,SOTP_fair_price,2027E,point_in_time,Global,base,14.451024865194,,,USD_per_ADS,USD,E,medium,0,event_driven,WB P4 数据与预测模型,WB_MasterData_P4.csv / WB_统一数据预测估值模型_G4.xlsx,2026-08-01,2026-08-01,基于P4经营路径、当年资产支持、治理折价和稀释ADS。
WB-P5-0122,WB,P5,fair_price,estimate,valuation_model,逐年合理价格,capitalization_fair_price,2027E,point_in_time,Global,base,16.574235988700885,,,USD_per_ADS,USD,E,medium,0,event_driven,WB P4 数据与预测模型,WB_MasterData_P4.csv / WB_统一数据预测估值模型_G4.xlsx,2026-08-01,2026-08-01,基于P4经营路径、当年资产支持、治理折价和稀释ADS。
WB-P5-0123,WB,P5,fair_price,estimate,valuation_model,逐年合理价格,central_fair_price,2027E,point_in_time,Global,base,16.574235988700885,,,USD_per_ADS,USD,E,medium,1,event_driven,WB P4 数据与预测模型,WB_MasterData_P4.csv / WB_统一数据预测估值模型_G4.xlsx,2026-08-01,2026-08-01,基于P4经营路径、当年资产支持、治理折价和稀释ADS。
WB-P5-0124,WB,P5,fair_price,estimate,valuation_model,逐年合理价格,DCF_fair_price,2028E,point_in_time,Global,base,17.536381299588154,,,USD_per_ADS,USD,E,medium,0,event_driven,WB P4 数据与预测模型,WB_MasterData_P4.csv / WB_统一数据预测估值模型_G4.xlsx,2026-08-01,2026-08-01,基于P4经营路径、当年资产支持、治理折价和稀释ADS。
WB-P5-0125,WB,P5,fair_price,estimate,valuation_model,逐年合理价格,SOTP_fair_price,2028E,point_in_time,Global,base,15.169236641658415,,,USD_per_ADS,USD,E,medium,0,event_driven,WB P4 数据与预测模型,WB_MasterData_P4.csv / WB_统一数据预测估值模型_G4.xlsx,2026-08-01,2026-08-01,基于P4经营路径、当年资产支持、治理折价和稀释ADS。
WB-P5-0126,WB,P5,fair_price,estimate,valuation_model,逐年合理价格,capitalization_fair_price,2028E,point_in_time,Global,base,17.35243821446739,,,USD_per_ADS,USD,E,medium,0,event_driven,WB P4 数据与预测模型,WB_MasterData_P4.csv / WB_统一数据预测估值模型_G4.xlsx,2026-08-01,2026-08-01,基于P4经营路径、当年资产支持、治理折价和稀释ADS。
WB-P5-0127,WB,P5,fair_price,estimate,valuation_model,逐年合理价格,central_fair_price,2028E,point_in_time,Global,base,17.35243821446739,,,USD_per_ADS,USD,E,medium,1,event_driven,WB P4 数据与预测模型,WB_MasterData_P4.csv / WB_统一数据预测估值模型_G4.xlsx,2026-08-01,2026-08-01,基于P4经营路径、当年资产支持、治理折价和稀释ADS。
WB-P5-0128,WB,P5,fair_price,estimate,valuation_model,逐年合理价格,DCF_fair_price,2029E,point_in_time,Global,base,18.231926366548066,,,USD_per_ADS,USD,E,medium,0,event_driven,WB P4 数据与预测模型,WB_MasterData_P4.csv / WB_统一数据预测估值模型_G4.xlsx,2026-08-01,2026-08-01,基于P4经营路径、当年资产支持、治理折价和稀释ADS。
WB-P5-0129,WB,P5,fair_price,estimate,valuation_model,逐年合理价格,SOTP_fair_price,2029E,point_in_time,Global,base,15.90233391286465,,,USD_per_ADS,USD,E,medium,0,event_driven,WB P4 数据与预测模型,WB_MasterData_P4.csv / WB_统一数据预测估值模型_G4.xlsx,2026-08-01,2026-08-01,基于P4经营路径、当年资产支持、治理折价和稀释ADS。
WB-P5-0130,WB,P5,fair_price,estimate,valuation_model,逐年合理价格,capitalization_fair_price,2029E,point_in_time,Global,base,18.144408715622156,,,USD_per_ADS,USD,E,medium,0,event_driven,WB P4 数据与预测模型,WB_MasterData_P4.csv / WB_统一数据预测估值模型_G4.xlsx,2026-08-01,2026-08-01,基于P4经营路径、当年资产支持、治理折价和稀释ADS。
WB-P5-0131,WB,P5,fair_price,estimate,valuation_model,逐年合理价格,central_fair_price,2029E,point_in_time,Global,base,18.144408715622156,,,USD_per_ADS,USD,E,medium,1,event_driven,WB P4 数据与预测模型,WB_MasterData_P4.csv / WB_统一数据预测估值模型_G4.xlsx,2026-08-01,2026-08-01,基于P4经营路径、当年资产支持、治理折价和稀释ADS。
WB-P5-0132,WB,P5,fair_price,estimate,valuation_model,逐年合理价格,DCF_fair_price,2030E,point_in_time,Global,base,18.943274178211922,,,USD_per_ADS,USD,E,medium,0,event_driven,WB P4 数据与预测模型,WB_MasterData_P4.csv / WB_统一数据预测估值模型_G4.xlsx,2026-08-01,2026-08-01,基于P4经营路径、当年资产支持、治理折价和稀释ADS。
WB-P5-0133,WB,P5,fair_price,estimate,valuation_model,逐年合理价格,SOTP_fair_price,2030E,point_in_time,Global,base,16.552301246276652,,,USD_per_ADS,USD,E,medium,0,event_driven,WB P4 数据与预测模型,WB_MasterData_P4.csv / WB_统一数据预测估值模型_G4.xlsx,2026-08-01,2026-08-01,基于P4经营路径、当年资产支持、治理折价和稀释ADS。
WB-P5-0134,WB,P5,fair_price,estimate,valuation_model,逐年合理价格,capitalization_fair_price,2030E,point_in_time,Global,base,18.82941832594354,,,USD_per_ADS,USD,E,medium,0,event_driven,WB P4 数据与预测模型,WB_MasterData_P4.csv / WB_统一数据预测估值模型_G4.xlsx,2026-08-01,2026-08-01,基于P4经营路径、当年资产支持、治理折价和稀释ADS。
WB-P5-0135,WB,P5,fair_price,estimate,valuation_model,逐年合理价格,central_fair_price,2030E,point_in_time,Global,base,18.82941832594354,,,USD_per_ADS,USD,E,medium,1,event_driven,WB P4 数据与预测模型,WB_MasterData_P4.csv / WB_统一数据预测估值模型_G4.xlsx,2026-08-01,2026-08-01,基于P4经营路径、当年资产支持、治理折价和稀释ADS。
WB-P5-0136,WB,P5,fair_price,estimate,valuation_model,逐年合理价格,DCF_fair_price,2031E,point_in_time,Global,base,19.75683189575341,,,USD_per_ADS,USD,E,low,0,event_driven,WB P4 数据与预测模型,WB_MasterData_P4.csv / WB_统一数据预测估值模型_G4.xlsx,2026-08-01,2026-08-01,基于P4经营路径、当年资产支持、治理折价和稀释ADS。
WB-P5-0137,WB,P5,fair_price,estimate,valuation_model,逐年合理价格,SOTP_fair_price,2031E,point_in_time,Global,base,17.314121331663145,,,USD_per_ADS,USD,E,low,0,event_driven,WB P4 数据与预测模型,WB_MasterData_P4.csv / WB_统一数据预测估值模型_G4.xlsx,2026-08-01,2026-08-01,基于P4经营路径、当年资产支持、治理折价和稀释ADS。
WB-P5-0138,WB,P5,fair_price,estimate,valuation_model,逐年合理价格,capitalization_fair_price,2031E,point_in_time,Global,base,19.64051233146227,,,USD_per_ADS,USD,E,low,0,event_driven,WB P4 数据与预测模型,WB_MasterData_P4.csv / WB_统一数据预测估值模型_G4.xlsx,2026-08-01,2026-08-01,基于P4经营路径、当年资产支持、治理折价和稀释ADS。
WB-P5-0139,WB,P5,fair_price,estimate,valuation_model,逐年合理价格,central_fair_price,2031E,point_in_time,Global,base,19.64051233146227,,,USD_per_ADS,USD,E,low,1,event_driven,WB P4 数据与预测模型,WB_MasterData_P4.csv / WB_统一数据预测估值模型_G4.xlsx,2026-08-01,2026-08-01,基于P4经营路径、当年资产支持、治理折价和稀释ADS。
WB-P5-0140,WB,P5,fair_price,estimate,valuation_model,逐年合理价格,DCF_fair_price,2032E,point_in_time,Global,base,20.592976048295043,,,USD_per_ADS,USD,E,low,0,event_driven,WB P4 数据与预测模型,WB_MasterData_P4.csv / WB_统一数据预测估值模型_G4.xlsx,2026-08-01,2026-08-01,基于P4经营路径、当年资产支持、治理折价和稀释ADS。
WB-P5-0141,WB,P5,fair_price,estimate,valuation_model,逐年合理价格,SOTP_fair_price,2032E,point_in_time,Global,base,18.09781505163578,,,USD_per_ADS,USD,E,low,0,event_driven,WB P4 数据与预测模型,WB_MasterData_P4.csv / WB_统一数据预测估值模型_G4.xlsx,2026-08-01,2026-08-01,基于P4经营路径、当年资产支持、治理折价和稀释ADS。
WB-P5-0142,WB,P5,fair_price,estimate,valuation_model,逐年合理价格,capitalization_fair_price,2032E,point_in_time,Global,base,20.47415883799894,,,USD_per_ADS,USD,E,low,0,event_driven,WB P4 数据与预测模型,WB_MasterData_P4.csv / WB_统一数据预测估值模型_G4.xlsx,2026-08-01,2026-08-01,基于P4经营路径、当年资产支持、治理折价和稀释ADS。
WB-P5-0143,WB,P5,fair_price,estimate,valuation_model,逐年合理价格,central_fair_price,2032E,point_in_time,Global,base,20.47415883799894,,,USD_per_ADS,USD,E,low,1,event_driven,WB P4 数据与预测模型,WB_MasterData_P4.csv / WB_统一数据预测估值模型_G4.xlsx,2026-08-01,2026-08-01,基于P4经营路径、当年资产支持、治理折价和稀释ADS。
WB-P5-0144,WB,P5,fair_price,estimate,valuation_model,逐年合理价格,DCF_fair_price,2033E,point_in_time,Global,base,21.451902145025752,,,USD_per_ADS,USD,E,low,0,event_driven,WB P4 数据与预测模型,WB_MasterData_P4.csv / WB_统一数据预测估值模型_G4.xlsx,2026-08-01,2026-08-01,基于P4经营路径、当年资产支持、治理折价和稀释ADS。
WB-P5-0145,WB,P5,fair_price,estimate,valuation_model,逐年合理价格,SOTP_fair_price,2033E,point_in_time,Global,base,18.903584409373213,,,USD_per_ADS,USD,E,low,0,event_driven,WB P4 数据与预测模型,WB_MasterData_P4.csv / WB_统一数据预测估值模型_G4.xlsx,2026-08-01,2026-08-01,基于P4经营路径、当年资产支持、治理折价和稀释ADS。
WB-P5-0146,WB,P5,fair_price,estimate,valuation_model,逐年合理价格,capitalization_fair_price,2033E,point_in_time,Global,base,21.33055366816497,,,USD_per_ADS,USD,E,low,0,event_driven,WB P4 数据与预测模型,WB_MasterData_P4.csv / WB_统一数据预测估值模型_G4.xlsx,2026-08-01,2026-08-01,基于P4经营路径、当年资产支持、治理折价和稀释ADS。
WB-P5-0147,WB,P5,fair_price,estimate,valuation_model,逐年合理价格,central_fair_price,2033E,point_in_time,Global,base,21.33055366816497,,,USD_per_ADS,USD,E,low,1,event_driven,WB P4 数据与预测模型,WB_MasterData_P4.csv / WB_统一数据预测估值模型_G4.xlsx,2026-08-01,2026-08-01,基于P4经营路径、当年资产支持、治理折价和稀释ADS。
WB-P5-0148,WB,P5,fair_price,estimate,valuation_model,逐年合理价格,DCF_fair_price,2034E,point_in_time,Global,base,22.333791638079493,,,USD_per_ADS,USD,E,low,0,event_driven,WB P4 数据与预测模型,WB_MasterData_P4.csv / WB_统一数据预测估值模型_G4.xlsx,2026-08-01,2026-08-01,基于P4经营路径、当年资产支持、治理折价和稀释ADS。
WB-P5-0149,WB,P5,fair_price,estimate,valuation_model,逐年合理价格,SOTP_fair_price,2034E,point_in_time,Global,base,19.731617964562837,,,USD_per_ADS,USD,E,low,0,event_driven,WB P4 数据与预测模型,WB_MasterData_P4.csv / WB_统一数据预测估值模型_G4.xlsx,2026-08-01,2026-08-01,基于P4经营路径、当年资产支持、治理折价和稀释ADS。
WB-P5-0150,WB,P5,fair_price,estimate,valuation_model,逐年合理价格,capitalization_fair_price,2034E,point_in_time,Global,base,22.209878587293453,,,USD_per_ADS,USD,E,low,0,event_driven,WB P4 数据与预测模型,WB_MasterData_P4.csv / WB_统一数据预测估值模型_G4.xlsx,2026-08-01,2026-08-01,基于P4经营路径、当年资产支持、治理折价和稀释ADS。
WB-P5-0151,WB,P5,fair_price,estimate,valuation_model,逐年合理价格,central_fair_price,2034E,point_in_time,Global,base,22.209878587293453,,,USD_per_ADS,USD,E,low,1,event_driven,WB P4 数据与预测模型,WB_MasterData_P4.csv / WB_统一数据预测估值模型_G4.xlsx,2026-08-01,2026-08-01,基于P4经营路径、当年资产支持、治理折价和稀释ADS。
WB-P5-0152,WB,P5,fair_price,estimate,valuation_model,逐年合理价格,DCF_fair_price,2035E,point_in_time,Global,base,23.238810825929647,,,USD_per_ADS,USD,E,low,0,event_driven,WB P4 数据与预测模型,WB_MasterData_P4.csv / WB_统一数据预测估值模型_G4.xlsx,2026-08-01,2026-08-01,基于P4经营路径、当年资产支持、治理折价和稀释ADS。
WB-P5-0153,WB,P5,fair_price,estimate,valuation_model,逐年合理价格,SOTP_fair_price,2035E,point_in_time,Global,base,20.582089881156634,,,USD_per_ADS,USD,E,low,0,event_driven,WB P4 数据与预测模型,WB_MasterData_P4.csv / WB_统一数据预测估值模型_G4.xlsx,2026-08-01,2026-08-01,基于P4经营路径、当年资产支持、治理折价和稀释ADS。
WB-P5-0154,WB,P5,fair_price,estimate,valuation_model,逐年合理价格,capitalization_fair_price,2035E,point_in_time,Global,base,23.11230030474998,,,USD_per_ADS,USD,E,low,0,event_driven,WB P4 数据与预测模型,WB_MasterData_P4.csv / WB_统一数据预测估值模型_G4.xlsx,2026-08-01,2026-08-01,基于P4经营路径、当年资产支持、治理折价和稀释ADS。
WB-P5-0155,WB,P5,fair_price,estimate,valuation_model,逐年合理价格,central_fair_price,2035E,point_in_time,Global,base,23.11230030474998,,,USD_per_ADS,USD,E,low,1,event_driven,WB P4 数据与预测模型,WB_MasterData_P4.csv / WB_统一数据预测估值模型_G4.xlsx,2026-08-01,2026-08-01,基于P4经营路径、当年资产支持、治理折价和稀释ADS。
WB-P5-0156,WB,P5,fair_price,estimate,valuation_model,逐年合理价格,DCF_fair_price,2026E,point_in_time,Global,bull,25.256307422051396,,,USD_per_ADS,USD,E,low,0,event_driven,WB P4 数据与预测模型,WB_MasterData_P4.csv / WB_统一数据预测估值模型_G4.xlsx,2026-08-01,2026-08-01,基于P4经营路径、当年资产支持、治理折价和稀释ADS。
WB-P5-0157,WB,P5,fair_price,estimate,valuation_model,逐年合理价格,SOTP_fair_price,2026E,point_in_time,Global,bull,22.13957040280435,,,USD_per_ADS,USD,E,low,0,event_driven,WB P4 数据与预测模型,WB_MasterData_P4.csv / WB_统一数据预测估值模型_G4.xlsx,2026-08-01,2026-08-01,基于P4经营路径、当年资产支持、治理折价和稀释ADS。
WB-P5-0158,WB,P5,fair_price,estimate,valuation_model,逐年合理价格,capitalization_fair_price,2026E,point_in_time,Global,bull,23.606313843962557,,,USD_per_ADS,USD,E,low,0,event_driven,WB P4 数据与预测模型,WB_MasterData_P4.csv / WB_统一数据预测估值模型_G4.xlsx,2026-08-01,2026-08-01,基于P4经营路径、当年资产支持、治理折价和稀释ADS。
WB-P5-0159,WB,P5,fair_price,estimate,valuation_model,逐年合理价格,central_fair_price,2026E,point_in_time,Global,bull,23.606313843962557,,,USD_per_ADS,USD,E,low,1,event_driven,WB P4 数据与预测模型,WB_MasterData_P4.csv / WB_统一数据预测估值模型_G4.xlsx,2026-08-01,2026-08-01,基于P4经营路径、当年资产支持、治理折价和稀释ADS。
WB-P5-0160,WB,P5,fair_price,estimate,valuation_model,逐年合理价格,DCF_fair_price,2027E,point_in_time,Global,bull,26.69593081666592,,,USD_per_ADS,USD,E,low,0,event_driven,WB P4 数据与预测模型,WB_MasterData_P4.csv / WB_统一数据预测估值模型_G4.xlsx,2026-08-01,2026-08-01,基于P4经营路径、当年资产支持、治理折价和稀释ADS。
WB-P5-0161,WB,P5,fair_price,estimate,valuation_model,逐年合理价格,SOTP_fair_price,2027E,point_in_time,Global,bull,23.940991686351953,,,USD_per_ADS,USD,E,low,0,event_driven,WB P4 数据与预测模型,WB_MasterData_P4.csv / WB_统一数据预测估值模型_G4.xlsx,2026-08-01,2026-08-01,基于P4经营路径、当年资产支持、治理折价和稀释ADS。
WB-P5-0162,WB,P5,fair_price,estimate,valuation_model,逐年合理价格,capitalization_fair_price,2027E,point_in_time,Global,bull,25.533827166123398,,,USD_per_ADS,USD,E,low,0,event_driven,WB P4 数据与预测模型,WB_MasterData_P4.csv / WB_统一数据预测估值模型_G4.xlsx,2026-08-01,2026-08-01,基于P4经营路径、当年资产支持、治理折价和稀释ADS。
WB-P5-0163,WB,P5,fair_price,estimate,valuation_model,逐年合理价格,central_fair_price,2027E,point_in_time,Global,bull,25.533827166123398,,,USD_per_ADS,USD,E,low,1,event_driven,WB P4 数据与预测模型,WB_MasterData_P4.csv / WB_统一数据预测估值模型_G4.xlsx,2026-08-01,2026-08-01,基于P4经营路径、当年资产支持、治理折价和稀释ADS。
WB-P5-0164,WB,P5,fair_price,estimate,valuation_model,逐年合理价格,DCF_fair_price,2028E,point_in_time,Global,bull,28.18830030074177,,,USD_per_ADS,USD,E,low,0,event_driven,WB P4 数据与预测模型,WB_MasterData_P4.csv / WB_统一数据预测估值模型_G4.xlsx,2026-08-01,2026-08-01,基于P4经营路径、当年资产支持、治理折价和稀释ADS。
WB-P5-0165,WB,P5,fair_price,estimate,valuation_model,逐年合理价格,SOTP_fair_price,2028E,point_in_time,Global,bull,25.654776301377346,,,USD_per_ADS,USD,E,low,0,event_driven,WB P4 数据与预测模型,WB_MasterData_P4.csv / WB_统一数据预测估值模型_G4.xlsx,2026-08-01,2026-08-01,基于P4经营路径、当年资产支持、治理折价和稀释ADS。
WB-P5-0166,WB,P5,fair_price,estimate,valuation_model,逐年合理价格,capitalization_fair_price,2028E,point_in_time,Global,bull,27.357714273245367,,,USD_per_ADS,USD,E,low,0,event_driven,WB P4 数据与预测模型,WB_MasterData_P4.csv / WB_统一数据预测估值模型_G4.xlsx,2026-08-01,2026-08-01,基于P4经营路径、当年资产支持、治理折价和稀释ADS。
WB-P5-0167,WB,P5,fair_price,estimate,valuation_model,逐年合理价格,central_fair_price,2028E,point_in_time,Global,bull,27.357714273245367,,,USD_per_ADS,USD,E,low,1,event_driven,WB P4 数据与预测模型,WB_MasterData_P4.csv / WB_统一数据预测估值模型_G4.xlsx,2026-08-01,2026-08-01,基于P4经营路径、当年资产支持、治理折价和稀释ADS。
WB-P5-0168,WB,P5,fair_price,estimate,valuation_model,逐年合理价格,DCF_fair_price,2029E,point_in_time,Global,bull,29.73232600872581,,,USD_per_ADS,USD,E,low,0,event_driven,WB P4 数据与预测模型,WB_MasterData_P4.csv / WB_统一数据预测估值模型_G4.xlsx,2026-08-01,2026-08-01,基于P4经营路径、当年资产支持、治理折价和稀释ADS。
WB-P5-0169,WB,P5,fair_price,estimate,valuation_model,逐年合理价格,SOTP_fair_price,2029E,point_in_time,Global,bull,27.43224734356853,,,USD_per_ADS,USD,E,low,0,event_driven,WB P4 数据与预测模型,WB_MasterData_P4.csv / WB_统一数据预测估值模型_G4.xlsx,2026-08-01,2026-08-01,基于P4经营路径、当年资产支持、治理折价和稀释ADS。
WB-P5-0170,WB,P5,fair_price,estimate,valuation_model,逐年合理价格,capitalization_fair_price,2029E,point_in_time,Global,bull,29.246008542034883,,,USD_per_ADS,USD,E,low,0,event_driven,WB P4 数据与预测模型,WB_MasterData_P4.csv / WB_统一数据预测估值模型_G4.xlsx,2026-08-01,2026-08-01,基于P4经营路径、当年资产支持、治理折价和稀释ADS。
WB-P5-0171,WB,P5,fair_price,estimate,valuation_model,逐年合理价格,central_fair_price,2029E,point_in_time,Global,bull,29.246008542034883,,,USD_per_ADS,USD,E,low,1,event_driven,WB P4 数据与预测模型,WB_MasterData_P4.csv / WB_统一数据预测估值模型_G4.xlsx,2026-08-01,2026-08-01,基于P4经营路径、当年资产支持、治理折价和稀释ADS。
WB-P5-0172,WB,P5,fair_price,estimate,valuation_model,逐年合理价格,DCF_fair_price,2030E,point_in_time,Global,bull,31.337052146047395,,,USD_per_ADS,USD,E,low,0,event_driven,WB P4 数据与预测模型,WB_MasterData_P4.csv / WB_统一数据预测估值模型_G4.xlsx,2026-08-01,2026-08-01,基于P4经营路径、当年资产支持、治理折价和稀释ADS。
WB-P5-0173,WB,P5,fair_price,estimate,valuation_model,逐年合理价格,SOTP_fair_price,2030E,point_in_time,Global,bull,29.054583296724722,,,USD_per_ADS,USD,E,low,0,event_driven,WB P4 数据与预测模型,WB_MasterData_P4.csv / WB_统一数据预测估值模型_G4.xlsx,2026-08-01,2026-08-01,基于P4经营路径、当年资产支持、治理折价和稀释ADS。
WB-P5-0174,WB,P5,fair_price,estimate,valuation_model,逐年合理价格,capitalization_fair_price,2030E,point_in_time,Global,bull,30.956640651051327,,,USD_per_ADS,USD,E,low,0,event_driven,WB P4 数据与预测模型,WB_MasterData_P4.csv / WB_统一数据预测估值模型_G4.xlsx,2026-08-01,2026-08-01,基于P4经营路径、当年资产支持、治理折价和稀释ADS。
WB-P5-0175,WB,P5,fair_price,estimate,valuation_model,逐年合理价格,central_fair_price,2030E,point_in_time,Global,bull,30.956640651051327,,,USD_per_ADS,USD,E,low,1,event_driven,WB P4 数据与预测模型,WB_MasterData_P4.csv / WB_统一数据预测估值模型_G4.xlsx,2026-08-01,2026-08-01,基于P4经营路径、当年资产支持、治理折价和稀释ADS。
WB-P5-0176,WB,P5,fair_price,estimate,valuation_model,逐年合理价格,DCF_fair_price,2031E,point_in_time,Global,bull,33.1557426261021,,,USD_per_ADS,USD,E,low,0,event_driven,WB P4 数据与预测模型,WB_MasterData_P4.csv / WB_统一数据预测估值模型_G4.xlsx,2026-08-01,2026-08-01,基于P4经营路径、当年资产支持、治理折价和稀释ADS。
WB-P5-0177,WB,P5,fair_price,estimate,valuation_model,逐年合理价格,SOTP_fair_price,2031E,point_in_time,Global,bull,30.766786774174054,,,USD_per_ADS,USD,E,low,0,event_driven,WB P4 数据与预测模型,WB_MasterData_P4.csv / WB_统一数据预测估值模型_G4.xlsx,2026-08-01,2026-08-01,基于P4经营路径、当年资产支持、治理折价和稀释ADS。
WB-P5-0178,WB,P5,fair_price,estimate,valuation_model,逐年合理价格,capitalization_fair_price,2031E,point_in_time,Global,bull,32.75758330561925,,,USD_per_ADS,USD,E,low,0,event_driven,WB P4 数据与预测模型,WB_MasterData_P4.csv / WB_统一数据预测估值模型_G4.xlsx,2026-08-01,2026-08-01,基于P4经营路径、当年资产支持、治理折价和稀释ADS。
WB-P5-0179,WB,P5,fair_price,estimate,valuation_model,逐年合理价格,central_fair_price,2031E,point_in_time,Global,bull,32.75758330561925,,,USD_per_ADS,USD,E,low,1,event_driven,WB P4 数据与预测模型,WB_MasterData_P4.csv / WB_统一数据预测估值模型_G4.xlsx,2026-08-01,2026-08-01,基于P4经营路径、当年资产支持、治理折价和稀释ADS。
WB-P5-0180,WB,P5,fair_price,estimate,valuation_model,逐年合理价格,DCF_fair_price,2032E,point_in_time,Global,bull,35.06249071303117,,,USD_per_ADS,USD,E,low,0,event_driven,WB P4 数据与预测模型,WB_MasterData_P4.csv / WB_统一数据预测估值模型_G4.xlsx,2026-08-01,2026-08-01,基于P4经营路径、当年资产支持、治理折价和稀释ADS。
WB-P5-0181,WB,P5,fair_price,estimate,valuation_model,逐年合理价格,SOTP_fair_price,2032E,point_in_time,Global,bull,32.56312173005154,,,USD_per_ADS,USD,E,low,0,event_driven,WB P4 数据与预测模型,WB_MasterData_P4.csv / WB_统一数据预测估值模型_G4.xlsx,2026-08-01,2026-08-01,基于P4经营路径、当年资产支持、治理折价和稀释ADS。
WB-P5-0182,WB,P5,fair_price,estimate,valuation_model,逐年合理价格,capitalization_fair_price,2032E,point_in_time,Global,bull,34.64592920846021,,,USD_per_ADS,USD,E,low,0,event_driven,WB P4 数据与预测模型,WB_MasterData_P4.csv / WB_统一数据预测估值模型_G4.xlsx,2026-08-01,2026-08-01,基于P4经营路径、当年资产支持、治理折价和稀释ADS。
WB-P5-0183,WB,P5,fair_price,estimate,valuation_model,逐年合理价格,central_fair_price,2032E,point_in_time,Global,bull,34.64592920846021,,,USD_per_ADS,USD,E,low,1,event_driven,WB P4 数据与预测模型,WB_MasterData_P4.csv / WB_统一数据预测估值模型_G4.xlsx,2026-08-01,2026-08-01,基于P4经营路径、当年资产支持、治理折价和稀释ADS。
WB-P5-0184,WB,P5,fair_price,estimate,valuation_model,逐年合理价格,DCF_fair_price,2033E,point_in_time,Global,bull,37.05992398915961,,,USD_per_ADS,USD,E,low,0,event_driven,WB P4 数据与预测模型,WB_MasterData_P4.csv / WB_统一数据预测估值模型_G4.xlsx,2026-08-01,2026-08-01,基于P4经营路径、当年资产支持、治理折价和稀释ADS。
WB-P5-0185,WB,P5,fair_price,estimate,valuation_model,逐年合理价格,SOTP_fair_price,2033E,point_in_time,Global,bull,34.446146561582104,,,USD_per_ADS,USD,E,low,0,event_driven,WB P4 数据与预测模型,WB_MasterData_P4.csv / WB_统一数据预测估值模型_G4.xlsx,2026-08-01,2026-08-01,基于P4经营路径、当年资产支持、治理折价和稀释ADS。
WB-P5-0186,WB,P5,fair_price,estimate,valuation_model,逐年合理价格,capitalization_fair_price,2033E,point_in_time,Global,bull,36.624294411795944,,,USD_per_ADS,USD,E,low,0,event_driven,WB P4 数据与预测模型,WB_MasterData_P4.csv / WB_统一数据预测估值模型_G4.xlsx,2026-08-01,2026-08-01,基于P4经营路径、当年资产支持、治理折价和稀释ADS。
WB-P5-0187,WB,P5,fair_price,estimate,valuation_model,逐年合理价格,central_fair_price,2033E,point_in_time,Global,bull,36.624294411795944,,,USD_per_ADS,USD,E,low,1,event_driven,WB P4 数据与预测模型,WB_MasterData_P4.csv / WB_统一数据预测估值模型_G4.xlsx,2026-08-01,2026-08-01,基于P4经营路径、当年资产支持、治理折价和稀释ADS。
WB-P5-0188,WB,P5,fair_price,estimate,valuation_model,逐年合理价格,DCF_fair_price,2034E,point_in_time,Global,bull,39.150632334247284,,,USD_per_ADS,USD,E,low,0,event_driven,WB P4 数据与预测模型,WB_MasterData_P4.csv / WB_统一数据预测估值模型_G4.xlsx,2026-08-01,2026-08-01,基于P4经营路径、当年资产支持、治理折价和稀释ADS。
WB-P5-0189,WB,P5,fair_price,estimate,valuation_model,逐年合理价格,SOTP_fair_price,2034E,point_in_time,Global,bull,36.41838571605859,,,USD_per_ADS,USD,E,low,0,event_driven,WB P4 数据与预测模型,WB_MasterData_P4.csv / WB_统一数据预测估值模型_G4.xlsx,2026-08-01,2026-08-01,基于P4经营路径、当年资产支持、治理折价和稀释ADS。
WB-P5-0190,WB,P5,fair_price,estimate,valuation_model,逐年合理价格,capitalization_fair_price,2034E,point_in_time,Global,bull,38.69525788139292,,,USD_per_ADS,USD,E,low,0,event_driven,WB P4 数据与预测模型,WB_MasterData_P4.csv / WB_统一数据预测估值模型_G4.xlsx,2026-08-01,2026-08-01,基于P4经营路径、当年资产支持、治理折价和稀释ADS。
WB-P5-0191,WB,P5,fair_price,estimate,valuation_model,逐年合理价格,central_fair_price,2034E,point_in_time,Global,bull,38.69525788139292,,,USD_per_ADS,USD,E,low,1,event_driven,WB P4 数据与预测模型,WB_MasterData_P4.csv / WB_统一数据预测估值模型_G4.xlsx,2026-08-01,2026-08-01,基于P4经营路径、当年资产支持、治理折价和稀释ADS。
WB-P5-0192,WB,P5,fair_price,estimate,valuation_model,逐年合理价格,DCF_fair_price,2035E,point_in_time,Global,bull,41.337160421996465,,,USD_per_ADS,USD,E,low,0,event_driven,WB P4 数据与预测模型,WB_MasterData_P4.csv / WB_统一数据预测估值模型_G4.xlsx,2026-08-01,2026-08-01,基于P4经营路径、当年资产支持、治理折价和稀释ADS。
WB-P5-0193,WB,P5,fair_price,estimate,valuation_model,逐年合理价格,SOTP_fair_price,2035E,point_in_time,Global,bull,38.48232245940037,,,USD_per_ADS,USD,E,low,0,event_driven,WB P4 数据与预测模型,WB_MasterData_P4.csv / WB_统一数据预测估值模型_G4.xlsx,2026-08-01,2026-08-01,基于P4经营路径、当年资产支持、治理折价和稀释ADS。
WB-P5-0194,WB,P5,fair_price,estimate,valuation_model,逐年合理价格,capitalization_fair_price,2035E,point_in_time,Global,bull,40.861354094897116,,,USD_per_ADS,USD,E,low,0,event_driven,WB P4 数据与预测模型,WB_MasterData_P4.csv / WB_统一数据预测估值模型_G4.xlsx,2026-08-01,2026-08-01,基于P4经营路径、当年资产支持、治理折价和稀释ADS。
WB-P5-0195,WB,P5,fair_price,estimate,valuation_model,逐年合理价格,central_fair_price,2035E,point_in_time,Global,bull,40.861354094897116,,,USD_per_ADS,USD,E,low,1,event_driven,WB P4 数据与预测模型,WB_MasterData_P4.csv / WB_统一数据预测估值模型_G4.xlsx,2026-08-01,2026-08-01,基于P4经营路径、当年资产支持、治理折价和稀释ADS。
WB-P5-0196,WB,P5,irr,estimate,return_model,持有期IRR,dividend_only_irr,2028E,point_in_time,Global,bear,0.03308954030821354,,,%,N/A,E,low,1,event_driven,WB P4 数据与预测模型,WB_MasterData_P4.csv / WB_统一数据预测估值模型_G4.xlsx,2026-08-01,2026-08-01,起点为2026-08-01、8.15美元；不重复计入已支付的FY2025股息。
WB-P5-0197,WB,P5,irr,estimate,return_model,持有期IRR,dividend_buyback_irr,2028E,point_in_time,Global,bear,0.022090806398036622,,,%,N/A,E,low,1,event_driven,WB P4 数据与预测模型,WB_MasterData_P4.csv / WB_统一数据预测估值模型_G4.xlsx,2026-08-01,2026-08-01,起点为2026-08-01、8.15美元；不重复计入已支付的FY2025股息。
WB-P5-0198,WB,P5,irr,estimate,return_model,持有期IRR,no_rerating_irr,2028E,point_in_time,Global,bear,0.05948369617755922,,,%,N/A,E,low,1,event_driven,WB P4 数据与预测模型,WB_MasterData_P4.csv / WB_统一数据预测估值模型_G4.xlsx,2026-08-01,2026-08-01,起点为2026-08-01、8.15美元；不重复计入已支付的FY2025股息。
WB-P5-0199,WB,P5,irr,estimate,return_model,持有期IRR,full_convergence_irr,2028E,point_in_time,Global,bear,0.01974843320910946,,,%,N/A,E,low,1,event_driven,WB P4 数据与预测模型,WB_MasterData_P4.csv / WB_统一数据预测估值模型_G4.xlsx,2026-08-01,2026-08-01,起点为2026-08-01、8.15美元；不重复计入已支付的FY2025股息。
WB-P5-0200,WB,P5,irr,estimate,return_model,持有期IRR,cumulative_future_dividend_per_ADS,2028E,point_in_time,Global,bear,0.6435260462924286,,,USD_per_ADS,USD,E,low,0,event_driven,WB P4 数据与预测模型,WB_MasterData_P4.csv / WB_统一数据预测估值模型_G4.xlsx,2026-08-01,2026-08-01,2027年至持有期的预计股息。
WB-P5-0201,WB,P5,irr,estimate,return_model,持有期IRR,dividend_only_irr,2030E,point_in_time,Global,bear,0.03414687875276179,,,%,N/A,E,low,1,event_driven,WB P4 数据与预测模型,WB_MasterData_P4.csv / WB_统一数据预测估值模型_G4.xlsx,2026-08-01,2026-08-01,起点为2026-08-01、8.15美元；不重复计入已支付的FY2025股息。
WB-P5-0202,WB,P5,irr,estimate,return_model,持有期IRR,dividend_buyback_irr,2030E,point_in_time,Global,bear,0.0236081914445766,,,%,N/A,E,low,1,event_driven,WB P4 数据与预测模型,WB_MasterData_P4.csv / WB_统一数据预测估值模型_G4.xlsx,2026-08-01,2026-08-01,起点为2026-08-01、8.15美元；不重复计入已支付的FY2025股息。
WB-P5-0203,WB,P5,irr,estimate,return_model,持有期IRR,no_rerating_irr,2030E,point_in_time,Global,bear,0.05263112209370113,,,%,N/A,E,low,1,event_driven,WB P4 数据与预测模型,WB_MasterData_P4.csv / WB_统一数据预测估值模型_G4.xlsx,2026-08-01,2026-08-01,起点为2026-08-01、8.15美元；不重复计入已支付的FY2025股息。
WB-P5-0204,WB,P5,irr,estimate,return_model,持有期IRR,full_convergence_irr,2030E,point_in_time,Global,bear,0.03152190134012478,,,%,N/A,E,low,1,event_driven,WB P4 数据与预测模型,WB_MasterData_P4.csv / WB_统一数据预测估值模型_G4.xlsx,2026-08-01,2026-08-01,起点为2026-08-01、8.15美元；不重复计入已支付的FY2025股息。
WB-P5-0205,WB,P5,irr,estimate,return_model,持有期IRR,cumulative_future_dividend_per_ADS,2030E,point_in_time,Global,bear,1.2102971036095225,,,USD_per_ADS,USD,E,low,0,event_driven,WB P4 数据与预测模型,WB_MasterData_P4.csv / WB_统一数据预测估值模型_G4.xlsx,2026-08-01,2026-08-01,2027年至持有期的预计股息。
WB-P5-0206,WB,P5,irr,estimate,return_model,持有期IRR,dividend_only_irr,2035E,point_in_time,Global,bear,0.033844370894076214,,,%,N/A,E,low,1,event_driven,WB P4 数据与预测模型,WB_MasterData_P4.csv / WB_统一数据预测估值模型_G4.xlsx,2026-08-01,2026-08-01,起点为2026-08-01、8.15美元；不重复计入已支付的FY2025股息。
WB-P5-0207,WB,P5,irr,estimate,return_model,持有期IRR,dividend_buyback_irr,2035E,point_in_time,Global,bear,0.02423997539065781,,,%,N/A,E,low,1,event_driven,WB P4 数据与预测模型,WB_MasterData_P4.csv / WB_统一数据预测估值模型_G4.xlsx,2026-08-01,2026-08-01,起点为2026-08-01、8.15美元；不重复计入已支付的FY2025股息。
WB-P5-0208,WB,P5,irr,estimate,return_model,持有期IRR,no_rerating_irr,2035E,point_in_time,Global,bear,0.04792353818847761,,,%,N/A,E,low,1,event_driven,WB P4 数据与预测模型,WB_MasterData_P4.csv / WB_统一数据预测估值模型_G4.xlsx,2026-08-01,2026-08-01,起点为2026-08-01、8.15美元；不重复计入已支付的FY2025股息。
WB-P5-0209,WB,P5,irr,estimate,return_model,持有期IRR,full_convergence_irr,2035E,point_in_time,Global,bear,0.038722184974396945,,,%,N/A,E,low,1,event_driven,WB P4 数据与预测模型,WB_MasterData_P4.csv / WB_统一数据预测估值模型_G4.xlsx,2026-08-01,2026-08-01,起点为2026-08-01、8.15美元；不重复计入已支付的FY2025股息。
WB-P5-0210,WB,P5,irr,estimate,return_model,持有期IRR,cumulative_future_dividend_per_ADS,2035E,point_in_time,Global,bear,2.549204444155083,,,USD_per_ADS,USD,E,low,0,event_driven,WB P4 数据与预测模型,WB_MasterData_P4.csv / WB_统一数据预测估值模型_G4.xlsx,2026-08-01,2026-08-01,2027年至持有期的预计股息。
WB-P5-0211,WB,P5,irr,estimate,return_model,持有期IRR,dividend_only_irr,2028E,point_in_time,Global,base,0.05957916185769807,,,%,N/A,E,medium,1,event_driven,WB P4 数据与预测模型,WB_MasterData_P4.csv / WB_统一数据预测估值模型_G4.xlsx,2026-08-01,2026-08-01,起点为2026-08-01、8.15美元；不重复计入已支付的FY2025股息。
WB-P5-0212,WB,P5,irr,estimate,return_model,持有期IRR,dividend_buyback_irr,2028E,point_in_time,Global,base,0.06958088215483749,,,%,N/A,E,medium,1,event_driven,WB P4 数据与预测模型,WB_MasterData_P4.csv / WB_统一数据预测估值模型_G4.xlsx,2026-08-01,2026-08-01,起点为2026-08-01、8.15美元；不重复计入已支付的FY2025股息。
WB-P5-0213,WB,P5,irr,estimate,return_model,持有期IRR,no_rerating_irr,2028E,point_in_time,Global,base,0.11532327386308283,,,%,N/A,E,medium,1,event_driven,WB P4 数据与预测模型,WB_MasterData_P4.csv / WB_统一数据预测估值模型_G4.xlsx,2026-08-01,2026-08-01,起点为2026-08-01、8.15美元；不重复计入已支付的FY2025股息。
WB-P5-0214,WB,P5,irr,estimate,return_model,持有期IRR,full_convergence_irr,2028E,point_in_time,Global,base,0.4211285745428569,,,%,N/A,E,medium,1,event_driven,WB P4 数据与预测模型,WB_MasterData_P4.csv / WB_统一数据预测估值模型_G4.xlsx,2026-08-01,2026-08-01,起点为2026-08-01、8.15美元；不重复计入已支付的FY2025股息。
WB-P5-0215,WB,P5,irr,estimate,return_model,持有期IRR,cumulative_future_dividend_per_ADS,2028E,point_in_time,Global,base,1.1483767175060742,,,USD_per_ADS,USD,E,medium,0,event_driven,WB P4 数据与预测模型,WB_MasterData_P4.csv / WB_统一数据预测估值模型_G4.xlsx,2026-08-01,2026-08-01,2027年至持有期的预计股息。
WB-P5-0216,WB,P5,irr,estimate,return_model,持有期IRR,dividend_only_irr,2030E,point_in_time,Global,base,0.06689954240277907,,,%,N/A,E,medium,1,event_driven,WB P4 数据与预测模型,WB_MasterData_P4.csv / WB_统一数据预测估值模型_G4.xlsx,2026-08-01,2026-08-01,起点为2026-08-01、8.15美元；不重复计入已支付的FY2025股息。
WB-P5-0217,WB,P5,irr,estimate,return_model,持有期IRR,dividend_buyback_irr,2030E,point_in_time,Global,base,0.07524993381280554,,,%,N/A,E,medium,1,event_driven,WB P4 数据与预测模型,WB_MasterData_P4.csv / WB_统一数据预测估值模型_G4.xlsx,2026-08-01,2026-08-01,起点为2026-08-01、8.15美元；不重复计入已支付的FY2025股息。
WB-P5-0218,WB,P5,irr,estimate,return_model,持有期IRR,no_rerating_irr,2030E,point_in_time,Global,base,0.11277758408401517,,,%,N/A,E,medium,1,event_driven,WB P4 数据与预测模型,WB_MasterData_P4.csv / WB_统一数据预测估值模型_G4.xlsx,2026-08-01,2026-08-01,起点为2026-08-01、8.15美元；不重复计入已支付的FY2025股息。
WB-P5-0219,WB,P5,irr,estimate,return_model,持有期IRR,full_convergence_irr,2030E,point_in_time,Global,base,0.2618633920118406,,,%,N/A,E,medium,1,event_driven,WB P4 数据与预测模型,WB_MasterData_P4.csv / WB_统一数据预测估值模型_G4.xlsx,2026-08-01,2026-08-01,起点为2026-08-01、8.15美元；不重复计入已支付的FY2025股息。
WB-P5-0220,WB,P5,irr,estimate,return_model,持有期IRR,cumulative_future_dividend_per_ADS,2030E,point_in_time,Global,base,2.3534945505247133,,,USD_per_ADS,USD,E,medium,0,event_driven,WB P4 数据与预测模型,WB_MasterData_P4.csv / WB_统一数据预测估值模型_G4.xlsx,2026-08-01,2026-08-01,2027年至持有期的预计股息。
WB-P5-0221,WB,P5,irr,estimate,return_model,持有期IRR,dividend_only_irr,2035E,point_in_time,Global,base,0.07404480927809065,,,%,N/A,E,medium,1,event_driven,WB P4 数据与预测模型,WB_MasterData_P4.csv / WB_统一数据预测估值模型_G4.xlsx,2026-08-01,2026-08-01,起点为2026-08-01、8.15美元；不重复计入已支付的FY2025股息。
WB-P5-0222,WB,P5,irr,estimate,return_model,持有期IRR,dividend_buyback_irr,2035E,point_in_time,Global,base,0.08165748931478845,,,%,N/A,E,medium,1,event_driven,WB P4 数据与预测模型,WB_MasterData_P4.csv / WB_统一数据预测估值模型_G4.xlsx,2026-08-01,2026-08-01,起点为2026-08-01、8.15美元；不重复计入已支付的FY2025股息。
WB-P5-0223,WB,P5,irr,estimate,return_model,持有期IRR,no_rerating_irr,2035E,point_in_time,Global,base,0.10902923949985122,,,%,N/A,E,medium,1,event_driven,WB P4 数据与预测模型,WB_MasterData_P4.csv / WB_统一数据预测估值模型_G4.xlsx,2026-08-01,2026-08-01,起点为2026-08-01、8.15美元；不重复计入已支付的FY2025股息。
WB-P5-0224,WB,P5,irr,estimate,return_model,持有期IRR,full_convergence_irr,2035E,point_in_time,Global,base,0.16812514621927732,,,%,N/A,E,medium,1,event_driven,WB P4 数据与预测模型,WB_MasterData_P4.csv / WB_统一数据预测估值模型_G4.xlsx,2026-08-01,2026-08-01,起点为2026-08-01、8.15美元；不重复计入已支付的FY2025股息。
WB-P5-0225,WB,P5,irr,estimate,return_model,持有期IRR,cumulative_future_dividend_per_ADS,2035E,point_in_time,Global,base,5.590341243880199,,,USD_per_ADS,USD,E,medium,0,event_driven,WB P4 数据与预测模型,WB_MasterData_P4.csv / WB_统一数据预测估值模型_G4.xlsx,2026-08-01,2026-08-01,2027年至持有期的预计股息。
WB-P5-0226,WB,P5,irr,estimate,return_model,持有期IRR,dividend_only_irr,2028E,point_in_time,Global,bull,0.09148404414441813,,,%,N/A,E,low,1,event_driven,WB P4 数据与预测模型,WB_MasterData_P4.csv / WB_统一数据预测估值模型_G4.xlsx,2026-08-01,2026-08-01,起点为2026-08-01、8.15美元；不重复计入已支付的FY2025股息。
WB-P5-0227,WB,P5,irr,estimate,return_model,持有期IRR,dividend_buyback_irr,2028E,point_in_time,Global,bull,0.11746965850058178,,,%,N/A,E,low,1,event_driven,WB P4 数据与预测模型,WB_MasterData_P4.csv / WB_统一数据预测估值模型_G4.xlsx,2026-08-01,2026-08-01,起点为2026-08-01、8.15美元；不重复计入已支付的FY2025股息。
WB-P5-0228,WB,P5,irr,estimate,return_model,持有期IRR,no_rerating_irr,2028E,point_in_time,Global,bull,0.17124498079116435,,,%,N/A,E,low,1,event_driven,WB P4 数据与预测模型,WB_MasterData_P4.csv / WB_统一数据预测估值模型_G4.xlsx,2026-08-01,2026-08-01,起点为2026-08-01、8.15美元；不重复计入已支付的FY2025股息。
WB-P5-0229,WB,P5,irr,estimate,return_model,持有期IRR,full_convergence_irr,2028E,point_in_time,Global,bull,0.7291985981902671,,,%,N/A,E,low,1,event_driven,WB P4 数据与预测模型,WB_MasterData_P4.csv / WB_统一数据预测估值模型_G4.xlsx,2026-08-01,2026-08-01,起点为2026-08-01、8.15美元；不重复计入已支付的FY2025股息。
WB-P5-0230,WB,P5,irr,estimate,return_model,持有期IRR,cumulative_future_dividend_per_ADS,2028E,point_in_time,Global,bull,1.744821237172863,,,USD_per_ADS,USD,E,low,0,event_driven,WB P4 数据与预测模型,WB_MasterData_P4.csv / WB_统一数据预测估值模型_G4.xlsx,2026-08-01,2026-08-01,2027年至持有期的预计股息。
WB-P5-0231,WB,P5,irr,estimate,return_model,持有期IRR,dividend_only_irr,2030E,point_in_time,Global,bull,0.10637827736949756,,,%,N/A,E,low,1,event_driven,WB P4 数据与预测模型,WB_MasterData_P4.csv / WB_统一数据预测估值模型_G4.xlsx,2026-08-01,2026-08-01,起点为2026-08-01、8.15美元；不重复计入已支付的FY2025股息。
WB-P5-0232,WB,P5,irr,estimate,return_model,持有期IRR,dividend_buyback_irr,2030E,point_in_time,Global,bull,0.12748206475728507,,,%,N/A,E,low,1,event_driven,WB P4 数据与预测模型,WB_MasterData_P4.csv / WB_统一数据预测估值模型_G4.xlsx,2026-08-01,2026-08-01,起点为2026-08-01、8.15美元；不重复计入已支付的FY2025股息。
WB-P5-0233,WB,P5,irr,estimate,return_model,持有期IRR,no_rerating_irr,2030E,point_in_time,Global,bull,0.17081256344186346,,,%,N/A,E,low,1,event_driven,WB P4 数据与预测模型,WB_MasterData_P4.csv / WB_统一数据预测估值模型_G4.xlsx,2026-08-01,2026-08-01,起点为2026-08-01、8.15美元；不重复计入已支付的FY2025股息。
WB-P5-0234,WB,P5,irr,estimate,return_model,持有期IRR,full_convergence_irr,2030E,point_in_time,Global,bull,0.4271211049963738,,,%,N/A,E,low,1,event_driven,WB P4 数据与预测模型,WB_MasterData_P4.csv / WB_统一数据预测估值模型_G4.xlsx,2026-08-01,2026-08-01,起点为2026-08-01、8.15美元；不重复计入已支付的FY2025股息。
WB-P5-0235,WB,P5,irr,estimate,return_model,持有期IRR,cumulative_future_dividend_per_ADS,2030E,point_in_time,Global,bull,3.712019296593101,,,USD_per_ADS,USD,E,low,0,event_driven,WB P4 数据与预测模型,WB_MasterData_P4.csv / WB_统一数据预测估值模型_G4.xlsx,2026-08-01,2026-08-01,2027年至持有期的预计股息。
WB-P5-0236,WB,P5,irr,estimate,return_model,持有期IRR,dividend_only_irr,2035E,point_in_time,Global,bull,0.12414969544744447,,,%,N/A,E,low,1,event_driven,WB P4 数据与预测模型,WB_MasterData_P4.csv / WB_统一数据预测估值模型_G4.xlsx,2026-08-01,2026-08-01,起点为2026-08-01、8.15美元；不重复计入已支付的FY2025股息。
WB-P5-0237,WB,P5,irr,estimate,return_model,持有期IRR,dividend_buyback_irr,2035E,point_in_time,Global,bull,0.13917596814528832,,,%,N/A,E,low,1,event_driven,WB P4 数据与预测模型,WB_MasterData_P4.csv / WB_统一数据预测估值模型_G4.xlsx,2026-08-01,2026-08-01,起点为2026-08-01、8.15美元；不重复计入已支付的FY2025股息。
WB-P5-0238,WB,P5,irr,estimate,return_model,持有期IRR,no_rerating_irr,2035E,point_in_time,Global,bull,0.1655226261869166,,,%,N/A,E,low,1,event_driven,WB P4 数据与预测模型,WB_MasterData_P4.csv / WB_统一数据预测估值模型_G4.xlsx,2026-08-01,2026-08-01,起点为2026-08-01、8.15美元；不重复计入已支付的FY2025股息。
WB-P5-0239,WB,P5,irr,estimate,return_model,持有期IRR,full_convergence_irr,2035E,point_in_time,Global,bull,0.25843743617546233,,,%,N/A,E,low,1,event_driven,WB P4 数据与预测模型,WB_MasterData_P4.csv / WB_统一数据预测估值模型_G4.xlsx,2026-08-01,2026-08-01,起点为2026-08-01、8.15美元；不重复计入已支付的FY2025股息。
WB-P5-0240,WB,P5,irr,estimate,return_model,持有期IRR,cumulative_future_dividend_per_ADS,2035E,point_in_time,Global,bull,9.486660530945493,,,USD_per_ADS,USD,E,low,0,event_driven,WB P4 数据与预测模型,WB_MasterData_P4.csv / WB_统一数据预测估值模型_G4.xlsx,2026-08-01,2026-08-01,2027年至持有期的预计股息。
WB-P5-0241,WB,P5,irr,estimate,return_model,2035收益来源分解,dividend,2035E,point_in_time,Global,bear,2.549204444155083,,,USD_per_ADS,USD,E,low,1,event_driven,WB P4 数据与预测模型,WB_MasterData_P4.csv / WB_统一数据预测估值模型_G4.xlsx,2026-08-01,2026-08-01,全价值回归情景下的未折现收益来源。
WB-P5-0242,WB,P5,irr,estimate,return_model,2035收益来源分解,buyback,2035E,point_in_time,Global,bear,-0.8021027634675821,,,USD_per_ADS,USD,E,low,1,event_driven,WB P4 数据与预测模型,WB_MasterData_P4.csv / WB_统一数据预测估值模型_G4.xlsx,2026-08-01,2026-08-01,全价值回归情景下的未折现收益来源。
WB-P5-0243,WB,P5,irr,estimate,return_model,2035收益来源分解,fundamental,2035E,point_in_time,Global,bear,2.104771900252212,,,USD_per_ADS,USD,E,low,1,event_driven,WB P4 数据与预测模型,WB_MasterData_P4.csv / WB_统一数据预测估值模型_G4.xlsx,2026-08-01,2026-08-01,全价值回归情景下的未折现收益来源。
WB-P5-0244,WB,P5,irr,estimate,return_model,2035收益来源分解,rerating,2035E,point_in_time,Global,bear,-0.8690390152515004,,,USD_per_ADS,USD,E,low,1,event_driven,WB P4 数据与预测模型,WB_MasterData_P4.csv / WB_统一数据预测估值模型_G4.xlsx,2026-08-01,2026-08-01,全价值回归情景下的未折现收益来源。
WB-P5-0245,WB,P5,irr,estimate,return_model,2035收益来源分解,total_gain,2035E,point_in_time,Global,bear,2.9828345656882123,,,USD_per_ADS,USD,E,low,1,event_driven,WB P4 数据与预测模型,WB_MasterData_P4.csv / WB_统一数据预测估值模型_G4.xlsx,2026-08-01,2026-08-01,全价值回归情景下的未折现收益来源。
WB-P5-0246,WB,P5,irr,estimate,return_model,2035收益来源分解,dividend_share,2035E,point_in_time,Global,bear,0.8546248167695213,,,%,N/A,E,low,1,event_driven,WB P4 数据与预测模型,WB_MasterData_P4.csv / WB_统一数据预测估值模型_G4.xlsx,2026-08-01,2026-08-01,全价值回归情景下的未折现收益来源。
WB-P5-0247,WB,P5,irr,estimate,return_model,2035收益来源分解,buyback_share,2035E,point_in_time,Global,bear,-0.26890621849908647,,,%,N/A,E,low,1,event_driven,WB P4 数据与预测模型,WB_MasterData_P4.csv / WB_统一数据预测估值模型_G4.xlsx,2026-08-01,2026-08-01,全价值回归情景下的未折现收益来源。
WB-P5-0248,WB,P5,irr,estimate,return_model,2035收益来源分解,fundamental_share,2035E,point_in_time,Global,bear,0.7056281043754734,,,%,N/A,E,low,1,event_driven,WB P4 数据与预测模型,WB_MasterData_P4.csv / WB_统一数据预测估值模型_G4.xlsx,2026-08-01,2026-08-01,全价值回归情景下的未折现收益来源。
WB-P5-0249,WB,P5,irr,estimate,return_model,2035收益来源分解,rerating_share,2035E,point_in_time,Global,bear,-0.29134670264590823,,,%,N/A,E,low,1,event_driven,WB P4 数据与预测模型,WB_MasterData_P4.csv / WB_统一数据预测估值模型_G4.xlsx,2026-08-01,2026-08-01,全价值回归情景下的未折现收益来源。
WB-P5-0250,WB,P5,irr,estimate,return_model,2035收益来源分解,dividend,2035E,point_in_time,Global,base,5.590341243880199,,,USD_per_ADS,USD,E,medium,1,event_driven,WB P4 数据与预测模型,WB_MasterData_P4.csv / WB_统一数据预测估值模型_G4.xlsx,2026-08-01,2026-08-01,全价值回归情景下的未折现收益来源。
WB-P5-0251,WB,P5,irr,estimate,return_model,2035收益来源分解,buyback,2035E,point_in_time,Global,base,0.8197691819201225,,,USD_per_ADS,USD,E,medium,1,event_driven,WB P4 数据与预测模型,WB_MasterData_P4.csv / WB_统一数据预测估值模型_G4.xlsx,2026-08-01,2026-08-01,全价值回归情景下的未折现收益来源。
WB-P5-0252,WB,P5,irr,estimate,return_model,2035收益来源分解,fundamental,2035E,point_in_time,Global,base,3.4374615267006217,,,USD_per_ADS,USD,E,medium,1,event_driven,WB P4 数据与预测模型,WB_MasterData_P4.csv / WB_统一数据预测估值模型_G4.xlsx,2026-08-01,2026-08-01,全价值回归情景下的未折现收益来源。
WB-P5-0253,WB,P5,irr,estimate,return_model,2035收益来源分解,rerating,2035E,point_in_time,Global,base,10.705069596129235,,,USD_per_ADS,USD,E,medium,1,event_driven,WB P4 数据与预测模型,WB_MasterData_P4.csv / WB_统一数据预测估值模型_G4.xlsx,2026-08-01,2026-08-01,全价值回归情景下的未折现收益来源。
WB-P5-0254,WB,P5,irr,estimate,return_model,2035收益来源分解,total_gain,2035E,point_in_time,Global,base,20.552641548630177,,,USD_per_ADS,USD,E,medium,1,event_driven,WB P4 数据与预测模型,WB_MasterData_P4.csv / WB_统一数据预测估值模型_G4.xlsx,2026-08-01,2026-08-01,全价值回归情景下的未折现收益来源。
WB-P5-0255,WB,P5,irr,estimate,return_model,2035收益来源分解,dividend_share,2035E,point_in_time,Global,base,0.27200110655619314,,,%,N/A,E,medium,1,event_driven,WB P4 数据与预测模型,WB_MasterData_P4.csv / WB_统一数据预测估值模型_G4.xlsx,2026-08-01,2026-08-01,全价值回归情景下的未折现收益来源。
WB-P5-0256,WB,P5,irr,estimate,return_model,2035收益来源分解,buyback_share,2035E,point_in_time,Global,base,0.039886317288239756,,,%,N/A,E,medium,1,event_driven,WB P4 数据与预测模型,WB_MasterData_P4.csv / WB_统一数据预测估值模型_G4.xlsx,2026-08-01,2026-08-01,全价值回归情景下的未折现收益来源。
WB-P5-0257,WB,P5,irr,estimate,return_model,2035收益来源分解,fundamental_share,2035E,point_in_time,Global,base,0.16725156805596733,,,%,N/A,E,medium,1,event_driven,WB P4 数据与预测模型,WB_MasterData_P4.csv / WB_统一数据预测估值模型_G4.xlsx,2026-08-01,2026-08-01,全价值回归情景下的未折现收益来源。
WB-P5-0258,WB,P5,irr,estimate,return_model,2035收益来源分解,rerating_share,2035E,point_in_time,Global,base,0.5208610080995998,,,%,N/A,E,medium,1,event_driven,WB P4 数据与预测模型,WB_MasterData_P4.csv / WB_统一数据预测估值模型_G4.xlsx,2026-08-01,2026-08-01,全价值回归情景下的未折现收益来源。
WB-P5-0259,WB,P5,irr,estimate,return_model,2035收益来源分解,dividend,2035E,point_in_time,Global,bull,9.486660530945493,,,USD_per_ADS,USD,E,low,1,event_driven,WB P4 数据与预测模型,WB_MasterData_P4.csv / WB_统一数据预测估值模型_G4.xlsx,2026-08-01,2026-08-01,全价值回归情景下的未折现收益来源。
WB-P5-0260,WB,P5,irr,estimate,return_model,2035收益来源分解,buyback,2035E,point_in_time,Global,bull,2.121507392221522,,,USD_per_ADS,USD,E,low,1,event_driven,WB P4 数据与预测模型,WB_MasterData_P4.csv / WB_统一数据预测估值模型_G4.xlsx,2026-08-01,2026-08-01,全价值回归情景下的未折现收益来源。
WB-P5-0261,WB,P5,irr,estimate,return_model,2035收益来源分解,fundamental,2035E,point_in_time,Global,bull,4.462699406885388,,,USD_per_ADS,USD,E,low,1,event_driven,WB P4 数据与预测模型,WB_MasterData_P4.csv / WB_统一数据预测估值模型_G4.xlsx,2026-08-01,2026-08-01,全价值回归情景下的未折现收益来源。
WB-P5-0262,WB,P5,irr,estimate,return_model,2035收益来源分解,rerating,2035E,point_in_time,Global,bull,26.127147295790206,,,USD_per_ADS,USD,E,low,1,event_driven,WB P4 数据与预测模型,WB_MasterData_P4.csv / WB_统一数据预测估值模型_G4.xlsx,2026-08-01,2026-08-01,全价值回归情景下的未折现收益来源。
WB-P5-0263,WB,P5,irr,estimate,return_model,2035收益来源分解,total_gain,2035E,point_in_time,Global,bull,42.1980146258426,,,USD_per_ADS,USD,E,low,1,event_driven,WB P4 数据与预测模型,WB_MasterData_P4.csv / WB_统一数据预测估值模型_G4.xlsx,2026-08-01,2026-08-01,全价值回归情景下的未折现收益来源。
WB-P5-0264,WB,P5,irr,estimate,return_model,2035收益来源分解,dividend_share,2035E,point_in_time,Global,bull,0.2248129589759358,,,%,N/A,E,low,1,event_driven,WB P4 数据与预测模型,WB_MasterData_P4.csv / WB_统一数据预测估值模型_G4.xlsx,2026-08-01,2026-08-01,全价值回归情景下的未折现收益来源。
WB-P5-0265,WB,P5,irr,estimate,return_model,2035收益来源分解,buyback_share,2035E,point_in_time,Global,bull,0.05027505229884166,,,%,N/A,E,low,1,event_driven,WB P4 数据与预测模型,WB_MasterData_P4.csv / WB_统一数据预测估值模型_G4.xlsx,2026-08-01,2026-08-01,全价值回归情景下的未折现收益来源。
WB-P5-0266,WB,P5,irr,estimate,return_model,2035收益来源分解,fundamental_share,2035E,point_in_time,Global,bull,0.10575614626552535,,,%,N/A,E,low,1,event_driven,WB P4 数据与预测模型,WB_MasterData_P4.csv / WB_统一数据预测估值模型_G4.xlsx,2026-08-01,2026-08-01,全价值回归情景下的未折现收益来源。
WB-P5-0267,WB,P5,irr,estimate,return_model,2035收益来源分解,rerating_share,2035E,point_in_time,Global,bull,0.6191558424596973,,,%,N/A,E,low,1,event_driven,WB P4 数据与预测模型,WB_MasterData_P4.csv / WB_统一数据预测估值模型_G4.xlsx,2026-08-01,2026-08-01,全价值回归情景下的未折现收益来源。
WB-P5-0268,WB,P5,reverse_valuation,estimate,valuation_model,当前价格反推,fully_diluted_equity_value,2026-08-01,point_in_time,Global,not_applicable,2201.4861499999997,,,USD_mn,USD,E,medium,1,event_driven,WB market data,"OpenAI Finance market data — WB, latest available as of 2026-08-01",2026-08-01,2026-08-01,当前价格×2026Q1稀释ADS。
WB-P5-0269,WB,P5,reverse_valuation,estimate,valuation_model,当前价格反推,base_2026_asset_support,2026-08-01,point_in_time,Global,not_applicable,1964.688437,,,USD_mn,USD,E,medium,1,event_driven,WB market data,"OpenAI Finance market data — WB, latest available as of 2026-08-01",2026-08-01,2026-08-01,P4基准2026E治理折价前资产支持。
WB-P5-0270,WB,P5,reverse_valuation,estimate,valuation_model,当前价格反推,base_recognized_asset_value_per_ADS,2026-08-01,point_in_time,Global,not_applicable,5.265600377401016,,,USD_per_ADS,USD,E,medium,1,event_driven,WB market data,"OpenAI Finance market data — WB, latest available as of 2026-08-01",2026-08-01,2026-08-01,基准资产支持经25%治理折价和stub折现。
WB-P5-0271,WB,P5,reverse_valuation,estimate,valuation_model,当前价格反推,residual_business_price_per_ADS,2026-08-01,point_in_time,Global,not_applicable,2.884399622598984,,,USD_per_ADS,USD,E,medium,1,event_driven,WB market data,"OpenAI Finance market data — WB, latest available as of 2026-08-01",2026-08-01,2026-08-01,当前价格减基准资产认可值。
WB-P5-0272,WB,P5,reverse_valuation,estimate,valuation_model,当前价格反推,implied_operating_multiple_if_base_assets,2026-08-01,point_in_time,Global,not_applicable,2.975935607024387,,,x,N/A,E,medium,1,event_driven,WB market data,"OpenAI Finance market data — WB, latest available as of 2026-08-01",2026-08-01,2026-08-01,市场完整认可基准资产时，剩余经营业务隐含倍数。
WB-P5-0273,WB,P5,reverse_valuation,estimate,valuation_model,当前价格反推,implied_operating_multiple_if_zero_assets,2026-08-01,point_in_time,Global,not_applicable,8.285985082776552,,,x,N/A,E,medium,1,event_driven,WB market data,"OpenAI Finance market data — WB, latest available as of 2026-08-01",2026-08-01,2026-08-01,若所有资产价值为零，市场给予经营业务的隐含倍数。
WB-P5-0274,WB,P5,reverse_valuation,estimate,valuation_model,当前价格反推,implied_asset_recognition_if_8x_business,2026-08-01,point_in_time,Global,not_applicable,0.053857329217453766,,,%,N/A,E,medium,1,event_driven,WB market data,"OpenAI Finance market data — WB, latest available as of 2026-08-01",2026-08-01,2026-08-01,经营业务按8倍所有者收益时，市场隐含资产认可比例。
WB-P5-0275,WB,P5,reverse_valuation,estimate,valuation_model,当前价格反推,implied_asset_recognition_if_6x_business,2026-08-01,point_in_time,Global,not_applicable,0.43050165412116875,,,%,N/A,E,medium,1,event_driven,WB market data,"OpenAI Finance market data — WB, latest available as of 2026-08-01",2026-08-01,2026-08-01,经营业务按6倍所有者收益时，市场隐含资产认可比例。
WB-P5-0276,WB,P5,reverse_valuation,estimate,valuation_model,当前价格反推,base_entry_price_for_11pct_no_rerating,2026-08-01,point_in_time,Global,not_applicable,8.030740852341491,,,USD_per_ADS,USD,E,medium,1,event_driven,WB market data,"OpenAI Finance market data — WB, latest available as of 2026-08-01",2026-08-01,2026-08-01,基准基本面发展但估值折价不收敛时，2035实现11%IRR的最高买入价。
WB-P5-0277,WB,P5,final_score,score,score_dimension,存量经营稳定性,current_score,P5,point_in_time,Global,not_applicable,3.2,,,score_0_5,N/A,H,medium,1,event_driven,WB P4 数据与预测模型,WB_MasterData_P4.csv / WB_统一数据预测估值模型_G4.xlsx,2026-08-01,2026-08-01,权重20%。DAU、营业利润和所有者收益有底线，但收入份额缓慢流失。
WB-P5-0278,WB,P5,final_score,assumption,score_dimension,存量经营稳定性,score_weight,P5,point_in_time,Global,not_applicable,0.2,,,%,N/A,H,high,0,event_driven,研究框架 V3.1,MOMO_JOYY_WB_低估互联网公司投资调研框架_V3.1_单文件上传版(3).md,2026-08-01,2026-08-01,统一公司质量评分权重。
WB-P5-0279,WB,P5,final_score,score,score_dimension,增长业务真实性,current_score,P5,point_in_time,Global,not_applicable,1.0,,,score_0_5,N/A,H,medium,1,event_driven,WB P4 数据与预测模型,WB_MasterData_P4.csv / WB_统一数据预测估值模型_G4.xlsx,2026-08-01,2026-08-01,权重20%。没有可独立估值的新App或第二增长曲线。
WB-P5-0280,WB,P5,final_score,assumption,score_dimension,增长业务真实性,score_weight,P5,point_in_time,Global,not_applicable,0.2,,,%,N/A,H,high,0,event_driven,研究框架 V3.1,MOMO_JOYY_WB_低估互联网公司投资调研框架_V3.1_单文件上传版(3).md,2026-08-01,2026-08-01,统一公司质量评分权重。
WB-P5-0281,WB,P5,final_score,score,score_dimension,护城河与竞争力,current_score,P5,point_in_time,Global,not_applicable,2.8,,,score_0_5,N/A,H,medium,1,event_driven,WB P4 数据与预测模型,WB_MasterData_P4.csv / WB_统一数据预测估值模型_G4.xlsx,2026-08-01,2026-08-01,权重15%。公共热点和娱乐事件场景仍强，切换成本和闭环能力弱。
WB-P5-0282,WB,P5,final_score,assumption,score_dimension,护城河与竞争力,score_weight,P5,point_in_time,Global,not_applicable,0.15,,,%,N/A,H,high,0,event_driven,研究框架 V3.1,MOMO_JOYY_WB_低估互联网公司投资调研框架_V3.1_单文件上传版(3).md,2026-08-01,2026-08-01,统一公司质量评分权重。
WB-P5-0283,WB,P5,final_score,score,score_dimension,财务与现金质量,current_score,P5,point_in_time,Global,not_applicable,3.0,,,score_0_5,N/A,H,medium,1,event_driven,WB P4 数据与预测模型,WB_MasterData_P4.csv / WB_统一数据预测估值模型_G4.xlsx,2026-08-01,2026-08-01,权重15%。主业现金流好，但资产大量分布于投资和关联贷款。
WB-P5-0284,WB,P5,final_score,assumption,score_dimension,财务与现金质量,score_weight,P5,point_in_time,Global,not_applicable,0.15,,,%,N/A,H,high,0,event_driven,研究框架 V3.1,MOMO_JOYY_WB_低估互联网公司投资调研框架_V3.1_单文件上传版(3).md,2026-08-01,2026-08-01,统一公司质量评分权重。
WB-P5-0285,WB,P5,final_score,score,score_dimension,管理层与资本配置,current_score,P5,point_in_time,Global,not_applicable,2.15,,,score_0_5,N/A,H,medium,1,event_driven,WB P4 数据与预测模型,WB_MasterData_P4.csv / WB_统一数据预测估值模型_G4.xlsx,2026-08-01,2026-08-01,权重15%。分红真实，回购执行、投资透明度和少数股东一致性不足。
WB-P5-0286,WB,P5,final_score,assumption,score_dimension,管理层与资本配置,score_weight,P5,point_in_time,Global,not_applicable,0.15,,,%,N/A,H,high,0,event_driven,研究框架 V3.1,MOMO_JOYY_WB_低估互联网公司投资调研框架_V3.1_单文件上传版(3).md,2026-08-01,2026-08-01,统一公司质量评分权重。
WB-P5-0287,WB,P5,final_score,score,score_dimension,估值和兑现路径,current_score,P5,point_in_time,Global,not_applicable,4.0,,,score_0_5,N/A,H,medium,1,event_driven,WB P4 数据与预测模型,WB_MasterData_P4.csv / WB_统一数据预测估值模型_G4.xlsx,2026-08-01,2026-08-01,权重15%。价格明显低于基准价值，但兑现高度依赖资本配置。
WB-P5-0288,WB,P5,final_score,assumption,score_dimension,估值和兑现路径,score_weight,P5,point_in_time,Global,not_applicable,0.15,,,%,N/A,H,high,0,event_driven,研究框架 V3.1,MOMO_JOYY_WB_低估互联网公司投资调研框架_V3.1_单文件上传版(3).md,2026-08-01,2026-08-01,统一公司质量评分权重。
WB-P5-0289,WB,P5,final_score,score,company,WB,weighted_company_quality_score,P5,point_in_time,Global,not_applicable,2.6325,,,score_0_5,N/A,H,medium,1,event_driven,WB P4 数据与预测模型,WB_MasterData_P4.csv / WB_统一数据预测估值模型_G4.xlsx,2026-08-01,2026-08-01,公司质量中等偏低；与投资吸引力分开。
WB-P5-0290,WB,P5,final_score,score,company,WB,investment_attractiveness_score,P5,point_in_time,Global,not_applicable,4.0,,,score_0_5,N/A,H,medium,1,event_driven,WB P4 数据与预测模型,WB_MasterData_P4.csv / WB_统一数据预测估值模型_G4.xlsx,2026-08-01,2026-08-01,价格、经营底线和资产支持带来中高吸引力。
WB-P5-0291,WB,P5,final_conclusion,conclusion,company,WB,one_line_conclusion,P5,point_in_time,Global,not_applicable,WB是现金流支持的资产型困境标的，而不是优质成长股；8.15美元接近悲观价值、显著低于基准价值。,,,text,N/A,H,medium,1,event_driven,WB P4 数据与预测模型,WB_MasterData_P4.csv / WB_统一数据预测估值模型_G4.xlsx,2026-08-01,2026-08-01,最终研究判断。
WB-P5-0292,WB,P5,final_conclusion,conclusion,company,WB,base_fair_value,P5,point_in_time,Global,not_applicable,基准合理价格区间约13.20—15.49美元，中枢约15.18美元。,,,text,N/A,H,medium,1,event_driven,WB P4 数据与预测模型,WB_MasterData_P4.csv / WB_统一数据预测估值模型_G4.xlsx,2026-08-01,2026-08-01,最终研究判断。
WB-P5-0293,WB,P5,final_conclusion,conclusion,company,WB,downside_floor,P5,point_in_time,Global,not_applicable,极端无终值底线约5.17美元，表明仍存在约37%永久资本损失空间。,,,text,N/A,H,medium,1,event_driven,WB P4 数据与预测模型,WB_MasterData_P4.csv / WB_统一数据预测估值模型_G4.xlsx,2026-08-01,2026-08-01,最终研究判断。
WB-P5-0294,WB,P5,final_conclusion,conclusion,company,WB,base_IRR,P5,point_in_time,Global,not_applicable,基准2035股息+机械回购IRR约8.2%，无重估基本面IRR约10.9%，完全价值回归IRR约16.8%。,,,text,N/A,H,medium,1,event_driven,WB P4 数据与预测模型,WB_MasterData_P4.csv / WB_统一数据预测估值模型_G4.xlsx,2026-08-01,2026-08-01,最终研究判断。
WB-P5-0295,WB,P5,final_conclusion,conclusion,company,WB,no_rerating_test,P5,point_in_time,Global,not_applicable,当前价略高于无重估达到11%所需的约8.03美元，因此11%回报仍需少量经营超预期、资产改善或估值折价收敛。,,,text,N/A,H,medium,1,event_driven,WB P4 数据与预测模型,WB_MasterData_P4.csv / WB_统一数据预测估值模型_G4.xlsx,2026-08-01,2026-08-01,最终研究判断。
WB-P5-0296,WB,P5,final_conclusion,conclusion,company,WB,portfolio_role,P5,point_in_time,Global,not_applicable,适合作为受治理约束的价值仓位，不适合作为高确定性核心成长仓位；仓位应低于同等估值但治理更清晰的公司。,,,text,N/A,H,medium,1,event_driven,WB P4 数据与预测模型,WB_MasterData_P4.csv / WB_统一数据预测估值模型_G4.xlsx,2026-08-01,2026-08-01,最终研究判断。
